customer_id,first_name,last_name,email,phone,country,region,city,gender,customer_type,signup_datetime,loyalty_tier,communication_preference,marketing_opt_in,preferred_language,preferred_payment,special_requirements,data_source
25ab9829-1955-41fa-a840-b9b5b1e718fc,Darren,Harvey,darren_harvey@gmail.com,+1 520 606 2598,NL,Europe,Mohammadfurt,M,Leisure,2019-01-27 14:28:23,Non-Member,Email,False,English,American Express,,Website Direct
fc753aa7-60fa-4a97-b455-8a2ac43b2b2a,Abigail,Stephenson,abigail.stephenson@initech.com,+1 589 937 2082,NL,Europe,East Yvonne,F,Business,2024-02-29 19:49:47,Non-Member,Email,True,English,Visa,,Phone Booking
b3f32207-9294-48c5-a245-524bfb1cb604,Olivia,Morris,oliviam@outlook.com,+44 3776 897335,GB,Europe,Turnerchester,F,Leisure,2021-10-22 08:02:49,Gold,Email,False,English,Mastercard,"Late Check-out, High Floor",Corporate Contract
98babb17-4b33-45b3-993d-02962502184c,Stewart,Morgan,stewart_morgan@gmail.com,+1 739 847 8399,CH,Europe,Junetown,M,Leisure,2021-11-28 08:18:20,Platinum,Both,False,English,Mastercard,Early Check-in,Walk-in
4a238f5f-cef8-4a38-ac72-18050e9db42d,帆,林,帆林@starkindustries.com,676 9823 7455,CN,Asia Pacific,Port Gerardfort,M,Business,2022-11-28 22:22:44,Basic,SMS,True,Chinese,Mastercard,,Website Direct
b9878049-15d0-4fdf-873d-146210632bdf,Reece,Ward,rward@gmail.com,+1 528 446 8114,TH,Asia Pacific,Brianton,M,Leisure,2024-01-19 08:20:04,Basic,Email,False,English,American Express,,Phone Booking
bc996dbe-8299-4553-8ead-0b5e052c46a9,Charlene,Wallace,charlene49@hotmail.com,+1 222 155 9764,CA,North America,Rogerston,F,Leisure,2024-07-09 04:04:41,Basic,Both,True,English,Visa,,Corporate Contract
bf367bcd-b221-46e1-8f6a-6ff797b2d129,Beth,Hancock,beth.hancock@gmail.com,+1 767 194 1271,MX,North America,South Michellechester,F,Family,2024-06-19 20:41:56,Basic,Email,True,English,Visa,,Corporate Contract
b21026e9-934b-411e-acb6-e7b03d78f7df,도윤,문,도윤_문@outlook.com,+1 331 411 4802,KR,Asia Pacific,East Ann,M,Family,2020-10-26 21:53:51,Gold,SMS,True,Korean,PayPal,,Walk-in
a038b9aa-30ca-4e97-a1d1-20bd7a71d3db,洋,李,洋李@outlook.com,521 8022 3746,CN,Asia Pacific,East Louise,M,Leisure,2023-12-28 17:55:14,Silver,Email,False,Chinese,American Express,,OTA Referral
b97f5e96-d115-42a8-98d6-b315259b33db,Dean,Freeman,deanf@gmail.com,+1 972 460 2315,CA,North America,Lake Gemmaborough,M,Leisure,2021-02-15 10:19:43,Non-Member,Email,True,English,Visa,Allergies,Website Direct
fb453eec-5dd3-4269-9fa1-90a31ff97186,Frederick,Stevens,fredericks@outlook.com,+1 118 884 1240,SE,Europe,Nolanland,M,Leisure,2022-03-25 06:26:34,Silver,SMS,False,English,American Express,,Website Direct
3132c6b8-1163-462d-ad16-ae8e4b96508c,Hugues,Denis,huguesd@gmail.com,+33 179 210 7661,FR,Europe,Charrier,M,Leisure,2021-06-20 23:02:46,Basic,SMS,True,French,Mastercard,,Walk-in
c19c302f-a5f3-4499-a5df-f3610798d220,Lydia,Edwards,lydia_edwards@gmail.com,+91 365 249 9650,IN,Asia Pacific,New Emma,F,Family,2022-01-09 05:46:32,Non-Member,Email,True,English,PayPal,,Corporate Contract
f9b93a67-902b-4637-bfaf-521465f72b82,Amedeo,Marzorati,test@test.com,+1 992 512 4662,IT,Europe,Trezzone,M,Business,2022-08-23 13:26:46,Platinum,Email,True,Italian,Google Pay,"Late Check-out, Allergies",OTA Referral
c6d56d8d-1091-49ee-baf3-571dfcfba493,واثق,الخرافي,واثقا@outlook.com,+1 608 913 8921,SA,Middle East,Robertsontown,M,Leisure,2021-08-29 20:06:33,Gold,Email,False,Arabic,Mastercard,,Phone Booking
8ef2e6b1-c872-472c-8b14-35331cc03dfe,Aaron,Hughes,ahughes@gmail.com,+1 152 278 5711,SE,Europe,Morrischester,M,Leisure,2024-12-01 13:58:02,Non-Member,Email,False,English,Visa,,Walk-in
36fc7c2b-cd0b-4e52-b615-b4fc4a9cde17,George,Howard,george84@gmail.com,+91 770 398 7694,IN,Asia Pacific,Joneschester,M,Leisure,2019-11-02 09:58:59,Basic,Email,True,English,Mastercard,,Phone Booking
d351f42a-f4b7-44b9-8cc9-3cba7dc1d634,Aria,Majewski,ariam@outlook.com,+1 500 130 1487,IT,Europe,Germagnano,F,Family,2024-03-02 18:42:36,Non-Member,None,False,Italian,Mastercard,,Corporate Contract
b24f3d28-bbaa-451d-bc42-80aed26a612f,Henry,Thompson,henry_thompson@gmail.com,+1 521 649 5607,ZA,Africa,Lake Katyfort,M,Leisure,2024-05-16 22:19:25,Basic,Email,False,English,Mastercard,,Corporate Contract
99b52da4-699c-4e45-8963-1a727418723d,Sally,Mills,sally.mills@dummycorp.com,+1 573 171 9726,CA,North America,South Leannetown,F,Business,2019-07-09 21:45:50,Silver,Email,True,English,Google Pay,,Phone Booking
2e81ed41-0186-4388-985b-5d7459a1ad91,Sharon,Turner,guest@email.com,+61 538 557 6270,AU,Asia Pacific,Evansview,F,Group,2022-09-20 09:16:53,Gold,Email,True,English,Visa,,Website Direct
387a7b35-fb38-4368-9df3-5cf9dc481d09,David,Holt,davidh@gmail.com,+1 906 325 1032,CA,North America,Williamsland,M,Family,2019-08-15 11:47:16,Basic,Email,False,English,Visa,,Phone Booking
c6f67c5c-1670-4a34-8c96-1d7ec8a6f69e,Heather,Anderson,heather80@tyrellcorp.com,1175 771 3326,GB,Europe,South Howardshire,F,Business,2022-06-16 14:08:56,Platinum,Email,False,English,American Express,Wheelchair Accessible,OTA Referral
06ee5373-d774-4bd8-85c4-73ff5350cf90,Stephanie,Watson,swatson@oscorp.com,+1 428 480 6038,NL,Europe,North Lesleyfurt,F,Business,2024-08-28 23:26:03,Basic,None,False,English,PayPal,,Website Direct
dfcbc55a-6e5e-467d-bfb4-a91c82f2377b,Tracey,Harding,tharding@dummycorp.com,929-849-3026,US,North America,Kingfort,F,Business,2019-09-18 03:08:11,Basic,Email,False,English,Visa,,Corporate Contract
f02fe1a2-aa78-4cd4-9c62-69b925c97687,秀梅,欧,秀梅.欧@starkindustries.com,418 2285 5858,CN,Asia Pacific,New Elliotport,F,Business,2023-06-20 05:33:33,Silver,Email,True,Chinese,Visa,Allergies,Corporate Contract
7ac0e506-670b-4056-8afa-c6e4a975b21b,秀梅,孙,秀孙@gmail.com,+86 549 5146 505,CN,Asia Pacific,Port Darren,F,Business,2023-02-01 00:24:17,Non-Member,Email,False,Chinese,Visa,,Website Direct
9ca6160d-deb4-44a1-b97f-f0995bba1784,Leigh,Yates,guest@email.com,+1 860 593 6974,CA,North America,West Fionaside,M,Group,2023-09-22 19:48:11,Basic,SMS,True,English,Mastercard,Wheelchair Accessible,Website Direct
531cc94f-dfb2-4ceb-aa29-ff94d09fb0da,Andrew,Hussain,andrew_hussain@yahoo.com,(409) 854-1269,US,North America,Jonesberg,M,Leisure,2020-05-07 12:13:30,Gold,Email,True,English,Mastercard,,Corporate Contract
30365c4f-0dc5-4752-948e-308b646c6e0a,文,许,文许@gmail.com,+86 287 4992 283,CN,Asia Pacific,New Damien,M,Leisure,2024-06-03 23:05:32,Basic,Email,True,Chinese,Visa,,OTA Referral
a81d49e1-2917-4a40-8e92-9dea0442b49f,Ana Sophia,Andrade,ana sophia.andrade@yahoo.com,+55 907 224 6215,BR,South America,West Frances,F,Business,2021-05-10 09:41:40,Gold,Email,True,Portuguese,Mastercard,,Phone Booking
d0918983-b01b-487f-8db8-2992fb26a1ae,Giosuè,Alfieri,giosuè_alfieri@outlook.com,+1 271 911 1434,IT,Europe,Cesiomaggiore,M,Leisure,2020-11-13 21:55:39,Gold,Email,False,Italian,Mastercard,,Website Direct
d968f4bc-4c46-4b5d-9a27-d80dff389f51,Denise,Harris,denise_harris@yahoo.com,+1 809 652 2905,TH,Asia Pacific,South Lisaside,F,Group,2023-11-05 20:00:53,Non-Member,Email,True,English,Apple Pay,,Phone Booking
a7a3cfb5-936d-4c03-9e95-92f25862eb99,Julia,King,jking@acme.com,+61 827 458 1162,AU,Asia Pacific,West Joshuaton,F,Business,2023-06-26 02:17:39,Basic,Both,True,English,Visa,,OTA Referral
21fe2ca9-3ff7-4bb0-9cc4-03fa96f16989,Cameron,Roberts,cameronr@gmail.com,+91 850 771 2203,IN,Asia Pacific,Donnamouth,M,Group,2021-04-21 05:41:40,Platinum,Email,True,English,PayPal,,Walk-in
c12b69ae-0a3c-412b-ab1e-6ad2dfd7d1ea,Lorraine,Humphreys,lorraine77@outlook.com,+1 572 729 3689,CA,North America,West Frances,F,Business,2024-07-08 20:10:06,Basic,Email,True,English,Mastercard,,Phone Booking
2f888c74-a94a-4680-af7d-3fb4b4548c39,Clive,Martin,clive_martin@gmail.com,+1 884 790 8218,KW,Middle East,North Justinshire,M,Leisure,2024-04-24 19:29:03,Basic,Email,False,English,Visa,,OTA Referral
f2712a30-df88-40f4-8a4b-43d6151f4f56,Luke,Goodwin,lukeg@gmail.com,+44 6293 229681,GB,Europe,New Victoria,M,Group,2022-11-04 01:12:38,Silver,SMS,True,English,Visa,,Corporate Contract
e1350e6c-6d17-4b31-940d-f38834205387,Brett,Woods,brettw@outlook.com,+1 104 512 9092,MX,North America,Cookland,M,Leisure,2024-01-18 02:17:30,Non-Member,Email,True,English,Visa,,Corporate Contract
9e673dcb-da75-4af6-95fa-223e93f2b452,Harry,Hall,harry_hall@gmail.com,317-401-0094,US,North America,West Barbarafurt,M,Group,2023-06-14 15:50:10,Non-Member,Email,False,English,American Express,,OTA Referral
4e79eb9a-a596-4067-a028-2474167f1ea7,중수,김,중수김@tyrellcorp.com,+1 539 929 8306,KR,Asia Pacific,Patelton,M,Business,2019-05-18 03:58:52,Silver,None,True,Korean,Mastercard,,OTA Referral
2bca39a8-c64b-4f82-809d-2907c967cffe,Georgina,Ford,gford@gmail.com,+1 836 973 4725,NL,Europe,Paynefort,F,Business,2020-07-22 09:29:32,Silver,Email,True,English,American Express,,Phone Booking
be03e0d5-2eac-4952-b218-eb25f76ba6c8,零,伊藤,零伊@example.jp,+81 613 632 8401,JP,Asia Pacific,Gregoryton,M,Business,2021-12-31 10:35:32,Non-Member,Email,True,Japanese,PayPal,,OTA Referral
0f9a70a7-cf9c-418a-b721-c81c0c4a75ea,林,张,林张@umbrellacorp.com,874 6754 2364,CN,Asia Pacific,East Peter,M,Business,2023-06-17 23:59:56,Non-Member,Email,False,Chinese,Visa,,Website Direct
182df8c3-6983-441f-bb09-1e657d216466,David,Carroll,david31@tyrellcorp.com,,MX,North America,East Charlottemouth,M,Business,2019-06-24 02:21:24,Gold,Email,True,English,Visa,"High Floor, Early Check-in",Website Direct
0da39c35-2c3e-456e-bbe9-d1fcd29048b0,Ross,Harvey,ross_harvey@gmail.com,+1 684 147 1573,CA,North America,West Jasmineview,M,Leisure,2019-01-12 13:30:51,Non-Member,Email,False,English,Mastercard,,Walk-in
dd0a5995-e829-4716-bce7-ac9436f5ea54,Kathleen,Cook,kathleen_cook@outlook.com,+1 975 393 4844,MX,North America,Rachelland,F,Group,2024-05-24 22:42:22,Silver,Email,True,English,American Express,,Website Direct
ec07b9ce-fd26-4c9a-879a-59bccfe9a7d1,Garry,Ward,garryw@gmail.com,898-936-8368,US,North America,Stephaniechester,M,Leisure,2024-12-10 13:14:58,Basic,Email,True,English,Visa,,Phone Booking
980ba1ef-a3e0-4fe0-ba30-c329ae648f75,Thibault,Hoareau,thibault_hoareau@outlook.com,+33 802 675 4752,FR,Europe,Guérindan,M,Leisure,2023-09-22 11:39:31,Silver,Email,False,French,Visa,,Website Direct
eb823967-f02c-4c56-ac2f-be3a877c68fb,Marciano,Sosa,msosa@outlook.com,+1 493 804 2633,AR,South America,Port ميثاق,M,Family,2022-01-08 03:01:49,Basic,Email,True,English,Visa,,OTA Referral
24014ed4-9f66-4038-8d9c-28be07d4fa47,Susan,Bradley,guest@email.com,+1 347 705 5656,MX,North America,Leahside,F,Leisure,2021-06-06 16:38:04,Silver,Email,False,English,Mastercard,Wheelchair Accessible,Website Direct
9b98cc72-54bc-43c0-b002-a4abb48365da,Vanessa,Andrews,vanessa_andrews@gmail.com,938-947-7544,US,North America,New Donaldfurt,F,Leisure,2023-10-14 13:02:12,Non-Member,Email,False,English,Apple Pay,,OTA Referral
156b6724-5b0f-47e9-9dd7-53d4c335f67c,Víctor,Pinilla,víctor.pinilla@gmail.com,+1 416 827 3654,ES,Europe,Santa Cruz de Tenerife,M,Family,2023-02-12 22:58:34,Basic,SMS,True,Spanish,Mastercard,,OTA Referral
0e2b550d-69e5-462a-8c55-3fb7a22be6d9,Holly,Tucker,holly_tucker@yahoo.com,+61 542 321 7485,AU,Asia Pacific,North Patriciahaven,F,Leisure,2021-11-21 12:04:47,Basic,SMS,True,English,Visa,,Website Direct
9d3cea4b-73ff-439e-9801-c04679786438,Romeo,Cappelli,noemail@provided.com,+1 404 697 1017,IT,Europe,Castelgrande,M,Business,2023-07-17 12:22:16,Non-Member,Email,True,Italian,Visa,,Website Direct
5d33cbf1-0260-487b-a9c7-f5399b658a20,June,Cooper,june6@outlook.com,+91 141 891 2223,IN,Asia Pacific,Williamland,F,Family,2023-05-17 09:36:08,Non-Member,Email,True,English,Mastercard,,Website Direct
a64066a4-0870-4d85-a21e-ade46bc969ba,Albert,Brown,albert.brown@icloud.com,+1 355 754 4769,TH,Asia Pacific,Taylorport,M,Leisure,2022-02-19 06:01:02,Non-Member,Both,False,English,Apple Pay,,OTA Referral
f4854d32-65ac-47c0-9a04-e103feb12de0,Gemma,Jones,gemma_jones@gmail.com,,SG,Asia Pacific,Johnsonfurt,F,Leisure,2022-03-06 21:17:15,Silver,Email,False,English,Visa,,OTA Referral
5dfbb86a-d4c2-4d15-ad6e-6f45bb52dd84,Martyn,Williams,martynw@gmail.com,,CA,North America,Robertfurt,M,Leisure,2024-11-30 01:32:19,Silver,Both,False,English,Google Pay,,Website Direct
85685ea7-3b92-4c37-a351-b9271a576f31,Charlene,Forster,charlene24@oscorp.com,+1 831 962 3820,CA,North America,Donaldton,F,Business,2023-04-08 01:05:57,Non-Member,Email,False,English,Visa,,Website Direct
78b9450f-4a50-460c-907a-ceafcdff25b9,Ryan,Randall,ryanr@yahoo.com,+1 212 124 2391,CA,North America,Port Shaun,M,Leisure,2022-02-07 15:32:45,Gold,SMS,False,English,Mastercard,,Walk-in
aa816dc7-aa75-48af-81d4-a3f74fc19b86,Marc,Campbell,marcc@gmail.com,+1 249 411 2053,MX,North America,Gardnerfort,M,Business,2022-09-16 03:17:48,Silver,Email,True,English,Mastercard,,Corporate Contract
249481a3-5fc6-4215-af13-ba5e332be14d,Joyce,Goodwin,joyce.goodwin@acme.com,+1 736 456 7189,SG,Asia Pacific,Lake Wayne,F,Business,2024-03-14 17:21:25,Non-Member,Email,True,English,Visa,,Walk-in
00c0a836-4ecd-4e39-b2b1-2b6915a52420,博,贾,博.贾@gmail.com,+86 417 1020 596,CN,Asia Pacific,East Jenniferfurt,M,Family,2023-11-23 09:27:01,Non-Member,Email,True,Chinese,Mastercard,,Walk-in
39efa072-c5ce-4061-9644-02c91095a686,Lesley,Bradshaw,lesley_bradshaw@cyberdyne.com,+44 0789 818418,GB,Europe,New Kim,F,Business,2022-10-20 11:15:00,Gold,SMS,True,English,American Express,,Corporate Contract
b53795c3-b0ea-4eea-a321-fe973d801a4f,Natasha,Gray,natasha_gray@outlook.com,000-000-0000,CH,Europe,South Shaun,F,Leisure,2022-07-15 02:16:18,Non-Member,Email,False,English,American Express,,Website Direct
fe68002c-8f71-494b-9361-48249f532c80,Kim,Birch,kimb@hotmail.com,+1 452 675 5272,MX,North America,Marybury,F,Leisure,2023-02-27 04:54:09,Basic,Email,False,English,Visa,"Allergies, Non-smoking",Walk-in
c35b8e78-3e06-4edb-9166-4369f821c2f9,Thomas,Miller,thomas.miller@gmail.com,+1 706 946 7050,TH,Asia Pacific,East Alan,M,Leisure,2019-09-24 12:12:48,Gold,SMS,True,English,Visa,,Walk-in
67e8c0a2-0102-4a09-a76a-996596ce7d2c,欢,雷,欢雷@gmail.com,+86 093 0447 790,CN,Asia Pacific,Hazelview,M,Family,2023-02-23 19:32:20,Non-Member,Email,True,Chinese,Visa,,OTA Referral
7f52d87a-9676-4f81-8e8d-05cbc1412d28,Frederick,Wood,fwood@gmail.com,+1 911 744 4577,KE,Africa,South Stevenmouth,M,Business,2023-03-13 06:51:44,Basic,Email,False,English,Visa,"Non-smoking, Early Check-in",Walk-in
6d015087-9e4f-45dc-8122-36d0fff51d2b,Ashleigh,Booth,abooth@gmail.com,+1 936 563 8880,CA,North America,Coxport,F,Family,2024-03-25 11:03:32,Gold,Email,True,English,Apple Pay,,OTA Referral
1488afaf-5242-4b06-9259-62bff67aacfa,Kathleen,Pratt,kathleen.pratt@gmail.com,+1 155 816 9015,SG,Asia Pacific,South Paulachester,F,Group,2019-07-09 04:30:40,Silver,SMS,True,English,Visa,,Phone Booking
436fc36a-e0ad-4b3c-9dac-d47228279196,René,Fischer,rené.fischer@outlook.com,+33 312 853 8533,FR,Europe,Saint Gabrielle-la-Forêt,M,Leisure,2024-06-10 00:21:10,Silver,Email,True,French,Mastercard,,Walk-in
b1c431ba-65b0-40b2-97e0-be5277d4a103,Brenda,Fuller,brenda24@gmail.com,+1 611 256 2184,TH,Asia Pacific,Port Tobyfort,F,Leisure,2019-08-11 06:42:26,Basic,Email,True,English,Visa,,Walk-in
365bb2a7-7f6a-4e15-8532-b8d2cccf8a11,Sheila,Barrett,sheila_barrett@gmail.com,+1 905 682 3091,NL,Europe,Dylanmouth,F,Leisure,2021-11-16 23:48:59,Non-Member,Email,True,English,Mastercard,,Website Direct
1bbe26db-6b6d-4600-b562-aa61de473be6,Jade,Mason,jade.mason@yahoo.com,+1 793 302 1421,CA,North America,New Jenna,F,Leisure,2021-01-12 03:00:03,Basic,Email,True,English,American Express,,Corporate Contract
426ff2c7-d6ee-482f-8c1f-561850116a32,Jasmine,Parry,jasmine_parry@outlook.com,+1 403 916 1703,CA,North America,Carolbury,F,Family,2022-10-09 22:59:21,Silver,Email,True,English,American Express,,Corporate Contract
516b3818-64ab-4dc5-aadb-a830b9587463,광수,이,광수.이@gmail.com,+1 283 137 3995,KR,Asia Pacific,West Howardstad,M,Leisure,2022-11-09 01:08:54,Gold,Both,True,Korean,PayPal,,OTA Referral
a903a8b2-dcee-4401-a895-09fd6abd3fbf,Joanna,Davies,joannad@outlook.com,+1 340 459 4504,CA,North America,Lake Tom,F,Business,2023-03-22 04:21:15,Basic,Email,False,English,Visa,,Walk-in
9dfee9c8-cbb7-4361-aabe-1da0631c3e1d,Dylan,Walters,dylan57@gmail.com,000-000-0000,ZA,Africa,New Stewart,M,Leisure,2022-09-26 01:41:44,Silver,Email,False,English,American Express,"Late Check-out, Allergies",Walk-in
e40bd1b5-872d-4454-aa61-43cb1907dd57,Reece,Warner,reecew@gmail.com,730-521-2439,US,North America,Elliottborough,M,Leisure,2023-10-19 21:41:42,Silver,Both,True,English,Visa,"Late Check-out, Non-smoking",Website Direct
d61bd8fd-6c2f-426c-ab1e-cffc4bc2537f,Gillian,Griffiths,gilliang@gmail.com,+61 480 177 9537,AU,Asia Pacific,Ritaview,F,Family,2023-05-16 08:07:07,Basic,Email,True,English,American Express,,Corporate Contract
c290ecbc-3ea4-4b92-bdcc-599d3e4b9ba1,صبري,حنبولي,صبري.حنبولي@outlook.com,+1 535 628 7112,SA,Middle East,Morrisview,M,Family,2024-11-25 22:17:46,Silver,Both,False,Arabic,Visa,,Website Direct
e5d27f23-08b0-4012-9822-c8e375afc2a4,翼,橋本,翼68@gmail.com,+81 565 720 5342,JP,Asia Pacific,Robertville,M,Leisure,2022-02-13 08:07:55,Basic,Email,True,Japanese,Visa,,Website Direct
669f2af3-0c08-4a71-8345-64ef91050d71,Amanda,Fletcher,amanda_fletcher@gmail.com,(858) 654-5358,US,North America,Edwardsmouth,F,Leisure,2023-07-27 07:25:52,Basic,Email,True,English,Mastercard,,OTA Referral
09fbadfb-7e85-4fec-8afa-7aaccdff45b5,Ross,Watkins,rossw@starkindustries.com,+1 999 217 5441,CA,North America,North Melissafurt,M,Business,2022-01-19 03:07:22,Gold,SMS,False,English,American Express,,Walk-in
c25ec03c-0fbd-4651-997a-0896043d9c34,Joe,King,joe_king@oscorp.com,+1 790 565 6931,MX,North America,South Megan,M,Business,2022-11-30 10:13:50,Non-Member,Email,True,English,Visa,,OTA Referral
0f3de039-88cf-44aa-95d7-4f062a4e0c82,Lawrence,Bruce,lawrence_bruce@initech.com,+1 161 706 3026,CH,Europe,Roseport,M,Business,2023-06-05 07:04:07,Non-Member,SMS,True,English,Mastercard,,Website Direct
b02198c0-28fe-4831-ad9e-a1cd12602e41,Vincent,Whitehouse,test@test.com,(798) 029-1673,US,North America,South Kirstyhaven,M,Business,2024-11-19 02:36:07,Non-Member,Email,True,English,Visa,,Walk-in
a100ecbc-e087-4366-909a-ea76bbf3ea7f,Ruth,May,ruthm@outlook.com,+91 176 267 2170,IN,Asia Pacific,North Marc,F,Business,2023-09-07 15:06:35,Non-Member,SMS,True,English,Visa,,Phone Booking
707fa4df-8bd6-44b7-902a-9647fbe01c50,Maurice,Ford,mford@globex.com,+1 449 516 3847,SG,Asia Pacific,South Brett,M,Business,2019-07-03 07:31:30,Gold,SMS,True,English,Mastercard,,OTA Referral
1ebe28e7-f8c5-46f5-af51-7e7f232e3a47,민준,강,민준_강@acme.com,+1 360 939 7966,KR,Asia Pacific,North Garry,M,Business,2020-03-02 20:05:25,Gold,SMS,False,Korean,American Express,,Phone Booking
ebf65b65-3952-4257-89a5-b1de598ea87a,ريتاج,آل رفيع,ريتاج_آل رفيع@gmail.com,+971 571 818 7019,AE,Middle East,Donaldton,F,Family,2022-12-26 04:19:15,Basic,Email,True,Arabic,Visa,,OTA Referral
7c49eceb-a7ae-48c8-8f6e-559b8551f8f5,Chelsea,Lewis,guest@email.com,304-259-3723,US,North America,Webstermouth,F,Group,2019-10-30 10:12:48,Basic,Email,True,English,Mastercard,,Walk-in
943ec63e-d6de-4570-81c0-8c2b809e6ef2,Oliver,Davis,oliver88@initech.com,+1 864 667 3692,ZA,Africa,West Leonville,M,Business,2019-05-23 04:31:00,Non-Member,SMS,False,English,Mastercard,,OTA Referral
cee68a44-31f0-4897-b094-e208da653a9e,Gerald,Ball,noemail@provided.com,+1 132 273 8991,CH,Europe,South Cameronview,M,Leisure,2023-07-30 00:08:45,Silver,Email,True,English,PayPal,Allergies,Phone Booking
1b5b6814-8bcf-4f74-bfc8-bfb29f74e321,Pénélope,Laurent,pénélope.laurent@initech.com,+33 751 697 1106,FR,Europe,BertinBourg,F,Business,2023-04-20 03:20:05,Non-Member,Both,False,French,Visa,,Phone Booking
e39e48ca-628a-485b-b118-9ce133b0580a,知実,森,知実森@outlook.com,+81 412 224 8549,JP,Asia Pacific,South Conor,F,Family,2022-04-28 18:52:41,Platinum,Email,True,Japanese,Visa,,Corporate Contract
957aadd0-7b92-46ad-b6a7-a5373c02f99f,Sepp,Kitzmann,sepp65@outlook.com,+49 781 905265,DE,Europe,Görlitz,M,Leisure,2020-09-02 07:41:52,Basic,Email,False,German,American Express,"High Floor, Late Check-out",Corporate Contract
b0ec43b7-4bcd-48ad-8aa0-140e08aad7c3,Jemma,Morgan,jemmam@outlook.com,+1 890 335 8858,SG,Asia Pacific,Port Dylan,F,Leisure,2024-05-03 09:02:35,Basic,Email,False,English,Visa,,Website Direct
7d84c05b-6ab9-4955-94b7-d5181c80eafa,Geraldine,McDonald,gmcdonald@gmail.com,+1 928 239 1613,CA,North America,Colesfurt,F,Group,2022-07-30 15:25:31,Basic,Both,False,English,Mastercard,,Corporate Contract
abbde3cf-b6b0-49ea-a254-ae129d5d3def,さゆり,山本,さ山本@outlook.com,+81 265 825 1476,JP,Asia Pacific,Baileyhaven,F,Business,2022-06-08 18:37:12,Silver,Email,True,Japanese,Mastercard,High Floor,Website Direct
7f24750c-c263-4233-a45a-dd8cab102043,서연,김,서김@oscorp.com,+1 363 738 6471,KR,Asia Pacific,Mitchellburgh,F,Business,2019-02-02 08:10:49,Silver,None,True,Korean,Mastercard,,Corporate Contract
893aa3da-c33e-49d2-91e1-91520210a7a3,정호,류,정호_류@cyberdyne.com,+1 593 547 9363,KR,Asia Pacific,Laurenberg,M,Business,2023-05-28 16:45:02,Basic,SMS,False,Korean,Google Pay,,Corporate Contract
2ebfa6c6-dc26-4e66-b1a0-c130181c3013,Damian,Harvey,damian75@gmail.com,+1 122 374 1637,MX,North America,Francisbury,M,Leisure,2022-04-30 02:49:23,Non-Member,Email,True,English,Mastercard,,Walk-in
dff0292c-bcf5-459e-81ea-406b9c7cda52,Rhys,Moss,rmoss@starkindustries.com,+1 465 442 2505,SE,Europe,Mariamouth,M,Business,2023-09-03 11:15:44,Silver,Email,True,English,Mastercard,,Walk-in
41a29b6d-3c14-461f-9bf5-021e666c27c6,Rhys,Curtis,rcurtis@gmail.com,+1 313 841 9036,CH,Europe,East Lynn,M,Business,2023-07-19 04:16:28,Non-Member,Email,True,English,Visa,,OTA Referral
870bfecc-7dd8-472d-9b6d-fae9176df8c5,Gianpietro,Alboni,gianpietro.alboni@outlook.com,,IT,Europe,Borgo Fazio,M,Group,2023-11-09 05:47:03,Silver,SMS,True,Italian,American Express,,Walk-in
40d7d56d-c0ba-419c-b112-28d9e1bee686,Angela,Greenwood,angela26@outlook.com,725-291-5631,US,North America,Byrnetown,F,Family,2022-05-26 21:49:33,Silver,None,False,English,Mastercard,,Corporate Contract
170b1404-4c4e-4b1c-bc2a-102d1a9ec005,Vanessa,Walker,vanessa_walker@gmail.com,+1 869 788 2660,TH,Asia Pacific,South Sam,F,Business,2024-03-21 12:58:03,Platinum,Email,True,English,Mastercard,,OTA Referral
e78e2aba-8650-42fe-a3bb-fc00b0c5cf6c,Leigh,Barnett,leigh18@gmail.com,+1 123 820 9970,CA,North America,New Karenbury,M,Leisure,2023-12-02 10:44:41,Basic,Email,True,English,Visa,,OTA Referral
f192dc77-b206-45e8-b5be-666bf9b4612d,Gareth,Dyer,gareth57@gmail.com,4812 866 4897,GB,Europe,Chelseaborough,M,Leisure,2019-09-08 11:09:59,Basic,Email,False,English,Visa,,OTA Referral
b88ff46c-d33c-44bd-be87-d786243d010a,Ricky,James,rickyj@gmail.com,+1 780 126 8599,MX,North America,Georginaside,M,Family,2019-06-02 06:37:25,Basic,Email,True,English,Visa,,Walk-in
513282e6-b54d-45ec-a07b-f7693ad49b29,Andrew,Ferguson,andrew_ferguson@yahoo.com,+1 955 667 9115,CA,North America,Marianland,M,Leisure,2024-06-13 20:59:31,Non-Member,SMS,True,English,Mastercard,,Walk-in
b285ca07-aa4a-424f-b710-6bd9c7e63703,Denis,James,denisj@gmail.com,+1 919 922 6844,MX,North America,Port Alexanderhaven,M,Group,2019-10-25 00:20:23,Non-Member,Email,True,English,Mastercard,,Corporate Contract
424a1ab1-40c3-4a0b-b64d-11c91b5e7dab,Mayte,Sola,mayte_sola@gmail.com,+1 759 149 2162,ES,Europe,Lugo,F,Group,2022-10-23 00:39:25,Non-Member,Email,True,Spanish,Mastercard,,Website Direct
a39f28df-869e-42c9-a455-ae977e886585,정호,최,정호.최@gmail.com,+1 773 550 2060,KR,Asia Pacific,Butlermouth,M,Leisure,2020-12-26 10:02:08,Basic,Email,True,Korean,Visa,"Late Check-out, Early Check-in",OTA Referral
e6ad15aa-c9ca-4ca2-a57f-96ad2937262d,Bryan,McCarthy,bmccarthy@gmail.com,+1 325 821 5863,NL,Europe,South Tobymouth,M,Business,2023-07-02 03:40:10,Platinum,Email,True,English,PayPal,,OTA Referral
e212f144-f3e5-4cb8-bad2-fd35295fe42a,Rosemary,Fowler,rosemary.fowler@yahoo.com,(621) 980-4326,US,North America,Burgessview,F,Leisure,2021-06-07 11:52:43,Platinum,Email,True,English,Mastercard,,Phone Booking
d4468593-40d9-4c71-8997-c715b009fe38,Giuliana,Caccianemico,giuliana_caccianemico@initech.com,+1 177 338 6931,IT,Europe,Casacalenda,F,Business,2019-11-07 13:49:15,Basic,Email,True,Italian,American Express,,Phone Booking
9fe50d45-0582-4916-a6f9-1ab630b9f77b,Matthew,Lloyd,matthew.lloyd@gmail.com,+44 7280 411460,GB,Europe,Martinstad,M,Leisure,2020-03-08 18:21:51,Basic,Email,True,English,Visa,,Phone Booking
7bc05c95-e4df-48ad-9e3d-b30ec800938d,Jane,Hill,jane_hill@gmail.com,+61 119 768 6841,AU,Asia Pacific,West Wendy,F,Leisure,2023-01-09 16:06:04,Non-Member,SMS,True,English,Mastercard,,Corporate Contract
b0a28191-c27c-4868-bd06-6ea8469fd8f6,Ester,da Mota,ester62@outlook.com,+55 607 374 4383,BR,South America,South Tinabury,F,Group,2020-08-24 20:07:31,Silver,Email,True,Portuguese,Mastercard,,Phone Booking
c9795b1d-c969-4590-b494-3b39e4fd443c,Kimberley,White,kimberley.white@outlook.com,+1 159 310 8239,TH,Asia Pacific,Emmaborough,F,Group,2019-05-12 12:01:27,Silver,Email,True,English,American Express,,Website Direct
6ade48ae-5d2c-4b88-b6e5-fbc6881950dc,Julie,Hill,julie_hill@gmail.com,+1 562 966 3816,CH,Europe,Youngtown,F,Group,2024-02-03 18:36:43,Basic,Email,True,English,PayPal,,Corporate Contract
a9bac88a-6a14-46fe-96d6-c19a6c60f126,Trevor,Willis,twillis@outlook.com,+1 117 271 4051,CA,North America,Edwardsbury,M,Group,2024-03-11 20:52:14,Non-Member,Email,False,English,Mastercard,,Corporate Contract
8f1ce09f-ae3c-4539-b3b0-bd3ab69c8dfd,Georgina,Winter,georgina18@outlook.com,+1 819 129 1837,MX,North America,Port Mary,F,Group,2022-02-11 06:04:41,Non-Member,Email,True,English,Mastercard,,OTA Referral
e6578f6d-2610-4e12-ac9d-7d6146aeda57,涛,林,涛_林@gmail.com,+86 047 4161 672,CN,Asia Pacific,North Daniel,M,Business,2024-12-13 19:30:28,Basic,SMS,False,Chinese,Visa,,Walk-in
a49fcbd8-d81c-4db0-8cf5-cc3d8bf256a2,Martyn,Gregory,martyn95@outlook.com,+61 739 150 5460,AU,Asia Pacific,Watersmouth,M,Group,2023-06-24 19:05:46,Basic,Email,True,English,Visa,"Early Check-in, Non-smoking",Phone Booking
fe2462a5-9a79-4830-8ecd-7d2bc3e3e229,Raymond,Wood,raymond61@waynecorp.com,+1 647 869 8538,CO,South America,North Cameron,M,Business,2019-07-13 14:35:25,Gold,Email,True,English,Visa,,Phone Booking
c1db4d38-4678-4646-ad54-909084ff9750,Delfino,Barillaro,delfino_barillaro@acme.com,+1 272 406 4979,IT,Europe,Ispra Centro Euratom,M,Business,2024-11-16 10:05:40,Basic,SMS,True,Italian,Mastercard,,Phone Booking
196a4fe7-2a7e-42ef-b47c-45040c52b77d,Joel,McDonald,joel_mcdonald@yahoo.com,000-000-0000,NL,Europe,Port Colin,M,Business,2019-08-29 04:35:14,Gold,Email,True,English,Mastercard,,Walk-in
4ee9c95e-f26c-4b9a-8839-d1621cee216c,Amanda,Schicchi,amanda.schicchi@gmail.com,+1 653 544 8600,IT,Europe,Fiuminata,F,Business,2019-08-06 07:22:41,Silver,Email,True,Italian,Mastercard,,Walk-in
c7d95473-f5a8-4f47-a90f-8b14a143d88e,Paige,Jones,paige_jones@outlook.com,(789) 728-6300,US,North America,East Christian,F,Leisure,2019-06-12 01:46:05,Non-Member,SMS,False,English,Mastercard,,OTA Referral
01a1429b-223a-475f-8445-ae040b096a0e,Danny,Evans,dannye@yahoo.com,+1 407 353 3550,EG,Africa,Port Judithhaven,M,Leisure,2024-06-02 18:15:16,Non-Member,Email,True,English,Mastercard,,Website Direct
19cd156b-54c1-4edb-a3ef-a31e26d69fc8,Julia,Hussain,julia.hussain@gmail.com,+1 900 468 5417,SG,Asia Pacific,West Graeme,F,Leisure,2020-01-13 12:07:14,Basic,SMS,False,English,Mastercard,,Website Direct
970ffb29-4126-4b62-a2cd-fadfb2859b41,Reinhart,Hartung,rhartung@outlook.com,+49 9408/847449,DE,Europe,Hoyerswerda,M,Group,2023-03-31 04:52:26,Non-Member,Email,False,German,PayPal,,Website Direct
ef9b15e5-0491-4e5a-9b4b-41bd0d7f6429,Adele,Biggen,abiggen@starkindustries.com,+49 473 641141,DE,Europe,Grafenau,F,Business,2023-05-29 07:06:04,Non-Member,Both,False,German,American Express,"Non-smoking, Allergies",Website Direct
451b2847-2374-4667-9bd6-9b6a4040cbf5,Denis,Page,dpage@gmail.com,459-615-8289,US,North America,East Janetport,M,Leisure,2019-05-25 06:50:13,Non-Member,Email,True,English,Mastercard,,Walk-in
7b3942d5-1632-4dc8-8646-086743f2a963,Joel,Hidalgo,joel54@icloud.com,+1 301 585 5236,ES,Europe,Cantabria,M,Business,2024-10-07 07:27:39,Gold,Email,True,Spanish,Visa,,Phone Booking
a7dec191-5380-403e-85c1-dbce0266fd45,Keith,Price,kprice@gmail.com,(633) 115-1815,US,North America,Antonychester,M,Leisure,2019-10-20 15:50:30,Silver,Email,True,English,Mastercard,,Phone Booking
8a6e7339-b364-4357-9a51-2f581d5534c1,Mitchell,Hobbs,mitchell97@icloud.com,+1 753 390 5360,TH,Asia Pacific,Lake Victoria,M,Leisure,2020-01-26 12:39:17,Platinum,Both,True,English,Mastercard,,OTA Referral
0051fe1a-82cd-4ce8-b9bc-9d95fbe664de,Abigaíl,Sevilla,abigaíls@cyberdyne.com,+1 786 183 7642,ES,Europe,Guadalajara,F,Business,2024-02-22 04:21:31,Gold,Email,True,Spanish,Mastercard,,Walk-in
fd64ecc6-3884-4ef1-8a40-5b774b43aa3f,Dennis,Saunders,dsaunders@example.kw,+1 686 662 6411,KW,Middle East,South Joanne,M,Business,2023-05-19 17:09:41,Non-Member,Email,True,English,Mastercard,,OTA Referral
a0034e7a-f67c-4666-912e-501099bbe05f,Sara,Morris,smorris@outlook.com,+1 555 441 3291,CA,North America,Reynoldston,F,Leisure,2022-12-09 22:46:48,Silver,SMS,False,English,Mastercard,,Website Direct
1ed8c752-67cf-486b-ab6a-0624e014e441,روبين,آل صفوان,guest@email.com,+971 603 765 3376,AE,Middle East,Lake Victoriafurt,F,Leisure,2022-04-28 03:50:14,Non-Member,SMS,False,Arabic,Visa,,Website Direct
e2214c6a-d9cd-4b1f-9796-f861114192ad,Charlotte,Pugh,charlotte29@cyberdyne.com,000-000-0000,MX,North America,Dannymouth,F,Business,2019-06-25 11:39:03,Gold,Email,True,English,Visa,,Walk-in
2a7eb30b-5559-4d0f-82b8-4c2ddb8d5c32,Jamie,Dunn,jamie.dunn@gmail.com,1265 584 2881,GB,Europe,Graemeburgh,M,Leisure,2021-06-17 03:05:15,Non-Member,SMS,True,English,American Express,,Walk-in
0bd913b8-8b07-4da4-b1ca-2e2d5b2a54ae,Samantha,Allen,guest@email.com,+1 373 147 1174,SG,Asia Pacific,Bethanychester,F,Business,2021-01-15 07:30:20,Basic,SMS,True,English,PayPal,,OTA Referral
1e8ba2a3-faf6-4622-b61b-2bbb43cc2cba,淳,佐藤,淳_佐藤@example.jp,+81 591 878 5951,JP,Asia Pacific,Lake Gillian,M,Business,2019-03-26 02:48:28,Platinum,Email,True,Japanese,Visa,Non-smoking,Phone Booking
90d1c10c-bee1-4c25-a1e9-fed0a2faf9d1,Joanne,Baxter,joanneb@outlook.com,+1 798 735 1979,NL,Europe,Port Maureenbury,F,Leisure,2020-06-05 14:19:58,Non-Member,Both,False,English,Apple Pay,,Walk-in
f76f9fc4-a021-4bad-9292-d86ae18b24b4,Nicole,Shaw,nicole_shaw@gmail.com,+1 348 658 1950,MX,North America,Ameliatown,F,Leisure,2019-06-19 02:09:45,Silver,SMS,True,English,Mastercard,,Website Direct
041f5a04-d3fe-4efe-8f18-95239b88c4d6,Fatima,Gutknecht,fatima.gutknecht@yahoo.com,+49 222 594465,DE,Europe,Starnberg,F,Family,2023-05-08 10:37:58,Non-Member,Email,True,German,Mastercard,,Walk-in
bb385ea3-cf1f-40d8-8af6-ee422b959dac,Camille,Turpin,camille_turpin@globex.com,+33 310 116 1939,FR,Europe,RoyVille,F,Business,2021-05-08 15:17:18,Silver,Email,True,French,Mastercard,,Corporate Contract
6ecd6bdf-4a69-4341-a5e4-5f98579f9f8c,Lewis,Townsend,lewis_townsend@gmail.com,+61 967 549 8087,AU,Asia Pacific,Cunninghamfurt,M,Family,2022-03-27 21:15:03,Non-Member,Email,False,English,Visa,,OTA Referral
cd7d681c-f614-4a95-878c-bd2ebad3b509,Hayley,Lamb,hayley_lamb@starkindustries.com,+1 854 220 4498,MX,North America,South Joanna,F,Business,2023-12-07 21:56:50,Basic,SMS,False,English,PayPal,,OTA Referral
d2c6065e-d8b0-42cc-ac45-8308dd8a9c07,Charlene,Boyle,charlene_boyle@yahoo.com,(890) 620-7961,US,North America,New Yvonne,F,Leisure,2022-11-27 01:34:45,Basic,Email,True,English,Visa,,Website Direct
62b95aae-76c7-42c7-89ff-1e88999f035b,Thomas,Pearce,thomasp@gmail.com,+1 738 611 4368,SG,Asia Pacific,Bibiborough,M,Leisure,2023-03-01 09:38:11,Non-Member,Email,False,English,Mastercard,,Phone Booking
a7c8a44f-599e-4af6-95d9-8792e3a55f14,Laura,Murphy,lauram@gmail.com,+1 434 758 6750,CA,North America,Lake Anna,F,Family,2019-02-17 03:16:24,Silver,Email,True,English,Apple Pay,,Corporate Contract
bbee7ec4-4b16-4de5-bbc9-1c1980fe4aec,Kirstin,Stiffel,kirstin_stiffel@outlook.com,+49 2997/181114,DE,Europe,Bogen,F,Leisure,2022-10-09 18:02:40,Silver,Email,False,German,Apple Pay,,Website Direct
957d9d52-c048-4720-96dd-8e2611fa0dd9,Rosemary,Walker,rosemary.walker@gmail.com,+1 331 276 7085,NL,Europe,Deanborough,F,Leisure,2022-07-11 09:52:28,Non-Member,Email,True,English,American Express,,Phone Booking
7de263ca-4876-478d-ab1b-a02151e48584,Bethan,Smith,bethan91@outlook.com,+61 812 859 9022,AU,Asia Pacific,East Barryfurt,F,Group,2023-12-18 18:07:50,Silver,Both,True,English,Visa,,Walk-in
3d7a1556-168f-4886-b8a3-652a60f401ff,ضاحك,أبا الخيل,ضاحكأ@waynecorp.com,+971 241 458 9132,AE,Middle East,New Markberg,M,Business,2023-01-03 13:40:53,Platinum,Email,False,Arabic,Visa,,Walk-in
9609db5a-5cf8-4f11-abb5-d61d0ab4f2b8,David,Norris,davidn@gmail.com,+1 678 811 2417,NL,Europe,Pageview,M,Leisure,2022-08-19 23:09:12,Basic,Email,True,English,Google Pay,,Walk-in
75287660-781e-412d-8a2e-8384a0ad1ef2,Wayne,Lewis,wayne67@outlook.com,(916) 681-2377,US,North America,Elizabethside,M,Leisure,2021-11-12 14:02:47,Platinum,Email,False,English,Visa,,Website Direct
60af398c-963e-4e68-a3c6-8156e46a0836,Oliver,Bradley,obradley@starkindustries.com,+1 907 632 4670,CA,North America,North Jeffrey,M,Business,2024-01-23 07:35:24,Non-Member,Email,True,English,Visa,,Website Direct
34156820-c211-462b-900d-f898ab3b2134,Ronald,Walker,rwalker@outlook.com,+1 538 759 5046,TH,Asia Pacific,Lyonsberg,M,Business,2023-09-11 02:35:38,Gold,Email,False,English,Visa,,Corporate Contract
435f1dda-af12-49d6-94d7-c35b2159b091,Iain,Ward,iain.ward@gmail.com,+1 751 344 5570,CA,North America,Jasminefort,M,Family,2021-11-12 10:40:11,Gold,Email,False,English,Visa,,Walk-in
a6ed43ba-e916-4393-b8bd-c0643c51af75,Raymond,Townsend,raymond.townsend@oscorp.com,+1 684 268 1435,MX,North America,North Albertview,M,Business,2022-09-06 17:30:02,Silver,Email,True,English,Mastercard,,OTA Referral
e6b79dfe-71ae-4dd7-9378-3c2380dbb94c,Tracey,Hughes,tracey.hughes@outlook.com,,CH,Europe,Finchmouth,F,Family,2024-02-08 01:43:05,Non-Member,SMS,True,English,American Express,,Corporate Contract
94324f2a-d62a-45b8-96b1-0a6a04df3408,Hannah,Palmer,guest@email.com,+44 4225 654002,GB,Europe,Allanshire,F,Leisure,2023-11-02 07:03:36,Basic,Email,True,English,American Express,,OTA Referral
d572953e-40fa-459a-b585-99b39c1743ef,민재,이,민재.이@gmail.com,,KR,Asia Pacific,New Allanchester,M,Leisure,2023-01-15 05:40:31,Basic,Email,True,Korean,Visa,,Walk-in
fdce37ca-8c98-4e6f-850b-583c532353a0,Jemma,Bennett,jemma_bennett@gmail.com,+1 213 905 7661,TH,Asia Pacific,Nicoleborough,F,Leisure,2023-09-09 15:43:55,Non-Member,SMS,True,English,PayPal,,OTA Referral
c815ad56-7a4d-466a-ad27-fdf941c8f9b2,Irmtraud,Ernst,irmtraud_ernst@gmail.com,+49 080 665272,DE,Europe,Dresden,F,Leisure,2021-10-19 11:03:26,Non-Member,Both,True,German,Mastercard,,OTA Referral
ec5ac75f-99bc-4328-b076-094391a0d799,Amy,O'Sullivan,amyo@yahoo.com,+1 564 993 7866,SE,Europe,Fordside,F,Leisure,2019-01-15 09:06:45,Silver,SMS,True,English,Mastercard,,OTA Referral
a212de85-9067-4e8d-9993-de5371fdb576,Bryan,Todd,bryan.todd@yahoo.com,+1 731 591 6956,MX,North America,Lake Bernardburgh,M,Leisure,2019-06-03 09:57:59,Basic,SMS,True,English,Visa,,Website Direct
e001b637-0d25-4795-b543-3adf15868cc8,Kim,Talbot,ktalbot@gmail.com,+1 525 834 4072,CA,North America,Port Rachaelville,F,Family,2023-05-24 16:32:26,Gold,Email,True,English,Google Pay,,Walk-in
134a7114-662d-464f-91b8-06d70c6768f6,Christian,Patel,christian.patel@gmail.com,+91 100 157 3607,IN,Asia Pacific,New Ameliaberg,M,Group,2020-08-04 19:49:44,Silver,Email,True,English,Visa,,Corporate Contract
d8ce08e9-cfad-43fb-bcc1-cf2dbff39312,Anne,Moss,annem@outlook.com,+1 707 617 9948,NL,Europe,South Sam,F,Leisure,2023-09-12 09:33:09,Basic,Email,False,English,Mastercard,,OTA Referral
0818097e-37f0-45df-9af5-b9c92913a341,Joanna,Hammond,joanna.hammond@acme.com,+1 981 651 7950,CO,South America,East Alisonborough,F,Business,2023-11-15 20:31:01,Silver,Email,False,English,American Express,Early Check-in,Website Direct
736f3aea-99ca-4050-b474-3b9e31183898,Joe,James,joe.james@outlook.com,+1 368 888 4915,CH,Europe,Rachelfurt,M,Leisure,2019-02-17 08:28:51,Non-Member,Email,False,English,PayPal,,Phone Booking
08af4d0d-fb8a-4790-a3d8-0e9f133f8989,Stacey,Edwards,sedwards@umbrellacorp.com,+44 1695 997631,GB,Europe,East Damian,F,Business,2022-02-24 22:25:22,Non-Member,Email,True,English,American Express,,Walk-in
18ed8ea0-fb9a-4832-8152-c40b7effae60,Ignazio,Disdero,ignazio.disdero@oscorp.com,+1 174 355 6600,IT,Europe,Pieve San Giacomo,M,Business,2019-11-12 20:13:47,Non-Member,Both,True,Italian,Mastercard,,Walk-in
7ea84ed9-d2ff-4d4b-97fe-a92708c2033c,Sally,Pritchard,sally.pritchard@gmail.com,+91 306 592 1060,IN,Asia Pacific,Brownchester,F,Leisure,2020-11-25 14:02:00,Silver,Email,False,English,Visa,,Phone Booking
0dcee94d-a9cb-4f2f-b938-1df540d530af,Geraldine,Begum,geraldine_begum@gmail.com,+1 510 418 5176,CA,North America,East Marilynton,F,Leisure,2021-11-11 13:34:36,Non-Member,Email,True,English,Visa,,Phone Booking
6e5cf515-5e2e-4485-a08b-19119d39d8e8,Marie,White,marie_white@gmail.com,+1 740 212 2148,CA,North America,Graememouth,F,Leisure,2022-03-06 01:18:32,Silver,SMS,True,English,Visa,,OTA Referral
69e9ad3c-2657-40ac-a68b-d9c6d9ea6c1d,Tom,Fletcher,tom.fletcher@outlook.com,345-399-1498,US,North America,Grayborough,M,Family,2019-09-27 19:08:44,Platinum,SMS,True,English,Visa,Non-smoking,OTA Referral
49247d60-667d-4aa7-9beb-132f58428b6c,Patrick,Watson,test@test.com,+1 268 821 5245,MX,North America,East Abigail,M,Business,2021-08-19 04:11:38,Basic,SMS,True,English,American Express,,Phone Booking
dc300572-7c0b-4548-abad-a7923044bdad,美加子,佐藤,美佐藤@globex.com,,JP,Asia Pacific,Katyfort,F,Business,2023-01-29 05:01:07,Basic,Email,True,Japanese,Mastercard,,OTA Referral
3ebbba1d-c3c1-42fd-b565-2b257a111f05,和也,中川,和中川@hotmail.com,+81 227 484 5587,JP,Asia Pacific,Boothview,M,Family,2019-03-23 08:14:38,Basic,Email,True,Japanese,Mastercard,,Walk-in
bb3e6136-b3d4-4867-8026-254392c3886d,Mohammad,Edwards,mohammad.edwards@gmail.com,(932) 936-7248,US,North America,Marionmouth,M,Leisure,2023-05-13 23:41:31,Non-Member,Email,False,English,Visa,,Walk-in
bbaa5a0c-9e0c-4465-87a8-96a95afe06dc,Clive,Palmer,clive_palmer@gmail.com,+1 305 213 3672,CA,North America,Port Staceybury,M,Group,2020-01-30 14:17:50,Gold,Email,False,English,Visa,,Website Direct
cf9f7306-d920-4618-929e-2a755f3e3038,Stacey,Fitzgerald,staceyf@gmail.com,619-307-1686,US,North America,Port Margaret,F,Group,2023-02-16 20:07:58,Gold,Email,True,English,Visa,,Walk-in
30935c6e-f8da-4b47-97e7-d470f14407e7,Charlene,Whitehouse,charlene.whitehouse@gmail.com,+1 923 492 9694,NL,Europe,Lake Bethan,F,Leisure,2019-02-26 17:17:40,Non-Member,Email,True,English,Mastercard,,Walk-in
ba7ae6bf-f38b-4085-ac20-f8802693cc55,Elliott,Day,elliottd@globex.com,+1 524 338 8591,MX,North America,Armstrongmouth,M,Business,2019-06-04 04:13:38,Platinum,Email,False,English,American Express,,Corporate Contract
ab92ff07-ead0-4c25-95a0-9988087c4973,Alexander,Atzler,alexandera@acme.com,+49 7541/681363,DE,Europe,Großenhain,M,Business,2023-03-09 21:15:48,Basic,Email,True,German,Visa,,Walk-in
c73a1c49-78ea-4c6f-9e5f-8d21ecf9cf5a,Ruth,Bolton,test@test.com,+1 249 963 5208,SG,Asia Pacific,West Stephaniefort,F,Leisure,2019-08-11 22:37:10,Non-Member,Email,False,English,American Express,,OTA Referral
81ba2e9e-2ed1-4aef-b015-efd121f8c6f6,Rosalinde,Karz,rosalinde89@globex.com,+49 8487/072776,DE,Europe,Mallersdorf,F,Business,2019-03-31 06:26:14,Non-Member,Email,False,German,Visa,,Phone Booking
2333ee4d-be76-4336-89fb-5bd5136addd9,Hans Jörg,Knappe,hans jörg_knappe@outlook.com,+49 7901/910297,DE,Europe,Hannoversch Münden,M,Leisure,2019-11-15 14:51:53,Gold,Email,True,German,Visa,,Website Direct
d813e5cc-ce3e-418a-b0cc-f23fcd63bab4,Marian,Page,marian87@gmail.com,068-030-9382,US,North America,South Kenneth,F,Leisure,2021-07-25 14:01:20,Basic,SMS,True,English,American Express,,Phone Booking
d2f56ac1-04ff-4547-867d-40152d5730a2,Kyle,Moore,kmoore@outlook.com,+1 437 316 2681,MX,North America,Gregorytown,M,Business,2019-03-29 10:17:23,Basic,Email,True,English,American Express,"Allergies, Late Check-out",Walk-in
905cef04-dc45-4591-a1e8-9c8ff99bd7e7,Mathew,Talbot,noemail@provided.com,(383) 584-5811,US,North America,Benjaminberg,M,Leisure,2019-10-04 04:51:20,Gold,Email,True,English,Visa,"Allergies, Wheelchair Accessible",Corporate Contract
f21409de-a25b-47a4-8ac6-4d8908d1d959,Katharina,Heinz,katharina.heinz@outlook.com,+49 951 286516,DE,Europe,Querfurt,F,Business,2023-03-27 10:11:42,Basic,SMS,True,German,Visa,,Walk-in
48498722-a524-4a08-a67b-a598ee62ea3f,Emma,Cox,emmac@gmail.com,+1 426 741 5043,CA,North America,Garryton,F,Leisure,2024-10-18 08:20:12,Silver,None,False,English,American Express,,Phone Booking
546cde18-9053-4781-befa-408679f12c28,Helen,Holland,helen_holland@gmail.com,+1 699 783 3898,TH,Asia Pacific,Martynbury,F,Business,2019-03-22 22:09:04,Platinum,Email,True,English,Google Pay,,Corporate Contract
31ddb859-d97c-4c78-a324-98962b4d60e4,Stewart,Bates,stewart.bates@globex.com,+1 127 822 2484,CA,North America,New Emilymouth,M,Business,2024-01-24 08:26:28,Non-Member,SMS,True,English,Visa,,Corporate Contract
f5647b19-e824-457e-9bbe-ae7b9740c019,Gérard,Weber,gérard_weber@yahoo.com,+33 962 703 8675,FR,Europe,Sainte Émilie,M,Leisure,2019-05-06 15:32:40,Non-Member,Email,False,French,Visa,,Corporate Contract
5af2d17b-7294-4741-bd82-994611208b54,Craig,Poole,craigp@hotmail.com,+1 339 342 6985,SG,Asia Pacific,New Charleshaven,M,Leisure,2021-10-20 16:50:01,Silver,Email,True,English,Mastercard,,OTA Referral
ea0bce19-a48c-43b4-bcbb-61be92f50028,Dale,Hussain,dale_hussain@outlook.com,+1 392 830 5310,CL,South America,Barnestown,M,Leisure,2022-10-05 08:11:01,Basic,Email,True,English,PayPal,,Corporate Contract
537b74e4-c899-491f-992d-af93d9dd8810,Céline,Mallet,céline_mallet@tyrellcorp.com,+33 797 494 6182,FR,Europe,Maury,F,Business,2019-01-29 16:38:15,Non-Member,Email,False,French,Visa,,Corporate Contract
05a1cc0b-cbee-4e0c-846d-cf9a656190e4,Daniel,Bevan,daniel30@gmail.com,401-231-5327,US,North America,Mathewton,M,Leisure,2019-03-10 11:51:40,Basic,Email,True,English,Visa,Non-smoking,Website Direct
ae2dc740-b8ef-43e6-ae91-32a9c910dbf0,Marian,Barlow,marian_barlow@yahoo.com,+91 469 928 9235,IN,Asia Pacific,Andreamouth,F,Leisure,2022-11-13 19:06:57,Gold,Email,False,English,Google Pay,,Website Direct
00c4db76-e8ce-4f28-851e-95bb4dcad611,Lewis,Birch,lewisb@dummycorp.com,+1 806 808 8266,SG,Asia Pacific,Cookeborough,M,Business,2024-07-16 15:33:43,Non-Member,Email,False,English,American Express,,Walk-in
cfdbce11-f2f6-4b1b-8b29-80fb70078ebf,Lynn,Jackson,lynn.jackson@initech.com,+1 652 439 7403,CA,North America,Ronaldburgh,F,Business,2023-07-17 23:39:21,Silver,Email,True,English,American Express,,Corporate Contract
08302658-684c-4706-bfde-20d9793af7a4,Samuel,Holland,samuel.holland@starkindustries.com,+1 907 736 4602,CH,Europe,East Samuel,M,Business,2024-05-24 04:51:55,Non-Member,SMS,False,English,Visa,,Website Direct
bc779d3c-f933-4342-982e-f6e427b2ac6f,刚,唐,刚_唐@outlook.com,+86 748 0255 622,CN,Asia Pacific,Iainstad,M,Leisure,2020-01-25 08:54:22,Gold,Email,True,Chinese,Google Pay,,Phone Booking
7b22c6a3-70cb-474e-b07b-9be0e7a55a80,Karl-Jürgen,Beyer,kbeyer@gmail.com,+49 4784/474611,DE,Europe,Gifhorn,M,Leisure,2021-06-15 14:15:54,Basic,Email,True,German,Visa,,Phone Booking
aa3cc87b-a524-4a32-be85-249d6664b951,Naomi,Robinson,naomi.robinson@oscorp.com,+1 315 908 3743,SE,Europe,Thompsonhaven,F,Business,2022-12-12 18:19:51,Non-Member,SMS,False,English,Apple Pay,,Website Direct
0ed55903-b5b7-4b14-b586-168b0101bdbf,Dale,Farrell,dale.farrell@gmail.com,+61 631 728 2361,AU,Asia Pacific,Guychester,M,Leisure,2020-08-06 17:48:26,Silver,SMS,False,English,Visa,,Corporate Contract
5834aacb-3230-4f1d-95f6-9b912793810f,Edward,Morris,edwardm@example.mx,+1 425 518 7256,MX,North America,Smithhaven,M,Business,2023-10-06 07:44:27,Non-Member,Email,True,English,Visa,,OTA Referral
22e24cc0-8d23-4f29-af47-64451b1709c4,幹,高橋,幹_高橋@yahoo.com,+81 538 335 1451,JP,Asia Pacific,Johnsonfurt,F,Family,2019-01-11 20:47:40,Non-Member,SMS,True,Japanese,American Express,,Corporate Contract
2b998fd4-60a2-4819-903f-0871164d3462,Max,Nash,max.nash@gmail.com,+1 183 891 4822,TH,Asia Pacific,Smithborough,M,Leisure,2024-09-23 05:20:14,Silver,SMS,False,English,American Express,,Website Direct
1ed4a0e9-a9e7-4619-8a88-10dd072b2dcf,Deborah,Green,deborahg@outlook.com,+1 719 525 5526,CA,North America,Port Nicolaland,F,Leisure,2022-05-27 03:44:14,Basic,Email,True,English,American Express,,Corporate Contract
22d4edf1-208b-4a7a-a6dc-1b38cea5f29d,Rebecca,Elliott,rebecca4@example.mx,+1 757 297 8196,MX,North America,Nicolaside,F,Business,2023-10-05 10:57:42,Silver,Email,True,English,Visa,"Wheelchair Accessible, Non-smoking",Corporate Contract
77d0fbe8-6542-41ef-abef-f6f5702af2c5,Kathleen,Lambert,kathleenl@outlook.com,+44 5743 064083,GB,Europe,Port Bethan,F,Leisure,2023-12-16 06:28:20,Non-Member,Email,True,English,Visa,Non-smoking,Corporate Contract
a4ef06e5-117b-4801-be81-a4ee88b39e67,Carolyn,Todd,carolyn12@hotmail.com,+1 558 429 7110,SE,Europe,Hannahfurt,F,Business,2023-01-17 05:43:31,Basic,SMS,False,English,Apple Pay,,Corporate Contract
44275c56-8669-484b-bdec-c07c0d73312b,Russell,Goddard,russell.goddard@gmail.com,+1 467 815 5058,CA,North America,Robintown,M,Leisure,2020-10-18 08:06:35,Silver,Email,True,English,PayPal,,OTA Referral
b5313ba8-40eb-4afb-9eda-6302c57cb8e8,민서,최,민서.최@initech.com,+1 639 758 5562,KR,Asia Pacific,South Antony,F,Business,2019-06-10 16:24:11,Silver,Email,False,Korean,Mastercard,,Website Direct
8dc9c291-2401-453d-9244-97da2efe3154,David,Turner,davidt@acme.com,+1 773 607 6168,TH,Asia Pacific,New Ashley,M,Business,2022-05-19 14:48:48,Basic,Email,True,English,Visa,,Phone Booking
bc70eeb1-727c-4d0e-be58-c2c96334f242,彬,李,彬.李@tyrellcorp.com,317 6485 1885,CN,Asia Pacific,Port Jean,M,Business,2023-04-13 10:58:41,Silver,Email,True,Chinese,American Express,,OTA Referral
b5616be9-ce02-4407-824e-6618294c64bd,Danielle,Williamson,danielle82@gmail.com,3401 404 9941,GB,Europe,Scottburgh,F,Leisure,2022-01-03 17:53:34,Non-Member,SMS,True,English,Visa,,Website Direct
1adc1322-fb33-40d3-8fdd-90a419b42167,Marcus,Miller,marcus81@gmail.com,+1 778 791 1645,CL,South America,Port Daleville,M,Leisure,2019-11-09 00:24:40,Silver,Email,True,English,PayPal,,Website Direct
b5fca787-4c2f-4be9-9deb-6eb46a4bfab7,Ricky,Smith,ricky52@gmail.com,+61 446 408 3805,AU,Asia Pacific,East Elizabeth,M,Business,2022-05-18 20:16:45,Non-Member,Email,True,English,American Express,,Website Direct
a88f5fbb-b907-47e5-b97e-b1ea274adabf,Marcel,Lebon,marcel.lebon@gmail.com,+33 333 836 5344,FR,Europe,Sainte Raymond,M,Leisure,2023-05-31 00:47:18,Non-Member,Email,True,French,PayPal,,Website Direct
98b628c1-5968-4944-b1d1-20725e46d567,Jake,Thompson,jaket@outlook.com,2770 483 6344,GB,Europe,Wrighttown,M,Leisure,2022-12-06 19:08:46,Basic,Email,False,English,American Express,,OTA Referral
9b8ba4ce-6d26-491f-9626-eca3160f9631,Georgia,Johnston,georgia.johnston@outlook.com,+1 144 496 3725,CA,North America,West Colinstad,F,Leisure,2023-12-20 08:08:42,Basic,Email,True,English,Mastercard,,Phone Booking
25decb2c-082b-46dd-ac0b-1fefd3e95e4e,Frederick,Long,frederick_long@gmail.com,+1 200 839 7218,SG,Asia Pacific,Maxfort,M,Leisure,2024-04-05 21:12:49,Gold,Email,True,English,American Express,,Corporate Contract
62736a42-3aca-4928-9031-75aab1147419,Amadeo,Marrone,amadeom@gmail.com,+1 518 182 1354,IT,Europe,Planeil,M,Business,2024-01-08 23:56:42,Basic,Both,False,Italian,Visa,Allergies,OTA Referral
e15a4afb-7b6f-49bd-ad87-44b10d2a3e53,Kathleen,Stewart,kathleen67@yahoo.com,(015) 036-2424,US,North America,Port Rachelfurt,F,Leisure,2019-01-21 13:16:51,Silver,Email,True,English,Visa,,OTA Referral
62410048-55e6-4a10-b480-f5d54e1b20a1,Encarnacion,Parejo,eparejo@outlook.com,+1 901 340 7916,AR,South America,Lake خاشعةhaven,F,Leisure,2021-08-22 06:36:31,Non-Member,Email,True,English,American Express,"Early Check-in, Wheelchair Accessible",Website Direct
53460676-1883-4616-8b93-a3a96b1b13d3,Alana,Gonçalves,alanag@yahoo.com,+55 778 276 5818,BR,South America,Skinnerhaven,F,Leisure,2019-03-25 01:09:36,Gold,Email,False,Portuguese,Visa,,Corporate Contract
c9e8904b-dd23-451e-b905-bda7851ccac5,Armando,Alemany,armando32@outlook.com,+1 141 615 1140,AR,South America,New اعتماد,M,Leisure,2022-09-24 03:13:51,Basic,Email,True,English,Visa,,Website Direct
7096fbdb-2112-4ff5-8e46-4bd6dfc1ae31,José,Villaverde,josé.villaverde@globex.com,+1 948 302 5460,ES,Europe,Zamora,M,Business,2024-05-24 17:33:49,Basic,Email,False,Spanish,Mastercard,,Corporate Contract
a44bc960-fdf9-4b36-8f06-9cac48311894,帅,程,帅1@gmail.com,952 4110 9030,CN,Asia Pacific,New Reecefurt,M,Leisure,2024-01-10 01:30:47,Non-Member,Email,False,Chinese,Visa,Allergies,Walk-in
1704fd6c-a355-4aa4-aa18-fa9110c07e2d,Antony,Cooke,acooke@hotmail.com,+1 119 146 4747,CA,North America,Port Staceyfurt,M,Leisure,2023-01-30 08:41:14,Gold,SMS,True,English,Mastercard,,OTA Referral
f9c395f8-5da3-4896-8227-d03fb8632f5c,영순,김,영순_김@gmail.com,+1 140 356 6495,KR,Asia Pacific,Adamsborough,F,Leisure,2023-07-05 00:16:54,Non-Member,Both,False,Korean,Visa,,Website Direct
c2eb37f7-25ff-49a1-bd64-9b51803dffe1,梅,黄,梅_黄@outlook.com,257 4472 9869,CN,Asia Pacific,Francesbury,F,Group,2019-07-24 19:33:45,Platinum,Both,True,Chinese,Visa,,OTA Referral
e67a1ccf-56d6-4bfc-bec9-5df8f57f8ca7,Duncan,Barrett,duncan82@cyberdyne.com,+91 892 405 6376,IN,Asia Pacific,Johnstonfurt,M,Business,2023-09-04 23:42:17,Non-Member,Email,False,English,Visa,,OTA Referral
04b0a138-b723-4c43-becf-4d2227f0c4c7,Molly,Giles,molly_giles@tyrellcorp.com,+1 848 741 5860,ZA,Africa,Suzannemouth,F,Business,2024-05-31 14:28:38,Gold,Both,False,English,American Express,High Floor,Walk-in
dabc0065-097e-4253-8eb4-eda07eb13333,Kevin,Bradley,kbradley@cyberdyne.com,+91 672 151 7109,IN,Asia Pacific,Marcusview,M,Business,2024-10-30 14:41:10,Silver,SMS,True,English,Visa,,OTA Referral
66fd1a3d-96db-453c-81a4-afc22310862c,Ippazio,Ferrari,ippazio.ferrari@hotmail.com,+1 868 275 5759,IT,Europe,Montemignaio,M,Leisure,2020-09-12 01:14:58,Basic,Email,True,Italian,American Express,,OTA Referral
07070f37-b554-4b06-aaf9-3223d00a357a,Howard,O'Sullivan,howard_o'sullivan@gmail.com,+91 437 522 5034,IN,Asia Pacific,Adamsberg,M,Leisure,2023-05-19 12:58:24,Basic,Email,False,English,Mastercard,,Walk-in
bd416d85-1edd-4a16-af6d-69fdaed6edac,دعاء,كانو,دعاءك@globex.com,+971 128 906 9410,AE,Middle East,South Denisbury,F,Business,2021-11-01 20:01:49,Silver,Email,True,Arabic,American Express,,Phone Booking
167f89aa-5731-4d02-9e7b-0999f644ddb8,建,李,建李@yahoo.com,437 7508 2151,CN,Asia Pacific,Port Jeremy,M,Leisure,2020-10-10 23:52:49,Silver,Email,True,Chinese,Visa,,Phone Booking
304d5a48-a245-4cf6-924b-c0b5891088ca,Amber,Owen,aowen@icloud.com,+1 296 248 6459,SG,Asia Pacific,East Gordonport,F,Leisure,2024-03-29 15:42:58,Silver,Email,True,English,Visa,,Corporate Contract
a936db4f-9466-462d-9d71-372c31d2fec2,Stewart,Watts,stewart_watts@gmail.com,+1 463 988 3264,CA,North America,East Dale,M,Leisure,2019-03-23 11:53:06,Silver,Both,True,English,American Express,,Phone Booking
ce025c81-cb85-4c82-aab5-dce1ae91047d,Marie,Davison,marie.davison@gmail.com,+1 499 890 6125,CA,North America,Lake Victor,F,Leisure,2022-12-14 23:41:37,Non-Member,SMS,False,English,Google Pay,,Walk-in
b66f6c53-8144-48c5-a688-569315db9e71,Gordon,Bailey,gordonb@gmail.com,+91 851 845 8808,IN,Asia Pacific,North Kieranshire,M,Leisure,2019-10-05 01:25:09,Non-Member,Email,True,English,Visa,,Corporate Contract
6b394b2d-d42c-4165-ba39-d38013d5db72,Grégoire,De Sousa,grégoire42@gmail.com,+33 652 945 7920,FR,Europe,Maillot,M,Leisure,2021-02-24 12:26:01,Silver,Email,False,French,Visa,,Walk-in
19a63cae-d9c5-480f-90f5-447d8e168c73,Chelsea,Jones,cjones@outlook.com,+1 979 344 2920,CA,North America,East Rachael,F,Business,2019-02-18 16:31:08,Silver,Both,True,English,American Express,,Website Direct
4508da27-68d4-4800-872a-1b5da32952e7,Yves,Chrétien,yves45@gmail.com,+33 217 511 3806,FR,Europe,Da Costa-sur-Maillot,M,Leisure,2023-10-25 15:38:46,Non-Member,Email,True,French,Apple Pay,,Corporate Contract
c243ef34-e143-43cc-baad-32f340248c53,Renée,Gilles,renée86@yahoo.com,+33 347 434 4790,FR,Europe,Pages,F,Business,2023-05-15 11:28:44,Non-Member,Email,False,French,Mastercard,,Walk-in
baee4dc3-e67c-4026-8de3-8ab811b85c09,Frank,Newton,frankn@outlook.com,+1 720 644 8352,CA,North America,New Nicola,M,Leisure,2023-05-01 16:30:32,Non-Member,Email,True,English,American Express,,Website Direct
5c5a2e72-afe9-45af-b16f-13f70a7a12fc,真綾,小林,真綾_小林@outlook.com,+81 850 867 7174,JP,Asia Pacific,East Mohammad,F,Business,2023-02-22 06:53:40,Non-Member,Both,False,Japanese,Mastercard,,OTA Referral
f57f8a70-cc0e-4ae7-8de6-a7c23c3f3ab0,Emily,Richardson,emily_richardson@outlook.com,+1 499 142 4925,CA,North America,South Hugh,F,Leisure,2023-12-30 01:13:40,Basic,SMS,False,English,American Express,,Walk-in
4ff89f39-a10c-4fc4-a5e4-801586422834,Dean,Stevens,deans@dummycorp.com,+1 614 516 6315,MX,North America,Lake Valeriechester,M,Business,2022-11-11 23:54:18,Basic,Email,True,English,PayPal,,OTA Referral
640ecb76-669a-4e22-b287-1b91e40a468d,Kayleigh,Griffiths,kayleighg@gmail.com,+1 252 457 1087,CO,South America,South Benville,F,Leisure,2023-09-23 10:45:18,Silver,SMS,True,English,American Express,,Corporate Contract
6c6ac56f-387e-4e22-88d1-1abc96effb83,丹丹,陈,丹丹陈@icloud.com,734 8064 7651,CN,Asia Pacific,Jeremyberg,F,Leisure,2020-12-31 15:44:58,Non-Member,Both,True,Chinese,Apple Pay,High Floor,Website Direct
9bf18f84-3c5e-42c6-9c71-eecf2e441dc1,Howard,James,howard.james@gmail.com,+1 397 862 2965,KW,Middle East,O'Brienberg,M,Leisure,2020-02-14 02:20:20,Basic,SMS,True,English,PayPal,,Walk-in
da9cea78-dae2-434e-8b4a-958ce01bfcf5,Íñigo,Sainz,íñigo_sainz@gmail.com,+1 293 292 1844,ES,Europe,Málaga,M,Leisure,2024-04-24 17:48:41,Silver,Email,True,Spanish,Apple Pay,"Non-smoking, Allergies",Corporate Contract
6660fb38-fddd-49f7-91f9-9e726723b6da,Julien,Fournier,noemail@provided.com,+33 632 930 1375,FR,Europe,De Oliveira,M,Family,2023-02-04 20:15:58,Basic,Email,True,French,PayPal,,Phone Booking
654670cb-adde-4980-80be-623eb5853e7d,Lucy,Lloyd,lucy7@icloud.com,2642 430 9971,GB,Europe,Singhside,F,Leisure,2022-06-30 22:46:22,Gold,Email,False,English,Visa,,Walk-in
29af6975-a9c2-4202-8374-7f3b86aeefaa,Felipe,Santos,felipe_santos@gmail.com,+55 827 798 6429,BR,South America,Danielleport,M,Leisure,2022-05-05 20:40:32,Non-Member,SMS,True,Portuguese,Apple Pay,High Floor,Phone Booking
c424f3a6-5983-4cb5-9a98-2a829d6ebbab,Charles,West,charles93@gmail.com,+1 979 265 7264,TH,Asia Pacific,Savagemouth,M,Business,2021-08-06 21:54:23,Non-Member,SMS,True,English,Visa,,OTA Referral
28342258-3355-4273-bfb8-4e352a47561d,Jessica,Barlow,jessicab@starkindustries.com,+1 948 977 7230,CA,North America,Shawbury,F,Business,2023-06-06 15:53:42,Non-Member,Both,True,English,Apple Pay,,Website Direct
bc7dd243-65ee-437d-8a86-0428406ee67a,Aimee,Russell,aimee.russell@gmail.com,+1 267 944 1177,TH,Asia Pacific,Susantown,F,Leisure,2023-09-15 11:58:05,Basic,Email,False,English,American Express,,OTA Referral
672fbf91-caee-4f2d-892a-9fa69b766164,ريان,آل سلطان,ريان31@gmail.com,+971 440 317 2578,AE,Middle East,Port Rogerville,F,Leisure,2019-05-17 01:46:27,Basic,Email,True,Arabic,Mastercard,,Walk-in
f4ce8289-7c7d-47f2-af97-8f9cf89fe5d4,Jessica,Thompson,jthompson@gmail.com,+1 577 150 9472,CO,South America,North Sylvialand,F,Business,2019-05-30 13:15:06,Basic,Email,True,English,Visa,,Walk-in
449e2c32-6503-4d52-963e-5663f7924a4e,Lesley,Scott,lesleys@acme.com,+1 736 320 5328,MX,North America,South Joycehaven,F,Business,2023-03-25 08:21:03,Silver,SMS,False,English,Visa,Non-smoking,Website Direct
c3fb0a23-d384-4866-b9b3-a9c79e497bec,Lauren,Green,lauren_green@gmail.com,+1 775 760 7982,SG,Asia Pacific,Port Billy,F,Leisure,2023-03-16 04:53:46,Non-Member,Email,True,English,Visa,,Walk-in
2a29cc9c-b267-4429-bd90-e4c3db09c0bc,Bethany,Wood,bethany.wood@gmail.com,+1 776 695 6763,SG,Asia Pacific,North Dorothy,F,Leisure,2024-02-19 01:50:58,Basic,Email,False,English,Visa,Allergies,Corporate Contract
9a8ebe7c-ceaa-4751-93ee-ffda3ed85b9f,지아,박,지아_박@hotmail.com,+1 952 126 2190,KR,Asia Pacific,Davisburgh,F,Leisure,2021-06-10 13:57:51,Gold,Email,True,Korean,Visa,,Phone Booking
dcd60093-2af5-43e9-af3c-4bcc17f1dcf2,Leonardo,Luna,leonardo.luna@outlook.com,+1 930 131 3123,IT,Europe,Calde',M,Leisure,2024-05-29 08:59:09,Gold,Email,True,Italian,Mastercard,,Website Direct
c3b233f5-17b4-4e9d-9f7f-e3435cdd3516,太一,阿部,太一阿@gmail.com,+81 878 561 2167,JP,Asia Pacific,North Kerry,M,Leisure,2024-08-27 11:06:18,Non-Member,None,False,Japanese,Visa,,Corporate Contract
91bbeef5-6b54-43a6-86c5-b5a0eab5986b,Benjamin,Jones,bjones@umbrellacorp.com,+1 220 623 2406,TH,Asia Pacific,Dawnmouth,M,Business,2020-05-20 19:52:53,Silver,SMS,True,English,Visa,,Walk-in
4e3ad333-e73e-4c6f-9942-0482c4e4b15e,Henry,Jenkins,henry16@gmail.com,+1 407 400 9817,CH,Europe,North Louis,M,Leisure,2023-01-25 10:35:49,Non-Member,Email,True,English,Mastercard,,Website Direct
e0667a02-d8ed-450c-b6f8-f919b8a4c7d5,Charles,Wood,test@test.com,+61 510 874 4250,AU,Asia Pacific,New Leonardhaven,M,Leisure,2020-06-16 02:48:08,Basic,Email,True,English,Visa,,Walk-in
8b4720f9-e614-475e-8db8-04063885f688,Harriet,Hussain,harrieth@waynecorp.com,098-783-5225,US,North America,East Dean,F,Business,2024-08-11 16:21:47,Silver,SMS,False,English,PayPal,,OTA Referral
ea571c20-de64-49a1-83d9-b2dcf333dd29,Robert,Knight,robertk@gmail.com,+1 761 268 8520,NL,Europe,Nathanshire,M,Leisure,2021-02-10 17:08:10,Basic,SMS,True,English,Mastercard,,Walk-in
513cfebf-5027-4cfa-83e5-a610eff06bb2,Glenn,Chapman,glenn56@outlook.com,+1 402 405 8469,NL,Europe,East Rhysshire,M,Leisure,2021-06-17 11:13:09,Non-Member,None,False,English,American Express,Allergies,Corporate Contract
72895e61-e6d9-4f00-b54e-95c3e545a770,Jessica,Sutton,jsutton@gmail.com,449-851-8365,US,North America,North Wendyport,F,Family,2024-10-01 09:20:15,Platinum,Email,False,English,American Express,Non-smoking,Phone Booking
a4119e1c-ef58-4451-ad40-620ca41191a6,Jenna,Manning,test@test.com,087-614-0592,US,North America,South Janet,F,Business,2019-03-17 08:05:23,Non-Member,SMS,True,English,Mastercard,,Corporate Contract
7cee166b-8975-4c96-b2cf-6bdea2e89834,Rebecca,Fletcher,rfletcher@gmail.com,+1 748 806 2809,TH,Asia Pacific,South Frances,F,Family,2021-11-03 18:49:25,Platinum,Email,False,English,Apple Pay,Non-smoking,Phone Booking
20176542-a07a-4fbf-80a8-afa683d32b84,우진,박,우진_박@yahoo.com,+1 325 960 7033,KR,Asia Pacific,Khantown,M,Leisure,2024-06-10 06:10:27,Non-Member,Email,True,Korean,Mastercard,,Corporate Contract
7c3d62f3-fe37-4e28-b415-0d839b4ffbc5,Diane,King,diane31@gmail.com,930-349-6303,US,North America,Johnsonport,F,Group,2022-10-23 22:20:56,Gold,Email,True,English,Apple Pay,,OTA Referral
3c41e712-ef12-4cfe-bf30-c0629f7e283e,Wálter,Sierra,wálter_sierra@outlook.com,+1 137 221 9254,ES,Europe,Tarragona,M,Leisure,2021-09-22 08:32:17,Basic,SMS,False,Spanish,American Express,,OTA Referral
220eb38c-d362-44aa-8afb-f5b1d614503a,Sophie,Owens,sophieo@outlook.com,+44 4067 147459,GB,Europe,Garethmouth,F,Family,2020-11-15 05:20:56,Silver,SMS,True,English,Mastercard,,Corporate Contract
488efd5b-e375-46c1-b67b-e6211ddefcd9,Brian,Knowles,brian73@gmail.com,+91 865 229 8039,IN,Asia Pacific,South Leighhaven,M,Business,2020-10-28 00:03:53,Gold,SMS,False,English,Visa,,Phone Booking
a514a4e5-6be4-49d2-bab3-ed96daec21de,Russell,Smith,russell43@starkindustries.com,+1 378 264 7126,CA,North America,West Craigtown,M,Business,2020-06-23 08:28:50,Silver,Email,True,English,Visa,,Phone Booking
6a12aed9-c56b-412b-97eb-888b037e2d8a,Rita,Buckley,rita88@gmail.com,+61 785 165 6540,AU,Asia Pacific,Sullivanside,F,Group,2022-11-02 06:22:33,Gold,SMS,True,English,Visa,"Non-smoking, High Floor",Walk-in
d00ae80e-0c85-4033-9204-f8e3767e46ee,Duncan,Pearson,duncan_pearson@outlook.com,+1 143 426 6358,MX,North America,Lake Deanbury,M,Group,2019-07-10 20:29:30,Basic,Email,True,English,Visa,,Walk-in
3610f203-fb94-4091-89d8-ff1a0a8a8b52,Pauline,Dickinson,paulined@yahoo.com,+1 220 754 7533,MX,North America,North William,F,Leisure,2021-07-07 13:30:22,Non-Member,Email,False,English,American Express,,Phone Booking
c3b86a28-981c-4c6c-803b-90d751bc06e3,Óscar,Mayo,ómayo@yahoo.com,000-000-0000,ES,Europe,Baleares,M,Group,2024-11-07 17:03:15,Silver,Email,True,Spanish,Visa,,Website Direct
630008d4-eda8-409b-9daf-ce77038ccac8,直子,斎藤,直子斎@icloud.com,+81 553 790 6299,JP,Asia Pacific,Marshfurt,F,Leisure,2023-01-16 21:23:46,Silver,Email,False,Japanese,Visa,,Phone Booking
1b313dc4-0bea-4e4e-8518-1365323148c7,Joan,Murray,joan_murray@gmail.com,+1 559 356 1997,NL,Europe,North Patricia,F,Leisure,2021-05-22 07:16:33,Silver,Email,False,English,Visa,,Walk-in
c449b25b-9deb-49b5-a1d5-751ec044036a,Étienne,Michel,étienne.michel@yahoo.com,+33 402 861 6689,FR,Europe,Vasseur-sur-Mer,M,Family,2022-03-26 07:51:12,Basic,Email,True,French,Apple Pay,,Walk-in
fae15727-832f-4e78-8547-3495a887a8a6,Gemma,Ball,gemma97@gmail.com,+1 209 533 2758,SE,Europe,Davidbury,F,Business,2020-09-07 08:14:19,Basic,Email,True,English,Visa,,Walk-in
04a84457-8fdb-4b63-aa33-74c1af7e1a9e,Evangelina,Coronado,evangelina43@gmail.com,+1 702 320 1915,AR,South America,الخرافيfort,F,Group,2021-10-01 15:12:12,Non-Member,SMS,True,English,Apple Pay,,OTA Referral
cc1e8a7d-2640-4666-a447-d1250bd749b7,Margaret,Bolton,margaret48@umbrellacorp.com,+1 625 923 6326,KW,Middle East,East Nicole,F,Business,2023-01-02 11:00:48,Non-Member,Both,False,English,American Express,,Walk-in
6989a676-2278-4d8d-9f9e-4f3e87eaf491,Malcolm,Rahman,malcolmr@gmail.com,(595) 588-8566,US,North America,West Hilary,M,Leisure,2023-05-15 22:04:12,Silver,Email,True,English,Visa,,Walk-in
b78eda73-08c2-4ace-bda1-33e0cda7ec6d,Joel,Lewis,joell@gmail.com,+1 552 660 8016,MX,North America,New Georgeland,M,Group,2024-11-21 01:52:08,Basic,Email,True,English,Mastercard,,OTA Referral
c0151117-68cb-4bdf-bed4-e5aa87d46f72,Allan,Evans,allane@outlook.com,+61 448 551 2469,AU,Asia Pacific,West Alexanderchester,M,Family,2024-07-17 00:33:37,Basic,Email,True,English,Visa,,OTA Referral
a995ad94-b2fb-4158-a3b2-15fca8f6e580,Victoria,Parsons,guest@email.com,+1 482 696 3302,CH,Europe,Barberbury,F,Leisure,2021-03-11 03:15:02,Non-Member,Email,True,English,Visa,,Website Direct
76b813a7-6342-4ba9-9a05-41c26cf26706,민석,박,민석.박@outlook.com,+1 516 769 8971,KR,Asia Pacific,East Anneton,M,Leisure,2019-11-07 18:19:29,Silver,SMS,False,Korean,Visa,,OTA Referral
47f6f0ca-d05b-478c-93a9-51d292011402,Dennis,Harris,dennish@gmail.com,+1 602 123 6354,MX,North America,New Damienmouth,M,Leisure,2023-03-10 09:26:25,Non-Member,Email,True,English,Mastercard,,OTA Referral
b4d0ae64-0552-468a-b063-60a3a1cf3dd0,Beth,Wright,beth7@gmail.com,+1 297 668 6235,EG,Africa,Fisherton,F,Group,2020-09-13 07:46:26,Basic,Email,True,English,American Express,,Website Direct
7382c73a-dc43-4dc3-a919-f83eab3364ee,Fatma,Dehmel,fatmad@gmail.com,+49 149 594474,DE,Europe,Deggendorf,F,Business,2024-07-12 02:05:31,Basic,Email,True,German,Mastercard,,Corporate Contract
e345da92-3c0c-4fbe-978d-39ce0b888b0d,Gillian,Cartwright,gillianc@outlook.com,+1 450 501 5756,TH,Asia Pacific,West Leon,F,Group,2021-12-19 00:45:41,Silver,SMS,True,English,Visa,,OTA Referral
e39ff32d-bf01-4eb6-acff-c5fce11152cb,Reece,Parry,reece.parry@outlook.com,000-000-0000,US,North America,East Abigailborough,M,Business,2020-01-31 17:09:47,Basic,Both,True,English,Visa,"Non-smoking, High Floor",Corporate Contract
be0848b2-bdd6-406b-a46f-d1dd24e503aa,Francesco,Casalodi,francesco.casalodi@yahoo.com,+1 494 925 9762,IT,Europe,Scrima,M,Leisure,2021-02-28 21:29:43,Basic,Email,True,Italian,American Express,,Walk-in
3f1ecd93-f0d7-4e20-9858-21d5eb6c7539,Hugh,Perry,hugh86@dummycorp.com,+1 226 241 6528,MX,North America,Millsstad,M,Business,2024-04-29 00:19:49,Non-Member,Email,True,English,PayPal,,Walk-in
25d3fb56-19f6-4e25-95cc-de5cef14ef05,伟,孙,伟_孙@gmail.com,234 5253 2924,CN,Asia Pacific,Hudsonmouth,M,Leisure,2019-05-31 01:22:42,Non-Member,Email,False,Chinese,Mastercard,,Corporate Contract
98574865-852e-4925-be1d-f22b55e83ae3,Arthur,Bevan,noemail@provided.com,+1 830 154 5895,TH,Asia Pacific,Richardmouth,M,Business,2023-10-05 02:00:28,Silver,Email,True,English,PayPal,,Website Direct
6579f5f1-da47-42c9-b9ff-27cdae85a1b7,Carole,Goddard,carole_goddard@hotmail.com,+1 587 864 3095,SE,Europe,Sianberg,F,Leisure,2023-06-17 08:50:44,Non-Member,Email,True,English,Mastercard,,Phone Booking
ebb32c34-85f8-4071-b364-3baba6c9b638,John,Williams,john.williams@gmail.com,+1 760 835 6668,CL,South America,Port Terence,M,Leisure,2021-11-08 14:47:20,Basic,Email,True,English,American Express,,Walk-in
19ad3635-0ccf-4ba8-9a33-5a3b043d97c6,Ricky,Barrett,ricky_barrett@outlook.com,+1 852 457 7080,TH,Asia Pacific,Johnsonshire,M,Leisure,2023-08-16 04:33:12,Basic,Email,True,English,Visa,,Phone Booking
37daf6b3-44ee-4083-854c-252c96ebd50b,성훈,이,성훈이@outlook.com,+1 629 713 4257,KR,Asia Pacific,Ritaview,M,Family,2019-06-23 21:26:57,Non-Member,SMS,True,Korean,Visa,,Website Direct
0ded7da4-ae81-4207-81ae-6c5ee1dd851e,Malcolm,Butler,malcolm21@outlook.com,+1 504 444 8439,CA,North America,West Robinberg,M,Leisure,2024-01-28 08:07:04,Non-Member,Email,True,English,American Express,,Website Direct
9f131391-86b9-4a91-9376-30b2405481bd,Jayne,Burgess,jayne.burgess@gmail.com,+1 572 534 9738,CO,South America,Birchhaven,F,Leisure,2022-05-09 17:11:45,Non-Member,Email,True,English,Visa,,Corporate Contract
b42957e7-f065-4d8e-998f-5c39da15b3e9,Maureen,Mason,maureen.mason@yahoo.com,(519) 155-5782,US,North America,South Melanietown,F,Leisure,2022-01-27 09:35:34,Gold,Email,False,English,Apple Pay,,Website Direct
934aa5f0-0398-487e-aa29-624699569a2b,Josephine,Ford,josephinef@gmail.com,+61 177 122 3183,AU,Asia Pacific,Jaychester,F,Group,2022-01-13 11:06:25,Basic,None,False,English,Mastercard,,Website Direct
5b4e797b-000c-4d09-ad85-93c280fa06f0,상철,장,상철77@hotmail.com,+1 310 990 5896,KR,Asia Pacific,Port Dennisfurt,M,Leisure,2021-09-21 01:44:54,Basic,SMS,True,Korean,Visa,,OTA Referral
e3dae8cd-a9ac-4474-9f7e-318d9b44cba1,Judith,Castells,judith_castells@outlook.com,+1 672 387 1335,ES,Europe,Valencia,F,Leisure,2024-11-23 05:58:11,Silver,Email,True,Spanish,Visa,,Corporate Contract
cbf20182-6330-431f-8503-7a51c6a37dac,Denis,Robinson,drobinson@waynecorp.com,+1 792 997 8605,CO,South America,Popeland,M,Business,2021-12-28 15:10:03,Silver,Email,True,English,Visa,,Corporate Contract
9e00a37c-0396-4c86-88e4-771ea49073dc,Brandon,King,brandon_king@yahoo.com,+1 981 762 9276,CA,North America,South Kate,M,Leisure,2020-12-15 06:13:31,Basic,Email,True,English,Visa,Late Check-out,Website Direct
bb456501-7c04-4274-b88f-992916515e41,Tatiana,Bernardini,tatiana_bernardini@outlook.com,+1 263 339 4264,IT,Europe,Meda,F,Leisure,2024-11-05 15:06:13,Non-Member,Email,False,Italian,Mastercard,,Walk-in
3a614228-4f13-4c2d-ba3e-23ede494c5cf,Piedad,Iborra,piedad14@gmail.com,+1 570 606 6319,ES,Europe,Ceuta,F,Leisure,2023-03-27 18:11:03,Non-Member,Email,False,Spanish,Visa,,Website Direct
7c27fc8d-99ed-4399-8168-c836f8a5725b,Teresa,Bird,teresa48@oscorp.com,7409 974 2996,GB,Europe,Port Amberton,F,Business,2019-07-26 18:36:20,Platinum,SMS,False,English,Visa,,Phone Booking
7204d4fe-ed02-4a25-9d5a-9bd8a5553bf4,Donna,Mason,donnam@yahoo.com,022-707-8018,US,North America,Liamville,F,Leisure,2024-11-23 16:36:57,Silver,Email,True,English,Mastercard,,Phone Booking
4505c0b1-f00a-43f5-b92e-59a33f0cd9d7,Mitchell,Lambert,mlambert@yahoo.com,(288) 009-5891,US,North America,North Iain,M,Group,2019-11-14 00:13:17,Basic,Email,True,English,Visa,,Phone Booking
fc927c64-853c-465b-80a9-7b439513ce06,Alexander,Bowen,alexander.bowen@gmail.com,+1 991 819 7248,MX,North America,Leahmouth,M,Leisure,2023-09-18 09:18:45,Non-Member,Email,False,English,Mastercard,,Phone Booking
c0c85ef7-7cea-48bd-bc47-91ab8732215c,Beverley,Charlton,beverley.charlton@gmail.com,424-262-5502,US,North America,East Bradley,F,Business,2023-05-18 09:08:08,Basic,Email,False,English,Mastercard,,Website Direct
24d0009f-e83d-486c-af1b-2898679762dc,Douglas,Chapman,test@test.com,+1 598 908 2576,TH,Asia Pacific,New Stevenside,M,Leisure,2019-03-26 18:59:23,Non-Member,Email,True,English,Google Pay,,Website Direct
5235c417-b138-45ae-9e7e-ef6f3d05d83a,Danielle,Kirk,danielle88@gmail.com,+1 634 229 3522,NL,Europe,Lake Frank,F,Group,2023-11-16 01:42:22,Non-Member,Both,False,English,Visa,,Website Direct
969853dd-2790-451d-9bc3-d709e25142ef,Donna,Gentili,donna.gentili@gmail.com,+1 247 260 5063,IT,Europe,Petrizia,F,Leisure,2021-03-16 21:07:22,Silver,Email,True,Italian,Mastercard,,OTA Referral
3691765e-2cc8-4207-ad99-a241d7837c2a,Lesley,Wilkinson,lwilkinson@dummycorp.com,+1 807 124 5191,CA,North America,Quinnchester,F,Business,2024-12-18 12:31:30,Non-Member,Email,True,English,Visa,,Corporate Contract
22e82aeb-d9a2-4d82-88a2-be737c49273e,Carolina,Pedrero,carolina13@cyberdyne.com,+1 874 178 3388,ES,Europe,Vizcaya,F,Business,2019-08-12 12:52:54,Non-Member,Email,True,Spanish,Visa,,OTA Referral
46713573-4d50-408c-a52b-ee107e1445d6,Tony,Taylor,tony_taylor@outlook.com,+61 771 817 4135,AU,Asia Pacific,Hallfurt,M,Group,2023-03-16 06:50:19,Basic,Email,True,English,Mastercard,"Non-smoking, Late Check-out",OTA Referral
0ab449f9-44ff-4e52-87d6-01c807061383,Gerard,Hall,gerardh@gmail.com,0593 204 0485,GB,Europe,Conorchester,M,Leisure,2024-01-17 12:49:57,Basic,Email,True,English,Visa,,Phone Booking
cd30d9f6-31c4-4a4b-8080-78b38f15c3fa,阳,张,阳80@cyberdyne.com,645 6623 3733,CN,Asia Pacific,East Clairebury,M,Business,2022-05-02 23:56:47,Non-Member,Both,False,Chinese,American Express,,Corporate Contract
c3c2f597-4526-40a5-8524-73183a7bac01,Benjamin,Turpin,benjamin.turpin@hotmail.com,+33 833 606 1167,FR,Europe,Lucasnec,M,Family,2020-12-13 08:02:22,Gold,Email,True,French,Mastercard,,OTA Referral
e12b2817-b2f5-43f5-b656-b0f318192512,Joshua,Leonard,jleonard@example.ca,+1 519 818 9188,CA,North America,Sarahstad,M,Business,2023-01-08 07:54:00,Gold,Email,True,English,Visa,,Walk-in
e79dc096-078f-4204-8a2a-1a88c8c06f50,Colin,Rees,colinr@outlook.com,+44 5878 835650,GB,Europe,East Garyland,M,Leisure,2024-09-15 15:37:08,Silver,Email,False,English,PayPal,,Corporate Contract
0b4754f5-acb3-40af-9bb0-29591270065c,Bruce,Alexander,brucea@gmail.com,+1 846 324 2660,CH,Europe,Lake Amanda,M,Leisure,2022-02-12 04:36:52,Non-Member,SMS,True,English,Visa,"Allergies, Early Check-in",Walk-in
fe38d7eb-b54a-4171-8011-31fa1eecc1d2,Emma,Arnold,emmaa@gmail.com,390-692-2622,US,North America,South Harriethaven,F,Leisure,2019-08-26 00:18:10,Non-Member,Email,True,English,American Express,,Phone Booking
64de0634-341d-45cd-b78f-5489aeb603c1,Amanda,Carroll,amandac@gmail.com,000-000-0000,MX,North America,Melanieland,F,Group,2020-02-18 22:21:20,Platinum,Email,True,English,Mastercard,,OTA Referral
43cfc9d1-1ef8-41b1-94ff-16274acb8cf7,くみ子,小林,く小林@gmail.com,+81 823 764 9994,JP,Asia Pacific,East Jodiefurt,F,Family,2022-03-30 05:01:33,Silver,Email,True,Japanese,Visa,,OTA Referral
5e40a440-5812-429f-b250-1cc2d6d34a1e,Irene,Connolly,irene_connolly@initech.com,+1 886 857 1911,MX,North America,South Vanessa,F,Business,2024-05-22 18:53:27,Basic,Both,False,English,Visa,,Walk-in
d07147c5-3d5c-4551-acd9-88b140228ada,七夏,伊藤,七夏_伊藤@icloud.com,+81 586 837 7987,JP,Asia Pacific,Thomasshire,F,Family,2024-07-20 03:29:31,Non-Member,Email,True,Japanese,Visa,,Phone Booking
5b5a84d4-e734-4dbc-b7c6-2069bc780ae6,Samantha,Smith,ssmith@hotmail.com,+1 770 710 6647,MX,North America,East Elliotmouth,F,Leisure,2021-09-14 20:01:56,Non-Member,Email,False,English,Mastercard,"Wheelchair Accessible, Allergies",OTA Referral
d34c5144-5b52-4923-abec-3df6b6343b7f,Stanley,Harrison,stanleyh@gmail.com,+91 928 838 8338,IN,Asia Pacific,Bethland,M,Leisure,2023-11-28 04:27:12,Silver,Email,True,English,PayPal,,Corporate Contract
9ea5fbe7-e4ba-4995-a6bc-02404c048aff,Justin,Bartlett,justin16@icloud.com,+1 993 207 9661,QA,Middle East,Turnerborough,M,Family,2024-04-19 15:03:11,Basic,SMS,False,English,Visa,,Walk-in
906571ad-241d-47dc-9dfc-fbe924d3d856,Ashley,Gray,ashleyg@yahoo.com,+1 883 927 8454,SE,Europe,Lindatown,M,Family,2024-06-19 19:12:30,Basic,Email,True,English,Visa,,Walk-in
c67ae505-4b85-40b0-b2d4-0f067461616e,Elizabeth,McKenzie,emckenzie@yahoo.com,+1 576 545 2854,SE,Europe,Lake Heathershire,F,Family,2022-03-25 12:19:29,Non-Member,Email,True,English,Visa,,Phone Booking
4b99599a-d93b-4989-92db-0075c6e1f485,Ian,Manning,ian.manning@outlook.com,(319) 518-4492,US,North America,New Terryview,M,Group,2021-10-18 02:05:17,Basic,Both,True,English,PayPal,,Website Direct
7107bb33-a8b1-4745-8571-9f9a0c4095fd,Gail,Hunter,gailh@outlook.com,+1 521 318 8401,SG,Asia Pacific,Lynneborough,F,Leisure,2022-12-12 12:05:14,Platinum,Email,True,English,Visa,,OTA Referral
dda61638-30e4-4c18-884e-bce5e7ba271f,Verena,Krein,verena30@tyrellcorp.com,+49 6124/730047,DE,Europe,Sternberg,F,Business,2019-04-25 12:49:07,Gold,SMS,True,German,American Express,Late Check-out,Phone Booking
23e2490c-abf3-440f-a1b3-df8cbb39f763,Leyre,Verdú,leyre.verdú@outlook.com,+1 263 195 9981,ES,Europe,Navarra,F,Leisure,2019-06-12 16:30:42,Silver,SMS,True,Spanish,Visa,"Allergies, Early Check-in",Phone Booking
734d2a8a-9192-49f4-83f7-dc0806b039b6,Joséphine,Gilbert,joséphine90@gmail.com,+33 467 259 6644,FR,Europe,Costa,F,Business,2020-11-26 08:57:25,Gold,Email,True,French,Visa,,OTA Referral
856403b8-26ce-4186-a2e9-4ff392207b30,Alexandra,Hawkins,alexandra.hawkins@hotmail.com,+1 946 607 6297,CA,North America,Bryanview,F,Leisure,2023-04-05 00:08:14,Non-Member,Email,True,English,PayPal,,OTA Referral
19df1b82-9a22-4515-9158-5d4d8ffdc2d6,Russell,Thomson,russellt@gmail.com,+1 486 601 3603,TH,Asia Pacific,Garryhaven,M,Business,2021-05-31 01:12:53,Basic,Email,True,English,Visa,,OTA Referral
7e5142d0-aa5e-441d-8fba-a183844897fd,Martin,Miller,martin74@cyberdyne.com,+1 309 520 3065,SE,Europe,Barkerchester,M,Business,2022-02-22 03:09:16,Non-Member,Email,True,English,Visa,,Phone Booking
269fc8a1-f34d-433e-bce8-3ff8ca37b541,주원,한,주원.한@globex.com,+1 113 972 4630,KR,Asia Pacific,South Jack,M,Business,2024-04-12 09:17:15,Non-Member,SMS,True,Korean,PayPal,,Website Direct
ded01a71-6a07-4341-a742-a0c4e1852e03,Ignaz,Henk,ihenk@gmail.com,+49 521 521412,DE,Europe,Neu-Ulm,M,Leisure,2023-03-16 07:03:31,Non-Member,Email,True,German,Google Pay,,Walk-in
88f897dc-e520-4f9c-ac86-eaf64b26331e,建军,刘,建军_刘@gmail.com,+86 516 3005 762,CN,Asia Pacific,Jonesport,M,Family,2022-07-25 20:22:54,Non-Member,Email,False,Chinese,Apple Pay,,Walk-in
90514e6e-ae5a-448c-a691-e996ecae6741,Sharon,Miah,sharon17@outlook.com,(145) 975-7275,US,North America,Colinmouth,F,Family,2023-04-24 01:53:23,Non-Member,SMS,False,English,American Express,"High Floor, Non-smoking",Walk-in
3bafd31b-ed77-4280-b5cf-95afbb3aca5d,هيكل,الخرافي,هيكل_الخرافي@gmail.com,+971 419 917 3384,AE,Middle East,South Jeanberg,M,Leisure,2021-06-16 13:08:03,Non-Member,Email,True,Arabic,Visa,,Walk-in
479194c2-7e70-48af-8573-308806b517ec,Filippa,Gozzi,fgozzi@gmail.com,+1 235 844 3397,IT,Europe,Vaccolino,F,Leisure,2023-02-04 16:31:07,Non-Member,Email,True,Italian,Visa,,Walk-in
75eb7839-1661-48bb-a7fe-d80241dfd0dd,Karl,Davison,karl57@hotmail.com,005-267-7532,US,North America,Denisberg,M,Leisure,2019-04-04 02:44:37,Basic,SMS,False,English,American Express,,Website Direct
025f6974-1812-40af-99be-9d17a88ea444,Liam,Jones,liam.jones@gmail.com,+61 866 996 5335,AU,Asia Pacific,Parkinton,M,Leisure,2022-05-10 17:08:51,Non-Member,Email,True,English,Visa,,Website Direct
b3cf7fd7-3467-4ff8-939d-818a6c2aafa9,Philip,Stanley,pstanley@gmail.com,+1 688 242 4751,CA,North America,Knighthaven,M,Business,2023-09-07 21:17:23,Non-Member,SMS,True,English,Apple Pay,,Website Direct
5fcc041a-bddd-480e-abca-f4b97fa2b2e4,Mohammad,Barlow,mohammad28@yahoo.com,+1 857 980 1212,TH,Asia Pacific,Dawnmouth,M,Leisure,2023-04-29 15:16:57,Non-Member,SMS,True,English,Apple Pay,,Corporate Contract
b967319b-b3af-4d65-a813-44f2741f1e60,Gail,Harrison,gail80@gmail.com,923-533-6325,US,North America,Williamshaven,F,Group,2022-02-07 16:54:42,Basic,Email,False,English,Visa,,OTA Referral
3e6622b6-acc3-4d9a-ab2f-ca1ce7507fbb,Andrew,Clark,aclark@hotmail.com,+1 816 984 6014,SE,Europe,Lake Terenceview,M,Leisure,2020-01-30 11:14:01,Gold,SMS,True,English,Google Pay,,Phone Booking
134069a1-37b9-4451-abda-d04a84347ab4,Loreto,Manso,lmanso@acme.com,+1 658 561 4843,ES,Europe,Ceuta,M,Business,2024-05-21 08:48:41,Non-Member,Email,True,Spanish,Mastercard,,Phone Booking
476ce9de-136d-4fef-994b-13015929490a,Leonard,Matthews,test@test.com,+1 542 198 5957,SG,Asia Pacific,New Joshuaport,M,Group,2021-11-11 07:32:39,Non-Member,SMS,False,English,Visa,,Website Direct
5f04f187-9a50-4a9a-9602-c2695ae9bf9a,Arthur,Lebon,arthurl@gmail.com,+33 933 366 9886,FR,Europe,Prévost,M,Leisure,2024-10-19 15:38:41,Basic,Email,True,French,Apple Pay,,Walk-in
7686f0b6-7ac4-4fa1-a0fb-2bb95d91e3b9,Jessica,Hayes,jhayes@cyberdyne.com,(121) 701-1766,US,North America,Port Carolyn,F,Business,2021-05-28 22:35:35,Gold,Email,True,English,Mastercard,,Phone Booking
6614bd89-cb24-45e8-9d4a-9edffa2a8587,Jordan,Grant,jordan55@gmail.com,(040) 014-4013,US,North America,Rogershaven,M,Business,2019-01-02 09:08:34,Silver,SMS,True,English,Visa,,Walk-in
9fe82c15-1eab-4d9c-8e12-a9e6fc4da432,Kathleen,Dale,kathleen_dale@cyberdyne.com,+1 185 554 9990,SG,Asia Pacific,West Jeffreyville,F,Business,2021-11-10 21:46:12,Silver,Email,True,English,Visa,,OTA Referral
24def29f-f9d0-4bb0-afa7-32bfc4d30135,Luara,Azevedo,luaraa@outlook.com,+55 706 995 5971,BR,South America,Margaretfort,F,Group,2021-10-14 14:42:08,Gold,Email,True,Portuguese,Mastercard,,OTA Referral
24614194-f314-4856-9499-f19d79057e3a,Anthony,Hopkins,anthony_hopkins@gmail.com,+1 848 271 1000,MX,North America,East Mandyside,M,Leisure,2022-07-24 09:29:12,Silver,SMS,True,English,Visa,,Walk-in
e13dd0c8-15c0-4d18-82e8-ea89fefca8d9,Stewart,Sheppard,stewart_sheppard@outlook.com,+1 964 208 7227,SE,Europe,South Marionborough,M,Family,2024-03-20 18:36:16,Non-Member,Email,True,English,Mastercard,,Walk-in
8712168a-eaaa-4140-8847-7765df35357f,Mandy,Davidson,mandy_davidson@yahoo.com,+1 572 616 3089,SG,Asia Pacific,South Ronaldmouth,F,Family,2019-06-12 11:02:25,Non-Member,Email,True,English,Visa,"Late Check-out, Early Check-in",Walk-in
99d76d8b-e11d-4aa2-b79a-7ccfa6b18f63,Nicholas,Davis,nicholas.davis@gmail.com,+1 604 545 5296,MX,North America,Lukeland,M,Group,2023-08-14 19:02:03,Silver,Email,True,English,Google Pay,,Website Direct
db652152-4bca-4ff5-a129-c4d3e9e9f961,Max,Kerr,max91@gmail.com,+1 281 822 5706,CH,Europe,Connorfurt,M,Group,2022-09-15 09:04:40,Silver,Email,True,English,Visa,,OTA Referral
6254a83d-b1ff-40f9-ae5f-5f7863541c21,정자,최,정자87@gmail.com,+1 277 284 7631,KR,Asia Pacific,Irenetown,F,Leisure,2022-02-05 17:23:56,Non-Member,Email,False,Korean,Mastercard,"Wheelchair Accessible, Late Check-out",Walk-in
6daf4e78-ecf5-4352-a772-ee30c45cad42,Jeremy,Briggs,jbriggs@outlook.com,+1 164 673 7358,NL,Europe,East Stanleyfurt,M,Business,2023-07-28 16:35:30,Non-Member,Email,True,English,Visa,,Walk-in
6692dcb3-90c2-4f6c-b096-ac4d96071edd,Agathe,Baron,agatheb@gmail.com,000-000-0000,FR,Europe,Saint Audrey,F,Leisure,2021-06-01 10:56:05,Non-Member,SMS,True,French,American Express,,Corporate Contract
ab088491-e635-4c97-a037-4e30dff7c0a0,Max,Woodward,max.woodward@gmail.com,994-915-3492,US,North America,Janiceborough,M,Leisure,2022-03-25 16:04:30,Silver,Email,True,English,Mastercard,,Corporate Contract
8afafb9c-3aa0-4cb4-bae1-845e82af04d4,Leigh,Clark,leighc@gmail.com,(194) 007-4964,US,North America,East Douglas,M,Group,2020-11-26 03:49:35,Basic,Both,False,English,Visa,,Phone Booking
9a6e1a0d-06b3-4ad2-a644-d5c5bb39edd7,Natalie,Allen,natalie.allen@cyberdyne.com,+91 485 441 7279,IN,Asia Pacific,North Debra,F,Business,2022-03-23 03:22:33,Basic,SMS,False,English,Visa,,Corporate Contract
0e98db82-385e-4e8b-bd17-a8fdd68c33cd,Marian,Conway,marian70@gmail.com,+1 846 834 8755,MX,North America,Lake Jasmine,F,Leisure,2019-11-14 03:40:08,Silver,None,False,English,Visa,,Phone Booking
dd73b36e-1aa9-4d9d-91d1-3f3a47cf8718,Jordan,Jones,jordan40@hotmail.com,+1 177 889 2745,NL,Europe,Carlshire,M,Family,2021-08-08 17:20:06,Silver,Email,False,English,Visa,,Corporate Contract
2e9cdfbc-defb-4777-bce9-860ea2ce35e0,قانت,المشاولة,قانت_المشاولة@gmail.com,+1 322 312 5457,SA,Middle East,Wrighttown,M,Business,2019-03-21 05:54:24,Non-Member,Email,True,Arabic,American Express,,Walk-in
8007a5b0-f911-4b26-9744-afba30648a01,Yvonne,Watson,ywatson@dummycorp.com,+1 554 557 2611,SG,Asia Pacific,Port Carlyburgh,F,Business,2022-08-08 08:37:54,Silver,Email,False,English,Visa,,Walk-in
fa4d0a87-fa14-4ca8-ab21-f0fadad7f9b3,Naomi,Mistry,naomi8@yahoo.com,+1 776 922 5450,CA,North America,Barnesborough,F,Leisure,2023-07-28 16:10:40,Non-Member,Email,True,English,Visa,,Website Direct
ee5fd3c4-6e70-4cf5-a315-b516d7f035aa,平,王,平.王@outlook.com,557 7758 3925,CN,Asia Pacific,Lake Rogerbury,M,Leisure,2022-11-22 19:22:01,Silver,Email,False,Chinese,Mastercard,,Website Direct
a6c54d15-c8ae-4a55-b480-cf429287c8af,Tracey,Palmer,traceyp@icloud.com,557-111-9438,US,North America,Sheilastad,F,Leisure,2020-11-26 22:52:37,Silver,SMS,True,English,American Express,,Corporate Contract
1377c6cc-3f8a-4ab6-bc4f-0412b84e054c,Lynn,Ward,lward@gmail.com,+1 358 167 5997,NL,Europe,Hazelmouth,F,Leisure,2019-02-18 11:39:29,Basic,Email,True,English,American Express,,Phone Booking
b134c9db-c2d9-4298-acc0-938eadcbd3b0,Darren,Metcalfe,darrenm@icloud.com,+1 399 966 3504,CH,Europe,Clarketown,M,Leisure,2022-01-26 14:09:58,Non-Member,Email,False,English,Google Pay,,Walk-in
0239be16-5e33-4292-b0f5-4a71defb154f,Emily,Evans,emily68@outlook.com,+1 749 534 3391,CA,North America,Dobsonmouth,F,Leisure,2021-02-22 02:06:02,Basic,Email,False,English,Visa,,Website Direct
d91d5542-5067-48e2-ada8-d7ed75a71434,Alina,Esposito,alina.esposito@globex.com,+1 723 872 2778,IT,Europe,Sassa,F,Business,2019-09-02 22:27:03,Non-Member,Email,False,Italian,Visa,,Walk-in
3375e882-2f0f-43a2-9097-aba0fbfbaee1,Rachael,Morris,rachael4@starkindustries.com,+1 817 907 3272,CH,Europe,Lake Wendyhaven,F,Business,2020-02-05 14:41:31,Platinum,SMS,False,English,Mastercard,Early Check-in,Website Direct
d00fdf3c-ec01-45f7-8ebc-87586df5a3ec,Martyn,Burrows,mburrows@gmail.com,+1 962 393 9421,CH,Europe,Harryburgh,M,Business,2022-09-18 00:58:31,Silver,SMS,True,English,Visa,,Phone Booking
293704e1-14f7-4c7a-bee3-e950cb90878e,Joan,O'Connor,jo'connor@gmail.com,+91 116 876 1709,IN,Asia Pacific,Sandershaven,F,Family,2019-07-06 00:40:56,Non-Member,SMS,True,English,Visa,,Walk-in
faa1566c-4605-45c5-ae23-b87a77fa7fed,Kerry,Dean,kerry17@dummycorp.com,+1 528 337 8699,MX,North America,Lake Ashley,F,Business,2021-02-14 09:42:56,Basic,Email,True,English,Visa,,OTA Referral
068e6453-eac5-48c6-a3d7-490173bce231,Gerard,Gill,gerardg@acme.com,+1 395 385 6339,CA,North America,Port Pamela,M,Business,2024-06-17 18:51:56,Non-Member,None,True,English,Visa,,Walk-in
90aa87ba-0fb8-4710-925c-eea921e26e3f,Donna,Robinson,donna1@outlook.com,+1 651 391 5214,CA,North America,North Carlmouth,F,Leisure,2020-06-14 17:42:36,Silver,SMS,False,English,Visa,,Website Direct
7da56ab7-3c3b-4c25-8dc5-a83b9d7c58a1,Joe,Wright,joe.wright@outlook.com,+1 371 642 8337,NL,Europe,New Ashleyville,M,Family,2021-06-12 10:07:02,Basic,Email,True,English,Google Pay,,OTA Referral
7dd970d8-780b-47d6-b724-75276f01c629,Olivia,Burrows,olivia.burrows@oscorp.com,+1 363 348 7714,MX,North America,New Brandon,F,Business,2024-06-12 04:21:50,Gold,Email,True,English,Visa,,OTA Referral
d9133d79-dc88-4ca9-8fd5-68e425387d51,경자,홍,경홍@outlook.com,+1 121 657 5149,KR,Asia Pacific,Iainshire,F,Leisure,2022-03-07 05:56:25,Silver,Email,True,Korean,Google Pay,,Walk-in
127428aa-948d-4dc5-8944-cc94b3f1847e,Sarah,Richardson,sarah85@outlook.com,474-664-9185,US,North America,Port Kayleigh,F,Leisure,2024-08-06 19:11:16,Non-Member,SMS,True,English,Visa,,Phone Booking
4e86ee80-4500-482b-83f2-901632b598b2,Jade,Morgan,jadem@initech.com,+1 955 803 6101,CA,North America,Lake Sara,F,Business,2020-11-26 17:51:58,Non-Member,SMS,False,English,Mastercard,,Phone Booking
39f211fa-d253-49cc-a932-47588a65e7f6,Albert,Rose,arose@outlook.com,+1 123 852 2589,NL,Europe,Ameliastad,M,Leisure,2023-09-02 06:10:45,Basic,Email,False,English,Visa,,OTA Referral
2d9e1d21-f7c3-4c09-9d96-2c7fa9081785,Joan,Dale,joan5@hotmail.com,+44 4738 269762,GB,Europe,East Paulineberg,F,Group,2019-11-13 06:28:46,Basic,Email,True,English,Mastercard,,Corporate Contract
4c5441d8-55d2-4ae5-bbc4-1a8fc0e0dcb4,수민,김,수민김@outlook.com,+1 933 339 8462,KR,Asia Pacific,New Terry,F,Leisure,2023-06-05 23:41:51,Non-Member,Email,True,Korean,Visa,,Corporate Contract
d48090ce-8943-450d-9899-482cb9cea568,Martin,Dyer,martind@acme.com,+1 474 573 7044,TH,Asia Pacific,West Saramouth,M,Business,2023-09-07 02:48:40,Basic,Email,False,English,Visa,,Website Direct
4a722ede-21ea-4523-a2bc-6d1a34bc8da9,William,Porter,william.porter@gmail.com,(445) 411-9202,US,North America,East Alice,M,Family,2020-02-12 15:03:42,Gold,Both,False,English,Visa,"Allergies, Late Check-out",Phone Booking
ef928f0a-c8ab-4d77-9dfe-7e2df2ec1ee9,Anne,Leclerc,anne_leclerc@gmail.com,+33 671 739 8114,FR,Europe,Renard,F,Business,2024-03-20 01:26:14,Non-Member,SMS,True,French,Visa,Allergies,Walk-in
b5b17d2f-5842-4661-b13b-c022ecf1de4b,Thibault,Ribeiro,tribeiro@outlook.com,+33 460 928 9899,FR,Europe,Guillet-sur-Bernard,M,Leisure,2023-05-23 14:31:47,Non-Member,SMS,False,French,Visa,,Corporate Contract
1e53167d-0689-4666-9781-f7cf6ebc857f,Judith,Rogers,judith.rogers@yahoo.com,+1 767 118 6085,MX,North America,North Roy,F,Leisure,2024-08-15 06:19:27,Basic,Email,True,English,Mastercard,,Walk-in
6e6eb803-5b78-42b7-bb73-a622a1047fea,William,Dawson,william_dawson@outlook.com,+1 206 133 2701,SE,Europe,West Paulinemouth,M,Family,2019-11-13 20:25:28,Silver,Email,False,English,Visa,,OTA Referral
6fa6a13f-90e8-46b0-8240-16f3042d665b,Jenna,Kelly,jenna.kelly@gmail.com,+1 411 409 9543,CA,North America,Connollyview,F,Leisure,2019-02-18 18:17:56,Silver,Email,False,English,Visa,"Early Check-in, Allergies",Corporate Contract
9106c0e2-3e5d-4a6f-9cc8-ea622bc3716d,Beverley,Miles,bmiles@gmail.com,+1 401 691 4236,SE,Europe,North Stewartmouth,F,Leisure,2022-06-06 10:22:06,Basic,Email,True,English,Visa,,Phone Booking
f5e5498a-80d8-4ce1-a4a8-36e482258d27,Tom,Singh,toms@hotmail.com,+1 726 694 4546,KE,Africa,Dayfurt,M,Leisure,2023-03-14 14:55:37,Non-Member,Email,False,English,Visa,,OTA Referral
a68d6a15-bd9a-476e-b75d-3a2b8403da99,晃,石川,晃石川@yahoo.com,+81 917 217 9738,JP,Asia Pacific,Garethfurt,M,Leisure,2019-02-13 23:33:22,Basic,Email,False,Japanese,Visa,,Walk-in
bc60850c-8b3b-4f68-b169-ca1a57b26efb,Yvonne,Davies,yvonned@outlook.com,+1 234 839 7085,CA,North America,North Zoefort,F,Leisure,2019-10-06 06:36:29,Basic,Email,True,English,Visa,,OTA Referral
f0256dc7-801e-4027-9ca3-74f2b3bbcf92,영진,장,영진46@outlook.com,+1 676 941 8395,KR,Asia Pacific,Lake Simon,M,Family,2019-11-19 08:09:41,Platinum,Email,True,Korean,Visa,,OTA Referral
4cd2b721-be88-4059-bedb-1b650bf6752b,Catherine,Walters,catherinew@outlook.com,+1 275 773 4393,SE,Europe,West Eileenchester,F,Leisure,2021-02-13 04:25:45,Gold,Both,False,English,American Express,,Walk-in
4e4bc8a1-de0e-4fee-91b0-2464085f5c67,波,戴,guest@email.com,310 6406 9679,CN,Asia Pacific,West Bernardfort,M,Leisure,2023-02-22 15:21:11,Gold,Email,True,Chinese,Visa,,Walk-in
e65ddb7f-a406-4b2b-a59c-41c612c1afeb,ميار,المهيدب,ميار_المهيدب@gmail.com,000-000-0000,AE,Middle East,Lake Deniseview,F,Group,2020-01-06 22:57:09,Non-Member,SMS,True,Arabic,Mastercard,,Corporate Contract
e1ec5fa8-c2da-4c18-8d20-dcd9ddc973df,Amelia,Hodgson,ameliah@gmail.com,3595 992 9396,GB,Europe,Port Carolyn,F,Family,2020-01-30 09:12:22,Non-Member,Email,False,English,American Express,,OTA Referral
11df1649-cbae-4a30-94b5-e9bdf6e45f25,Hayley,Mellor,hayleym@gmail.com,+1 514 158 4975,SG,Asia Pacific,North Sheila,F,Leisure,2023-09-14 09:38:02,Gold,Email,False,English,Mastercard,,Walk-in
e458a0a5-fb49-4047-ba80-42449c9f41f1,Ian,Turner,ian_turner@oscorp.com,946-460-4238,US,North America,Bishopshire,M,Business,2019-08-20 14:41:11,Non-Member,Email,True,English,Mastercard,,Walk-in
47542f28-02b0-4440-94d4-ebe6c9d0fdee,美加子,池田,美加子_池田@outlook.com,+81 329 651 2307,JP,Asia Pacific,Howardview,F,Leisure,2020-10-24 11:12:34,Gold,Email,True,Japanese,Visa,,Corporate Contract
1b2907e2-17c1-436b-a108-ea4caf516b40,Graham,Warner,graham.warner@icloud.com,+44 5483 223760,GB,Europe,Hollyfurt,M,Leisure,2024-06-17 12:24:52,Non-Member,Email,True,English,Visa,,Walk-in
875f046b-8697-4cfa-a49d-137a46e7bfb9,Pedro,Canet,pedro3@gmail.com,+1 923 376 2684,AR,South America,East رمحي,M,Leisure,2023-03-07 14:56:25,Non-Member,Email,False,English,Mastercard,,Walk-in
3e2e4fab-24df-4103-bb7c-07e6febb847e,Guadalupe,Vilar,guadalupe.vilar@starkindustries.com,+1 678 154 9192,ES,Europe,Cádiz,M,Business,2023-05-03 14:36:09,Non-Member,Email,True,Spanish,Mastercard,,OTA Referral
32b21e1e-b798-4218-9a07-214ca5cc4347,Emily,Jones,noemail@provided.com,+1 611 557 1387,MX,North America,Eileenshire,F,Leisure,2024-06-11 09:57:24,Non-Member,Email,True,English,Visa,,Walk-in
3b385018-d2e4-45f9-86d2-b8acc1635b8d,Alan,Kennedy,alan_kennedy@gmail.com,+1 919 374 7635,TH,Asia Pacific,Brownfort,M,Leisure,2020-03-13 03:56:01,Silver,Email,True,English,Visa,,OTA Referral
d8a55ab9-86ab-440f-b07e-fe2d62d81e2d,Sara,Thompson,noemail@provided.com,+1 138 516 6532,NL,Europe,West Debra,F,Group,2020-09-03 20:19:32,Silver,Email,True,English,Visa,,Website Direct
cffb7881-00cd-4ad8-ad14-0312376d6224,Shirley,Edwards,sedwards@tyrellcorp.com,+1 385 283 6933,SE,Europe,Port Tracey,F,Business,2019-06-20 03:08:06,Basic,Email,True,English,American Express,,Phone Booking
0f79b073-145e-42eb-8ca0-b8681e77f061,裕美子,青木,裕美子_青木@starkindustries.com,+81 320 676 3795,JP,Asia Pacific,Ameliamouth,F,Business,2021-06-08 13:19:33,Gold,SMS,False,Japanese,Visa,,Corporate Contract
0b3798f3-b1c0-4a16-adc6-0170fa8b6593,재호,오,재호.오@outlook.com,+1 574 274 6655,KR,Asia Pacific,Angelaport,M,Leisure,2022-02-05 23:36:46,Gold,None,False,Korean,Visa,,Walk-in
0429177d-54ba-4461-9616-032cb9aa55ff,Colin,Godfrey,colin60@yahoo.com,+1 539 815 6068,TH,Asia Pacific,Ahmedberg,M,Leisure,2019-09-16 10:12:02,Non-Member,Email,True,English,Mastercard,,Walk-in
e578bdcc-3304-450a-a0eb-5e2b382d0f1f,Abbie,Harrison,aharrison@outlook.com,000-000-0000,MX,North America,New Henryside,F,Leisure,2020-01-15 13:19:48,Gold,SMS,True,English,Mastercard,,Corporate Contract
33d91af6-fcf7-4989-a3ec-bc5ef4292b77,Nidia,Sevillano,guest@email.com,+1 367 415 3461,ES,Europe,Alicante,F,Group,2022-12-16 14:59:17,Platinum,SMS,True,Spanish,Mastercard,,Phone Booking
16f93d3f-0cf8-4e0d-b86a-06c2417da32c,Barry,Wade,barryw@gmail.com,+1 543 440 8350,QA,Middle East,Ryanfort,M,Leisure,2023-06-30 09:23:09,Non-Member,Email,True,English,Mastercard,,Walk-in
3d301e85-6e7b-4c7b-aee0-4636893d1f9b,Kevin,Moreira,kevin.moreira@gmail.com,+55 767 769 9583,BR,South America,Shaneburgh,M,Leisure,2020-09-20 00:41:10,Non-Member,SMS,False,Portuguese,Mastercard,,Website Direct
d287a35e-a03f-4060-8bee-f729a754b3de,Francis,Miller,francism@outlook.com,+1 928 932 4127,CA,North America,New Paulineburgh,M,Group,2023-05-09 16:41:31,Non-Member,Email,False,English,Mastercard,,Corporate Contract
6e8bd4d2-580c-429e-b2b2-984fedf82046,Charlotte,Dunn,charlotted@gmail.com,,MX,North America,East Marc,F,Leisure,2022-05-17 06:29:57,Silver,Email,True,English,Mastercard,,Phone Booking
b4181fd7-98df-42fc-9166-9978f9c21e56,Heather,Allen,hallen@outlook.com,+1 189 719 9276,SE,Europe,Schofieldfort,F,Business,2024-10-25 07:32:24,Non-Member,Email,True,English,Visa,"Late Check-out, Non-smoking",OTA Referral
b33accdf-0167-48c7-b270-7fab066cce3c,Alice,Rogers,arogers@gmail.com,+1 125 863 7047,ZA,Africa,Cooperburgh,F,Leisure,2022-07-20 19:22:29,Silver,Email,True,English,American Express,,Corporate Contract
e20d156b-5b5e-45db-b478-7d2ae5bba4cb,Terry,Bailey,terry.bailey@outlook.com,+1 292 121 8912,NL,Europe,West Staceyville,M,Leisure,2024-05-04 00:30:13,Silver,SMS,False,English,American Express,,Phone Booking
13517bdf-2c4a-4fa7-aa31-70a16d85cfa5,Rita,Davison,rita.davison@gmail.com,+1 737 563 1333,CH,Europe,New Reece,F,Leisure,2020-09-02 08:12:02,Silver,Email,True,English,Visa,,Phone Booking
a406bf94-7347-488e-90e3-da70f91fe44a,Tom,Bailey,tbailey@cyberdyne.com,+44 8859 036412,GB,Europe,New Leigh,M,Business,2022-06-02 10:29:54,Basic,Email,True,English,Visa,,Phone Booking
ed2a519f-1001-4343-b0dd-e8bbb19d71d4,Hugh,Knowles,hugh_knowles@gmail.com,+1 295 499 2142,CL,South America,Allanside,M,Leisure,2023-02-14 06:21:04,Basic,Both,True,English,Apple Pay,,OTA Referral
6dc11a7c-b49b-441f-9fa8-48f5dbaa24aa,Rebecca,Jones,rjones@cyberdyne.com,+1 432 539 6692,CH,Europe,South Olivia,F,Business,2024-08-08 21:08:30,Silver,Email,True,English,PayPal,,Corporate Contract
a72be005-d511-4d2d-9408-e44923052d89,Laura,Pearce,lpearce@outlook.com,+1 342 256 3691,MX,North America,Shaneville,F,Leisure,2024-01-21 15:54:21,Non-Member,Email,True,English,American Express,,Phone Booking
7dade35b-82bc-4092-9e5e-b989a12fd5b4,Natasha,Robson,natasha_robson@acme.com,+1 905 683 1494,TH,Asia Pacific,West Jamie,F,Business,2020-10-25 16:44:49,Non-Member,Email,True,English,Mastercard,,Corporate Contract
3b9cb4aa-1700-4c97-b5e2-36d7181eda9a,Ruggero,Ovadia,test@test.com,+1 594 475 1501,IT,Europe,Fumo,M,Leisure,2019-06-29 03:19:48,Basic,Email,True,Italian,Visa,,Phone Booking
60c9527a-a978-449e-ada6-ee4d1386b265,康弘,松本,康弘_松本@globex.com,,JP,Asia Pacific,Maureenmouth,M,Business,2019-05-24 15:07:35,Silver,Email,False,Japanese,Visa,Non-smoking,Website Direct
b1ce8c57-37b4-44d9-9859-4e8748c93241,Lisa,Carroll,lisac@cyberdyne.com,218-897-8463,US,North America,Abbietown,F,Business,2024-02-09 16:25:56,Basic,Email,True,English,American Express,,Website Direct
b2a20af1-8dee-4bb1-acd7-44b92b41cc38,Richard,Nelson,richard41@gmail.com,+1 673 406 1629,CA,North America,Elliottshire,M,Business,2019-11-27 17:22:12,Non-Member,Email,True,English,Visa,"Wheelchair Accessible, High Floor",OTA Referral
d0effe75-f242-4f2b-a229-c460c80dd5c5,Vincent,Carpenter,vincentc@icloud.com,+1 824 848 5397,QA,Middle East,Port Sarahtown,M,Business,2022-11-08 06:15:02,Gold,Email,True,English,Visa,,Walk-in
7aa09b6e-38d7-44b1-8bcf-62106737ff14,Debra,Holmes,debrah@gmail.com,+1 270 801 7330,CA,North America,East Hilary,F,Leisure,2022-01-05 05:07:11,Basic,Email,True,English,Mastercard,,Website Direct
e15a4ab2-54ef-440a-aa85-467a814056e9,Lorraine,Talbot,lorraine74@hotmail.com,129-386-8729,US,North America,Scottburgh,F,Leisure,2022-06-13 01:26:13,Platinum,Email,False,English,Visa,,Phone Booking
e12bbe34-03e2-4369-b4c5-3b2bc2b68756,Marilyn,Hurst,marilyn.hurst@initech.com,+1 280 840 2373,NL,Europe,West Alexandraberg,F,Business,2023-11-15 15:42:47,Basic,Email,True,English,Visa,Non-smoking,Walk-in
9aadb180-aa24-4929-a76a-683a30331011,Mandy,Peters,mandy_peters@waynecorp.com,+1 154 650 5750,SE,Europe,East Stewart,F,Business,2023-06-20 13:11:05,Non-Member,Email,False,English,PayPal,,Website Direct
66987906-6786-4d75-b652-c67797a9c6d9,想,张,想张@gmail.com,511 4327 4063,CN,Asia Pacific,Michellebury,M,Leisure,2020-09-08 15:53:45,Silver,Email,False,Chinese,Mastercard,Late Check-out,Website Direct
ebda0ece-9fe8-4f73-a6c0-dc972c934ecf,千代,前田,noemail@provided.com,+81 226 167 2022,JP,Asia Pacific,North Harrietberg,F,Leisure,2023-02-20 06:59:32,Basic,Email,True,Japanese,Visa,,Corporate Contract
3ee9cadf-1857-44c5-a3ce-01d97fa9e760,Kate,Price,kate_price@gmail.com,+61 586 636 1676,AU,Asia Pacific,Donnashire,F,Family,2024-07-21 17:23:33,Non-Member,SMS,True,English,Visa,"High Floor, Allergies",Walk-in
8cf0f07b-3557-4886-b26c-2295c059fe02,Kevin,Fox,kevinf@tyrellcorp.com,+1 810 952 5873,EG,Africa,Port Rossburgh,M,Business,2024-08-17 11:48:29,Silver,Email,True,English,Visa,"Wheelchair Accessible, Non-smoking",Phone Booking
04f0297e-cfb1-40c2-83d3-67497f80f8a2,Henrik,Karge,henrik43@gmail.com,+49 9310/372136,DE,Europe,Eggenfelden,M,Family,2023-08-16 12:32:13,Basic,Email,True,German,American Express,High Floor,Corporate Contract
13ffae77-64bd-4f89-b235-dea886aa0877,Nathan,Cook,nathan_cook@outlook.com,+1 452 843 4582,SG,Asia Pacific,Anneborough,M,Family,2020-02-27 18:24:48,Silver,Email,True,English,Visa,,Website Direct
e82d2190-4b5d-491f-87b8-340de3762989,Heather,Jackson,hjackson@outlook.com,+1 167 284 2232,SG,Asia Pacific,Smithport,F,Leisure,2022-08-03 22:31:03,Silver,SMS,False,English,Apple Pay,,Corporate Contract
f3ca9a21-db4f-4d82-8a5c-6657ecd97769,Oreste,Ceci,oreste66@oscorp.com,+1 960 492 9117,IT,Europe,Taibon Agordino,M,Business,2020-09-14 16:05:29,Basic,Email,True,Italian,Visa,,Website Direct
96aeaf80-ccef-49aa-b0de-4e7a8de682a8,Stephanie,Davis,stephanied@dummycorp.com,+1 685 256 9976,SE,Europe,Lake Norman,F,Business,2019-10-02 14:50:26,Basic,SMS,False,English,Apple Pay,,Corporate Contract
dd87f642-0644-4fb7-81f0-70cdf6c61024,Gregor,Gnatz,gregor.gnatz@outlook.com,+49 120 512629,DE,Europe,Neunburg vorm Wald,M,Group,2022-08-02 10:06:45,Platinum,Email,True,German,PayPal,,Walk-in
fb44caed-c8ea-4cfc-aa84-bd05af6cd058,Debra,Webster,dwebster@gmail.com,(303) 039-6867,US,North America,Glennport,F,Business,2023-02-02 02:20:27,Gold,Email,True,English,Visa,,Walk-in
716a900b-4ba9-4800-ad80-efa8aef0de4b,Shaun,Donnelly,shaun_donnelly@outlook.com,+1 823 638 7685,CA,North America,East Amyton,M,Business,2024-03-19 20:23:14,Non-Member,Email,True,English,Mastercard,,OTA Referral
0ad0f785-3586-4070-8da3-3eff03c02f0d,Susan,Hughes,susanh@dummycorp.com,+1 716 754 7338,SE,Europe,Websterfurt,F,Business,2023-09-26 13:49:31,Basic,Email,True,English,Google Pay,,Website Direct
e37885cf-a2d8-4eba-9582-6ac3303f4179,Eufemia,Galán,guest@email.com,+1 271 889 8968,AR,South America,West دانةside,F,Leisure,2019-08-08 19:25:43,Gold,SMS,False,English,Mastercard,"High Floor, Early Check-in",Walk-in
ae92551b-fb1a-4642-a563-0bd8bba9e5f7,Jacob,Peacock,jacob16@acme.com,583-037-5240,US,North America,New Jemmaview,M,Business,2024-02-23 01:18:50,Basic,Email,False,English,Mastercard,,Website Direct
996e16b4-57fa-4c68-b3c8-b30377ec89d6,Lynn,Smith,lsmith@yahoo.com,+1 690 124 5675,CA,North America,Annahaven,F,Business,2019-04-19 17:35:57,Basic,Email,False,English,Mastercard,,Website Direct
8ba4bc7b-66d6-40c2-b023-419e5bc0c721,Melissa,Owen,melissao@gmail.com,731-058-4390,US,North America,Lake Hannahview,F,Leisure,2021-11-05 13:11:13,Basic,Email,True,English,Mastercard,,Walk-in
b4da088a-53ef-4e17-a1f3-755297b62139,Dean,Palmer,dean39@outlook.com,+1 121 773 5445,CH,Europe,Lake Lorraineland,M,Business,2023-07-04 18:15:54,Non-Member,SMS,True,English,Mastercard,Early Check-in,Website Direct
17ade8a7-8aa4-4e07-9661-28600bd46fce,Elaine,Williams,ewilliams@gmail.com,+1 886 643 7964,QA,Middle East,Denisfurt,F,Business,2023-09-05 11:01:21,Non-Member,Email,False,English,Mastercard,,Website Direct
ef0a16de-4d7f-41f2-879b-b8bf9f18b2b1,Alex,Jones,ajones@gmail.com,+1 922 575 8074,CA,North America,Sallyport,M,Leisure,2022-03-24 10:24:32,Non-Member,Email,True,English,Apple Pay,,Phone Booking
03cf5c5c-ceda-4026-8aed-91a12c29cd74,Rachael,Fowler,rachael65@yahoo.com,+1 972 682 7945,MX,North America,East Ashleighport,F,Leisure,2023-11-20 18:54:58,Non-Member,SMS,True,English,Visa,,OTA Referral
9c043a5a-775b-4f27-8470-e00888b8729e,Denise,Newton,noemail@provided.com,+1 461 836 7685,MX,North America,Samuelburgh,F,Business,2021-07-15 20:25:01,Non-Member,Email,True,English,American Express,Wheelchair Accessible,Phone Booking
5abe1add-a891-4db6-a6e5-fb939d3e481f,里佳,高橋,里佳99@outlook.com,+81 543 709 6679,JP,Asia Pacific,Barneshaven,F,Group,2020-08-11 15:22:52,Silver,SMS,False,Japanese,Mastercard,,Phone Booking
887f73b1-d6eb-4c0f-b4ac-e0c39c6f9a66,あすか,小林,あすか_小林@outlook.com,+81 134 543 6057,JP,Asia Pacific,West Sian,F,Business,2024-07-24 03:54:26,Basic,Email,True,Japanese,Mastercard,,Walk-in
41513cbe-d736-4bf6-bf6f-f98c6424a009,Fiona,Hall,fiona.hall@gmail.com,+1 304 886 6387,MX,North America,Chanville,F,Leisure,2019-05-01 06:19:56,Platinum,Email,False,English,Visa,,Corporate Contract
d948ec9f-c1e4-4c51-a044-c4ef4863907d,Elisa,Iglesia,eiglesia@starkindustries.com,+1 656 789 8296,AR,South America,زكيةmouth,F,Business,2019-10-23 05:52:58,Gold,Email,False,English,Mastercard,Allergies,Walk-in
6c1e2e10-c8a1-471b-8490-272dca744232,Harry,Ferguson,hferguson@gmail.com,(351) 732-8208,US,North America,Joestad,M,Business,2020-01-25 02:11:16,Silver,Email,True,English,Apple Pay,,Corporate Contract
959f63b6-52a0-4483-9b66-3af7524523ae,Áurea,Infante,áureai@gmail.com,+1 961 251 9880,ES,Europe,Santa Cruz de Tenerife,F,Group,2019-09-18 20:36:11,Silver,Email,True,Spanish,PayPal,,OTA Referral
26334a8d-f7d2-4878-9d49-56099c3f5b37,Aimee,Hughes,ahughes@yahoo.com,+61 826 854 3415,AU,Asia Pacific,Charlesview,F,Leisure,2022-09-25 23:01:37,Silver,Email,True,English,Visa,,Website Direct
39d74051-b450-4127-812b-2e41ff4915ff,Wayne,Johnson,wayne_johnson@cyberdyne.com,+1 320 503 8107,MX,North America,Lake Brandon,M,Business,2024-03-16 00:15:38,Non-Member,SMS,True,English,PayPal,,Website Direct
f64a9461-a1ae-48d9-80e3-6ab8e20686aa,超,黄,超黄@icloud.com,273 7629 0012,CN,Asia Pacific,Brownshire,M,Leisure,2023-09-30 02:05:45,Non-Member,Email,True,Chinese,Visa,,Phone Booking
19d7a807-b094-4aba-9a8c-22faa9f94a6d,Stuart,Page,stuart61@yahoo.com,+1 315 589 5480,CH,Europe,East Wendy,M,Leisure,2022-10-10 07:49:47,Non-Member,Email,True,English,Mastercard,,Website Direct
427602d1-e025-498e-9409-930284d86336,Ricky,Conway,ricky.conway@gmail.com,+1 752 278 3330,MX,North America,Lake Jacob,M,Leisure,2023-05-18 05:40:50,Non-Member,SMS,True,English,American Express,,Phone Booking
c03837a6-c471-4d45-ae7f-42ef7e53eb3b,Roger,Holt,roger_holt@outlook.com,+44 4247 826302,GB,Europe,West Frank,M,Leisure,2023-05-04 03:40:20,Basic,Email,True,English,Visa,,Corporate Contract
05bc44f0-307b-4a0f-bb87-73517e0e87d1,Amber,White,amberw@globex.com,+1 593 528 8235,ZA,Africa,Lake Nicolemouth,F,Business,2021-08-20 10:28:13,Gold,Email,True,English,Visa,,Website Direct
42ad1164-9bd4-430a-ac5e-87c775b53702,Harriet,Harris,hharris@gmail.com,+1 621 469 8768,MX,North America,Stuartbury,F,Leisure,2019-01-24 21:22:45,Gold,Email,True,English,Visa,,Phone Booking
44fc53af-fb13-448f-96a5-cf7b497d2b7e,志强,蔡,志强37@gmail.com,+86 446 3960 901,CN,Asia Pacific,Lake Mollyfurt,M,Leisure,2023-10-02 05:16:49,Basic,Email,False,Chinese,American Express,,OTA Referral
9a2aac32-f9c2-432f-858f-38016910bf3c,Samuel,Ellis,samuel.ellis@outlook.com,685-379-5730,US,North America,Smithmouth,M,Family,2024-05-14 23:15:20,Non-Member,Email,True,English,Apple Pay,,OTA Referral
47953a05-0a9b-4812-9501-bf534ddeec8f,مظهر,أبا الخيل,مظهر39@initech.com,+971 586 154 7640,AE,Middle East,Lake Amanda,M,Business,2022-02-25 18:16:58,Gold,Email,True,Arabic,Visa,,Website Direct
e35fb4cc-85fb-4b86-85ce-62d194d9d96c,Giampaolo,Manolesso,giampaolo83@umbrellacorp.com,+1 128 611 1233,IT,Europe,Collelungo Sabino,M,Business,2019-05-01 07:56:31,Basic,Email,True,Italian,Visa,,OTA Referral
34cd0bac-654d-468f-a427-96d13c618d31,عاقل,الدباغ,عاقل.الدباغ@gmail.com,+971 541 355 2569,AE,Middle East,South Elizabethborough,M,Group,2019-04-18 17:01:25,Platinum,Email,False,Arabic,Mastercard,,Website Direct
e7ce3071-d025-4774-88cc-dbcdfd388026,Sean,Davison,seand@gmail.com,+1 717 852 6068,SG,Asia Pacific,North Georginamouth,M,Group,2023-03-09 21:43:58,Gold,Email,True,English,Mastercard,,Phone Booking
49f832fe-03bf-4a20-8a32-2cd752743d25,Gavin,Gregory,gavin_gregory@gmail.com,+1 392 800 2367,CA,North America,Dianaburgh,M,Family,2020-07-18 07:00:33,Basic,Email,True,English,Visa,,Walk-in
5d5523f3-5321-4eda-b404-46fe6c3dc1e3,Clifford,Sanderson,csanderson@outlook.com,+1 190 976 2728,CA,North America,Mollyshire,M,Leisure,2019-10-27 00:23:24,Basic,Email,True,English,Mastercard,,Phone Booking
8c90dee6-16b5-4327-a646-2b5debb6b2de,Evelia,Pina,epina@gmail.com,+1 413 657 8643,ES,Europe,Huelva,F,Leisure,2023-09-04 17:07:24,Non-Member,Email,False,Spanish,American Express,,Phone Booking
4468f876-4250-4e7a-a7da-612dffd88ddc,George,Jones,george.jones@hotmail.com,+1 922 395 1290,CA,North America,Lake Guy,M,Business,2020-01-20 11:57:11,Gold,Email,True,English,Visa,,OTA Referral
6e68f977-77c1-4165-9783-94e39f78287e,Clifford,Davies,cdavies@gmail.com,+1 405 120 1847,MX,North America,Jeanburgh,M,Business,2021-07-13 12:39:42,Gold,Email,True,English,Mastercard,"High Floor, Late Check-out",Phone Booking
e30ec947-e1bc-47ff-a753-aedc402bbbd1,Lorraine,O'Brien,lo'brien@tyrellcorp.com,+1 219 829 7495,SG,Asia Pacific,Victorport,F,Business,2022-11-16 09:45:06,Basic,Email,True,English,Mastercard,,Walk-in
59f11f48-8471-4bd2-ad44-6adfe7324f4a,Nicholas,Burton,nicholas_burton@acme.com,+1 192 600 5228,SE,Europe,Evansland,M,Business,2022-04-20 18:16:42,Platinum,SMS,True,English,Visa,,Phone Booking
a0fabbbd-87a7-4a0f-b855-b0ed3a2a500b,유진,박,noemail@provided.com,+1 559 655 9843,KR,Asia Pacific,Lake Jessicafurt,F,Business,2023-03-16 13:34:38,Non-Member,Both,False,Korean,Visa,,Phone Booking
adba5d6c-54a0-484e-a97f-145399920860,진우,이,진우이@outlook.com,+1 495 636 9782,KR,Asia Pacific,North Andrew,M,Family,2023-11-30 14:16:20,Gold,Email,False,Korean,Mastercard,,OTA Referral
e0c4fbf0-e193-41fc-a53d-7e50a5031002,Jodie,Lambert,jodie75@gmail.com,+1 819 160 4225,TH,Asia Pacific,Port Kerry,F,Leisure,2019-04-19 22:19:01,Basic,Email,False,English,Visa,,Website Direct
d9ae390c-8246-46c1-8002-d2326beb2ad5,Callum,Stanley,callum15@outlook.com,+1 310 735 9382,ZA,Africa,Williamsville,M,Family,2021-02-08 19:50:50,Non-Member,Email,True,English,Visa,,Walk-in
27f82e9d-c068-48b8-8c77-74c0b85febe0,Frédéric,Renault,frédéric26@yahoo.com,+33 159 189 4360,FR,Europe,Gomez-sur-Mer,M,Group,2022-12-07 13:15:12,Silver,Email,True,French,Mastercard,,Walk-in
3f6dec8b-2aec-49d3-b16e-cda9ec895ad5,Christine,Didier,christine.didier@hotmail.com,+33 526 323 7802,FR,Europe,Bourdon,F,Business,2024-10-14 13:05:06,Non-Member,Email,False,French,American Express,,Walk-in
2419c5e7-179f-445a-aef4-0f55dcb6efff,하윤,김,하김@initech.com,+1 787 451 5407,KR,Asia Pacific,Atkinsonland,F,Business,2023-09-25 15:28:43,Non-Member,Both,True,Korean,Visa,,Corporate Contract
67f302d5-935d-48c1-9450-318a133b5580,James,Heinz,james90@starkindustries.com,+49 8885/615514,DE,Europe,Rothenburg ob der Tauber,M,Business,2023-11-10 21:05:28,Basic,Email,True,German,Visa,,OTA Referral
0da3e230-4834-4f3a-90e3-92b29dba126d,Lynne,Johnson,lynne_johnson@outlook.com,+1 675 516 5363,CA,North America,Wardtown,F,Leisure,2024-05-27 17:13:38,Silver,Email,False,English,Apple Pay,,OTA Referral
cdb8d905-eb6b-43c3-9f56-5093a1d19e8f,Bernard,Cooper,bernard15@outlook.com,+1 237 531 6112,CA,North America,Annetteside,M,Business,2023-04-19 21:53:47,Non-Member,Email,True,English,Visa,Late Check-out,Phone Booking
52a6219f-cdbf-49aa-bfcd-450fd2146931,Kate,Wilson,kate82@gmail.com,+1 498 886 6998,MX,North America,West Jodieborough,F,Group,2020-10-20 01:27:09,Gold,Both,True,English,Visa,,Website Direct
df812f49-d8ef-460c-acc7-585cb5c1f9aa,Jake,Edwards,jake.edwards@icloud.com,453-005-6889,US,North America,Johnton,M,Leisure,2022-04-23 18:11:23,Gold,Email,True,English,Mastercard,,OTA Referral
a0357bc1-6e4e-43b8-b94f-16b52eda6995,Joel,Atkinson,joel_atkinson@umbrellacorp.com,+1 720 616 8495,NL,Europe,Royland,M,Business,2023-10-16 03:16:57,Non-Member,Email,True,English,American Express,,Corporate Contract
c265d1c2-41a3-4011-9903-2e25c92ef834,Tony,Arnold,guest@email.com,+1 928 673 4722,CH,Europe,North Maxmouth,M,Leisure,2019-07-15 21:31:33,Non-Member,None,True,English,Mastercard,,Website Direct
e8e58e9e-600e-4a74-80d8-158475e6bb8a,Christoph,Kreusel,christoph.kreusel@gmail.com,+49 266 442582,DE,Europe,Eisenberg,M,Leisure,2023-02-28 12:01:38,Silver,Email,False,German,PayPal,"Early Check-in, Allergies",Phone Booking
96ba78b1-7c70-44dd-874d-7fce211602e7,Glauco,Prat,glauco_prat@waynecorp.com,+1 879 547 2250,ES,Europe,Córdoba,M,Business,2023-06-19 16:10:06,Non-Member,Email,True,Spanish,Visa,,Corporate Contract
6586e4d9-9878-4ff6-bb4d-137faff49596,Gabriella,Bruscantini,gabriella_bruscantini@gmail.com,000-000-0000,IT,Europe,Terni,F,Business,2022-08-30 15:56:09,Non-Member,Email,True,Italian,American Express,Wheelchair Accessible,Website Direct
e0c97476-2cf9-4c61-838a-512d68b76534,Antoine,Lefèvre,antoine37@gmail.com,+33 822 704 1327,FR,Europe,Perezboeuf,M,Leisure,2019-02-14 05:58:48,Silver,Email,False,French,Mastercard,,Walk-in
c8d8b0cc-f20e-428c-8747-2e94dd874a78,Gilbert,Hoarau,ghoarau@gmail.com,+33 314 910 6586,FR,Europe,LebonBourg,M,Family,2024-05-23 01:04:26,Non-Member,Email,True,French,Visa,,Phone Booking
b681455a-0245-48a1-a398-19be0e16abcc,Annemarie,Trubin,annemarie19@oscorp.com,+49 9851/204274,DE,Europe,Anklam,F,Business,2021-03-31 19:29:11,Non-Member,Email,True,German,Mastercard,,Corporate Contract
858b02ed-28c8-45bd-8736-c4cef2b2f622,Amanda,Boada,aboada@gmail.com,+1 834 965 3774,ES,Europe,Ourense,F,Leisure,2019-11-04 01:46:03,Basic,Email,False,Spanish,Mastercard,,Corporate Contract
268035ce-8d8c-4809-bcf8-ba971abdeaa1,Amber,Fisher,amber22@acme.com,300-425-3258,US,North America,North Lee,F,Business,2023-01-30 16:57:43,Gold,Email,True,English,Mastercard,Wheelchair Accessible,Corporate Contract
33f61424-04ea-45ab-a20f-7c387967de7f,Jemma,Jones,jemma_jones@gmail.com,+1 544 516 6322,MX,North America,West Georgiamouth,F,Family,2021-06-27 07:56:27,Non-Member,Email,True,English,Visa,,Corporate Contract
a8830e1c-4e0f-4cec-b0cb-ec4eba4c5c1d,Jade,Pollard,jadep@gmail.com,+1 441 359 5775,SE,Europe,Nicoleborough,F,Business,2024-09-09 19:25:02,Non-Member,Email,False,English,Mastercard,,Phone Booking
cf0aea7c-9e25-4cc7-8adb-4db810f7f689,Damiano,Pagnotto,dpagnotto@outlook.com,+1 632 289 6114,IT,Europe,Carbonera,M,Family,2024-11-26 22:38:56,Non-Member,SMS,False,Italian,Mastercard,,Walk-in
20145dfd-912d-4011-a056-878808ee9a78,Nicole,Mann,nicole.mann@gmail.com,+1 239 648 4056,MX,North America,North Jasmineburgh,F,Family,2024-04-24 13:50:15,Non-Member,SMS,True,English,Visa,,Corporate Contract
827fae42-9160-4985-af93-7716d5f92b2c,Mirja,Haase,mirja_haase@yahoo.com,+49 9810/575477,DE,Europe,Luckenwalde,F,Leisure,2022-11-06 21:30:34,Gold,SMS,True,German,Visa,,Corporate Contract
74a715a4-f852-4ff5-b0f9-bc7b40e1c13e,Conor,Osborne,conor.osborne@gmail.com,+1 766 955 3408,CA,North America,Lake Julieland,M,Leisure,2024-04-15 16:51:10,Silver,Email,False,English,Mastercard,,Website Direct
b2b01c31-2c1b-42ec-b5ec-e82f81f447d8,Elizabeth,Swift,elizabeth.swift@tyrellcorp.com,+91 286 604 6731,IN,Asia Pacific,Rosiemouth,F,Business,2024-04-17 13:15:20,Non-Member,Email,True,English,Visa,Non-smoking,Phone Booking
e99cab48-aa25-41da-b1a4-b052d121bb17,Kathleen,Gordon,kathleen.gordon@oscorp.com,+1 761 814 3257,MX,North America,Smithhaven,F,Business,2023-07-12 23:13:09,Non-Member,Email,True,English,Google Pay,,Corporate Contract
72723071-3dc2-4b59-a7b8-c19ef6c1ee10,Joseph,Jones,joseph.jones@hotmail.com,1879 711 6506,GB,Europe,Raymondbury,M,Leisure,2021-01-30 09:45:37,Silver,SMS,True,English,Mastercard,,Walk-in
da002204-1518-40da-af0f-6ba5079e74a0,Geoffrey,Moore,geoffrey_moore@cyberdyne.com,+1 336 347 5502,CA,North America,Port Diana,M,Business,2022-02-19 05:54:19,Basic,Email,False,English,American Express,,Corporate Contract
87011a56-20e8-4483-81b8-44e97a07e5ab,Ross,Lambert,ross_lambert@yahoo.com,+1 179 213 6518,MX,North America,North Melanie,M,Leisure,2023-09-18 04:54:01,Basic,Both,True,English,Visa,,Phone Booking
8741640a-6186-4c5d-abce-9d8b23d858b8,Julian,Moss,test@test.com,+1 271 627 7449,CA,North America,New Donald,M,Leisure,2022-09-09 02:31:36,Basic,SMS,False,English,Visa,,OTA Referral
80e8dc34-961d-4dc5-ae50-ae7993bbc3ea,Marie-Therese,Trommler,marie-therese_trommler@icloud.com,+49 4972/560872,DE,Europe,Main-Höchst,F,Group,2020-08-28 18:24:34,Basic,Email,False,German,Visa,,Phone Booking
f4860e5f-e464-4476-b7f6-4a67fbac50dc,Bernard,Wilkinson,bernardw@gmail.com,+1 171 263 9443,TH,Asia Pacific,North Ericmouth,M,Business,2019-12-30 18:47:15,Platinum,Email,True,English,Mastercard,,Walk-in
951a6452-a7a8-4d04-8a03-9f2d3574d048,Lydia,Watkins,lydia5@icloud.com,+1 426 281 4903,TH,Asia Pacific,West Patriciaton,F,Leisure,2023-11-25 20:05:45,Non-Member,None,True,English,Google Pay,Late Check-out,Website Direct
3d235594-bfbd-4e09-a0f5-b8a8a19d0874,Hayley,White,hayley.white@gmail.com,(055) 350-3950,US,North America,Annetteton,F,Leisure,2023-04-11 10:52:00,Non-Member,SMS,True,English,Visa,"Early Check-in, Allergies",OTA Referral
f0b17c19-3241-431d-917e-1962a67398ec,桃子,渡辺,桃子.渡辺@oscorp.com,+81 893 521 2886,JP,Asia Pacific,Annettemouth,F,Business,2024-07-29 09:50:37,Silver,Email,True,Japanese,Visa,Allergies,Walk-in
acccbafb-9641-46c3-a46c-adb0bab631db,순자,이,순자_이@gmail.com,+1 618 212 6550,KR,Asia Pacific,North Samuel,F,Leisure,2024-06-16 05:12:10,Non-Member,Email,False,Korean,Visa,,Corporate Contract
75a38a11-402a-48a4-92ab-f2a15327c3ae,Owen,Kemp,okemp@gmail.com,093-107-4631,US,North America,East Eileen,M,Leisure,2023-11-14 17:35:29,Non-Member,SMS,False,English,Visa,,Corporate Contract
2d2b57f7-8bd6-4d48-8a5b-42248d27658a,Joyce,Lynch,jlynch@hotmail.com,(927) 981-8730,US,North America,Harryshire,F,Leisure,2021-11-21 00:56:52,Silver,SMS,True,English,Apple Pay,,Website Direct
23bf22e5-60a7-45c6-abd5-fddaf1838be8,Stanley,Anderson,stanley.anderson@icloud.com,+1 779 982 8347,SE,Europe,Samuelberg,M,Leisure,2020-09-27 01:53:16,Silver,Email,True,English,American Express,,Phone Booking
240139fc-8124-4cae-8bfb-fc3e24a15d57,Ben,Johnston,ben_johnston@outlook.com,(272) 659-1927,US,North America,Rogerston,M,Leisure,2020-09-12 01:27:52,Non-Member,Email,False,English,Mastercard,,Phone Booking
7aec5376-62c5-44a6-bbb1-b8c850d198b2,لورين,فصيل,لورين.فصيل@gmail.com,+1 642 401 5203,SA,Middle East,Millerstad,F,Family,2022-06-09 06:02:16,Non-Member,Email,True,Arabic,Mastercard,,Corporate Contract
9abb3d4b-eb2a-4d46-87ba-98398c39585c,Andrew,Smith,andrews@gmail.com,+1 960 781 6619,SE,Europe,West Arthur,M,Family,2021-12-30 00:17:28,Silver,Email,True,English,American Express,,Walk-in
30353e6d-52f2-4928-bde7-69d5171d3c54,Jonathan,Kelly,jkelly@dummycorp.com,+1 133 897 5336,MX,North America,Port Leeview,M,Business,2021-06-29 23:42:20,Silver,Email,True,English,Visa,"Wheelchair Accessible, Allergies",Phone Booking
cfa60cfd-7504-44bc-8b83-43da59edccf9,Trevor,Evans,trevor_evans@outlook.com,(728) 930-4252,US,North America,Waltonmouth,M,Leisure,2024-10-29 10:36:49,Silver,SMS,True,English,Mastercard,"High Floor, Non-smoking",Corporate Contract
36cb3f94-0a8c-49de-958a-5f6c13842250,Kaspar,Kramer,kaspar.kramer@initech.com,+49 530 136919,DE,Europe,Herzberg,M,Business,2021-02-24 17:00:02,Platinum,SMS,True,German,Visa,,OTA Referral
fdf7666a-1381-4083-aca0-189422ad52ee,Kirsty,Williams,kwilliams@gmail.com,+1 390 147 8818,NL,Europe,Port Jadefort,F,Leisure,2023-12-26 04:44:20,Basic,None,True,English,Apple Pay,,OTA Referral
7b5cbb0e-c911-4451-a53e-66292e0c7a42,Natasha,Potter,natasha70@outlook.com,+1 549 900 6892,CA,North America,Oliviaport,F,Business,2021-02-17 01:40:50,Non-Member,SMS,False,English,Apple Pay,,OTA Referral
89c08188-b600-4bac-8b8c-37ff5e49759a,Gavin,Ashton,gavin66@gmail.com,+1 207 721 6187,TH,Asia Pacific,Jodiehaven,M,Leisure,2023-01-11 07:53:35,Basic,Email,True,English,Mastercard,,Website Direct
c7a46f4f-ee99-4418-b636-a3e13ad0da06,Lucy,Phillips,lucy70@oscorp.com,+1 650 709 9432,CA,North America,Douglashaven,F,Business,2019-03-04 12:19:54,Gold,Email,False,English,Visa,,Walk-in
04775940-77b9-4114-bfd2-e1341a972777,Philip,Blake,philipb@outlook.com,+61 653 612 3969,AU,Asia Pacific,Ritastad,M,Leisure,2024-05-26 23:06:34,Basic,SMS,True,English,Visa,,OTA Referral
f89f5f73-28f9-40a4-8c3a-dfed41fc0af3,Rosie,Jones,rjones@yahoo.com,462-748-1404,US,North America,Geraldtown,F,Family,2020-11-19 11:29:13,Silver,Email,True,English,Mastercard,,Corporate Contract
04615ef8-a569-4399-8c10-6d4a7254333d,Eleanor,Edwards,eleanor67@oscorp.com,+1 431 373 6339,CH,Europe,Susanland,F,Business,2021-04-15 04:22:37,Basic,Email,False,English,Visa,,Corporate Contract
8e69e875-9015-44d1-87a0-16d794055b50,Kim,Freeman,kim_freeman@gmail.com,000-000-0000,SG,Asia Pacific,Kellychester,F,Leisure,2024-06-16 17:33:47,Silver,Email,True,English,Visa,Wheelchair Accessible,Corporate Contract
7abb0135-d7d7-44a0-a047-0b46bb9d8002,Lynda,Hammond,lhammond@yahoo.com,+1 934 168 2506,MX,North America,Ronaldton,F,Family,2020-10-22 06:51:19,Basic,Both,False,English,Mastercard,,Website Direct
4530229f-45e7-483c-8ccb-d05f331e82d7,서준,박,서준박@yahoo.com,+1 543 959 6671,KR,Asia Pacific,New Anneside,M,Business,2020-03-13 16:23:03,Non-Member,Email,True,Korean,Visa,,Website Direct
cf5e8832-c665-4fd6-ada7-25f4d8c13184,Leopoldo,Vespucci,leopoldov@gmail.com,+1 662 941 7218,IT,Europe,Trescine,M,Leisure,2022-01-25 01:06:13,Gold,Email,False,Italian,Visa,,Website Direct
c8359c51-151d-4cda-8e23-2b100d2aec86,Astrid,Legendre,astrid_legendre@waynecorp.com,+33 261 131 5386,FR,Europe,Charpentier,F,Business,2021-10-15 01:48:59,Silver,Email,True,French,Apple Pay,,Walk-in
11f29e14-a653-40f2-95ed-4c6f8ed6a2ab,Toby,Moore,tmoore@dummycorp.com,+1 491 960 9627,MX,North America,Graceton,M,Business,2021-01-06 23:42:08,Basic,Email,True,English,Apple Pay,,Website Direct
13496cdf-cca4-414f-8ab5-495a2f288fde,Helen,Hammond,helen48@acme.com,+1 419 207 6834,MX,North America,North Geraldstad,F,Business,2019-06-26 07:07:00,Basic,Email,True,English,Mastercard,,Phone Booking
40e18169-15cc-4292-b06c-4578a4376569,Carole,Davis,carole87@hotmail.com,(079) 694-4120,US,North America,Geraldinestad,F,Business,2024-03-11 20:45:47,Basic,Email,False,English,Mastercard,,Phone Booking
ea5ef3e5-45f3-47b3-98ff-9344705609cd,Bethany,O'Connor,bethanyo@tyrellcorp.com,+1 366 137 8919,TH,Asia Pacific,West Lindseyhaven,F,Business,2024-04-11 19:02:03,Non-Member,Email,True,English,Visa,"High Floor, Late Check-out",OTA Referral
37193cb9-c445-4847-943e-452ddf9618c2,Frederick,Baxter,frederick.baxter@yahoo.com,173-667-4421,US,North America,South Charlesburgh,M,Business,2023-12-20 04:05:24,Gold,Email,True,English,Mastercard,Allergies,Website Direct
955c1ef9-e6c6-44bb-8f8b-c955fe51f0d9,Shane,Jackson,sjackson@gmail.com,+1 763 659 4332,MX,North America,Zoeborough,M,Leisure,2019-10-23 08:08:12,Non-Member,Email,True,English,Visa,,OTA Referral
78da2f96-0ac0-4f35-bb00-48dbca2d5a43,Carly,Allen,carlya@outlook.com,+1 671 161 6594,MX,North America,Lake Geoffrey,F,Leisure,2023-08-29 19:58:04,Basic,SMS,True,English,Apple Pay,,OTA Referral
a6a731e8-5d01-4bf5-a470-66d369f086ca,Ann,Robson,ann.robson@gmail.com,+1 396 608 2663,CA,North America,McLeanmouth,F,Leisure,2023-02-13 12:54:57,Non-Member,Email,True,English,PayPal,,Website Direct
14ded9d3-c68d-413a-8a6e-54a010285b70,서윤,배,guest@email.com,+1 921 213 1556,KR,Asia Pacific,West Connorport,F,Business,2021-01-08 05:58:36,Platinum,Email,False,Korean,Visa,,Corporate Contract
b889975e-3d6d-4ead-b7d4-9a7f209c8c03,Paige,Hayes,noemail@provided.com,024-354-5561,US,North America,East Jeffreyborough,F,Business,2019-06-05 17:42:56,Silver,Email,True,English,American Express,,Website Direct
0b2022ee-6dea-4488-9da7-51d9f9cd5dac,Timothy,Patel,timothy_patel@gmail.com,+1 483 275 5359,MX,North America,Jonesborough,M,Family,2021-11-14 01:00:33,Basic,Email,False,English,Mastercard,,Corporate Contract
b02b03a1-5bb5-4d1a-a593-6d0e7c66d2b2,Debra,Young,debray@gmail.com,+1 734 512 5913,MX,North America,East Lynne,F,Family,2020-01-17 05:26:38,Basic,Both,True,English,Visa,,Website Direct
a27372db-01d1-4ea6-8b5e-d39525b3d948,경희,김,경희.김@oscorp.com,+1 954 313 4088,KR,Asia Pacific,Port Karlport,F,Business,2021-11-22 03:39:51,Non-Member,SMS,True,Korean,Apple Pay,"Early Check-in, High Floor",OTA Referral
5c3dd20c-cb6e-4ee9-835a-a2252eebdccd,Mathew,Chapman,mathew98@starkindustries.com,+1 974 509 2266,MX,North America,Arnoldhaven,M,Business,2023-06-19 23:38:59,Basic,Email,False,English,Mastercard,,Corporate Contract
3d5e760d-7e97-4056-9707-b67414f5bf27,小红,陈,小红陈@yahoo.com,+86 739 4920 226,CN,Asia Pacific,East Simonville,F,Leisure,2019-03-25 20:52:56,Silver,Email,False,Chinese,PayPal,,Corporate Contract
8c5a0999-1168-4dbf-a606-ab8674aa6c9e,Antony,Harris,antonyh@gmail.com,+1 968 198 6804,TH,Asia Pacific,Davischester,M,Family,2021-11-21 22:53:02,Platinum,Email,True,English,PayPal,High Floor,Website Direct
541d307b-a4d4-4097-acd7-38719d783ead,Andrea,Kelly,andrea_kelly@cyberdyne.com,+1 252 646 7240,CA,North America,Lake Adrianport,F,Business,2021-10-12 18:56:11,Basic,Email,False,English,PayPal,,OTA Referral
7574e136-7461-4b44-a2b9-28c9585679ac,Dean,Thompson,noemail@provided.com,+1 595 283 9541,KE,Africa,South Hollie,M,Family,2019-06-08 17:29:33,Basic,Email,True,English,Mastercard,"High Floor, Non-smoking",Website Direct
64624171-66a6-4772-9db9-b663d63ac3ed,Jane,Barber,jbarber@yahoo.com,+1 926 363 5034,CL,South America,Aliceview,F,Leisure,2019-09-20 00:56:10,Basic,SMS,False,English,PayPal,,Corporate Contract
37a997bc-eec7-4cd2-9f52-ad46b084e47b,Catherine,Griffiths,catherineg@acme.com,033-152-0766,US,North America,Georginatown,F,Business,2023-10-26 17:58:57,Non-Member,Email,False,English,Visa,,Corporate Contract
095ab2af-f365-4ca2-8414-86feed530d5f,Leonard,Sanderson,lsanderson@gmail.com,+1 466 397 2611,MX,North America,Oliverfurt,M,Leisure,2022-06-15 00:52:08,Silver,SMS,True,English,Visa,,Walk-in
605b6c23-b259-44d0-97c0-626942f5a9d0,Jane,Gibson,jane_gibson@gmail.com,(862) 215-8438,US,North America,Joelburgh,F,Leisure,2022-04-10 12:55:07,Silver,Email,False,English,Mastercard,,Phone Booking
94b50b03-3d4a-46c3-902e-cd2be835359a,혜진,이,혜진.이@hotmail.com,+1 117 399 7625,KR,Asia Pacific,Markhaven,F,Leisure,2019-06-30 00:33:58,Non-Member,Email,False,Korean,Visa,,Website Direct
8c4d45df-a195-48e4-a057-304f073b5960,Pablo,Azcona,pabloa@hotmail.com,000-000-0000,AR,South America,باسمةmouth,M,Leisure,2024-03-12 14:22:01,Gold,Both,True,English,Visa,,Website Direct
bcd1c963-3855-4f8f-9d2f-916d67835385,Alan,Jones,alan70@icloud.com,(984) 037-2940,US,North America,Amberbury,M,Family,2019-11-28 16:51:10,Basic,Email,True,English,Visa,,Phone Booking
6e32c4e8-2f8b-463d-a3ba-246bdee349fc,Barbara,Preston,barbara_preston@outlook.com,+1 173 133 7989,TH,Asia Pacific,Leebury,F,Group,2024-06-01 09:42:59,Non-Member,Both,False,English,Mastercard,,OTA Referral
33577c3c-2bf3-4534-903f-734f25f2a922,Paige,Whitehouse,pwhitehouse@gmail.com,+1 903 355 1956,SE,Europe,Damienport,F,Family,2022-05-21 02:39:27,Non-Member,Email,True,English,Mastercard,,Phone Booking
78e0453c-e4f7-455c-8c96-9f0c87b5eb9a,玉梅,李,玉梅.李@gmail.com,182 0937 8118,CN,Asia Pacific,South Annettebury,F,Family,2022-10-20 11:02:19,Non-Member,SMS,True,Chinese,Mastercard,,Walk-in
ecf62fdf-75d7-4eac-a61a-c9943215e701,Guy,Carter,guyc@gmail.com,+1 602 894 8694,NL,Europe,Hayesfort,M,Business,2023-04-24 13:32:37,Non-Member,SMS,True,English,American Express,,Corporate Contract
b3effa05-4ae2-4390-bce9-563ae44cbf13,Joanne,Fisher,joanne24@tyrellcorp.com,,US,North America,East Jasontown,F,Business,2024-09-09 17:04:13,Non-Member,Email,True,English,Mastercard,,OTA Referral
a9a7f7d0-5f81-42b4-a72b-4dacb4698e71,Steven,Renner,steven11@hotmail.com,+49 7973/965339,DE,Europe,Neuss,M,Leisure,2024-11-14 21:12:11,Silver,Both,True,German,Mastercard,,Phone Booking
da8645df-d9bc-4f34-bd51-c534fdc041f4,Martin,Nicholls,martin12@tyrellcorp.com,+1 101 551 2638,MX,North America,Akhtarville,M,Business,2019-05-16 23:24:07,Silver,SMS,False,English,Mastercard,,Phone Booking
9eadd3f2-ee1f-48a2-b968-79e4cd8b8e1e,Dennis,Mellor,dennism@gmail.com,+1 101 316 1566,CL,South America,North Jameschester,M,Leisure,2019-07-03 05:00:57,Non-Member,Email,True,English,Mastercard,,OTA Referral
b4ff9d2c-ed10-4a18-96b9-5e62edf76cad,Hubertus,Stey,hubertuss@yahoo.com,,DE,Europe,Königs Wusterhausen,M,Leisure,2023-02-02 07:29:33,Non-Member,Email,False,German,Mastercard,Wheelchair Accessible,Corporate Contract
e917836e-3402-4de9-8c54-9e9d6aec3d7e,Gerard,Bell,gerard.bell@yahoo.com,(815) 074-3982,US,North America,North Derekland,M,Leisure,2023-11-07 11:11:08,Basic,Email,True,English,Mastercard,Early Check-in,Phone Booking
de7079e9-53d9-41b3-a45d-f64e6ea3aea7,Marie,Wong,mwong@gmail.com,+1 468 456 9150,MX,North America,East Carlburgh,F,Leisure,2023-07-16 23:36:29,Non-Member,Email,False,English,Visa,,Phone Booking
77eb4131-9ab2-413d-bc87-56384088b555,François,Masse,françois13@outlook.com,+33 445 963 9505,FR,Europe,Bouchernec,M,Leisure,2021-10-26 01:19:25,Gold,SMS,True,French,American Express,,OTA Referral
1384cbea-cdaf-4e8c-ab3d-d6719efd678f,春香,山本,春山本@initech.com,+81 114 829 3625,JP,Asia Pacific,Carterchester,F,Business,2023-02-13 19:51:19,Basic,Email,True,Japanese,PayPal,,OTA Referral
e7e57d2f-2b0a-42f5-873f-fe4923838b25,Guy,Wilson,guyw@outlook.com,+1 182 410 8383,CA,North America,Jonesburgh,M,Business,2023-08-18 17:31:49,Non-Member,Email,True,English,Apple Pay,,Phone Booking
3c42221d-576d-439a-895b-f2ae6591033f,Luke,Shah,luke_shah@yahoo.com,744-413-1316,US,North America,Cookburgh,M,Group,2021-08-25 05:02:54,Basic,Email,True,English,PayPal,,Website Direct
e6ded38d-b96d-46cf-88f9-3546b9100392,Philip,Davies,pdavies@dummycorp.com,+1 427 639 8608,SE,Europe,Lake Mohamed,M,Business,2023-12-13 11:20:56,Non-Member,Email,False,English,Mastercard,,Corporate Contract
cb5795af-f9ba-436d-96ee-b95282bb44c0,Jacob,Riley,jacob_riley@oscorp.com,369-927-2111,US,North America,Amybury,M,Business,2022-04-24 13:06:13,Non-Member,Email,True,English,Visa,,Website Direct
f1317dd3-037d-4d8a-8eca-6511f9718498,幹,中村,幹.中村@waynecorp.com,+81 687 543 7103,JP,Asia Pacific,Sophieside,F,Business,2020-10-08 08:20:28,Silver,Email,True,Japanese,Visa,,Corporate Contract
c52f7303-664f-435a-a861-e53814f0ea01,Gregory,Khan,gkhan@globex.com,+1 561 546 6466,KW,Middle East,West Irene,M,Business,2020-01-20 19:48:08,Basic,SMS,True,English,Mastercard,,Phone Booking
6e2d3761-d3af-4036-adbe-0fef034f8906,June,Holt,june34@acme.com,+1 291 608 8636,MX,North America,North Amandaville,F,Business,2024-03-23 03:55:44,Non-Member,Email,True,English,Google Pay,,Walk-in
759342b4-b30d-42ec-b4f2-8bde0900a586,Ben,Blake,benb@outlook.com,863-225-1045,US,North America,North Jade,M,Leisure,2020-11-28 11:07:10,Gold,Both,False,English,American Express,,Phone Booking
3622e6d2-53a7-482c-acdb-0f96933d532c,Andrea,Williams,andrea_williams@gmail.com,+1 504 834 5743,CA,North America,Kentside,F,Group,2022-04-24 14:14:10,Silver,Email,True,English,Mastercard,,Walk-in
59ed18af-f3b0-4775-a9b9-48c4d303c554,Clare,Gray,clareg@gmail.com,+1 723 269 9191,KW,Middle East,Juneview,F,Leisure,2021-08-28 23:53:46,Silver,Email,False,English,PayPal,,OTA Referral
e9610a54-8725-491d-ad6f-bfe68798d740,Wendy,Iqbal,wendy49@gmail.com,+1 444 515 6929,MX,North America,West Linda,F,Leisure,2021-02-09 06:28:19,Non-Member,Email,False,English,American Express,Late Check-out,Website Direct
87215f47-3ea3-4887-adda-2eddf8489905,Alan,Young,alan_young@starkindustries.com,+61 846 204 9436,AU,Asia Pacific,Simpsonview,M,Business,2019-01-29 03:24:11,Silver,Email,True,English,Visa,,Phone Booking
86cce863-bb75-4e49-bc72-a2c8f6b2633f,Hannah,Read,hannahr@acme.com,+1 765 916 2707,CL,South America,Port Jemma,F,Business,2023-07-28 01:55:10,Basic,Email,True,English,Visa,,Website Direct
a5bcbfd1-160c-4902-b173-b4d8e8927668,Louise,Stokes,louise.stokes@acme.com,+1 666 230 5053,TH,Asia Pacific,New Gail,F,Business,2020-11-21 11:12:48,Non-Member,Email,True,English,Visa,,OTA Referral
0b2fcaaf-63cc-4d92-a34c-bf3a0f8ca4b4,七夏,岡本,七夏_岡本@gmail.com,+81 939 856 2029,JP,Asia Pacific,East Jill,F,Leisure,2022-03-31 13:53:49,Silver,Email,False,Japanese,Visa,,Walk-in
c25ad49e-8b98-4b2d-a594-8ed7bc517465,Dominic,Patel,dominic.patel@outlook.com,524-295-3073,US,North America,West Tony,M,Family,2024-07-24 00:09:02,Basic,Email,True,English,Apple Pay,,OTA Referral
c3f2ab05-87d2-4f0c-9279-a66868f768df,Rachel,Brown,rachelb@icloud.com,+1 155 124 1636,SE,Europe,Julieberg,F,Group,2024-04-21 01:07:58,Non-Member,SMS,True,English,Visa,,Phone Booking
0a8c8093-2627-44f3-b7c0-503a26145090,Beverley,Robinson,beverley63@outlook.com,+1 939 788 4604,SG,Asia Pacific,Lake Derekfurt,F,Group,2019-01-31 09:52:26,Silver,Email,False,English,Visa,,Walk-in
79132dec-38f2-4688-8d89-ed909a77bdd4,Ronald,Warner,rwarner@outlook.com,+1 356 602 1425,MX,North America,North Nicolaland,M,Family,2024-12-03 05:16:37,Basic,Email,True,English,Apple Pay,,Phone Booking
4b99d9ae-3c0b-45e7-a1da-b2e7999969f6,Pauline,Lawrence,paulinel@gmail.com,+1 546 621 2783,SG,Asia Pacific,East Mitchell,F,Family,2022-07-11 04:33:17,Silver,Both,True,English,Visa,,Website Direct
03ad0d66-0b08-4f20-94e6-4ad057ac6d13,Diane,King,dianek@tyrellcorp.com,+1 839 600 7329,SE,Europe,Bradleychester,F,Business,2023-08-11 18:57:14,Platinum,Email,True,English,Visa,,Walk-in
7c45e0fa-fa01-4115-9321-3b443dd051ec,Vanessa,Doyle,vanessad@waynecorp.com,190-878-3964,US,North America,Richardsonton,F,Business,2022-12-20 21:05:08,Gold,Email,False,English,American Express,,Walk-in
6acc0832-1bd6-4f0d-808b-8d74a8193100,Katie,Payne,katie.payne@gmail.com,+1 701 516 5480,SE,Europe,New Damien,F,Leisure,2020-03-30 18:25:36,Gold,Email,False,English,Visa,,Corporate Contract
ccb8c611-07b4-48b2-8675-4936ded1caf7,Kevin,Ahmed,kevina@gmail.com,+1 512 448 7702,TH,Asia Pacific,Douglasport,M,Group,2022-10-04 21:19:56,Non-Member,Email,True,English,Visa,,Phone Booking
39ebafcc-b978-4075-90f6-b73cac7281ec,Encarnacion,Páez,encarnacionp@gmail.com,+1 236 775 9535,ES,Europe,Segovia,F,Family,2022-03-09 07:42:17,Non-Member,Email,False,Spanish,Visa,,OTA Referral
11db47cb-caf7-4b03-af3f-b729e58ab086,Caroline,Evans,caroline.evans@gmail.com,+1 257 631 7743,MX,North America,Nelsonberg,F,Group,2024-01-25 02:31:31,Silver,Email,False,English,American Express,,Corporate Contract
9e081cd6-87b9-407d-bc0a-4bec67987c8b,Richard,Newman,richardn@outlook.com,+91 534 188 9270,IN,Asia Pacific,Wrightport,M,Leisure,2022-02-13 19:10:47,Basic,Both,True,English,American Express,,Corporate Contract
54868290-7440-4192-9aae-11a6f13e7caa,伟,张,伟张@dummycorp.com,+86 917 5911 190,CN,Asia Pacific,North Valerie,M,Business,2022-03-16 10:07:14,Silver,Email,True,Chinese,Mastercard,,OTA Referral
a8806981-9672-4007-9125-74beecfc3b78,Samantha,Carroll,scarroll@gmail.com,+1 596 171 4759,SE,Europe,Walkerborough,F,Leisure,2024-04-10 09:14:55,Basic,Email,False,English,PayPal,,Walk-in
0c8f201f-0fd4-4b85-8720-e39a810e6397,Pastora,Lloret,guest@email.com,+1 417 339 9247,ES,Europe,Cádiz,F,Business,2020-03-26 08:31:23,Silver,Email,True,Spanish,PayPal,,Phone Booking
2562a672-038a-47d3-a3d8-ca4c6cdea0e8,Brett,Walker,brett.walker@gmail.com,+1 313 147 1420,MX,North America,Port Patrick,M,Business,2023-01-12 09:17:57,Silver,Email,True,English,Mastercard,"Wheelchair Accessible, High Floor",OTA Referral
c02d97ac-d82e-4161-ba90-24522dec68c2,Rachel,Thomas,rthomas@gmail.com,+1 988 861 2338,SG,Asia Pacific,Marcmouth,F,Leisure,2023-03-05 17:18:09,Silver,Email,False,English,Apple Pay,,Corporate Contract
f6a345c3-3a24-41a5-8006-5e867985c096,Rosalva,Berrocal,rosalva_berrocal@gmail.com,+1 710 138 9966,AR,South America,ريانberg,F,Leisure,2024-06-06 18:48:30,Non-Member,Both,True,English,American Express,,Walk-in
aae92b6d-7cd0-4f57-8581-3621860108d7,Vanessa,Doyle,vanessa.doyle@example.ca,+1 172 135 5115,CA,North America,West Wayneshire,F,Business,2022-06-14 22:59:20,Basic,Email,True,English,Mastercard,,OTA Referral
4951cdcc-c4fa-4c3b-afd2-b31d21336838,Alice,Harris,alice.harris@yahoo.com,+1 162 478 6268,MX,North America,South Caroline,F,Leisure,2019-02-16 05:56:18,Basic,Email,False,English,Mastercard,,Walk-in
edba3f7f-e06b-4511-8675-6fc270291b8f,Anita,Brenna,anitab@gmail.com,+1 872 418 1209,IT,Europe,Bassano In Teverina,F,Family,2024-11-05 17:12:43,Basic,Email,False,Italian,Visa,,Walk-in
9a422b56-1049-400b-97c1-2d33467709ba,Joanna,Reynolds,joanna_reynolds@gmail.com,+1 264 836 7907,SG,Asia Pacific,New Debratown,F,Business,2021-10-18 14:44:15,Gold,Email,True,English,Visa,,Phone Booking
5c1bb711-f7de-43fa-85cc-5d182f23fbcf,Antonina,Zanazzo,antonina.zanazzo@gmail.com,+1 196 648 1596,IT,Europe,Neyran,F,Leisure,2020-02-22 19:27:19,Silver,Email,True,Italian,Visa,,Website Direct
fadef4ad-518c-4965-8854-d7a2705d0a48,岩,张,岩_张@waynecorp.com,+86 206 7873 608,CN,Asia Pacific,Matthewburgh,M,Business,2024-01-18 09:01:00,Non-Member,SMS,False,Chinese,Visa,,Walk-in
7886a56c-d1d8-4ff0-8db4-a258192c1bd5,Martyn,Lawson,martyn_lawson@gmail.com,+1 389 422 6831,MX,North America,Humphreysmouth,M,Leisure,2022-05-21 00:12:17,Platinum,Email,False,English,American Express,,Website Direct
9d850ad0-b9aa-4ebc-a62c-129e7c28b7bc,Pepe,Ocaña,pocaña@umbrellacorp.com,+1 829 169 7354,ES,Europe,Tarragona,M,Business,2022-08-23 01:21:58,Non-Member,Email,False,Spanish,Visa,,Website Direct
d5cff4d4-ded1-4ca0-9ef0-3d3794d905f4,Jason,Stanley,jasons@gmail.com,+1 456 441 5509,CA,North America,Franklinton,M,Group,2023-06-26 04:13:24,Silver,Email,True,English,American Express,,Corporate Contract
4315f862-9c35-4730-b360-b74fb2f709a1,Nicola,Middleton,nicola58@yahoo.com,+1 191 483 2216,MX,North America,Holmesfort,F,Leisure,2024-12-09 00:08:59,Silver,Email,True,English,Mastercard,,Website Direct
5676b171-5e20-44c6-86e4-fba1f46f3364,Dale,Allen,dale.allen@outlook.com,+1 654 193 2261,MX,North America,West Owenfort,M,Leisure,2021-04-09 18:03:30,Non-Member,Email,False,English,Visa,,Phone Booking
b83ec48d-b97a-4892-8e58-feaaa9464bf9,Roy,Ali,rali@gmail.com,+1 281 816 6258,SG,Asia Pacific,Martinville,M,Family,2019-09-09 14:42:42,Basic,Email,True,English,Visa,,Website Direct
5ca0f161-9314-4e11-88bf-0a615ef8e43f,Angelica,Bonolis,abonolis@gmail.com,+1 103 244 6259,IT,Europe,Paitone,F,Leisure,2024-04-01 18:52:15,Basic,Email,True,Italian,Mastercard,,Corporate Contract
66d0575e-387b-4371-a909-f4dde6080b36,Darren,Reynolds,darren40@icloud.com,+1 924 964 1342,CA,North America,Johnsonland,M,Family,2021-08-21 01:37:20,Silver,Both,False,English,Visa,,Walk-in
0455a161-e0fc-41e1-91c6-177eee0cf534,Valentin,Haering,valentinh@gmail.com,+49 9174/306601,DE,Europe,Torgau,M,Group,2024-03-11 15:36:17,Basic,Email,True,German,Mastercard,Late Check-out,Corporate Contract
22a9311e-e24f-4edc-9d8d-19d60a208a74,洋介,田中,洋介1@hotmail.com,+81 185 187 3835,JP,Asia Pacific,Dalyland,M,Leisure,2024-09-08 17:30:15,Non-Member,Email,True,Japanese,American Express,Wheelchair Accessible,OTA Referral
15778450-a6a0-48be-a5f2-4dcbba098d38,Carl,Clark,carl_clark@waynecorp.com,772-428-8398,US,North America,Butlertown,M,Business,2023-08-08 12:31:20,Non-Member,Email,True,English,PayPal,,OTA Referral
c5e2b199-4da0-4e06-806c-5ca035ffd6a5,Cameron,Evans,camerone@gmail.com,,MX,North America,North Normanburgh,M,Business,2020-08-28 16:31:52,Gold,Email,False,English,Visa,"Late Check-out, Early Check-in",Corporate Contract
9ffcec41-973e-4e99-8fb2-a9b5db282bde,Ana Sofía,Mayoral,ana sofíam@starkindustries.com,+1 613 600 2206,ES,Europe,Barcelona,F,Business,2020-01-18 04:01:42,Basic,Email,True,Spanish,Mastercard,"Wheelchair Accessible, Allergies",Phone Booking
10272739-c5fc-4387-bfcf-67e8af47ff43,Joanna,Powell,joanna90@gmail.com,+1 268 485 2543,KW,Middle East,Josephineburgh,F,Leisure,2019-11-06 05:05:21,Non-Member,Email,True,English,American Express,,OTA Referral
1641874d-0082-4cc9-a7c0-a56ce4dd6d6b,Karl,Williams,karl_williams@hotmail.com,008-743-8750,US,North America,Port Lesley,M,Leisure,2020-06-22 11:54:03,Non-Member,Email,False,English,Mastercard,,OTA Referral
0435dae6-0556-4f99-8973-de3acd2f464e,Robert,Lagarde,robert_lagarde@globex.com,+33 940 674 2764,FR,Europe,PerretBourg,M,Business,2024-12-14 09:46:34,Silver,Email,False,French,Mastercard,,Walk-in
fdb55c38-c014-44a6-a469-0d92b202ebf3,Graham,Collier,graham_collier@example.mx,+1 283 281 5336,MX,North America,North Johnland,M,Business,2020-08-18 18:19:39,Silver,Email,True,English,American Express,,Walk-in
dedbea94-6575-4012-8e6d-7a199aca406c,Danny,Holmes,dholmes@globex.com,+1 785 241 1135,MX,North America,Lucyborough,M,Business,2024-05-17 21:21:23,Silver,Both,True,English,Mastercard,,Corporate Contract
6f166bae-e418-472b-b789-63f2a573f4f4,هاجر,آل عواض,هاجرآ@dummycorp.com,+1 563 295 1664,SA,Middle East,New Harriet,F,Business,2019-05-31 10:13:35,Basic,Email,True,Arabic,Visa,,Website Direct
138fef0b-b249-4704-a2c6-b68d43dee8a9,جالا,حجار,جالاح@gmail.com,+1 638 156 4711,SA,Middle East,Port Yvonne,F,Leisure,2023-09-07 13:47:10,Non-Member,SMS,False,Arabic,PayPal,,Corporate Contract
ef7d5a80-6bab-467a-8799-4f08d2ed9d9b,Phillip,Dixon,noemail@provided.com,+91 637 950 6356,IN,Asia Pacific,Rickyburgh,M,Leisure,2022-02-18 00:52:14,Gold,Email,True,English,Visa,,Website Direct
992618da-a228-4a3f-9d4c-ef6faa34dc04,Maria,Williams,mwilliams@yahoo.com,+1 371 988 8723,SG,Asia Pacific,New Charlene,F,Family,2023-04-05 00:21:40,Basic,Email,False,English,Apple Pay,,Phone Booking
02a666cb-ba01-41e3-b1ea-43deb44f7a91,Diane,Hill,dhill@yahoo.com,+1 505 363 1874,CA,North America,Kayleighville,F,Business,2022-04-08 20:42:57,Platinum,Email,True,English,Mastercard,,Website Direct
a8397575-5e0b-485e-bdd6-59e3f717c891,George,Lucas,george_lucas@gmail.com,+1 906 298 7386,SG,Asia Pacific,Kellychester,M,Group,2019-05-29 02:33:40,Silver,Email,True,English,Visa,,Walk-in
4f9e448c-414e-4bcc-a298-ca946ac4a82f,Paloma,Bragaglia,noemail@provided.com,,IT,Europe,Barbiano,F,Leisure,2022-03-23 05:55:12,Silver,Email,False,Italian,Mastercard,,OTA Referral
88b89a52-82a7-4e5a-ad00-9119edebd96e,Lynda,Payne,lyndap@hotmail.com,+1 179 795 5632,NL,Europe,South Kelly,F,Group,2022-10-14 20:18:20,Non-Member,Email,True,English,Visa,,Walk-in
3dcdcbb3-98f2-422d-b008-c11c78038c3d,Alex,Olivier,alex91@gmail.com,+33 876 431 5062,FR,Europe,Morel-sur-Hervé,F,Group,2023-02-07 21:31:25,Silver,Email,True,French,Visa,,Walk-in
2cbbd2df-027c-496b-9530-81e35e6f0383,Naomi,Perry,naomi.perry@outlook.com,+61 709 685 1574,AU,Asia Pacific,Hancockport,F,Leisure,2021-04-17 02:18:39,Gold,Email,False,English,Visa,,Walk-in
4bf833f6-4710-4549-9c2a-11fbf35ed46e,Leigh,Harris,leigh.harris@gmail.com,+1 228 846 5289,SE,Europe,Daviesville,M,Family,2021-05-19 06:00:39,Gold,Email,True,English,PayPal,,Website Direct
e2098a18-e681-4dcb-8242-f1bd86448592,Tom,Wallace,tom64@gmail.com,+1 618 724 7518,SG,Asia Pacific,North Michelle,M,Leisure,2019-09-12 17:58:55,Non-Member,SMS,True,English,Visa,,Corporate Contract
aa5a566c-1b00-4dee-a3fd-a6a1712b6e7e,Alina,Leone,alina.leone@gmail.com,+1 461 330 5601,IT,Europe,Pascolare,F,Leisure,2020-11-25 10:04:42,Gold,Both,True,Italian,Visa,,Phone Booking
96b2980f-7dc5-4bd1-a09a-8d30097712f6,Hugh,Knight,hughk@gmail.com,664-755-5247,US,North America,East Joanfort,M,Leisure,2019-05-30 15:22:23,Non-Member,Email,False,English,Google Pay,,OTA Referral
84e7bd54-90fe-4635-b2dd-cb6301a34d99,Phillip,Baxter,pbaxter@yahoo.com,4904 795 5905,GB,Europe,Dylanland,M,Group,2024-07-12 20:50:08,Non-Member,Email,True,English,Mastercard,,Website Direct
9490e9dd-fe3b-4f28-bd68-fc02a51a3764,Samantha,Gould,samantha.gould@yahoo.com,192-443-6212,US,North America,West Rachelbury,F,Family,2024-09-15 23:40:36,Non-Member,Email,True,English,Mastercard,,Walk-in
e41d565a-3584-483d-bfe2-4539d61ca37e,준영,권,준영_권@gmail.com,+1 536 337 3131,KR,Asia Pacific,Port Mathew,M,Leisure,2023-03-01 05:57:26,Platinum,Email,True,Korean,Mastercard,,Website Direct
8c3fd886-eda1-40e4-953a-b88f5c449414,Camila,Calleja,camila.calleja@example.ar,+1 150 893 2410,AR,South America,Lake نجيب,F,Business,2022-10-05 20:53:02,Gold,Email,True,English,Mastercard,,OTA Referral
0d518759-1752-41cb-9466-fb183dd531af,Lodovico,Alfonsi,lodovicoa@outlook.com,+1 889 797 9675,IT,Europe,Sant'Angelo A Cancelli,M,Business,2019-06-10 02:21:25,Basic,None,False,Italian,Visa,Late Check-out,Website Direct
075206a9-c38e-411f-bb7f-0de7c91656cb,Josephine,Reid,josephine_reid@icloud.com,+1 767 944 1411,CO,South America,New Julianmouth,F,Leisure,2024-07-09 08:06:24,Basic,Both,True,English,Visa,,Corporate Contract
de39e1a4-1ddb-4829-81ff-cb84b9a5001c,Ira,Dippel,idippel@gmail.com,+49 948 833178,DE,Europe,Neuss,F,Leisure,2022-01-11 06:42:31,Non-Member,Email,True,German,Mastercard,,OTA Referral
684d788f-6381-45ad-a0d2-7694f7dd38ad,Denis,Holland,denis_holland@dummycorp.com,+91 276 757 4879,IN,Asia Pacific,Jonesborough,M,Business,2019-08-22 06:22:14,Basic,Email,True,English,Visa,,Walk-in
0b94c98a-08ea-40da-93e2-3a4138cf7b72,Joan,Wade,joan.wade@outlook.com,+1 941 883 9609,SE,Europe,Port Elliot,F,Family,2019-05-24 14:56:25,Basic,SMS,True,English,American Express,,OTA Referral
342bcfad-f2e9-4f57-bf7a-0d41759d4414,秀华,林,秀华林@gmail.com,136 1335 5367,CN,Asia Pacific,New Chloechester,F,Family,2024-10-22 04:43:59,Non-Member,Email,False,Chinese,Mastercard,,Walk-in
9123e8cc-291f-48cc-989b-565633886632,Sophie,Powell,sophie.powell@initech.com,+1 278 835 8862,SE,Europe,North Ruthmouth,F,Business,2022-02-02 08:29:18,Basic,Email,True,English,Visa,,OTA Referral
0ae24393-6f4c-4c8f-bc19-16860a5bf499,Toni,Tamburini,tonit@initech.com,,IT,Europe,Aldeno,M,Business,2023-03-29 05:34:11,Basic,Email,False,Italian,American Express,,Phone Booking
313541d8-04f2-4f5e-ac3d-13a43c34d9d1,Julia,Fletcher,julia.fletcher@outlook.com,+1 372 476 8886,CH,Europe,Simmonsport,F,Leisure,2023-09-21 23:00:51,Basic,Email,True,English,American Express,Non-smoking,Corporate Contract
65b7abcb-210a-4091-b2cb-ecc7b6b67906,Emily,Watkins,emilyw@gmail.com,+1 962 494 9857,CH,Europe,Lake Deanport,F,Leisure,2019-10-25 11:45:30,Non-Member,Email,False,English,Mastercard,,Corporate Contract
98a31805-aba4-4f32-9eb1-a450bad6b3cf,Russell,Nash,russell.nash@outlook.com,+1 887 310 1455,TH,Asia Pacific,Albertside,M,Business,2019-12-30 00:07:00,Non-Member,Email,False,English,Mastercard,,Website Direct
4264921a-d4d4-44e5-b10d-b971cb631896,Tomasz,Stahr,tomasz52@gmail.com,+49 5847/860818,DE,Europe,Rastatt,M,Leisure,2021-05-04 06:26:02,Non-Member,Email,True,German,Visa,,Walk-in
a5ebc1ef-b00a-401e-8ba6-d97cf53d6d9d,Josh,Cook,jcook@outlook.com,(002) 213-6043,US,North America,Rhysshire,M,Group,2022-12-22 14:11:54,Gold,Email,True,English,Mastercard,,OTA Referral
d9f6a121-f4ee-4690-876b-1b5d84bfebfa,Tom,Hale,thale@outlook.com,+1 821 466 8963,TH,Asia Pacific,New Terence,M,Family,2022-01-23 07:15:22,Platinum,Email,True,English,Visa,,Corporate Contract
0904cd55-d5dd-40c1-9f80-7407089c5be0,Cameron,Abbott,cameron.abbott@globex.com,+1 599 380 2404,MX,North America,Port Thomas,M,Business,2023-05-11 22:02:23,Basic,Email,True,English,Apple Pay,,Phone Booking
aaa3bcb0-7e99-4a6c-b96b-8a7722bba605,Henry,French,hfrench@globex.com,5888 193 4333,GB,Europe,South Ericborough,M,Business,2022-12-09 00:56:51,Silver,SMS,False,English,Mastercard,,Website Direct
58432399-9799-4642-8edd-1141c36f31d4,Billy,Morris,guest@email.com,+1 527 644 8964,MX,North America,New Roy,M,Group,2019-05-22 16:48:34,Basic,Email,True,English,Mastercard,,OTA Referral
66d74081-62ef-4d63-9eea-dd0545611f77,Charlotte,Taylor,charlotte94@gmail.com,+1 889 887 2119,EG,Africa,North Leahshire,F,Group,2023-07-24 20:33:04,Non-Member,None,True,English,American Express,,Phone Booking
2fa46b83-2e82-4145-a2c1-974c0da95717,桂荣,胡,桂荣.胡@outlook.com,+86 825 4634 606,CN,Asia Pacific,Port Mariaview,F,Leisure,2022-09-28 05:37:24,Platinum,SMS,True,Chinese,Visa,,Website Direct
0f865d4a-5e64-4f2b-a226-7e9ff20bd3aa,坤,刘,坤刘@gmail.com,+86 059 1142 580,CN,Asia Pacific,Port Clifford,M,Family,2023-11-08 04:00:13,Non-Member,Email,True,Chinese,American Express,,OTA Referral
4b6836c5-9d4f-4930-aba9-a01ea396a0f2,Barry,Harris,barry_harris@gmail.com,+1 631 302 6680,MX,North America,New Victor,M,Family,2024-05-09 23:49:50,Non-Member,Email,True,English,Visa,,OTA Referral
7412e769-4a62-4f5a-b9d4-e1666b242af0,미영,최,미영최@outlook.com,+1 763 687 5669,KR,Asia Pacific,Lake Stanleyberg,F,Family,2022-05-19 03:07:25,Silver,SMS,True,Korean,Visa,,OTA Referral
8d96935a-598e-4b6c-b047-bfbe3f7c3184,Dagmar,Siering,dsiering@gmail.com,+49 5632/213911,DE,Europe,Heiligenstadt,F,Family,2024-10-18 17:56:23,Basic,Email,False,German,Mastercard,,Phone Booking
0a5cbe49-1917-4254-85d8-94acbfd7a21b,Raymond,Bibi,raymondb@waynecorp.com,+1 483 992 7703,CA,North America,South Scottbury,M,Business,2024-10-18 04:14:22,Basic,Email,False,English,Mastercard,,OTA Referral
2d25f11b-1896-4a58-b600-9b99cc45e404,Abbie,Francis,abbief@gmail.com,+1 609 221 8891,MX,North America,West Katyfurt,F,Family,2022-11-16 05:58:27,Silver,Both,True,English,Visa,,Corporate Contract
c21a5098-eaa2-4840-a503-ab958447d4f9,Allan,Thompson,allan.thompson@initech.com,559-314-8925,US,North America,South Joan,M,Business,2019-03-19 17:12:13,Gold,Email,True,English,Mastercard,,Walk-in
f80c931e-a489-42a8-babc-da0e1e17abb1,Brenda,Matthews,brenda.matthews@gmail.com,812-617-1246,US,North America,Pateltown,F,Leisure,2021-02-01 08:15:38,Gold,Both,False,English,PayPal,"Non-smoking, High Floor",Phone Booking
9918f478-5780-4233-aef7-074963d25593,Colin,Matthews,cmatthews@gmail.com,(234) 865-6486,US,North America,Edwardberg,M,Leisure,2023-10-04 02:21:53,Silver,Email,True,English,Visa,,Website Direct
2d1a39cc-a5bd-4240-8f26-934e53ed261b,Daniel,Shaw,daniel.shaw@gmail.com,+1 767 150 3639,CH,Europe,Maxville,M,Leisure,2019-08-12 14:21:11,Non-Member,SMS,True,English,American Express,,Walk-in
38c172a9-8929-46ec-8f22-dec5dc1a7189,Howard,Chambers,howard.chambers@globex.com,+61 330 983 6237,AU,Asia Pacific,South Jake,M,Business,2023-01-03 19:16:41,Silver,SMS,True,English,Google Pay,,Corporate Contract
0cf35678-5f20-4c47-bb07-3cbc855bb513,Paula,Marsh,paulam@gmail.com,+1 603 910 5787,CA,North America,New Jadechester,F,Business,2022-05-26 17:11:44,Non-Member,Email,False,English,Visa,Early Check-in,Walk-in
5d930a5e-7e08-41f6-8ac1-0efc80ee67a9,Vincent,Bennett,vincent.bennett@hotmail.com,+1 116 373 5831,CH,Europe,Lake Tobyberg,M,Family,2024-10-25 14:32:37,Basic,Both,False,English,Apple Pay,,Corporate Contract
b80e0441-f549-49b0-8e84-0708575a218d,Alberto,Pinamonte,alberto.pinamonte@gmail.com,+1 842 368 9400,IT,Europe,Rumo,M,Business,2019-09-26 05:12:58,Basic,Email,True,Italian,PayPal,"Non-smoking, High Floor",Corporate Contract
7c4c0494-ce36-4780-9039-005e7d56e097,Megan,Rogers,megan.rogers@hotmail.com,+1 586 249 8629,MX,North America,Lake Lee,F,Leisure,2020-07-15 05:24:47,Silver,Email,False,English,Visa,,Corporate Contract
bb213963-c8d6-4b53-8c76-bbbd3c311a95,상현,고,상현고@yahoo.com,+1 357 865 8410,KR,Asia Pacific,Shannonton,M,Leisure,2019-12-17 12:30:06,Basic,SMS,True,Korean,Visa,High Floor,Website Direct
1427295b-a837-454c-b367-b3b7be43e743,Jordan,Miles,jmiles@acme.com,+91 725 181 1246,IN,Asia Pacific,North Joelfurt,M,Business,2024-08-20 06:51:33,Basic,Email,True,English,Visa,,OTA Referral
4784d213-d792-4d36-a745-0b30866ce37c,Steven,Brown,stevenb@example.ca,+1 824 405 8041,CA,North America,Cameronberg,M,Business,2024-02-07 07:14:35,Basic,Both,True,English,PayPal,,Corporate Contract
6519d0d0-fb5e-4c92-8e7e-abc8901f6f54,Joseph,Thompson,jthompson@gmail.com,+1 432 762 2260,CA,North America,Robinsonfort,M,Group,2023-05-25 12:35:54,Non-Member,Email,True,English,Mastercard,,Corporate Contract
9fd20deb-03e9-42d4-abd3-c01eb5b4d2ff,Jake,Wilkinson,jake_wilkinson@gmail.com,+1 232 873 8313,ZA,Africa,Sharonhaven,M,Leisure,2024-08-01 14:57:15,Non-Member,Email,True,English,PayPal,,OTA Referral
129c4e2b-fe59-42d6-8e7c-7e4ba7ca700a,Loretta,Kraushaar,test@test.com,+49 8327/045192,DE,Europe,Flöha,F,Business,2019-12-18 10:15:30,Basic,Email,True,German,PayPal,,Walk-in
6b95039a-0545-4952-9404-7bcdb3d48167,Kenneth,Harrison,kenneth25@gmail.com,846-990-6431,US,North America,South Leonard,M,Family,2019-01-30 08:08:44,Platinum,Email,True,English,Mastercard,Early Check-in,Phone Booking
2d089645-37d5-4a73-97a9-00fc20ba249f,Eric,Nelson,eric.nelson@gmail.com,(329) 662-2512,US,North America,Vanessaborough,M,Family,2023-08-19 13:29:31,Non-Member,Email,True,English,Visa,,Phone Booking
de96146d-4f4a-429d-bbb6-0f92c57cc731,Tina,Moore,tinam@gmail.com,(835) 944-7446,US,North America,Lake Clifford,F,Leisure,2020-04-19 02:01:39,Non-Member,Email,False,English,Google Pay,Wheelchair Accessible,Corporate Contract
6b3ded30-0e04-44c8-b1e0-200b8b39f0a7,Fiona,O'Donnell,fiona.o'donnell@cyberdyne.com,+61 350 849 6913,AU,Asia Pacific,Anthonymouth,F,Business,2019-05-02 23:34:02,Basic,Email,True,English,Visa,,Corporate Contract
2530f78a-8a28-4fff-a7cf-104ffe39ea90,Ashley,Bell,ashley_bell@gmail.com,+1 190 102 4401,CH,Europe,West Mohamedshire,M,Leisure,2021-09-12 18:34:53,Non-Member,Both,False,English,Visa,Allergies,Phone Booking
2ad1115c-074a-4da5-8067-b81aab284b10,燕,吴,燕.吴@gmail.com,418 0817 4313,CN,Asia Pacific,South Jay,F,Group,2024-12-17 03:27:38,Silver,SMS,True,Chinese,Mastercard,,Corporate Contract
ab8b55e5-1035-4476-bb86-6004219a4583,경희,홍,경희홍@gmail.com,+1 910 237 2907,KR,Asia Pacific,Billyview,F,Leisure,2019-08-12 13:37:08,Gold,Email,True,Korean,Visa,,Website Direct
1e3b500d-be8c-4553-b11f-37052e8e88c8,صادق,المهنا,صادقا@gmail.com,+971 603 322 1019,AE,Middle East,Bennettport,M,Family,2024-02-26 06:11:09,Silver,Email,True,Arabic,American Express,,Walk-in
c61d5f36-45b5-426e-a189-ac268387f60f,Gregory,Stephens,gregorys@outlook.com,+1 243 361 8459,CA,North America,McLeanmouth,M,Group,2023-05-03 23:17:13,Basic,Email,False,English,PayPal,,OTA Referral
ec41195d-fcab-4993-b718-ba8abf625dd8,桃子,松本,桃子_松本@gmail.com,+81 607 866 3519,JP,Asia Pacific,New Elizabethchester,F,Leisure,2022-09-09 08:48:28,Basic,Email,False,Japanese,Visa,,Phone Booking
b9b2161d-7cb3-46a6-835f-488b2f17210d,Cameron,Holloway,cameron39@outlook.com,+1 894 350 9054,NL,Europe,South Elliott,M,Leisure,2021-06-04 19:00:53,Non-Member,Email,True,English,Google Pay,,Corporate Contract
b674e399-3378-440f-b327-47fc309b7fea,Joseph,Baker,josephb@gmail.com,(055) 913-9393,US,North America,Lynneshire,M,Leisure,2019-08-17 01:05:51,Silver,Both,True,English,Visa,Allergies,OTA Referral
5775c854-3fd9-4b6c-ac30-343e873b64fa,Martin,Frost,martin_frost@umbrellacorp.com,+1 709 380 6944,MX,North America,Zoestad,M,Business,2022-06-10 19:40:42,Gold,Both,False,English,Apple Pay,,OTA Referral
ddeee1d9-98a1-405b-8d10-ed9ecffe5d80,Mathew,Richards,mathew.richards@acme.com,(238) 462-8289,US,North America,South Antonyport,M,Business,2024-08-08 08:04:43,Basic,Email,True,English,Visa,,Walk-in
0610fb1d-75c7-4863-b817-2a689d54ffec,Rachel,Tucker,rtucker@acme.com,+1 961 631 3379,CA,North America,East Abbie,F,Business,2024-01-04 03:37:31,Non-Member,Both,True,English,Apple Pay,,Phone Booking
83a2c4ff-ea2a-4a75-a2d1-d0676be87b0e,Douglas,Gilbert,douglas_gilbert@cyberdyne.com,+61 864 712 5318,AU,Asia Pacific,Dianefurt,M,Business,2020-08-13 09:30:59,Silver,Email,False,English,Visa,,Corporate Contract
c37c6e44-cfb2-4067-b928-de8841760909,Kerry,Hunt,khunt@starkindustries.com,+1 812 926 7458,KW,Middle East,Daviesshire,F,Business,2023-01-15 06:43:43,Basic,SMS,True,English,Visa,,OTA Referral
30311719-1780-4e8d-a9c3-be11d7b93e36,Neil,Davidson,neil8@gmail.com,1925 762 6387,GB,Europe,Port Yvonneview,M,Group,2024-10-16 06:31:23,Basic,Email,True,English,PayPal,,Corporate Contract
127ff707-fe7a-4c60-9b05-09b742ae92df,Eleanor,Ali,eleanor.ali@gmail.com,+1 781 562 7308,SE,Europe,Anneberg,F,Leisure,2019-09-10 08:18:16,Silver,SMS,True,English,Visa,Wheelchair Accessible,Walk-in
87c48d4f-02cd-42f0-a874-524a899a4c0d,Mohammad,Jones,mohammad.jones@gmail.com,+1 812 704 3825,SG,Asia Pacific,Lyndaview,M,Leisure,2019-08-12 19:32:57,Silver,Both,False,English,Mastercard,,Website Direct
763f3441-0060-4789-8000-94cb9db4fa3e,Wally,Walter,wally.walter@gmail.com,+49 135 415536,DE,Europe,Schongau,F,Leisure,2022-01-24 07:05:02,Basic,Email,True,German,PayPal,,OTA Referral
ce6b2f58-cc0e-46d4-b978-ed12e01709b9,Concetta,Burcardo,concetta36@hotmail.com,+1 364 106 9628,IT,Europe,Castiglione D'Orcia,F,Group,2024-09-16 21:10:06,Silver,Email,True,Italian,Visa,,Website Direct
7e6007cc-0a40-4dfc-b6fe-d3f16d23ed69,종수,허,종수52@gmail.com,+1 141 197 1278,KR,Asia Pacific,North Carlyborough,M,Leisure,2019-11-20 11:07:35,Basic,Both,True,Korean,Apple Pay,"High Floor, Late Check-out",Phone Booking
fc44dbbb-eb26-42b3-a874-4d0229965b16,Kieran,Webb,test@test.com,+1 618 817 8794,CA,North America,Forstershire,M,Leisure,2019-01-19 15:44:40,Silver,Email,True,English,Mastercard,,Website Direct
1b40ef3f-e52f-4a3c-97c1-d4cf50efa00e,Leah,Adams,leah.adams@outlook.com,+1 859 303 3119,CA,North America,North Lee,F,Group,2024-10-28 20:39:44,Silver,Email,False,English,Visa,,Website Direct
6e203826-6353-4ad4-b2d8-c0d2fbcc7494,Arthur,Dixon,arthur25@dummycorp.com,+1 331 724 6388,NL,Europe,Smithberg,M,Business,2024-03-23 06:53:27,Non-Member,Email,False,English,Mastercard,,OTA Referral
f3fb5fcc-bf13-4852-b5f1-ac294a570e7d,Amy,Ali,test@test.com,+1 859 224 9685,TH,Asia Pacific,Port Amanda,F,Business,2022-11-10 21:00:45,Basic,SMS,False,English,Visa,,Phone Booking
c0762b37-3770-41f2-8a20-6270d9a696fd,Shaun,Leonard,shaun12@gmail.com,+61 445 842 9741,AU,Asia Pacific,Michellechester,M,Leisure,2021-10-03 03:05:52,Non-Member,Email,True,English,Visa,,OTA Referral
529a0951-04e4-408f-b688-7b0d4c8669b5,Tom,Clarke,tom.clarke@icloud.com,+1 230 985 3300,SG,Asia Pacific,Iantown,M,Business,2024-07-24 03:10:36,Non-Member,Email,True,English,Mastercard,Wheelchair Accessible,Website Direct
4ae829be-dcc1-466b-9c67-71fd5869c672,Marcella,Keudel,marcella_keudel@gmail.com,+49 2312/227480,DE,Europe,Koblenz,F,Leisure,2023-05-31 22:12:48,Silver,SMS,False,German,Visa,,Phone Booking
1451d570-0a5f-4225-9224-3d36188baa6a,Dean,Leonard,dean.leonard@starkindustries.com,+1 131 474 6353,CA,North America,North Edward,M,Business,2023-05-26 20:22:49,Basic,Email,False,English,Visa,,OTA Referral
6a801e94-920e-4d96-91b8-7d913616511c,لمّاح,فصيل,لمّاح.فصيل@gmail.com,+971 674 272 2156,AE,Middle East,Portermouth,M,Leisure,2022-07-13 20:51:00,Gold,SMS,False,Arabic,American Express,,Phone Booking
bac5ed73-947b-4803-bca3-c7c8120594cd,Antony,Morris,amorris@gmail.com,+1 901 507 3371,CH,Europe,North Hollyville,M,Family,2024-05-25 22:46:49,Non-Member,Email,False,English,Visa,,Walk-in
38987583-1dd4-407e-91d2-713d8230b38d,Alice,White,awhite@gmail.com,+1 502 464 5502,MX,North America,Lyndafort,F,Leisure,2024-08-29 01:58:33,Non-Member,Email,True,English,Visa,,Corporate Contract
b02c427a-2e4d-40bb-b1ad-b616748d32f7,红霞,黄,红黄@yahoo.com,+86 195 5209 914,CN,Asia Pacific,Port Daniel,M,Leisure,2024-07-14 03:53:50,Non-Member,Email,True,Chinese,Visa,,Corporate Contract
7dc2e283-6f90-49ed-bca6-94b6cc4004db,John,Cooper,test@test.com,371-260-2355,US,North America,North Johnton,M,Business,2021-06-29 20:54:07,Silver,SMS,False,English,Apple Pay,,Website Direct
f7aa621c-c4ad-40b6-9444-7ee7e6e71fd8,Maurice,Bird,maurice45@gmail.com,823-223-6483,US,North America,South Grace,M,Leisure,2019-01-30 20:29:29,Silver,SMS,True,English,Visa,,Corporate Contract
9338a96f-3379-4aa6-9b47-0677c4d703f2,Georgia,Long,georgial@gmail.com,448-024-5073,US,North America,Lauraborough,F,Leisure,2024-04-30 09:03:30,Non-Member,Email,False,English,American Express,,Phone Booking
3ec4e550-f500-4741-87a1-611f7c31f083,Andrew,Ward,guest@email.com,+1 881 584 7819,CA,North America,Leannebury,M,Leisure,2022-01-19 02:08:10,Non-Member,Email,True,English,American Express,,Walk-in
4ebb8268-da5b-42e5-ac76-8bd19af5dbd2,瑜,孔,瑜.孔@gmail.com,842 7663 6451,CN,Asia Pacific,West Joanne,F,Leisure,2021-11-16 19:07:38,Basic,SMS,False,Chinese,Mastercard,,Corporate Contract
fc31fd50-08f8-4e97-8feb-d4a7f835ef47,Karen,Potter,karen.potter@icloud.com,+61 767 241 4946,AU,Asia Pacific,Keithburgh,F,Family,2023-12-13 14:27:27,Silver,Email,False,English,Mastercard,Allergies,Corporate Contract
aff451be-5534-44ce-a013-491d73eb7c6c,Raymond,Potier,raymondp@gmail.com,+33 817 663 7777,FR,Europe,Henryboeuf,M,Leisure,2024-12-22 23:03:38,Non-Member,Email,True,French,Apple Pay,,OTA Referral
8cfe56d4-010d-4ff0-b0b3-19256fc84f11,Beverley,Lloyd,blloyd@gmail.com,+1 511 936 3290,MX,North America,Lewismouth,F,Leisure,2019-05-17 14:28:38,Non-Member,Email,False,English,Visa,,Phone Booking
7f54f6c2-5bee-40d7-9df7-338e8db4f13c,Sara,Bradley,sarab@outlook.com,(246) 870-2081,US,North America,Hayesburgh,F,Business,2022-08-31 16:09:08,Basic,Email,True,English,Visa,"Allergies, Early Check-in",Phone Booking
d4576efe-2ed2-424c-b334-fcd020cb2d4b,Debra,Williams,debra_williams@acme.com,+61 619 694 1710,AU,Asia Pacific,Lake Jemmamouth,F,Business,2023-08-03 05:15:22,Non-Member,Email,False,English,Mastercard,,Website Direct
a1201a6d-34f8-4bf4-a8fd-5f3571bbc9db,Clive,Robertson,cliver@outlook.com,+44 9260 414357,GB,Europe,North Bethan,M,Group,2020-08-07 15:10:50,Silver,Email,True,English,Mastercard,High Floor,Website Direct
ff203418-bfc5-40f1-8b6b-792667bea217,Gillian,Hughes,ghughes@gmail.com,+1 602 217 6084,MX,North America,North Lee,F,Family,2024-06-26 22:21:59,Non-Member,Email,True,English,Visa,,OTA Referral
1242b23d-a0ac-4a15-9624-c137ad03b1c4,Joseph,Thomas,joseph.thomas@outlook.com,+1 289 132 3728,MX,North America,Port Grahamport,M,Group,2022-05-03 13:30:34,Silver,Email,True,English,Google Pay,,Corporate Contract
c297b4c6-f3d1-4c82-9629-efe1d5d38795,Emily,Palmer,emily_palmer@outlook.com,(587) 054-4391,US,North America,New Christineton,F,Family,2022-11-01 01:48:39,Non-Member,Email,False,English,American Express,,Phone Booking
66d7d1ef-17b9-4acd-b387-e69e48853438,민수,장,민수_장@outlook.com,+1 942 675 5987,KR,Asia Pacific,Mooreport,M,Leisure,2020-06-02 08:09:11,Basic,SMS,False,Korean,Visa,,OTA Referral
13af9cc5-54e6-4c0d-bbc5-e7b4a3546eb9,Justin,Richards,justin94@yahoo.com,+1 142 168 8817,CA,North America,Simsmouth,M,Family,2020-07-21 20:28:47,Platinum,Email,True,English,Visa,,OTA Referral
c7518aec-dbcb-4a2a-af08-6de253189d48,Charles,Scott,charless@outlook.com,+1 381 219 1032,CA,North America,Port Vincentstad,M,Business,2021-08-12 05:42:20,Gold,SMS,True,English,Visa,,OTA Referral
6a59b40c-06cc-4a31-9260-06bbb0cacda2,Suzanne,Gaillard,suzanne_gaillard@hotmail.com,+33 447 618 6160,FR,Europe,Legrand,F,Leisure,2019-07-19 09:45:34,Basic,SMS,True,French,American Express,,Website Direct
f3e4ed0b-193e-4521-9813-72b5b567e1cc,Amelia,Morgan,amelia.morgan@outlook.com,+1 741 989 4791,TH,Asia Pacific,Port Tina,F,Leisure,2022-06-03 16:55:26,Basic,SMS,True,English,PayPal,,Website Direct
fc761abe-a9d6-47f3-9a58-75d275f405c8,Keith,Miller,keith.miller@gmail.com,8306 960 0381,GB,Europe,Hazeltown,M,Leisure,2023-07-19 22:10:25,Non-Member,Email,True,English,Visa,,Website Direct
5a843f28-064a-419a-a188-34b96548e378,直樹,清水,直樹45@gmail.com,+81 409 797 5405,JP,Asia Pacific,Fletcherfurt,M,Group,2020-01-28 01:05:39,Silver,Email,False,Japanese,Visa,,Phone Booking
770fec77-afd9-4592-a177-7513ce8db5b6,Amy,Bird,amyb@umbrellacorp.com,0609 454 2641,GB,Europe,Sharpchester,F,Business,2023-10-19 07:41:02,Silver,Email,False,English,Visa,,Corporate Contract
f4584dc9-d77e-42df-8270-6e10c79951a0,Aaron,McKenzie,aaron.mckenzie@example.mx,+1 339 156 8216,MX,North America,South Jacqueline,M,Business,2023-04-08 22:37:01,Basic,Email,True,English,Mastercard,,Corporate Contract
a5bed263-eae1-4d62-9f54-62787ac82de4,Andrew,Nixon,andrew.nixon@oscorp.com,+1 105 305 8574,MX,North America,Patriciachester,M,Business,2022-02-09 05:38:24,Basic,Email,True,English,Visa,,Corporate Contract
cf3bbb97-40b4-4148-aa92-2ecdcd74a010,영호,이,영호12@outlook.com,+1 607 360 7108,KR,Asia Pacific,Kirstyberg,M,Leisure,2024-02-25 17:31:11,Gold,Email,True,Korean,American Express,,Walk-in
8040f85e-fda0-44ea-bdbf-efb551d567bc,Joan,Robertson,joan_robertson@icloud.com,+1 895 165 6313,MX,North America,Jamesmouth,F,Leisure,2024-05-28 03:11:34,Non-Member,Email,True,English,Visa,,Walk-in
52c283a6-668b-422d-a678-c2d942cd7fd5,Connor,Short,connor38@gmail.com,+1 603 213 2381,MX,North America,West Christine,M,Business,2023-11-14 05:00:00,Basic,Email,True,English,PayPal,,Phone Booking
964c3c6e-1646-4427-81cb-21f317da3d4e,Keith,Mann,keithm@cyberdyne.com,+1 462 640 6087,SG,Asia Pacific,Lake Sylviaview,M,Business,2022-04-15 18:38:40,Silver,SMS,True,English,Mastercard,,Corporate Contract
a3dd3608-77ae-4fb8-9f57-97fa79ee14b9,Derek,Bell,noemail@provided.com,+91 599 775 1978,IN,Asia Pacific,Rosston,M,Leisure,2022-12-04 22:23:04,Non-Member,Email,True,English,Visa,,Walk-in
79daf088-d6ba-47df-a693-9a1253f3119f,Carlos,Gelabert,carlos.gelabert@gmail.com,+1 224 895 1834,ES,Europe,Valladolid,M,Leisure,2019-02-28 23:45:27,Silver,Both,True,Spanish,Google Pay,,Corporate Contract
ffbe23c2-b81e-4719-9de6-b8b271028140,Lisa,Lee,lisa_lee@hotmail.com,+1 654 420 3803,MX,North America,Ericside,F,Leisure,2024-12-19 21:22:09,Non-Member,Email,False,English,Mastercard,,Phone Booking
054f9b12-0f4e-49eb-bd3f-b560b115679b,Charlene,Graham,charlene28@gmail.com,+1 828 741 6342,TH,Asia Pacific,Clivemouth,F,Leisure,2023-01-19 12:03:34,Silver,Email,True,English,American Express,,Phone Booking
1e114ff7-dfb5-40f9-99f9-a63219621895,Ann,Todd,ann.todd@gmail.com,+1 673 389 6837,MX,North America,Kennethstad,F,Leisure,2024-11-07 21:56:54,Platinum,Email,True,English,Visa,High Floor,OTA Referral
d0fd4150-53a3-4517-8db4-2dc7c21f6631,Jill,Dean,jdean@gmail.com,+1 250 788 8819,SG,Asia Pacific,South Ruthfurt,F,Leisure,2020-12-06 05:33:58,Silver,SMS,True,English,Visa,,Corporate Contract
b0ee612d-a112-466a-8d3c-3f5ec4e8a11b,Eric,Smith,eric98@outlook.com,(723) 023-3206,US,North America,West Tracy,M,Leisure,2019-01-25 00:00:54,Gold,Email,False,English,Visa,,Corporate Contract
03b2899f-d257-4548-8199-3b8ba7021e28,Gavin,Grant,gavin.grant@gmail.com,+61 494 540 9087,AU,Asia Pacific,Whitefort,M,Leisure,2024-01-28 18:48:50,Non-Member,Email,True,English,Visa,Late Check-out,Website Direct
ed1fa2c8-81f0-4a61-8f65-818eecb25c2f,سهوان,المشاولة,سهوان_المشاولة@gmail.com,+1 725 353 5288,SA,Middle East,New Ellie,M,Group,2021-11-27 00:33:41,Gold,Email,True,Arabic,Mastercard,,Corporate Contract
30750fb2-b08f-49e2-8498-c753f875b4e8,Craig,Kennedy,craigk@gmail.com,375-770-1832,US,North America,Thomasview,M,Leisure,2023-09-22 16:21:18,Basic,Both,True,English,Visa,,OTA Referral
e52c7390-5fde-4586-82ff-c253b3437228,Joe,Middleton,joe.middleton@dummycorp.com,(374) 034-9567,US,North America,New Lorraine,M,Business,2022-10-17 11:02:33,Silver,Email,True,English,Visa,,Walk-in
3daeb5f9-26f8-447b-bb61-513266e85419,Julia,Poole,julia98@globex.com,+1 479 181 3311,TH,Asia Pacific,Elizabethborough,F,Business,2019-11-14 13:06:25,Silver,Email,True,English,Mastercard,,Corporate Contract
b5b12138-6864-4ab8-910a-327c45750783,Lynne,Harrison,lynneh@hotmail.com,+1 968 226 6282,CH,Europe,Jonesfort,F,Group,2019-10-20 16:58:14,Platinum,SMS,True,English,Mastercard,,Walk-in
6fe0a8da-70db-49cd-8696-c731d590cde3,Harry,Sutton,hsutton@tyrellcorp.com,(347) 647-2659,US,North America,West Timothy,M,Business,2019-11-04 07:16:06,Basic,Email,True,English,Mastercard,,Website Direct
f6f10e6d-99ac-4e5b-ae24-940b7ff96635,Gillian,Williams,gillianw@oscorp.com,+1 145 478 2051,CA,North America,North Bryan,F,Business,2023-10-03 23:49:48,Basic,Both,False,English,Mastercard,Early Check-in,Corporate Contract
4091cb74-b44f-49b6-af4b-e0ef8f761f94,Irene,Stevens,irene_stevens@gmail.com,+1 331 613 7408,TH,Asia Pacific,Cartertown,F,Leisure,2024-01-17 09:45:32,Basic,Email,True,English,American Express,Allergies,OTA Referral
9c447015-98b5-4b27-a2fe-daa1fc320963,峰,黄,峰33@gmail.com,+86 533 0221 966,CN,Asia Pacific,North Janiceshire,M,Leisure,2019-06-27 08:38:36,Platinum,Email,False,Chinese,American Express,,Walk-in
6db7331b-420f-4f23-b6ed-a1e0178a3bd2,June,Ward,june.ward@gmail.com,+1 383 822 7511,MX,North America,Archerfurt,F,Leisure,2023-08-13 04:31:19,Non-Member,SMS,True,English,Visa,,Phone Booking
0a00b384-a324-4f94-acf3-744a6bdca48e,Ellie,Waters,ellie_waters@cyberdyne.com,+1 513 244 6878,CA,North America,Dianeberg,F,Business,2021-04-23 09:46:55,Non-Member,Email,True,English,Visa,"Non-smoking, Wheelchair Accessible",Website Direct
d52cab0a-1597-4a7e-87f3-ea1c550605f8,Gary,Taylor,gary.taylor@outlook.com,+1 917 388 7935,MX,North America,Lawrenceborough,M,Family,2019-03-28 09:36:03,Gold,Email,True,English,Visa,"Early Check-in, High Floor",OTA Referral
442332ce-bc77-419f-acc4-4d7ecdb314ee,Georgia,Webb,georgiaw@umbrellacorp.com,+1 311 330 3325,TH,Asia Pacific,Johnstonborough,F,Business,2022-07-21 21:00:33,Non-Member,Email,True,English,Mastercard,,OTA Referral
29fe68a1-577d-48ab-bd4d-2f2ee22e38e1,Charles,Bowen,charles.bowen@hotmail.com,642-905-8634,US,North America,Lake Harry,M,Leisure,2022-10-21 13:49:26,Silver,Email,True,English,Visa,,Walk-in
5e36300e-c515-4c55-9be6-d4624a227429,淳,鈴木,淳40@gmail.com,+81 847 862 1486,JP,Asia Pacific,Vincentbury,M,Leisure,2021-09-17 19:17:40,Gold,SMS,True,Japanese,Visa,,Walk-in
0ded2f68-5c10-459d-b018-bcf4b0d15251,Bryan,Hughes,bryanh@oscorp.com,376-670-2856,US,North America,New Matthew,M,Business,2019-07-16 08:32:12,Basic,SMS,True,English,Visa,,Phone Booking
3ca80728-721e-4dd1-9cab-9400898fc79e,Gareth,Pratt,gareth8@gmail.com,797-586-3179,US,North America,North Claire,M,Leisure,2020-06-19 21:51:34,Gold,Email,False,English,Mastercard,,OTA Referral
02db4b05-ca7c-414f-b581-4132279ad783,Ann,Johnson,ann.johnson@outlook.com,+1 181 183 8744,MX,North America,Amberfurt,F,Leisure,2019-11-11 06:19:10,Silver,SMS,True,English,Visa,,Corporate Contract
927a9d88-04d5-4fd0-8db3-9e169ad5c2f7,Lucy,Page,lucyp@outlook.com,+1 712 736 6214,MX,North America,South Ianberg,F,Leisure,2019-01-13 07:30:38,Silver,Email,True,English,Visa,,Phone Booking
bffd8f27-87c3-4d63-836b-d99674ea7cae,Amber,Mann,amberm@starkindustries.com,(409) 205-4189,US,North America,New Sallybury,F,Business,2022-04-21 03:08:03,Gold,Email,False,English,Mastercard,,Walk-in
f23c03b1-1338-4164-ba9e-0c45237cfc4c,宁,仝,guest@email.com,181 0746 5733,CN,Asia Pacific,West Colinton,M,Family,2023-04-05 14:55:30,Non-Member,Email,True,Chinese,Google Pay,High Floor,OTA Referral
1e9f6413-3b08-4f1c-9060-34f245bc931b,平,周,平.周@example.cn,+86 216 8667 286,CN,Asia Pacific,Nashland,M,Business,2021-06-23 03:51:08,Silver,Email,True,Chinese,Mastercard,Non-smoking,Corporate Contract
0f06f466-94a3-451c-9bf6-a1adf554f027,Gary,Brown,garyb@tyrellcorp.com,+1 706 785 3364,SG,Asia Pacific,McCarthyland,M,Business,2021-02-25 09:33:31,Silver,Email,True,English,PayPal,,Website Direct
d71d293e-d0ae-4d04-b131-454b36b672c2,Gary,Sutton,gary.sutton@gmail.com,+1 937 304 7802,TH,Asia Pacific,Smithmouth,M,Leisure,2020-01-27 03:42:06,Basic,Email,True,English,Visa,,Phone Booking
80f721ca-4327-4786-a088-3fa182e06fb3,Kayleigh,Warner,kayleigh_warner@outlook.com,705-636-3503,US,North America,Reedbury,F,Leisure,2023-12-01 15:58:30,Gold,Email,False,English,Visa,,Website Direct
ef1e1809-6e24-400f-a544-6f56168db53b,Frank,Hudson,fhudson@gmail.com,+61 263 857 5083,AU,Asia Pacific,Dawnview,M,Leisure,2021-10-14 18:23:31,Silver,Email,True,English,Visa,,OTA Referral
89e6316e-1255-487c-a29c-e5d8f741e9c1,Clive,Davidson,clive_davidson@gmail.com,4443 671 8758,GB,Europe,New Hughmouth,M,Leisure,2023-05-14 05:44:25,Non-Member,Email,True,English,Google Pay,,OTA Referral
98b25273-a9c6-4a9e-9cdf-b8007f131e51,Jay,Davies,jayd@umbrellacorp.com,+1 246 983 1203,MX,North America,Janetborough,M,Business,2021-04-13 22:37:47,Non-Member,Email,False,English,Mastercard,,Walk-in
0acdc4c4-5e16-447e-9ba8-2f418c183b75,جلنار,بقشان,جبقشان@yahoo.com,+971 783 446 9581,AE,Middle East,Maureenchester,F,Leisure,2020-06-20 11:01:20,Silver,Email,False,Arabic,Mastercard,,Phone Booking
bc61db08-e18d-4ba7-91e6-db0b1c5516e0,Lucy,Webb,lucy_webb@gmail.com,+1 338 104 3846,CH,Europe,South Jonathanchester,F,Group,2022-03-28 22:09:12,Gold,Email,True,English,Visa,,Corporate Contract
68d9bbda-a9e0-42c5-a896-ad0c325f992f,Holly,Jones,holly.jones@gmail.com,+91 126 212 4438,IN,Asia Pacific,East Brandonshire,F,Leisure,2022-05-23 07:13:32,Basic,None,True,English,Visa,,Walk-in
3d7152fc-4fbc-440b-bef0-224851d6ee6e,Gareth,Smith,gareth51@gmail.com,+61 494 423 4502,AU,Asia Pacific,Wrightbury,M,Family,2022-08-07 14:25:17,Silver,Email,True,English,American Express,,Website Direct
a57bd601-5a13-4d5b-94ab-359028767d01,ناردين,مهنا,ناردين.مهنا@starkindustries.com,+1 444 784 3975,SA,Middle East,Taylorside,F,Business,2019-08-06 17:33:01,Basic,Email,False,Arabic,Visa,,Walk-in
857f2ccd-5434-4b15-884e-b2b284750a06,Marcus,Burke,marcusb@gmail.com,+1 421 187 7265,KE,Africa,Neilbury,M,Leisure,2020-08-30 13:54:26,Gold,Both,False,English,Visa,,Corporate Contract
5c6fc7f7-78c2-436e-92fc-f6cdfe8387b5,Alison,Taylor,alison24@acme.com,+1 605 945 5433,CH,Europe,East Kellymouth,F,Business,2022-02-02 22:18:19,Silver,Email,True,English,Visa,,Walk-in
b31d0ead-d344-4980-a9a7-11ba441b64a9,Nicholas,Kirk,nkirk@outlook.com,+1 958 862 2791,NL,Europe,Guyview,M,Leisure,2024-07-31 09:18:13,Non-Member,Email,False,English,Visa,,Walk-in
da72b91d-f359-465f-baf7-d2aae5a0b048,Olivia,Hussain,ohussain@cyberdyne.com,+1 856 228 4718,MX,North America,Natashaburgh,F,Business,2023-06-23 21:14:30,Gold,SMS,True,English,PayPal,,Corporate Contract
bccba6fb-0f8b-4622-9180-479c4e12afd8,Samuel,Hart,samuel.hart@gmail.com,+1 946 355 3095,MX,North America,Davieshaven,M,Leisure,2023-06-25 20:34:21,Silver,Email,False,English,Mastercard,,Website Direct
80788146-a00b-46d1-a4ca-ae5a407dd9d3,Mark,Woods,mwoods@dummycorp.com,+1 930 839 1840,SE,Europe,Port Brian,M,Business,2023-01-17 12:41:37,Silver,Email,True,English,American Express,,Website Direct
a0fdf95e-6b2b-4d68-8cc9-3218e18efd21,Alexandre,Hoareau,alexandreh@gmail.com,+33 696 635 9140,FR,Europe,Leroux,M,Family,2024-08-17 03:26:09,Basic,Email,False,French,American Express,,OTA Referral
7634bed0-0651-4c7b-8fa5-0817e3fe8739,Peter,Briggs,peterb@outlook.com,(887) 562-8176,US,North America,Karlstad,M,Family,2020-04-01 14:45:59,Gold,Email,True,English,Mastercard,,Walk-in
ac44c6bf-7b82-4efa-afb9-2a61a7e00f97,Georgia,Hamilton,georgia_hamilton@yahoo.com,+1 505 923 4903,CH,Europe,Matthewsmouth,F,Leisure,2021-02-28 22:59:09,Gold,Email,True,English,American Express,,Corporate Contract
2c101d90-5a1c-4977-8871-c9a7314f05c2,Aimee,Walker,aimeew@yahoo.com,+1 120 146 2771,CA,North America,Port Jasminefurt,F,Leisure,2021-07-16 22:56:29,Basic,Email,True,English,Visa,,OTA Referral
4f988999-79a7-4c8e-b42c-f3b0bf3a4b7b,Hollie,Preston,hollie_preston@gmail.com,+1 726 166 1638,MX,North America,Begummouth,F,Group,2021-07-31 09:51:59,Basic,Email,False,English,Visa,"Wheelchair Accessible, Early Check-in",Walk-in
428501c8-6bc0-40d0-ac0a-76d500031571,Lydia,Rogers,lydia_rogers@outlook.com,+1 960 623 5382,MX,North America,Palmerburgh,F,Leisure,2019-10-07 08:54:58,Silver,Email,False,English,Visa,,Phone Booking
f368595c-b5fc-4ce6-b436-ecc1b5812e91,Jeremy,Parker,jparker@icloud.com,+1 845 151 8043,MX,North America,Lake Billyfort,M,Leisure,2019-12-31 17:11:51,Silver,Email,False,English,Visa,,Walk-in
dbb5ea77-ea1b-49ad-8c7d-e25ecedc1dbb,健一,藤田,健一.藤田@umbrellacorp.com,+81 377 539 5731,JP,Asia Pacific,Christianberg,M,Business,2020-10-09 19:54:20,Silver,SMS,True,Japanese,Visa,"Late Check-out, Early Check-in",OTA Referral
982314f3-37be-49f1-a8cd-e446abc7ba98,英,王,英_王@outlook.com,668 1636 7849,CN,Asia Pacific,South Aimee,F,Business,2023-10-27 07:39:04,Basic,Both,True,Chinese,Mastercard,,Corporate Contract
083ff4bc-4466-4c04-a731-e33c4dcf1746,David,Griffiths,davidg@outlook.com,+61 760 859 4194,AU,Asia Pacific,New Heatherstad,M,Family,2019-05-03 20:50:26,Basic,Email,False,English,Mastercard,,Walk-in
44146bf9-c860-45a4-a05e-c9d121da864b,Emily,Anderson,emily.anderson@gmail.com,+61 806 525 4361,AU,Asia Pacific,Natalieport,F,Group,2020-08-08 04:50:30,Non-Member,SMS,True,English,Mastercard,,Walk-in
653256f9-d100-4893-9cee-765186b05461,Jeffrey,Power,jeffreyp@yahoo.com,2431 865 7808,GB,Europe,Jayneview,M,Leisure,2023-12-05 05:15:34,Basic,Email,True,English,American Express,,Walk-in
ff4d41e0-972e-467f-8287-931244bf8b00,Katherine,Morton,katherine.morton@starkindustries.com,352-986-1151,US,North America,West Nicoleshire,F,Business,2024-06-29 20:41:07,Basic,Email,False,English,American Express,,Phone Booking
3f389301-e411-4f70-ba45-3f1d297209b4,Leanne,Walton,lwalton@gmail.com,+1 326 536 3983,CA,North America,North Aaron,F,Group,2024-02-16 03:11:34,Non-Member,Email,False,English,American Express,Non-smoking,Walk-in
2af7f4cc-c968-4f62-afce-470a7de77d80,Kenneth,Graham,kennethg@gmail.com,762-824-0537,US,North America,East Sylvia,M,Group,2019-06-25 11:56:12,Gold,Email,True,English,Visa,,Corporate Contract
2d06dbff-1cb6-4ef1-9103-dfa403939575,Jake,White,jwhite@yahoo.com,+1 619 954 9110,SG,Asia Pacific,Lake Jeremychester,M,Family,2020-04-14 15:00:07,Silver,Email,True,English,Visa,,Phone Booking
54a967b3-86c5-44df-b015-ad9bddf59a1b,Leonard,Payne,leonardp@outlook.com,954-227-7135,US,North America,Louisberg,M,Leisure,2024-11-07 09:27:30,Non-Member,Email,True,English,Mastercard,,OTA Referral
e03691d3-62ea-4f86-a994-4e543e677e02,Ronald,Allen,ronald.allen@gmail.com,+61 988 536 6988,AU,Asia Pacific,Josephinetown,M,Family,2019-06-30 14:13:07,Silver,Email,True,English,Visa,,Corporate Contract
945cdef7-8496-4fa7-973d-5c3771231eb6,Karl-Wilhelm,Caspar,kcaspar@gmail.com,+49 8212/812150,DE,Europe,Weimar,M,Leisure,2021-08-19 22:18:49,Non-Member,Email,True,German,American Express,,Walk-in
52177ed5-940c-4b2f-b4f9-757c42d27d8f,Janice,Smart,janice32@outlook.com,+1 148 461 8936,CH,Europe,Ryanburgh,F,Business,2022-09-08 00:23:41,Non-Member,Both,False,English,PayPal,,OTA Referral
b47743a7-e006-486b-a18a-2ea616ee5959,Kim,Murray,kim_murray@gmail.com,+1 754 304 5062,MX,North America,Owensport,F,Leisure,2024-05-15 00:45:02,Non-Member,Email,True,English,Mastercard,,Corporate Contract
5b90f919-0e71-421b-b0a6-eb692c64fc92,Brandon,Singh,brandon60@gmail.com,360-901-5070,US,North America,North Mohammed,M,Family,2021-01-18 17:11:51,Basic,Email,True,English,American Express,,OTA Referral
76660d26-f17e-400a-8d40-2c138837c8cf,Peter,Byrne,pbyrne@outlook.com,+1 325 754 1042,MX,North America,Higginsland,M,Leisure,2020-01-12 06:32:44,Silver,Email,False,English,Apple Pay,,Phone Booking
eb2ae495-0083-46dd-8617-ea238df5f624,亮,张,亮张@gmail.com,441 6448 8761,CN,Asia Pacific,New Lisa,M,Leisure,2023-05-29 21:01:16,Basic,Email,True,Chinese,Mastercard,,Walk-in
fffd59f0-8fcf-4ad0-939e-397ba4144b80,Brenda,Evans,brendae@gmail.com,+1 110 991 9609,CA,North America,Clarkeville,F,Leisure,2020-05-23 07:23:46,Silver,Email,False,English,Visa,,Walk-in
c997f26d-73e4-494d-a1aa-631a8e8fb125,Maite,Perera,mperera@outlook.com,+1 385 896 1410,ES,Europe,Guipúzcoa,F,Family,2022-06-28 03:35:25,Silver,Both,True,Spanish,Visa,,Phone Booking
29e38f59-13bc-4b50-9c2d-88a600678681,超,崔,超.崔@gmail.com,719 1112 8748,CN,Asia Pacific,Khanborough,M,Leisure,2020-01-05 17:29:09,Non-Member,Both,True,Chinese,Visa,"Non-smoking, High Floor",Walk-in
7f508ae9-c9ef-4ee3-a359-f17472a57343,Aimee,Wilson,aimee2@gmail.com,260-008-2244,US,North America,Burrowsside,F,Family,2022-12-25 20:07:37,Silver,Email,True,English,Visa,,Phone Booking
9425fcc5-3afc-47d5-b83b-e97c435d5dd4,Gavin,Ryan,guest@email.com,+91 593 736 9979,IN,Asia Pacific,New Rosiestad,M,Leisure,2023-03-28 22:01:18,Basic,Both,True,English,Mastercard,,Walk-in
18cefdf8-3e34-44e9-a676-7b9aad3ed197,Annette,Griffiths,annetteg@gmail.com,+1 712 898 4253,NG,Africa,South Gordon,F,Leisure,2020-05-24 04:15:50,Basic,Email,True,English,PayPal,,Corporate Contract
6af8bf13-c772-42ea-818c-d566d78ad253,Charlie,Burns,charlie_burns@tyrellcorp.com,483-401-5991,US,North America,Port Connor,M,Business,2020-01-23 02:25:34,Silver,Email,True,English,Mastercard,,Walk-in
fe5c8b5c-4543-4027-be0c-9bb44de14cd2,Cameron,Williams,cameron.williams@outlook.com,+1 831 543 2561,SG,Asia Pacific,Melanieton,M,Leisure,2024-12-01 17:05:26,Basic,Email,True,English,Apple Pay,Late Check-out,OTA Referral
57a76337-3b3e-4398-9281-d254d9697231,Donald,Harvey,donald6@gmail.com,+1 171 822 8038,MX,North America,Port Kennethstad,M,Leisure,2022-07-25 08:23:40,Basic,Email,False,English,Mastercard,,OTA Referral
7ca17d7d-6051-4c0c-96ee-06b8f1ac38df,Charlotte,Matthews,charlotte_matthews@cyberdyne.com,+1 849 884 3907,CA,North America,Ronaldside,F,Business,2022-05-30 04:02:53,Basic,Email,True,English,American Express,,Walk-in
c0f91fc7-e874-4d28-a6e0-44ce20acc5ff,Hedy,Weihmann,hedy57@gmail.com,+49 231 855171,DE,Europe,Heiligenstadt,F,Leisure,2019-03-04 22:47:13,Non-Member,Email,True,German,American Express,,Walk-in
504c0a50-4675-45bb-b442-762e7ec24960,Greca,Vezzali,greca.vezzali@acme.com,+1 375 257 8624,IT,Europe,Menfi,F,Business,2019-04-11 05:00:32,Non-Member,Email,True,Italian,Visa,,Corporate Contract
b800d73a-687e-454f-97ba-8ec0cde0c644,Trevor,Palmer,trevor.palmer@outlook.com,+1 126 251 6593,CA,North America,Berryburgh,M,Leisure,2024-02-21 02:27:36,Silver,SMS,True,English,Mastercard,,Corporate Contract
2a94b17f-1907-4d46-939b-1e387ee0ebda,Andrew,O'Neill,andrew26@gmail.com,+1 737 545 2497,MX,North America,Port Leigh,M,Leisure,2024-01-23 03:55:26,Basic,Email,False,English,Mastercard,,Phone Booking
7122548a-c1bf-480f-b349-ed83afca7c35,Maria,Lane,maria_lane@icloud.com,675-099-4367,US,North America,Natashaport,F,Business,2023-01-09 13:31:10,Basic,Email,False,English,Mastercard,,Corporate Contract
68ccfdde-4a56-40ac-9836-b373f3eb03e5,Anna,Ingram,anna.ingram@gmail.com,+1 263 710 2299,MX,North America,Port Daleview,F,Business,2022-08-09 03:36:58,Silver,Email,True,English,Mastercard,Early Check-in,Corporate Contract
3cc660fc-4b5c-404f-9cf7-85653a83d8c6,Oliver,Morris,omorris@hotmail.com,+1 125 974 1089,SG,Asia Pacific,Janestad,M,Leisure,2024-11-17 17:38:29,Silver,Both,False,English,American Express,,Phone Booking
9a3a709c-b6c8-44a3-9f6f-0c6d2600f6e5,Jason,Green,jason_green@outlook.com,050-956-8586,US,North America,Websterchester,M,Group,2022-07-11 14:47:04,Silver,None,False,English,Visa,,Phone Booking
b95dc2f3-bd3f-4220-b290-bedacbe1cf10,Henri,Gilbert,henri_gilbert@acme.com,+33 588 186 1518,FR,Europe,Brunel-les-Bains,M,Business,2024-05-07 08:56:03,Silver,Email,True,French,American Express,,Website Direct
a3b25115-f19e-4e63-b18e-59df60415e97,Frederik,Wohlgemut,frederik_wohlgemut@oscorp.com,+49 637 165630,DE,Europe,Osterode am Harz,M,Business,2023-05-02 17:23:09,Basic,Email,True,German,PayPal,,OTA Referral
6c15b3e4-4022-4686-805f-f023d5dd7735,Diane,Hale,guest@email.com,841-215-3591,US,North America,Emilymouth,F,Leisure,2023-03-12 12:07:37,Non-Member,SMS,False,English,Apple Pay,,Phone Booking
a573a977-63fa-4cb3-8350-3fa6ba8e67df,옥순,윤,옥순23@acme.com,+1 795 619 3292,KR,Asia Pacific,Staceyborough,F,Business,2022-09-14 01:00:55,Silver,Email,True,Korean,American Express,,Walk-in
e4c72fe3-1606-4ea3-852b-d1e934239bca,勇,冯,勇73@outlook.com,671 7594 8172,CN,Asia Pacific,Shannontown,M,Leisure,2020-05-04 19:48:00,Basic,None,False,Chinese,Google Pay,,Phone Booking
a3915675-8a34-43df-9d6d-af41cb65dabd,Sol,Rios,sol_rios@outlook.com,+1 839 132 4054,ES,Europe,Álava,F,Family,2024-08-22 21:55:03,Non-Member,Email,True,Spanish,Visa,,OTA Referral
9e86c4d2-1695-451d-a80f-f1eef8aeed03,Abdul,Bibi,abdul98@gmail.com,+1 993 608 9902,CA,North America,Beverleyberg,M,Business,2021-04-08 15:55:54,Silver,Email,True,English,PayPal,"Allergies, Wheelchair Accessible",Website Direct
90922dd3-ac22-43e8-b78e-abea36a729a4,Linda,Smart,linda.smart@hotmail.com,+1 193 683 5490,CA,North America,South Nataliemouth,F,Leisure,2022-07-07 05:53:09,Gold,Email,True,English,Mastercard,,Corporate Contract
04f1d003-e6c0-4d86-b3a9-7c741d2d1116,超,刘,超_刘@outlook.com,071 9927 1184,CN,Asia Pacific,East Richard,M,Leisure,2024-11-28 13:58:25,Basic,SMS,True,Chinese,American Express,,Walk-in
b1dbd62c-148d-4acf-8749-11aeda24a1e8,Norberto,Porras,norberto37@example.es,+1 100 477 3726,ES,Europe,Badajoz,M,Business,2022-09-27 01:01:11,Non-Member,SMS,False,Spanish,Visa,,OTA Referral
6b62c8a5-7b03-4f13-be61-93d1ff79fb95,Mohamed,Hunter,mhunter@gmail.com,+1 896 187 4445,NG,Africa,Dominicfurt,M,Leisure,2023-08-27 16:47:38,Non-Member,Email,False,English,Visa,,Website Direct
b9d5d65c-ef53-454c-8f50-f09893b97d80,Henry,Khan,henry32@gmail.com,860-681-6217,US,North America,Bullfurt,M,Family,2023-10-31 16:42:25,Silver,Email,True,English,American Express,,Walk-in
7dfb64b2-c3a4-4a33-8f8e-300586ae9b4f,Brian,Miles,brian72@gmail.com,+44 6125 948924,GB,Europe,North Alexandra,M,Leisure,2023-03-17 18:21:58,Basic,Email,True,English,Visa,,Corporate Contract
ce9db39e-c90e-4998-a6a0-e289ff513c36,José Pedro,Abreu,josé pedro_abreu@gmail.com,+55 890 195 6023,BR,South America,North Marieton,M,Leisure,2022-05-01 15:58:21,Gold,Email,True,Portuguese,PayPal,,OTA Referral
a68a5201-977f-4676-a340-ed740e7416d2,Ashleigh,Webb,noemail@provided.com,+1 443 408 1473,KE,Africa,South Luke,F,Business,2024-06-26 16:17:42,Non-Member,Email,False,English,American Express,,Phone Booking
eb74e056-fe36-488a-a8b5-fb7319c0f11b,Gordon,Carter,guest@email.com,(680) 974-9438,US,North America,Bullbury,M,Leisure,2020-08-19 16:38:05,Non-Member,Email,False,English,Mastercard,,OTA Referral
6b02922a-85e2-42a0-8fa1-c9eb237c99d6,Joerg,Mosemann,joerg11@outlook.com,+49 349 844465,DE,Europe,Erbisdorf,M,Leisure,2024-11-23 23:22:06,Non-Member,SMS,False,German,Visa,,Website Direct
0530cd67-e998-40d1-bb04-67affd496580,Raymond,Lewis,rlewis@outlook.com,+1 497 147 7451,TH,Asia Pacific,Lake Jennifer,M,Leisure,2023-08-20 02:43:55,Silver,Email,False,English,Mastercard,,Phone Booking
5d58b190-6a6d-4d02-b9ca-6d511dfd39a1,Walentina,Kambs,walentina.kambs@gmail.com,+49 608 247804,DE,Europe,Füssen,F,Leisure,2022-10-28 05:59:57,Silver,SMS,False,German,Visa,,Phone Booking
c7bcb7f1-ebd4-4d88-a16b-4578a6f78280,진우,신,진우신@gmail.com,+1 279 286 7881,KR,Asia Pacific,Lake Clarechester,M,Business,2021-05-07 19:38:03,Non-Member,Both,False,Korean,Visa,,Walk-in
1bf47171-bc88-4af3-8440-54384594bb0d,영환,김,영환40@outlook.com,+1 695 252 5983,KR,Asia Pacific,Johnsonburgh,M,Leisure,2024-05-30 21:25:35,Gold,SMS,True,Korean,Mastercard,,Walk-in
a014a7b9-c0fa-4dd7-bbc7-37025cdfa5f0,Benoît,Ribeiro,benoîtr@outlook.com,,FR,Europe,Sainte Christophe,M,Leisure,2022-10-28 18:50:06,Gold,Email,False,French,Mastercard,,Website Direct
35be1363-0909-48e2-8495-58355345f72b,Yvonne,Hill,yvonne53@gmail.com,+1 535 551 1052,CA,North America,New Joycemouth,F,Group,2024-06-04 13:09:05,Basic,Email,True,English,Visa,High Floor,Corporate Contract
7873d4fb-6008-4077-89bd-6e7e2f608a41,Suzanne,Gibbs,suzanneg@hotmail.com,+1 569 217 8969,MX,North America,Middletonberg,F,Leisure,2024-03-08 22:48:01,Basic,Email,True,English,Apple Pay,,Corporate Contract
f80000ec-0055-4d3c-9ce1-8bf7d29e5d07,Georges,Lacombe,georgesl@gmail.com,+33 691 456 5834,FR,Europe,Moreau-sur-Vincent,M,Family,2021-05-19 23:01:32,Silver,SMS,False,French,Mastercard,,Walk-in
6096ca90-763f-43fd-aebc-b1d3518e11ef,Kevin,Buckley,kevin_buckley@tyrellcorp.com,(008) 494-6446,US,North America,Naomiside,M,Business,2023-03-18 22:27:33,Non-Member,Both,False,English,Visa,,Website Direct
4a8740dd-42ee-45fa-a10b-6f9881f31aa9,Claire,Reeves,claire_reeves@initech.com,+1 542 910 7726,MX,North America,Williamchester,F,Business,2022-09-26 10:23:37,Basic,Email,True,English,Visa,,Walk-in
769e4586-d83f-419d-89b3-19f992a2f6ce,Alina,Moretti,alinam@gmail.com,+1 425 943 6623,IT,Europe,Tor Sapienza,F,Leisure,2022-03-01 09:22:38,Gold,Email,True,Italian,American Express,,Phone Booking
964ea0bd-e862-4ab8-ba5f-0b461b862e3b,Shirley,Dawson,shirley17@yahoo.com,+1 126 424 5762,SE,Europe,Andersonton,F,Business,2023-07-19 02:53:59,Platinum,Email,True,English,Apple Pay,,Corporate Contract
679a8976-d56d-4856-9b30-7ae14c10c80b,كريم,المهيدب,كالمهيدب@gmail.com,+971 848 133 9661,AE,Middle East,Moranland,M,Leisure,2024-09-29 01:31:37,Non-Member,SMS,False,Arabic,PayPal,,Website Direct
87e37368-8374-4bd4-be6c-fe898aa219fa,Katherine,Stevens,kstevens@acme.com,+1 633 672 7964,MX,North America,Michelletown,F,Business,2019-10-01 16:59:00,Basic,Email,True,English,Visa,"Wheelchair Accessible, Early Check-in",Phone Booking
19f6c0c3-437c-45ff-8960-c51077b71033,예진,홍,예진87@gmail.com,+1 512 542 9352,KR,Asia Pacific,East Annchester,F,Leisure,2024-09-02 04:59:13,Basic,Email,False,Korean,Mastercard,,Website Direct
8ceb2146-d787-4781-ae95-2f75e053edc7,Donald,Edwards,donald_edwards@gmail.com,000-000-0000,MX,North America,Leeside,M,Leisure,2020-01-29 14:09:17,Gold,Email,True,English,American Express,,Walk-in
1f60cd93-5de3-45f1-865c-abcbb3220bac,Inès,Charpentier,inès61@gmail.com,+33 646 137 2767,FR,Europe,Bruneau-sur-Mer,F,Group,2022-06-27 08:24:29,Platinum,SMS,True,French,PayPal,,Walk-in
1d745975-e0da-4aee-a2c0-18dcb7234c38,Brandon,Kirk,brandon.kirk@waynecorp.com,+91 161 162 1525,IN,Asia Pacific,Debraville,M,Business,2019-06-11 23:03:15,Platinum,Email,False,English,Visa,,Corporate Contract
4e3cdf49-f039-4d5b-8475-1f6a3aa934d4,Costantino,Bottigliero,costantino_bottigliero@gmail.com,+1 445 593 2946,IT,Europe,Palermiti,M,Business,2021-05-03 06:21:01,Non-Member,SMS,True,Italian,Visa,,Corporate Contract
a1fb654c-5cad-401c-8ed8-6690fc45dc32,Joe,Lord,joel@outlook.com,+1 832 163 1451,SG,Asia Pacific,New Darren,M,Family,2024-06-04 20:25:48,Non-Member,Email,False,English,Visa,,Corporate Contract
ccfb5bf1-b562-44b2-b2b4-133c9e9f93c9,معتوق,آل بن ظافر,test@test.com,+971 921 615 3602,AE,Middle East,Dominicfort,M,Leisure,2019-01-15 09:58:56,Non-Member,Email,False,Arabic,Mastercard,,Walk-in
d69c13f5-0b19-46fa-a589-e4f1ef88fa44,Sylvia,Johnson,sylvia62@gmail.com,(988) 991-4044,US,North America,New Shaneview,F,Leisure,2023-01-12 01:20:22,Silver,SMS,False,English,Mastercard,"Wheelchair Accessible, High Floor",Walk-in
e59529d4-4af6-4198-8d41-cc7b8bf2c5d2,Arthur,Lloyd,arthurl@gmail.com,+1 802 324 1144,MX,North America,South Tracy,M,Business,2023-01-21 06:48:07,Gold,SMS,False,English,PayPal,,Website Direct
c3dd527b-54d7-40bd-98a6-9dcfc8f6710a,波,萧,波_萧@hotmail.com,916 1742 3991,CN,Asia Pacific,East Hilary,M,Family,2021-10-23 14:01:30,Non-Member,Email,False,Chinese,American Express,,Corporate Contract
7c60a9c9-9e52-491b-bd6f-aca11ca3e6ad,Trevor,Jones,trevor11@gmail.com,+1 930 715 2647,MX,North America,Marshallland,M,Leisure,2021-08-23 19:29:08,Basic,Email,False,English,PayPal,,Walk-in
7d555f85-f459-4e0b-ab55-c85fd06f5744,James,Preston,jamesp@gmail.com,+1 386 525 6870,TH,Asia Pacific,East Damienhaven,M,Group,2022-01-03 11:40:15,Silver,Email,True,English,American Express,,Website Direct
0e542b68-546b-4b54-9278-3e9c49de0fba,Samantha,Houghton,samantha_houghton@initech.com,+1 361 299 4139,SG,Asia Pacific,North Scottstad,F,Business,2019-04-10 01:00:33,Basic,SMS,False,English,Mastercard,,Walk-in
90034cd2-ba93-487a-81e0-ff670e0af1ca,Lee,Morley,noemail@provided.com,+1 640 517 2258,SG,Asia Pacific,North Susanfort,M,Business,2023-12-29 15:18:07,Non-Member,Email,True,English,Visa,,Corporate Contract
f5b69abf-b97d-4e23-ac3a-3688bd51dac4,Adam,Scott,adam_scott@gmail.com,+1 659 607 3327,CH,Europe,Port Barrymouth,M,Business,2020-06-29 20:23:17,Platinum,Email,False,English,American Express,,OTA Referral
c2c56da6-1b7d-4466-8c0d-749c2705e989,Janet,Stone,noemail@provided.com,+1 542 449 7017,SG,Asia Pacific,Peterhaven,F,Family,2020-10-26 09:11:43,Silver,SMS,True,English,Visa,,Walk-in
ca8d7a63-241f-4137-8cc4-853bad9c7b01,Christian,Davies,christiand@gmail.com,+1 599 880 6936,CA,North America,Noblemouth,M,Business,2023-01-17 02:48:16,Gold,Email,False,English,Mastercard,,Website Direct
4e8d4d26-7dc7-4dcc-8f58-9e63b12cc500,Luna,Andrade,luna24@starkindustries.com,+55 284 260 2919,BR,South America,Evansville,F,Business,2022-07-26 17:18:38,Silver,SMS,True,Portuguese,Visa,,Website Direct
7c436ece-c468-42db-a664-312017e3191f,Mandy,Talbot,mandy_talbot@outlook.com,+1 881 637 9207,MX,North America,North Patriciamouth,F,Leisure,2024-06-29 02:39:14,Non-Member,Email,False,English,Google Pay,,Walk-in
16d8f9cb-9e2b-4cec-bef1-015c0e26db4b,Jenna,Cooper,noemail@provided.com,+1 147 312 9683,MX,North America,Jonesfort,F,Business,2022-09-29 11:34:00,Non-Member,Email,True,English,Visa,,Website Direct
1e8879a9-e840-40e3-8115-ea9638819f91,Geoffrey,Lees,geoffrey.lees@gmail.com,+1 753 506 6485,CA,North America,Ashleytown,M,Leisure,2019-07-28 03:31:26,Gold,Both,True,English,Visa,,Phone Booking
8f83e3d9-b982-4022-97a4-6cb5c23da458,Jane,Lewis,jane.lewis@gmail.com,+61 745 305 2233,AU,Asia Pacific,Lydiaborough,F,Leisure,2022-12-28 07:34:55,Gold,Email,True,English,Visa,Allergies,OTA Referral
1906cd0d-fa2e-4fc6-84cd-3a45f53e08f1,Jacob,Wilkinson,jacob_wilkinson@tyrellcorp.com,+1 251 423 7905,CA,North America,New Lawrence,M,Business,2022-08-16 17:05:04,Non-Member,None,True,English,Visa,,Phone Booking
53c5de41-2277-494d-9b0b-5674b3f88fdc,Anna,Dyer,anna.dyer@gmail.com,+1 296 492 5490,CL,South America,South Teresatown,F,Leisure,2023-10-29 21:36:41,Gold,Email,True,English,Visa,Late Check-out,Phone Booking
c3c43884-f3da-40dc-aaaf-a50ed1ce82b4,Barry,Wilson,bwilson@cyberdyne.com,+1 140 177 4739,CA,North America,Gordonmouth,M,Business,2024-08-01 17:40:35,Basic,Email,True,English,Visa,,Walk-in
72f21176-1afd-4f28-a360-c47c26d8ec3d,Kimberley,Green,kimberleyg@gmail.com,+1 258 482 9117,CA,North America,East Gregorychester,F,Leisure,2022-06-03 04:29:14,Silver,Email,True,English,Mastercard,High Floor,Walk-in
af1931ff-bb83-4332-a05d-79f2ffc27774,Oliver,Chapman,oliver.chapman@gmail.com,+1 554 394 2439,NL,Europe,Robertsport,M,Leisure,2022-04-30 12:22:01,Non-Member,Email,True,English,Visa,,Phone Booking
e972d295-efbd-439e-bb0a-a8e405fe83d9,June,Carpenter,june28@gmail.com,+1 724 278 6253,CH,Europe,Raymondmouth,F,Group,2020-11-03 04:58:06,Basic,SMS,True,English,Visa,,Website Direct
7fa97466-45fc-4e12-8336-7ebaf0545377,Gregory,Stevens,gregory_stevens@tyrellcorp.com,+1 174 506 3033,MX,North America,North Elliott,M,Business,2022-09-13 20:47:54,Gold,SMS,True,English,Visa,,Website Direct
da984571-41fd-4a93-a991-8c017d1dd655,Charles,Williams,charles65@gmail.com,+1 364 871 7194,CA,North America,South Melissaburgh,M,Leisure,2022-10-14 03:43:40,Platinum,Email,False,English,Visa,,Walk-in
97b7d781-9549-4630-84f7-4b58032b7175,Gerard,Andrews,gerard_andrews@yahoo.com,+1 352 401 8798,CH,Europe,Hughestown,M,Business,2024-08-05 04:17:55,Basic,SMS,True,English,Visa,,Walk-in
d2d139bb-7737-4c2c-b887-f401b375333d,Robert,Bailey,test@test.com,+1 324 393 5521,SG,Asia Pacific,Nortonfurt,M,Leisure,2023-02-24 06:02:10,Basic,Email,True,English,Visa,"Allergies, Wheelchair Accessible",Phone Booking
00ff2d7f-2ff4-46b2-b110-c59ad436a0d7,Matthew,Taylor,matthew_taylor@icloud.com,+1 690 981 2209,CA,North America,Cliveside,M,Leisure,2021-03-31 22:06:54,Silver,SMS,True,English,Visa,,OTA Referral
b1ab52c7-5af0-4303-b911-d05f6494a2a1,Clive,Perry,clive.perry@hotmail.com,+61 640 295 7033,AU,Asia Pacific,Lake Matthewview,M,Leisure,2020-04-13 07:13:03,Gold,Email,True,English,Visa,,OTA Referral
d83bcb83-282b-4165-b969-14603a73cdad,Michael,O'Connor,michael49@outlook.com,+1 459 804 5751,CA,North America,Chelseamouth,M,Leisure,2024-01-17 16:50:05,Gold,Email,True,English,Visa,,Phone Booking
576aac31-c96a-4016-9948-89f70e9fca5a,María Dolores,Aragón,maría doloresa@gmail.com,+1 370 131 9205,ES,Europe,Ceuta,F,Leisure,2022-11-08 11:06:15,Gold,Email,True,Spanish,Visa,,Corporate Contract
ca3e62d9-714e-4ba8-a3c5-1e82bc1ea706,千代,佐藤,千代7@outlook.com,+81 235 508 3160,JP,Asia Pacific,West Callumtown,F,Family,2019-06-27 16:03:51,Basic,Email,True,Japanese,Visa,Non-smoking,Website Direct
91fa229d-edea-454e-bc32-d0062dbcff0d,篤司,小林,篤司16@hotmail.com,+81 937 930 1003,JP,Asia Pacific,Lake Jill,M,Leisure,2019-04-18 21:27:36,Silver,Email,False,Japanese,Mastercard,,Phone Booking
c6002db2-8a90-4cca-8344-43e761e861df,Naomi,Benson,naomib@outlook.com,+91 457 173 1222,IN,Asia Pacific,South Dalemouth,F,Leisure,2024-04-27 21:22:42,Silver,Email,True,English,Apple Pay,,Website Direct
edff3696-e4fa-4158-a5a5-f46c38a2647e,Rachael,Jones,rachael.jones@outlook.com,843-962-5227,US,North America,Port Margaretton,F,Leisure,2023-05-15 10:55:29,Non-Member,Email,False,English,Visa,,Corporate Contract
696196f3-0da8-4ea9-b1b4-7e464231053a,Alice,Slater,alice86@gmail.com,+1 777 401 3207,CH,Europe,Garrystad,F,Leisure,2023-11-01 16:02:16,Non-Member,Both,True,English,Visa,,Website Direct
3794dc28-f11d-4d95-ae0d-0de1db4e8745,Christian,Thomson,christian.thomson@gmail.com,,MX,North America,Marshallmouth,M,Leisure,2024-08-10 11:02:29,Non-Member,SMS,False,English,Visa,,Phone Booking
9d9feb28-8861-4261-94b8-864b98d16cfa,Rebecca,Bartlett,rebecca_bartlett@outlook.com,+1 209 861 4028,CA,North America,Callumfurt,F,Business,2020-12-22 07:14:45,Silver,Email,True,English,Visa,,Walk-in
9982ce96-131e-472e-bfee-e914ad8410a4,Colin,Gibbs,colin4@starkindustries.com,+1 597 506 2269,CA,North America,Ryanberg,M,Business,2019-04-04 04:41:19,Silver,Email,True,English,American Express,,Walk-in
af10efa4-f48e-456a-ae81-b02e0e7db671,楠,吴,楠92@gmail.com,359 1975 8716,CN,Asia Pacific,Lake Suzannefurt,M,Leisure,2022-05-10 02:34:19,Gold,Email,True,Chinese,American Express,"Wheelchair Accessible, Allergies",Corporate Contract
1fd08d7d-482a-4059-afc0-b4d93d46545a,Jasmine,Mills,jasmine.mills@gmail.com,+1 596 178 7728,MX,North America,West Arthurview,F,Family,2023-06-09 06:18:23,Silver,Email,True,English,American Express,,Website Direct
c048bfee-935c-4f9a-ba56-d6d5bfa3cb7a,Julia,Davis,test@test.com,+1 110 580 2084,MX,North America,Lake Marymouth,F,Group,2023-01-14 06:54:18,Non-Member,SMS,False,English,Apple Pay,"Early Check-in, Non-smoking",Corporate Contract
8ba42088-8c24-4d6b-adc0-69a361abe6ea,Kathrin,Textor,kathrin_textor@gmail.com,+49 856 805768,DE,Europe,Rehau,F,Group,2021-03-15 22:01:16,Basic,SMS,True,German,Visa,,Walk-in
651e7bf4-cd5e-4645-9191-f6d7e5493599,정숙,박,정숙_박@yahoo.com,+1 657 662 8715,KR,Asia Pacific,North Hazelhaven,F,Leisure,2020-07-13 11:33:55,Basic,Email,False,Korean,Visa,,Corporate Contract
2e267973-2861-4251-8430-19ec62f0b2fd,Sandra,Jones,sjones@starkindustries.com,+1 683 478 8164,SE,Europe,Lake Marcstad,F,Business,2022-06-16 21:12:37,Basic,Email,False,English,Visa,,OTA Referral
2c0e443a-2dfa-46f8-8e42-8cfde9c036f9,Brian,Sharpe,brian.sharpe@acme.com,000-000-0000,SE,Europe,Brettbury,M,Business,2023-12-17 19:21:16,Silver,Both,False,English,Visa,,Website Direct
68f7e4b2-e5bd-4125-8e37-b08f270c5e2c,Lisa,Smith,lisa_smith@gmail.com,(994) 589-8041,US,North America,East Francescaberg,F,Family,2023-03-10 08:20:08,Non-Member,Both,True,English,Visa,,Corporate Contract
922579c3-8791-4705-ace1-7972467758f2,Robin,Atkinson,robin_atkinson@gmail.com,+1 654 362 1774,CA,North America,South Johnfort,M,Leisure,2022-01-24 17:16:27,Gold,SMS,False,English,American Express,Allergies,Corporate Contract
c1924a3f-eb44-4aac-b486-2dba2d87bf9f,Mitchell,Gallagher,mitchell.gallagher@gmail.com,+1 305 515 9718,CA,North America,Garyview,M,Group,2024-12-18 01:35:23,Non-Member,Email,True,English,Visa,,Website Direct
33f51835-3f31-42c5-a744-d7797bd82fd5,종수,박,noemail@provided.com,+1 337 619 4852,KR,Asia Pacific,Helentown,M,Leisure,2023-10-28 09:29:41,Basic,Email,True,Korean,Mastercard,,Corporate Contract
167bf055-3bad-48e5-bbee-1860cb3c462f,Leanne,Flynn,leanne.flynn@outlook.com,+1 559 581 3527,CA,North America,Godfreytown,F,Leisure,2019-08-25 14:16:51,Basic,Email,True,English,Mastercard,,Corporate Contract
0eadbcf6-dcb8-4bed-b3e6-78a865cf6215,Arthur,Kaur,arthur.kaur@gmail.com,+1 418 514 3435,SE,Europe,Ryanmouth,M,Leisure,2023-12-01 07:44:38,Non-Member,Email,True,English,Visa,,Phone Booking
00ff63ed-da8d-46ac-98a1-4dc29d995004,James,Morgan,james.morgan@gmail.com,+1 661 960 4709,KW,Middle East,Port Gemma,M,Leisure,2019-01-08 11:01:16,Basic,Email,True,English,Visa,,Website Direct
44b7164c-2ff0-40ab-9317-641085ed3d43,Eleni,Krause,noemail@provided.com,+49 941 278324,DE,Europe,Ludwigslust,F,Leisure,2021-11-09 10:09:06,Basic,Email,True,German,Mastercard,,Corporate Contract
ea95d483-d9aa-4113-86c2-989e771eb5ea,Ljiljana,Heydrich,ljiljanah@outlook.com,+49 3132/089326,DE,Europe,Strasburg,F,Group,2024-08-17 04:55:32,Non-Member,Email,False,German,Apple Pay,"Late Check-out, Allergies",Phone Booking
d650b5b2-5476-42b8-afc4-2c9f74600235,Andrea,Morgan,noemail@provided.com,+1 496 363 2226,MX,North America,North Phillip,F,Business,2022-06-06 07:33:39,Basic,Email,False,English,American Express,"Allergies, Late Check-out",Walk-in
1922f15c-a044-423d-9d47-85e53f30419c,Jeremy,Martin,jmartin@outlook.com,797-907-4940,US,North America,New Teresaburgh,M,Business,2023-06-09 17:03:25,Basic,Email,True,English,Apple Pay,,Phone Booking
9bd69f8e-842f-45d1-8e54-1bc4bbd83de4,Diana,Gibson,dgibson@initech.com,+1 302 749 6166,CA,North America,New Clive,F,Business,2021-10-20 14:55:13,Basic,SMS,False,English,American Express,,Corporate Contract
29724c6c-e6a0-4f52-859c-bb4770f8d7fb,Denis,Wilson,dwilson@cyberdyne.com,+1 455 999 5718,KW,Middle East,South Christine,M,Business,2019-08-26 00:08:33,Platinum,Email,True,English,Visa,,Website Direct
a778e219-042e-4e7d-a396-341308ed9a2f,Ian,Cunningham,ianc@outlook.com,+1 453 975 3355,NG,Africa,Allenshire,M,Leisure,2021-08-14 09:22:31,Basic,Email,True,English,Visa,,Walk-in
4bd2ff8c-f774-4c94-893f-ecb0301719d5,Marcus,Murray,marcus_murray@icloud.com,+1 795 113 5157,CA,North America,Port Dawnview,M,Group,2021-01-13 14:19:43,Non-Member,Email,True,English,Mastercard,,Website Direct
742b5e98-1911-44d5-b745-ecd5c6a49855,현정,홍,test@test.com,+1 104 563 6023,KR,Asia Pacific,Elliston,F,Leisure,2021-06-09 04:50:33,Basic,Email,True,Korean,Mastercard,,Website Direct
bb5f8d49-e04f-49c6-b206-49bcc5162374,Jack,Butler,jack45@gmail.com,+1 866 551 9998,CA,North America,Port Julianborough,M,Business,2021-07-01 15:33:55,Basic,Email,True,English,Visa,,Website Direct
e80291f9-e5c1-4e5e-9e0b-e9bc78d83aa7,Sean,Jones,seanj@gmail.com,(237) 178-8850,US,North America,West Chloeland,M,Group,2024-03-20 23:08:47,Non-Member,SMS,True,English,Visa,,OTA Referral
4d8936e9-2892-49a4-ad91-60daa3021434,Irene,Lawrence,irene_lawrence@hotmail.com,+1 234 275 2594,CA,North America,New Michaelside,F,Leisure,2023-03-12 21:13:46,Gold,Email,True,English,American Express,,Corporate Contract
a0cc1116-85bb-4373-9a4c-6ce67d7ac4e7,Beth,Hart,beth_hart@yahoo.com,+1 751 633 2137,CH,Europe,North Ronald,F,Family,2024-11-19 08:36:12,Non-Member,Both,True,English,PayPal,,OTA Referral
0d8500dd-44d2-4978-bd28-da6a96b66749,Tracy,Williams,tracy62@outlook.com,+1 618 496 6689,CA,North America,Thompsonfurt,F,Group,2022-03-10 13:26:34,Silver,Email,True,English,Visa,,Website Direct
e8658cfc-ebb7-47df-8ac2-72c6da907466,Kyle,Lewis,kylel@gmail.com,520-175-3401,US,North America,Adamville,M,Leisure,2021-05-10 13:07:43,Non-Member,Email,False,English,PayPal,,Corporate Contract
daf1128f-eb13-493c-816b-ea3e5781b0ff,Stanley,Martin,stanleym@outlook.com,,CA,North America,Karlmouth,M,Leisure,2022-01-30 09:22:54,Gold,Email,False,English,Visa,,Corporate Contract
5317daee-0aaa-4cac-b046-900966bbde52,Onofre,Lillo,olillo@gmail.com,+1 401 785 8464,AR,South America,سلافfort,M,Leisure,2022-02-28 12:19:15,Silver,Email,True,English,Apple Pay,,Phone Booking
33f6e6a1-e4e8-4ddc-bd1b-7a83fac14c2e,Terence,McCarthy,terencem@acme.com,+1 426 424 3118,NL,Europe,East Joshua,M,Business,2023-06-28 05:24:10,Non-Member,SMS,False,English,American Express,,Walk-in
c8399fed-2b45-4693-9739-8cd3c3aab699,Margaret,Barrett,test@test.com,+1 740 860 5202,MX,North America,Benjaminland,F,Business,2024-07-31 17:55:17,Non-Member,Email,True,English,American Express,,Walk-in
af01bb3b-b947-46eb-aff4-b96d8bf91754,宁,刘,宁_刘@globex.com,+86 956 6800 170,CN,Asia Pacific,Glennfort,M,Business,2024-09-13 20:46:59,Silver,Email,True,Chinese,Mastercard,,OTA Referral
c1d63821-06a6-4977-b363-bf00f89068b1,Keith,Wheeler,keith_wheeler@oscorp.com,+1 418 437 3458,TH,Asia Pacific,New Annton,M,Business,2022-03-17 05:56:12,Gold,Email,True,English,Visa,,OTA Referral
7fcf1015-3c1a-41a8-a9f3-45d6432089b6,Mark,Walker,markw@outlook.com,+1 401 933 2552,TH,Asia Pacific,Albertville,M,Leisure,2023-05-16 01:34:36,Non-Member,Email,False,English,American Express,"High Floor, Late Check-out",Corporate Contract
ef35b2ae-d3a0-4ee3-9546-2f9851999cea,Dennis,Jarvis,guest@email.com,+1 641 972 1333,CH,Europe,New Philipshire,M,Leisure,2019-03-16 04:18:48,Basic,Email,True,English,Visa,,OTA Referral
219f600d-bb25-4d9e-ab23-e8f288966a8f,Gemma,Davies,gdavies@gmail.com,+1 254 857 2420,MX,North America,Sophietown,F,Family,2021-09-15 03:44:11,Silver,Email,True,English,Mastercard,,Corporate Contract
fd70e6f0-6a97-4dfa-9f01-f9a1ee4a7343,Donald,Evans,donald_evans@gmail.com,969-688-5811,US,North America,North Brucestad,M,Leisure,2020-04-16 14:29:38,Silver,Email,True,English,Mastercard,,Walk-in
c94c857e-ac72-4f21-91fb-70fd04dc6881,Philippine,Cousin,pcousin@icloud.com,+33 257 341 9671,FR,Europe,Munoz,F,Leisure,2019-04-20 09:44:18,Non-Member,None,False,French,Visa,,Phone Booking
66eba756-137c-4362-8d20-5084c57d286e,Glenn,Fisher,glennf@gmail.com,+1 690 358 5307,CA,North America,North Kirsty,M,Group,2021-05-18 06:49:52,Silver,Both,True,English,Mastercard,,Phone Booking
b0b07e9e-4430-4fcf-88d2-52db887ccaf1,Gerald,Fisher,gerald.fisher@globex.com,+1 195 427 3625,MX,North America,South Terry,M,Business,2022-03-28 09:20:09,Basic,SMS,False,English,American Express,,Walk-in
959f74c2-a10f-47a6-95af-920ad48b840f,Marion,Barrett,marion_barrett@outlook.com,+1 161 622 9149,CA,North America,Gillmouth,F,Business,2021-09-22 03:38:15,Silver,Email,True,English,Mastercard,,Walk-in
39a9f7be-c8dd-433d-aef9-34ac8f94727e,Howard,Martin,hmartin@gmail.com,+1 639 618 2185,MX,North America,Charlottechester,M,Leisure,2020-01-21 00:15:48,Silver,Email,False,English,Apple Pay,,Walk-in
60b8d3eb-7768-420f-bd0c-344edc314563,Walentina,Hartmann,walentina.hartmann@gmail.com,+49 4612/073243,DE,Europe,Neunburg vorm Wald,F,Family,2023-02-09 22:50:07,Basic,Email,True,German,Mastercard,,Walk-in
fe47578e-03ff-434d-904a-12a20a3d6b00,美加子,渡辺,美加子.渡辺@waynecorp.com,+81 945 687 4150,JP,Asia Pacific,Stewartberg,F,Business,2022-04-25 19:02:19,Gold,SMS,True,Japanese,Apple Pay,,Website Direct
354425af-e9d9-4e0f-8daa-14f5e909b82c,Victor,Power,vpower@hotmail.com,+1 787 279 5857,MX,North America,Lake Dennis,M,Leisure,2024-06-15 11:31:57,Basic,Email,True,English,Visa,,Website Direct
c2c1ce0f-0d1e-4e19-9904-6e52449a8e7f,서윤,박,서윤_박@gmail.com,+1 254 401 4643,KR,Asia Pacific,Lewisbury,F,Leisure,2022-02-09 18:07:49,Silver,Email,True,Korean,Mastercard,,Corporate Contract
1dfbe096-f8ea-4f45-9581-2a4f95df2192,Hayley,Donnelly,guest@email.com,125-916-3039,US,North America,South Roymouth,F,Group,2023-01-08 23:32:24,Silver,SMS,True,English,American Express,,OTA Referral
ff6e33d1-1ba5-4d08-aa58-f617670aa79e,Tomás,Clemente,tomás94@gmail.com,+1 446 330 2826,AR,South America,Lake ميّادchester,M,Leisure,2024-01-13 20:20:09,Non-Member,Email,False,English,PayPal,,Phone Booking
98f934ad-9227-47bb-b75f-56499d117496,John,James,john2@yahoo.com,+61 812 741 4859,AU,Asia Pacific,Walshtown,M,Family,2023-09-23 05:40:46,Non-Member,Email,True,English,PayPal,,Corporate Contract
9441fd5e-d8b5-42b5-9fb2-37446b9cee37,Frederik,Reinhardt,frederik11@gmail.com,+49 3184/849688,DE,Europe,Merseburg,M,Leisure,2019-03-02 19:05:25,Gold,Email,True,German,Visa,,Phone Booking
2968c51e-f182-4d85-8d5d-9d06ac9d4d7f,Cheryl,Jones,cherylj@outlook.com,000-000-0000,QA,Middle East,Owenland,F,Leisure,2020-10-08 14:49:22,Platinum,SMS,True,English,Visa,,OTA Referral
59398b6b-077d-4568-9fba-b35d9b19e8fd,Nino,Ostinelli,ninoo@outlook.com,+1 606 632 9476,IT,Europe,Limana,M,Leisure,2023-04-21 19:55:22,Basic,Email,False,Italian,Mastercard,,Website Direct
94bfc1e0-90fb-4f2a-a693-9dd97ec691cd,Baltasar,Llopis,baltasar_llopis@gmail.com,+1 554 291 9538,ES,Europe,La Coruña,M,Leisure,2019-09-14 06:02:19,Non-Member,SMS,False,Spanish,American Express,,Website Direct
16cd6e87-08e9-4e25-9bb8-bc5ce975706a,Margaret,Fraser,mfraser@umbrellacorp.com,(087) 705-2070,US,North America,Clareshire,F,Business,2022-12-09 19:33:31,Silver,SMS,True,English,Visa,,Walk-in
c3add4a8-d36f-40db-a326-47186c47227f,Malcolm,North,mnorth@gmail.com,701-130-3664,US,North America,Abbottland,M,Leisure,2019-11-25 19:03:49,Basic,SMS,False,English,American Express,,Website Direct
636e9cd3-4725-4d35-9fd9-caa19b20537a,Leslie,Weston,lweston@hotmail.com,+91 638 375 1803,IN,Asia Pacific,Port Ireneton,M,Group,2021-06-14 00:43:08,Platinum,Email,True,English,Mastercard,,OTA Referral
e8778101-a510-44c1-899d-5fcc8e908440,Nicolai,Liebelt,nicolai91@oscorp.com,+49 870 862163,DE,Europe,Schwäbisch Hall,M,Business,2019-11-25 22:12:57,Gold,SMS,False,German,Visa,,OTA Referral
545c488a-27bd-4e1d-8b9b-41cfab8a5e9b,James,Watts,jwatts@starkindustries.com,+1 614 221 6992,CA,North America,West Joannaside,M,Business,2021-03-26 10:08:45,Platinum,Email,True,English,American Express,,Website Direct
25958721-1e06-4025-b2d5-1b84b7165455,Martyn,Howard,guest@email.com,229-251-6978,US,North America,East Gavin,M,Leisure,2021-06-05 02:56:11,Platinum,Email,True,English,Visa,,Phone Booking
7619c36d-7cee-40e5-9082-6a1fb106e2c7,Gregory,Hewitt,gregoryh@hotmail.com,+1 293 833 6719,MX,North America,Suzanneport,M,Group,2019-01-15 11:40:38,Platinum,Email,True,English,Visa,,Website Direct
7bf663ed-2334-47fe-93b3-758e128a2ed2,Valerio,Sanchez,valerios@outlook.com,+1 136 367 6246,ES,Europe,Albacete,M,Group,2024-09-16 08:48:06,Non-Member,Email,True,Spanish,Visa,,Phone Booking
a7031910-e81e-4a40-84a0-67e496b5125c,Ian,Perkins,ian.perkins@outlook.com,(642) 691-2239,US,North America,West Jessicaborough,M,Leisure,2020-11-22 23:27:11,Basic,Both,False,English,American Express,,Corporate Contract
2ead1872-a5b9-438f-b2ed-9eb1ee46f162,Jean,Black,jean.black@gmail.com,452-409-0685,US,North America,Tobyport,F,Leisure,2022-09-28 01:40:37,Basic,Email,True,English,Visa,,Website Direct
1b94f784-71ac-4212-8755-18f150ed2432,Beth,Marshall,beth63@gmail.com,,CA,North America,Maryfort,F,Leisure,2022-04-16 04:49:22,Platinum,Email,False,English,Visa,,OTA Referral
8f80ba8c-f9ea-47d2-a14f-14fc4d660add,Kate,Baxter,kateb@yahoo.com,+61 392 697 7399,AU,Asia Pacific,Lewischester,F,Leisure,2022-09-13 20:22:02,Gold,Both,True,English,Visa,,Walk-in
8ad7d4cc-78a4-4791-996b-c386a4b91dba,Michelle,Harris,michelleh@gmail.com,+1 987 929 7810,CH,Europe,Walkerstad,F,Family,2022-01-11 18:23:39,Silver,Email,True,English,PayPal,,Corporate Contract
2161dda2-b854-4b33-86fd-77944788dda6,Lisa,Martin,lisam@globex.com,079-032-6109,US,North America,Toddport,F,Business,2019-02-19 01:44:38,Silver,SMS,True,English,American Express,,Website Direct
69203a14-a6c0-4a5a-a859-01d93e44fdd1,Declan,Wilkinson,declanw@icloud.com,+1 370 100 7231,MX,North America,East Kyleville,M,Group,2021-01-04 15:16:25,Gold,Email,True,English,Visa,,Website Direct
afce5001-3d8a-463e-83af-eb8f884ade14,Romy,Kensy,romy34@gmail.com,+49 059 068830,DE,Europe,Kelheim,F,Leisure,2019-05-11 09:13:22,Basic,SMS,False,German,Visa,,OTA Referral
7267ce2b-90cb-4ed3-8e2a-eaaba3d574bc,Yvonne,Young,yvonne.young@hotmail.com,+1 667 968 2649,CA,North America,South Howard,F,Leisure,2020-10-10 13:48:35,Silver,Email,True,English,Visa,,OTA Referral
a82632ee-2f8c-41c7-aeb6-873e417d0da8,Guy,Gregory,guy.gregory@outlook.com,621-463-4733,US,North America,Barlowbury,M,Leisure,2024-02-01 03:52:13,Basic,Email,True,English,Mastercard,"Late Check-out, Wheelchair Accessible",OTA Referral
f539a6aa-71d3-4bcb-81b3-b29887198896,Patrick,Mitchell,patrick_mitchell@gmail.com,+1 202 207 9616,QA,Middle East,New Maryville,M,Leisure,2024-05-23 16:16:22,Basic,SMS,True,English,Mastercard,,Corporate Contract
dea54d94-5d79-40bb-b012-2eca12a05997,杨,马,杨马@gmail.com,+86 239 9978 285,CN,Asia Pacific,North Helen,M,Family,2023-03-07 08:05:01,Non-Member,Email,False,Chinese,Mastercard,,Corporate Contract
a61f4ef1-ecc8-40a0-ae1e-70fb6e873981,Steven,Norris,steven.norris@gmail.com,+1 156 470 6544,CH,Europe,North Elliotfort,M,Business,2019-04-21 10:46:04,Basic,Email,True,English,Visa,,Walk-in
8c5adc9f-8eca-4a29-a123-75fc9661bd83,Stephanie,Andrews,stephaniea@globex.com,+1 980 694 6208,MX,North America,North Jayne,F,Business,2023-05-06 17:12:56,Basic,Email,True,English,Apple Pay,"Wheelchair Accessible, Allergies",Walk-in
342cd989-a513-4686-8364-e636244c7fee,Nigel,Bird,nigel.bird@gmail.com,+1 768 981 1652,SG,Asia Pacific,Whitetown,M,Leisure,2020-07-09 00:11:19,Non-Member,Email,False,English,Visa,,Phone Booking
0c5e6e14-9670-4053-88cc-e97e31439192,Marilyn,Pearson,marilynp@globex.com,+1 118 413 4585,KW,Middle East,Lake Denise,F,Business,2019-08-09 11:58:21,Basic,Email,True,English,American Express,,Corporate Contract
00016d0a-94fc-4304-af06-5bd5e0403928,Josephine,Wood,josephine.wood@gmail.com,+1 961 316 2168,NL,Europe,Hodgsonchester,F,Family,2021-07-25 02:05:40,Basic,Email,True,English,American Express,,Phone Booking
f271cd44-52e5-40b6-ae19-03095594c0b2,Ascensión,Hervás,ascensión_hervás@gmail.com,+1 460 785 4574,ES,Europe,Las Palmas,F,Leisure,2024-07-17 17:33:46,Gold,Both,True,Spanish,Visa,,Website Direct
066ac828-7b3a-45a1-a2d6-25ad1758c490,Emanuel,Säuberlich,esäuberlich@gmail.com,+49 766 890669,DE,Europe,Neuss,M,Group,2022-10-01 18:40:11,Basic,Email,True,German,Visa,,Corporate Contract
a5849d3b-2a5c-4358-b893-8e7c19639f93,Shaun,Moran,smoran@gmail.com,+1 846 349 9110,NG,Africa,Whittakerville,M,Business,2019-03-20 20:32:28,Basic,SMS,True,English,Visa,,Website Direct
440280d2-8684-472c-8976-1757fffde721,Donald,Armstrong,donald.armstrong@outlook.com,6104 102 9276,GB,Europe,Kieranville,M,Leisure,2023-09-11 05:19:55,Basic,Email,True,English,Visa,,Website Direct
4279b79d-c4a7-4bbe-ba6a-afac3c354926,Mohamed,Cooper,mcooper@outlook.com,+1 215 929 3479,CA,North America,Marshallview,M,Group,2024-04-11 00:46:35,Gold,SMS,True,English,PayPal,,OTA Referral
a93b5d34-f1fb-4d69-96ee-5b3cf3a8558f,Carolina,Borgia,carolina48@outlook.com,+1 199 939 6351,IT,Europe,Monte San Vito,F,Leisure,2023-04-06 02:17:22,Basic,SMS,False,Italian,Visa,,Corporate Contract
2e29fbc7-503c-4ee4-b5c3-724981fdbfff,정수,심,정심@gmail.com,+1 664 315 4342,KR,Asia Pacific,Duncanside,M,Family,2019-09-28 00:10:52,Silver,SMS,False,Korean,Mastercard,,Website Direct
b9349d6e-654c-4a8d-8e91-fcdddb3931e0,Francis,Talbot,francis_talbot@gmail.com,+1 590 731 8539,CA,North America,Kellyville,M,Leisure,2024-06-15 00:07:39,Non-Member,Email,True,English,Visa,,Website Direct
0ff755ad-70ac-41bb-b8ca-2b7ef765e682,Michelle,Lee,michelle.lee@yahoo.com,+1 483 732 5267,CA,North America,Saundersland,F,Family,2019-02-27 18:45:58,Non-Member,Email,False,English,Apple Pay,,Walk-in
9f05e3ce-69b3-4e08-8136-2d81cb495437,香織,山口,香織_山口@cyberdyne.com,+81 151 990 4831,JP,Asia Pacific,North Adrian,F,Business,2024-06-12 05:04:08,Basic,Email,False,Japanese,Mastercard,,Corporate Contract
5d888546-ff38-412d-91d3-5adb756f8139,Christine,Bonnin,christine16@globex.com,+33 534 406 8448,FR,Europe,Charpentier-sur-Nguyen,F,Business,2024-02-12 03:19:48,Gold,Email,True,French,Mastercard,,Corporate Contract
3376fdca-dafb-4f7f-ac2f-0549da0561f5,Lucy,Reynolds,lucy_reynolds@gmail.com,+1 989 538 8142,CA,North America,Claytonport,F,Leisure,2024-06-04 17:30:39,Non-Member,Email,False,English,PayPal,Late Check-out,Corporate Contract
95d2481d-e568-487d-94c0-ca79a6268e41,Hugh,Porter,hugh.porter@gmail.com,+1 388 202 2452,CA,North America,Rachelbury,M,Leisure,2023-12-23 15:00:12,Non-Member,Email,False,English,Mastercard,,Phone Booking
102184fe-d261-4af4-bc9e-9ba4fe417039,智也,中島,智也.中島@outlook.com,+81 743 162 7943,JP,Asia Pacific,Lake Aimee,M,Leisure,2023-04-20 23:47:53,Non-Member,SMS,False,Japanese,Visa,High Floor,Corporate Contract
8a641cf6-0aa6-4a47-9e40-966676c74bde,婷,尚,婷.尚@waynecorp.com,727 8863 4687,CN,Asia Pacific,New Amy,F,Business,2022-04-21 07:40:24,Basic,Email,True,Chinese,Visa,,OTA Referral
76770eba-bcfe-437e-9f31-9b9bdc84c904,Angela,Davies,angela_davies@outlook.com,+1 206 472 8701,CA,North America,East Dorothytown,F,Leisure,2020-01-11 23:42:19,Silver,Email,True,English,American Express,,Walk-in
f67d88c1-9df9-4dd8-b559-5b1b9477a62e,Jean,Thompson,jeant@oscorp.com,+1 992 357 4222,CH,Europe,Lake Kerry,F,Business,2021-11-11 06:31:29,Silver,Email,True,English,Mastercard,,Phone Booking
b6cf8a1f-35ed-46b7-9743-d06d76fd5f95,Jodie,Smith,jsmith@gmail.com,+1 128 161 6908,CH,Europe,East Jayland,F,Leisure,2019-08-02 06:43:55,Platinum,Email,False,English,PayPal,,Phone Booking
6f15f471-aa99-46d9-b856-6e16417ca60e,Philip,Chandler,philip.chandler@tyrellcorp.com,+1 369 854 9057,TH,Asia Pacific,West Lauramouth,M,Business,2022-02-10 11:34:48,Silver,Email,True,English,Visa,,Corporate Contract
08bd55b9-5b33-4304-887d-b6454a4e7c12,David,Gallagher,davidg@outlook.com,+1 679 708 1786,SG,Asia Pacific,Keithview,M,Leisure,2023-03-28 05:39:25,Non-Member,SMS,True,English,Mastercard,,OTA Referral
d17d5b70-2c44-467d-b0a8-600d67abfa92,Marcus,Marshall,mmarshall@outlook.com,+1 442 201 9778,CH,Europe,Port Keithberg,M,Leisure,2022-09-05 05:34:27,Basic,Email,False,English,Mastercard,,OTA Referral
cf2f9313-46a6-4d8a-8699-b38a95769f70,Nicole,Brennan,nicole.brennan@hotmail.com,+1 626 379 1268,SE,Europe,Lake Frankchester,F,Leisure,2023-01-08 23:15:00,Non-Member,Email,False,English,Visa,,OTA Referral
a05b4013-a997-4206-8f2a-679f078e0ca4,Frances,Evans,fevans@gmail.com,+1 715 502 2097,MX,North America,Katherinefort,F,Leisure,2022-05-16 01:15:20,Basic,Both,False,English,Mastercard,,Phone Booking
60c2fc15-44f1-4f2e-a852-793b93da1ca6,Kimberley,Sims,kimberley32@hotmail.com,+1 861 186 8551,NL,Europe,Port Leigh,F,Leisure,2019-07-06 05:33:36,Non-Member,Email,False,English,Visa,,Walk-in
86f34c3b-aac0-46a8-8753-5ed69389dd95,Gregory,Duncan,gregory_duncan@hotmail.com,+1 498 241 9687,NL,Europe,North Bethland,M,Group,2022-02-23 07:46:15,Platinum,SMS,True,English,Mastercard,,OTA Referral
bc0fc2b9-5b47-4e70-8378-293b4971abb6,Stuart,Scott,stuarts@gmail.com,+91 618 294 4639,IN,Asia Pacific,West Jayne,M,Leisure,2024-05-20 13:16:56,Basic,Both,True,English,Visa,,Walk-in
8f8ba333-c278-4175-b788-1346d1f30de5,Adamo,Pizzo,adamo.pizzo@globex.com,+1 647 615 1258,IT,Europe,Marinella Di Selinunte,M,Business,2021-07-23 01:13:41,Non-Member,Email,True,Italian,Mastercard,,Walk-in
ab37463a-7349-4ca7-a734-c902010caa22,Diana,McCarthy,diana_mccarthy@gmail.com,+1 579 322 7993,MX,North America,Murrayton,F,Family,2024-01-06 02:55:18,Non-Member,Email,True,English,Visa,,Walk-in
626b933e-b197-4c8e-9609-c57f86395702,宇,张,宇张@acme.com,+86 269 1846 765,CN,Asia Pacific,New June,M,Business,2024-12-18 14:04:35,Basic,Email,True,Chinese,American Express,,Walk-in
34c5b799-7ca9-43a4-9b7a-333f4dc66f22,Bryan,Holloway,bryan.holloway@gmail.com,+44 3215 040096,GB,Europe,North Lucy,M,Leisure,2023-10-06 04:43:00,Basic,Email,False,English,Visa,Non-smoking,Corporate Contract
f12a44d4-f263-4e3c-842b-132e18befe53,Letizia,Dibiasi,letizia93@oscorp.com,+1 234 204 2470,IT,Europe,Perosa Argentina,F,Business,2021-02-16 05:11:34,Gold,Email,False,Italian,American Express,,Phone Booking
0010cd24-4355-436c-8bbb-065d6b65e9cf,Derek,Bell,dbell@gmail.com,+1 802 874 4130,SG,Asia Pacific,South Charles,M,Leisure,2019-06-04 13:26:43,Basic,Email,True,English,Visa,,Phone Booking
13d92dc0-519b-4470-9467-4e9f945af1fb,Lee,Phillips,lee7@gmail.com,+1 610 939 6613,MX,North America,Dominicton,M,Leisure,2020-03-31 13:43:12,Silver,SMS,False,English,Mastercard,,Walk-in
cbfd501c-af92-414e-b169-3d8747037aad,Owen,Lewis,owen88@gmail.com,+1 288 515 1312,CA,North America,Hughesbury,M,Leisure,2019-07-20 12:26:30,Basic,Email,False,English,Visa,,OTA Referral
d33673cb-1a83-473c-9e33-7e0d865bac4a,Amanda,Benson,abenson@outlook.com,+1 398 167 7023,MX,North America,West Joseph,F,Leisure,2021-03-07 12:24:34,Non-Member,Email,True,English,Visa,,Corporate Contract
29f4e887-9ae4-485c-bca0-6952038ea489,Irene,James,ijames@yahoo.com,6147 504 3479,GB,Europe,West Charlene,F,Family,2020-07-15 14:08:34,Basic,Email,True,English,Visa,,OTA Referral
36629dc5-2f33-4e42-8fd2-3e11bcab7034,Shirley,Taylor,shirleyt@dummycorp.com,+1 160 816 2042,MX,North America,Dorothyborough,F,Business,2024-12-11 19:13:25,Basic,Email,True,English,PayPal,,Phone Booking
de6d6690-737a-4996-bdba-c3f7c00e2fad,Diane,Long,test@test.com,+1 170 783 1950,NL,Europe,New Zoe,F,Business,2021-04-05 13:27:22,Basic,Email,True,English,Apple Pay,,Walk-in
6edbee97-9cb1-4f66-81e3-0a5760702810,Leah,Gibbs,lgibbs@icloud.com,+1 190 981 8917,MX,North America,Lake Michael,F,Family,2022-12-30 06:07:22,Non-Member,Email,False,English,Mastercard,,Website Direct
9c59a8c8-73d2-4908-a7aa-0aa5ed37cc89,Julian,Nixon,julian88@gmail.com,+1 747 887 3048,TH,Asia Pacific,Hazelmouth,M,Leisure,2023-08-05 01:34:26,Non-Member,Email,False,English,Visa,,Corporate Contract
a27a5f84-965c-46a0-9a35-ecb46bdbb42a,George,Hussain,ghussain@yahoo.com,+1 282 344 4083,CH,Europe,New Paige,M,Family,2020-10-02 05:47:39,Non-Member,Email,True,English,Visa,,Corporate Contract
46db8f5a-85d7-4b41-af55-068fa87e79f8,Teresa,Scarpa,teresas@acme.com,+1 673 283 4857,IT,Europe,San Vito Sullo Ionio,F,Business,2022-09-06 12:59:49,Silver,Email,True,Italian,PayPal,,Corporate Contract
d8295706-cc41-44e0-b950-141184a3b8e5,Julia,Ward,noemail@provided.com,503-308-4900,US,North America,Port Victor,F,Leisure,2020-04-14 01:37:36,Silver,Email,True,English,American Express,,OTA Referral
0de7612a-9f79-4f27-af05-620b09fd6689,Terry,Hopkins,terry.hopkins@gmail.com,+1 449 831 9788,CA,North America,Port Billyhaven,M,Leisure,2024-12-09 06:12:06,Basic,SMS,False,English,Visa,,Walk-in
732a0143-6a26-4432-8029-9002cb018436,Josephine,Tomlinson,josephine_tomlinson@gmail.com,+1 977 922 6717,MX,North America,Robsonchester,F,Group,2023-12-07 22:32:55,Silver,Email,False,English,Mastercard,,Phone Booking
77cf858e-3329-458c-a526-30904b1292b5,정자,김,정자.김@hotmail.com,+1 822 263 6846,KR,Asia Pacific,Turnerhaven,F,Family,2022-11-11 01:09:31,Gold,Email,True,Korean,Visa,,Corporate Contract
ab558332-6115-4721-9238-e8619e46eec3,Terry,Miller,terrym@outlook.com,+1 996 984 3594,MX,North America,Jennaton,M,Business,2024-10-21 21:57:26,Basic,Email,False,English,American Express,,Website Direct
23b8a0bb-71ef-4798-b0a2-fa42b70da8ef,Noa,Arregui,noa83@gmail.com,+1 546 742 9270,ES,Europe,Santa Cruz de Tenerife,F,Leisure,2023-11-13 20:03:14,Basic,Email,False,Spanish,Visa,"Late Check-out, Allergies",Phone Booking
51e97334-8653-4cb4-8518-57382180ac9c,Agnes,Stahr,agness@tyrellcorp.com,+49 0020/898653,DE,Europe,Aachen,F,Business,2024-08-10 14:18:51,Basic,Email,True,German,Visa,,Phone Booking
511a4eb9-e5aa-4195-8f31-9ca4898602a8,Lynda,Morley,lynda50@outlook.com,+44 7941 491738,GB,Europe,North Susanfort,F,Leisure,2024-08-19 04:41:58,Basic,Email,True,English,Mastercard,,Corporate Contract
3a5fb909-2ef2-47d0-a495-4ca9a2f3d450,Anne,Adam,anne58@acme.com,+33 919 829 4065,FR,Europe,Jourdan-les-Bains,F,Business,2023-08-20 06:56:34,Non-Member,Email,True,French,Apple Pay,"High Floor, Non-smoking",Phone Booking
4f309784-25a7-4fb8-b3fd-e68826328c71,Aimee,Dodd,aimeed@gmail.com,473-372-8957,US,North America,Peacockchester,F,Group,2020-08-26 10:34:02,Silver,SMS,False,English,Mastercard,,Walk-in
b4fab2f8-a01b-4c41-90d9-1026a0b28cea,Lorraine,Stewart,lorraine_stewart@hotmail.com,(848) 077-3386,US,North America,Lake Martinside,F,Leisure,2024-04-30 11:36:22,Basic,Email,True,English,Visa,,Phone Booking
c8074c5d-16d9-4b3a-a2cb-5fc72e7d24aa,Ruth,Giles,ruth.giles@cyberdyne.com,+1 469 936 5026,MX,North America,Grahamside,F,Business,2019-04-24 12:02:55,Basic,Email,True,English,Visa,,Walk-in
b5701cf8-9d84-40e0-99a8-4c0cf6df23b8,Ryan,Oliver,ryano@gmail.com,+1 926 965 7294,MX,North America,Mitchellfurt,M,Leisure,2023-03-28 09:39:30,Non-Member,SMS,True,English,Visa,,Walk-in
d279e059-925b-4521-92f1-a6065f4ee883,Fiorino,Montanari,fiorinom@outlook.com,+1 283 247 4944,IT,Europe,Marchesa,M,Family,2020-08-20 01:40:18,Silver,Email,True,Italian,Visa,,Phone Booking
0635791b-18ff-4c98-9273-09739466ef1b,Estela,Flor,estela_flor@gmail.com,+1 301 902 8495,ES,Europe,Santa Cruz de Tenerife,F,Group,2020-02-16 08:50:05,Basic,Email,True,Spanish,Mastercard,,OTA Referral
213f872b-c7cf-4a81-a105-9af6978a89b9,Timothy,Gibson,timothy_gibson@acme.com,+1 677 277 6398,CH,Europe,Jonesburgh,M,Business,2021-12-27 18:59:59,Non-Member,Email,False,English,American Express,,Website Direct
6283a0a1-86d7-40ee-98e9-475e881fbeed,波,林,波_林@gmail.com,477 5811 0459,CN,Asia Pacific,Hillmouth,M,Business,2020-02-11 10:14:35,Non-Member,Email,False,Chinese,Visa,Non-smoking,OTA Referral
423570eb-2202-4699-9945-31caaea30d79,Ashley,Fry,ashleyf@outlook.com,+1 747 122 8684,CA,North America,Whitehousemouth,M,Leisure,2020-02-08 17:39:00,Platinum,Email,False,English,Visa,Wheelchair Accessible,OTA Referral
5f2a9fcb-8bc3-4b02-8abe-5287f844045f,Kim,Humphreys,kim.humphreys@gmail.com,+1 537 498 2514,MX,North America,Adamchester,F,Group,2023-08-16 16:27:05,Basic,Email,False,English,Mastercard,,Phone Booking
de999434-4fc3-4a3b-a9f7-e9dc7d6364fe,Cameron,Walton,cameron.walton@umbrellacorp.com,+1 368 340 1841,CA,North America,Lake Dawnmouth,M,Business,2023-03-13 00:47:36,Non-Member,None,True,English,American Express,,Phone Booking
eabf168a-243f-4038-98d5-e53a13d70ff8,Jeremy,Taylor,jeremy18@gmail.com,+1 835 663 1726,MX,North America,Jonathanbury,M,Leisure,2022-06-17 19:29:45,Silver,Email,False,English,Mastercard,,Website Direct
42216212-9d60-4141-a388-6e811ef60c52,Danielle,Bryan,danielle26@gmail.com,,US,North America,West Valerie,F,Leisure,2019-01-11 02:54:33,Non-Member,SMS,False,English,Visa,,Corporate Contract
b609b4e5-436d-4945-a2b1-8515006c1877,Enrique,Larrañaga,enrique_larrañaga@globex.com,+1 918 226 8001,ES,Europe,Jaén,M,Business,2021-03-24 01:58:50,Silver,Email,True,Spanish,Visa,,Walk-in
2000f0ba-336e-4bf4-8317-b081b6039b74,Leonard,Hussain,leonard59@gmail.com,+1 696 638 6192,TH,Asia Pacific,South Joshua,M,Leisure,2021-04-19 06:52:31,Non-Member,Email,True,English,American Express,,Phone Booking
d344b0b1-b4e7-4d4f-8626-b1c0ec7d99ea,Martine,Salmon,martine_salmon@yahoo.com,+33 755 849 2287,FR,Europe,Rémy,F,Business,2019-01-23 03:03:55,Gold,SMS,True,French,Visa,,Walk-in
9a7f470d-c71f-49ac-a2e1-e2aa64a1917f,Jenna,Thompson,jthompson@gmail.com,511-308-4903,US,North America,Leighstad,F,Leisure,2022-04-24 14:36:20,Gold,SMS,False,English,Visa,,Walk-in
a16f30d2-d8f5-4f03-ac8d-4b65e53ac7b4,Gordon,Potter,gordon_potter@umbrellacorp.com,+91 404 542 3159,IN,Asia Pacific,Ryanville,M,Business,2019-12-03 22:47:58,Silver,Email,True,English,Visa,,Corporate Contract
db784e1f-5270-4cca-9c5e-caf4a486b6f2,René,Albert,ralbert@waynecorp.com,+33 177 399 6800,FR,Europe,Dufourboeuf,M,Business,2023-04-06 22:40:43,Non-Member,SMS,False,French,Visa,,Walk-in
294b60de-7b3f-483f-8506-a08025c7c380,Hugh,Scott,hugh_scott@initech.com,+1 849 300 7006,MX,North America,Owenton,M,Business,2022-09-27 18:24:44,Silver,SMS,False,English,American Express,,Corporate Contract
ddb8b35f-433e-4d4e-9e36-1e80ff78b5ef,Mohammad,White,mohammad19@outlook.com,+1 958 289 2120,CA,North America,Port Angelashire,M,Group,2019-02-14 21:59:02,Silver,Email,False,English,Visa,,Phone Booking
735fcb28-4aac-4c67-857c-8d4c0fcec29c,Carolyn,Potts,carolyn26@icloud.com,498-157-6985,US,North America,Port Charlie,F,Leisure,2020-07-13 09:26:49,Gold,Email,True,English,American Express,,Corporate Contract
9e1ac50b-9cf5-4176-b02b-5e0f6a22b916,Pauline,Moore,paulinem@outlook.com,+1 533 388 9936,SG,Asia Pacific,New Raymondstad,F,Family,2020-06-01 01:27:18,Non-Member,Email,True,English,PayPal,,Phone Booking
ad87a50f-81c6-4986-92bd-d047bccf5594,현숙,남,현숙남@gmail.com,+1 825 420 3428,KR,Asia Pacific,New Eric,F,Leisure,2019-06-03 14:16:48,Basic,Email,False,Korean,Mastercard,,OTA Referral
4d2224ec-8ea7-4bec-a49a-bdfc7b492eef,Callum,Jones,cjones@gmail.com,+1 400 611 2866,SE,Europe,Port Zoeshire,M,Leisure,2024-05-10 00:21:08,Non-Member,SMS,False,English,American Express,,OTA Referral
4080a4de-0332-4649-b965-f1dd3a4aa9fc,Christopher,Marshall,christopher_marshall@starkindustries.com,+1 570 521 4811,MX,North America,North Robin,M,Business,2023-10-05 15:44:10,Non-Member,Email,False,English,Mastercard,,OTA Referral
ac6e0c05-8259-408f-997f-2bd12af645d7,建国,张,建张@outlook.com,+86 175 7901 291,CN,Asia Pacific,Lake Jeffreybury,M,Family,2020-02-05 21:16:41,Platinum,Email,True,Chinese,Mastercard,,Phone Booking
f1c6f5ce-4751-433f-9961-f4247214060c,Iain,Brown,iain_brown@gmail.com,+1 391 333 4385,SE,Europe,Fosterville,M,Leisure,2024-10-09 17:56:00,Non-Member,Email,True,English,PayPal,,Corporate Contract
1cb6bc4b-9aeb-49fe-9e57-0eeddd355cda,Ashley,Stephenson,ashley37@hotmail.com,+1 598 915 3697,NL,Europe,South Carolview,M,Leisure,2022-04-28 02:21:47,Platinum,Email,False,English,Mastercard,,Phone Booking
eecfcda7-d52e-4ad5-a7e5-802e5f4cee55,Louise,Fabre,louisef@globex.com,+33 658 421 9084,FR,Europe,Blancboeuf,F,Business,2020-05-13 10:26:42,Silver,SMS,True,French,Visa,Late Check-out,OTA Referral
f35fdb80-5e2c-4eb7-827f-b7ec18c1614a,Ann,Mills,ann_mills@yahoo.com,+1 466 531 6522,MX,North America,Hallview,F,Family,2019-10-24 08:23:50,Basic,Email,True,English,Visa,,Corporate Contract
0c22594c-2c15-4013-a6f2-3ae33f7d786f,Alison,Jones,alison56@dummycorp.com,+1 676 540 9651,SE,Europe,Morrisville,F,Business,2022-04-04 20:01:09,Basic,Email,False,English,Visa,,Walk-in
62132623-292b-44b9-937d-1e21c11cd464,伟,贾,伟贾@outlook.com,584 1940 5638,CN,Asia Pacific,West Billy,M,Group,2020-01-23 01:05:33,Non-Member,SMS,True,Chinese,Mastercard,"Early Check-in, High Floor",Corporate Contract
3a3b9eba-0abd-457e-9076-3f8ac41dddcc,Jeannine,Lindau,jeannine.lindau@hotmail.com,+49 509 145440,DE,Europe,Lippstadt,F,Business,2020-02-13 19:12:11,Gold,Email,True,German,Mastercard,,Phone Booking
9ea2df00-c81c-453b-b483-54b7183ea276,Luka,Käster,luka_käster@gmail.com,+49 612 464117,DE,Europe,Kamenz,F,Business,2023-03-30 16:16:22,Basic,Email,False,German,Visa,Late Check-out,Phone Booking
5cab5779-7071-4306-acd1-7a301ea25946,서윤,심,서윤92@outlook.com,+1 126 895 9029,KR,Asia Pacific,East Declanborough,F,Leisure,2024-07-09 12:07:19,Non-Member,SMS,True,Korean,Apple Pay,,Walk-in
a8c9d243-d093-48cb-88f8-cfb567d22bae,Sandra,Jackson,sandra36@gmail.com,+1 539 544 4735,MX,North America,South Kirstymouth,F,Leisure,2024-10-22 09:37:22,Basic,SMS,True,English,Visa,Wheelchair Accessible,Walk-in
c4b52d24-6706-4ac4-8b9a-fbc1963a7f3b,George,Thomas,gthomas@hotmail.com,+1 299 646 9606,SE,Europe,South Rachel,M,Family,2020-11-01 01:36:22,Basic,Email,False,English,Visa,,Website Direct
1bfb5c85-9ffb-4e3e-ae42-aa766b5d4831,Jack,Murray,jack8@gmail.com,+1 650 196 6747,MX,North America,Port Jessicaton,M,Business,2024-01-05 12:11:55,Silver,Email,False,English,Mastercard,,Corporate Contract
05b9de37-fd96-4f2e-877f-9545d84051c3,Rhys,Walker,rhys38@yahoo.com,+1 549 589 1291,TH,Asia Pacific,West Amber,M,Leisure,2023-09-08 15:31:04,Silver,SMS,True,English,Mastercard,"Late Check-out, Non-smoking",Website Direct
e52e81ac-edbd-47e9-acf7-1fcac9b2413a,淑兰,王,淑王@gmail.com,+86 259 5038 785,CN,Asia Pacific,Craigfort,F,Family,2020-11-05 17:45:50,Basic,SMS,True,Chinese,Mastercard,,Website Direct
2f5e770f-2dcc-4f6c-9eb1-fccbec84cc0a,千代,中村,千中村@globex.com,+81 877 424 1408,JP,Asia Pacific,East Amelia,F,Business,2024-10-21 21:35:02,Silver,Email,False,Japanese,Apple Pay,,OTA Referral
bf53c4f7-2606-491d-bbab-242acf82b391,Lawrence,Robson,lrobson@umbrellacorp.com,+1 231 476 2299,KW,Middle East,North Nataliemouth,M,Business,2024-09-26 11:28:07,Non-Member,Email,False,English,American Express,,Website Direct
95846375-3c60-46b9-a98e-53c60fc15816,Felicia,Ocaña,felicia28@globex.com,+1 456 762 8820,ES,Europe,Ciudad,F,Business,2021-11-01 09:01:05,Gold,SMS,True,Spanish,Visa,,Website Direct
ebc25052-9c6e-4479-ad7b-e8c2a34e3d43,Olivia,Walsh,oliviaw@icloud.com,+1 829 422 7877,SG,Asia Pacific,Lake Kim,F,Family,2024-04-28 15:01:38,Silver,Email,False,English,Mastercard,,OTA Referral
a961a51a-d2d2-4d6d-bc63-aaf42525962b,Sally,Taylor,staylor@gmail.com,+1 379 129 6998,SE,Europe,Bethanyland,F,Leisure,2024-10-03 00:56:25,Silver,SMS,True,English,Mastercard,,Website Direct
bb51e5a5-9ec8-44f6-a087-f29a80693a1f,باسمة,آل سعود,باسمةآ@yahoo.com,+971 294 296 9232,AE,Middle East,Baileystad,F,Business,2019-01-25 09:15:09,Gold,SMS,False,Arabic,American Express,,Corporate Contract
68a0cf77-56c1-46f7-a979-47b14ccc9482,Barry,Kennedy,barry14@yahoo.com,+91 743 452 8737,IN,Asia Pacific,East Howard,M,Business,2023-06-20 07:49:08,Non-Member,Email,True,English,Visa,,OTA Referral
4b5ba438-8252-40d7-813b-bf2e833a02a7,磊,阳,磊.阳@gmail.com,762 4778 2262,CN,Asia Pacific,South Russell,M,Leisure,2021-05-01 09:22:47,Non-Member,Email,False,Chinese,Mastercard,,Phone Booking
9016fcfa-72f8-4102-94c0-1775000fda38,Vanessa,Powell,vanessap@acme.com,+1 906 977 8434,KW,Middle East,South Dawnfort,F,Business,2024-03-22 22:44:59,Basic,Email,True,English,Mastercard,,Phone Booking
7edb471b-3e45-429d-9c14-14842f64e198,Fortunata,Ciani,fciani@gmail.com,+1 403 379 6692,IT,Europe,Mombretto,F,Group,2019-12-04 17:29:23,Silver,Email,True,Italian,Visa,,Phone Booking
22832906-2ce3-4fba-8253-4b560c49d7f5,جسور,الجابر,جسور33@acme.com,+1 849 766 3926,SA,Middle East,South Garry,M,Business,2019-04-10 02:58:51,Basic,Email,False,Arabic,Visa,,Corporate Contract
40fd278f-4634-4bb2-971c-51517b958d14,Dylan,Johnson,guest@email.com,+1 983 493 5300,MX,North America,North Ann,M,Leisure,2024-10-06 20:56:07,Basic,Email,True,English,Mastercard,"Wheelchair Accessible, Early Check-in",Walk-in
962e29ce-9230-4bdb-8e24-dd082b1a3328,Rosemary,Moss,rmoss@gmail.com,+1 403 516 2574,SG,Asia Pacific,North Naomi,F,Business,2023-06-21 09:09:16,Silver,Both,True,English,Google Pay,,Website Direct
80376578-e672-434a-9ead-1c2a8822d099,옥자,김,옥김@tyrellcorp.com,+1 923 747 3731,KR,Asia Pacific,Mitchellberg,F,Business,2024-10-05 02:50:09,Basic,Email,True,Korean,Mastercard,,Walk-in
99842d10-a2ce-4421-b256-8de518a65192,Barry,Wilson,barry65@acme.com,+1 179 561 7102,MX,North America,Stevensberg,M,Business,2023-03-21 16:41:43,Basic,None,True,English,Visa,,Corporate Contract
0a52bbc4-b0bd-466b-9e7e-6692bd7e0bf9,Stacey,Moss,stacey_moss@yahoo.com,+1 415 941 7419,MX,North America,Leslieville,F,Family,2020-07-07 07:07:45,Gold,Email,False,English,Mastercard,,Website Direct
bcec5c7e-65c9-4080-94d2-7cb6cdcf0471,Malcolm,Finch,malcolm89@icloud.com,+44 6342 891977,GB,Europe,Carlyburgh,M,Family,2024-10-25 02:14:09,Basic,Email,False,English,Mastercard,,OTA Referral
1ad2f9f5-3a44-453b-b8cb-2f0106707d97,Oliver,Martin,oliver_martin@globex.com,+1 664 136 5704,MX,North America,Kellyshire,M,Business,2022-03-08 16:55:00,Non-Member,Email,True,English,Visa,,Walk-in
382fdb9e-1cfd-46e9-aae4-f276910cd665,Duncan,Banks,duncanb@gmail.com,(562) 654-3679,US,North America,South Josephine,M,Leisure,2019-04-11 11:15:21,Basic,Email,False,English,Visa,,Phone Booking
da5bc44f-8ead-4ad5-af9c-69c37d57f8bf,William,Harper,william.harper@gmail.com,(850) 002-5148,US,North America,Lake Jemmaborough,M,Leisure,2021-01-12 22:47:46,Silver,Email,True,English,Visa,,Walk-in
d03b50df-f20f-48ae-8165-4f298543c37a,Shirley,Sanderson,shirley.sanderson@hotmail.com,+1 424 467 5813,SE,Europe,Deborahshire,F,Leisure,2022-05-13 14:26:47,Non-Member,SMS,False,English,Visa,,Corporate Contract
f33325ce-c076-44d8-9b6e-7fa08db3ce82,غازي,الجفالي,غالجفالي@gmail.com,+1 553 842 1332,SA,Middle East,Terryville,M,Group,2021-09-20 10:18:58,Non-Member,SMS,True,Arabic,PayPal,,Walk-in
927cea08-02f2-4406-a6c5-a7a7dcc4e217,예진,이,예진이@gmail.com,+1 706 797 3434,KR,Asia Pacific,East Holliefurt,F,Leisure,2022-06-24 20:58:27,Silver,Email,True,Korean,Visa,,Walk-in
84fb8bad-29fe-4e88-a202-4fdba2ffb2f9,Juan Luis,Tejedor,juan luis2@outlook.com,+1 867 177 1747,ES,Europe,Navarra,M,Leisure,2021-05-03 04:26:15,Non-Member,Email,True,Spanish,Visa,,Corporate Contract
97a46470-8f9d-4da0-9927-475abad8b216,Marc,Walsh,marc_walsh@umbrellacorp.com,+91 438 683 8362,IN,Asia Pacific,O'Donnellshire,M,Business,2023-12-07 19:12:36,Silver,Email,True,English,Visa,,Corporate Contract
6046f036-1f1a-41c3-a57b-add2a83dda47,Natasha,Stokes,natashas@gmail.com,+1 393 377 8335,MX,North America,New Raymondberg,F,Family,2024-04-30 12:41:28,Silver,Email,True,English,American Express,,Website Direct
ac9d8e79-829c-40a3-97c9-5ac3437702dc,Joan,Rees,joan23@globex.com,+1 856 770 4592,CA,North America,Laurenfurt,F,Business,2023-06-14 17:51:07,Gold,Email,False,English,Visa,,Corporate Contract
48ba3365-dd1b-4e08-9c47-b7625912cced,Ashley,Jones,ashley_jones@hotmail.com,+1 805 341 6405,MX,North America,Andrewmouth,M,Business,2022-06-14 02:49:09,Basic,Email,True,English,Visa,,Phone Booking
345fb9dd-71ee-4c89-b05a-a6d363a4e622,지아,김,지아김@gmail.com,+1 310 377 6290,KR,Asia Pacific,North Craig,F,Business,2024-07-10 22:52:34,Basic,Email,False,Korean,Visa,,Website Direct
746e3c19-ec32-4e44-8d18-89b1d5854f69,Billy,Clarke,billy.clarke@icloud.com,108-080-6401,US,North America,Port Mathewland,M,Group,2022-01-09 20:22:13,Basic,Email,True,English,Apple Pay,,Corporate Contract
39e38686-f160-45ec-9dfa-ad027c019255,Geraldine,Pärtzelt,geraldine_pärtzelt@outlook.com,+49 4550/300758,DE,Europe,Großenhain,F,Leisure,2021-09-05 10:18:28,Basic,Email,False,German,American Express,"Wheelchair Accessible, Early Check-in",Website Direct
47358be4-f8e8-4299-ada8-590607a3e4b8,Jacob,Robertson,jacobr@icloud.com,+1 724 448 6973,CA,North America,East Francescaland,M,Group,2019-09-04 19:34:01,Basic,Email,True,English,Google Pay,,Website Direct
52d01b06-d986-4890-98cc-8366baea5c38,René,Jean,guest@email.com,+33 919 735 4861,FR,Europe,Saint Isaac,M,Leisure,2022-08-23 14:40:59,Basic,Both,True,French,Visa,,Website Direct
e1c194b4-d4e4-4f41-960d-c712f1aed90d,Ronald,Cooke,ronald92@gmail.com,+61 469 949 4012,AU,Asia Pacific,Hollowaybury,M,Group,2023-07-23 07:02:08,Non-Member,Email,True,English,Mastercard,,Walk-in
89bed9cf-e917-4623-a3ae-2007ec9c07d2,Nicole,Silveira,nicole_silveira@example.br,+55 328 638 4140,BR,South America,South Sam,F,Business,2023-07-11 19:09:45,Basic,Email,True,Portuguese,Mastercard,,Walk-in
e7a5ef2e-08a3-4527-bfd7-64fb546e7a65,Sylvia,Burrows,sylviab@gmail.com,+44 9993 102344,GB,Europe,West Lauren,F,Business,2022-01-19 16:53:28,Silver,Email,False,English,Mastercard,,Walk-in
4afe1789-1518-4d2c-a5c8-40d92c2cf246,Ricky,Edwards,rickye@gmail.com,+1 688 844 4545,MX,North America,Jonesfurt,M,Leisure,2024-10-11 13:29:04,Basic,Email,True,English,PayPal,High Floor,Phone Booking
63590f2c-0d39-465f-92e9-a6880239a0e4,Stéphane,Louis,slouis@outlook.com,+33 680 857 6346,FR,Europe,MarchalBourg,M,Leisure,2024-10-16 00:35:17,Non-Member,SMS,False,French,Google Pay,,Phone Booking
8b882265-f4c5-46ac-96f5-3be43dc93020,Denise,Wilkinson,denise.wilkinson@gmail.com,+1 697 687 6178,TH,Asia Pacific,Barnestown,F,Leisure,2024-08-29 18:30:26,Non-Member,Email,True,English,Mastercard,,Walk-in
3bfea813-5843-45cb-a0ff-74ad1e727277,丽娟,曹,丽娟19@oscorp.com,767 8819 1827,CN,Asia Pacific,Garethside,F,Business,2021-08-31 04:15:54,Silver,SMS,True,Chinese,Visa,,Phone Booking
97d6b4f8-887a-4dd6-a414-75fe61316820,Shannon,Banks,shannon.banks@waynecorp.com,+1 470 695 6209,TH,Asia Pacific,East Donald,F,Business,2019-07-18 01:49:02,Silver,SMS,True,English,Visa,,Corporate Contract
017bf4e7-5545-4703-a4f2-515da54e4f7f,Grace,Barnes,graceb@yahoo.com,+1 486 617 9385,QA,Middle East,New Jaketon,F,Leisure,2023-05-21 08:23:13,Platinum,SMS,False,English,PayPal,,Corporate Contract
140b6716-3123-4c60-a6cc-97c5637efd09,康弘,高橋,康弘.高橋@gmail.com,+81 589 503 1316,JP,Asia Pacific,New Kyleborough,M,Leisure,2020-09-15 08:41:27,Platinum,SMS,False,Japanese,PayPal,,Corporate Contract
bff9235d-945f-4259-80a7-74fdd5160827,杨,黄,杨黄@acme.com,+86 359 7326 958,CN,Asia Pacific,Amyburgh,M,Business,2020-10-07 04:15:41,Gold,Both,False,Chinese,American Express,,Website Direct
ba7a3335-aedc-4985-8e16-e3574b121fd7,Stanley,Miles,stanley_miles@gmail.com,,NG,Africa,Jasminehaven,M,Leisure,2022-01-24 08:09:00,Silver,SMS,True,English,Mastercard,,Corporate Contract
253f1695-c52b-43cb-99b0-060fd3480b46,秀芳,李,秀芳55@outlook.com,+86 398 8955 954,CN,Asia Pacific,Jacksonport,F,Group,2024-04-14 18:18:22,Basic,Email,True,Chinese,Visa,,Walk-in
a6863fed-5e5f-4293-ad8e-e4b3d41ea1cf,Gail,Smith,gail.smith@gmail.com,+1 829 970 5570,CA,North America,West Jennifershire,F,Family,2019-02-28 22:12:01,Basic,Both,True,English,Mastercard,,Website Direct
daef20e5-ab06-4dc4-84f4-3b333ad3bc87,Luke,Walker,luke.walker@gmail.com,+1 997 126 4808,TH,Asia Pacific,New Ashley,M,Group,2022-02-09 07:24:52,Non-Member,Email,False,English,Visa,"High Floor, Late Check-out",Website Direct
22663231-7d20-435d-8e93-34df51e03b31,Brett,Doyle,brett39@gmail.com,000-000-0000,MX,North America,Mistrymouth,M,Leisure,2023-06-15 04:43:03,Non-Member,SMS,True,English,Visa,,Walk-in
a40f9f33-d8c3-4ff9-bf5f-8488fec281a5,Josephine,Whitehead,josephine61@hotmail.com,+1 638 390 1034,SE,Europe,New Graeme,F,Group,2023-01-20 21:07:19,Basic,Email,False,English,Visa,,Walk-in
97eace59-f831-4621-99a8-d37c018e1744,洋介,林,洋介.林@dummycorp.com,+81 479 711 8743,JP,Asia Pacific,New Jade,M,Business,2024-08-05 08:57:37,Non-Member,Email,True,Japanese,Mastercard,Wheelchair Accessible,OTA Referral
de70324e-34da-41bd-bfa5-7c664015c87b,Luke,Harris,lharris@gmail.com,+1 343 516 6047,NL,Europe,Port Samanthamouth,M,Leisure,2022-11-27 13:55:48,Non-Member,Email,True,English,Apple Pay,"Late Check-out, Non-smoking",Phone Booking
5c508887-4a2a-4b4f-a256-9d7c4ed5c880,Eric,O'Brien,eric20@yahoo.com,9596 498 9820,GB,Europe,Johnsonport,M,Group,2021-02-27 04:28:26,Basic,Email,True,English,Visa,Early Check-in,Phone Booking
9e1f0de2-5550-498d-acb8-79b3ee80b380,Ross,Wright,ross.wright@yahoo.com,130-474-1502,US,North America,New Leslie,M,Leisure,2019-06-11 01:02:28,Gold,Email,True,English,PayPal,Allergies,Corporate Contract
26f5c408-6bb7-4424-9e0e-f0775b950e60,篤司,三浦,篤司.三浦@oscorp.com,+81 862 148 1440,JP,Asia Pacific,West Jodieberg,M,Business,2022-04-26 11:02:16,Non-Member,Email,True,Japanese,Mastercard,,Walk-in
012ddb16-e170-4b5e-b443-555dca81eb57,Natalio,Pavón,npavón@outlook.com,+1 559 904 8100,AR,South America,West ثابتside,M,Leisure,2019-04-15 20:44:55,Basic,Email,True,English,Visa,,OTA Referral
1933b939-2733-4c30-ba9c-2c53adee33af,Lindsey,Carter,lindsey25@globex.com,(606) 294-1262,US,North America,Lukeburgh,F,Business,2023-03-27 18:10:07,Basic,Email,True,English,Visa,Non-smoking,Corporate Contract
76ba492d-b56e-4911-8139-c529a689621c,Sian,Dawson,sdawson@gmail.com,+1 684 271 6888,MX,North America,Port Tracyberg,F,Leisure,2023-07-20 23:13:30,Non-Member,Email,True,English,Visa,Early Check-in,Website Direct
19a5bec4-8972-4c50-92d7-34d87a45395f,Carly,Moore,carlym@yahoo.com,982-109-6104,US,North America,Bellview,F,Group,2019-04-13 04:03:09,Non-Member,Both,True,English,Visa,,Phone Booking
654b3445-053b-4881-bdac-1743d2723930,欢,孙,欢_孙@gmail.com,925 1997 0372,CN,Asia Pacific,Karenhaven,M,Leisure,2021-02-12 13:48:23,Non-Member,Email,True,Chinese,Mastercard,,Website Direct
c90ad06f-10b2-45da-83e1-ae792f3d9ee5,Frances,Smith,frances13@dummycorp.com,+1 209 196 7054,SG,Asia Pacific,Malcolmmouth,F,Business,2023-08-15 12:56:01,Platinum,Email,False,English,Mastercard,,Corporate Contract
026aadf6-3743-4346-b0a4-e1acbba5b749,Dino,Pucci,dino.pucci@starkindustries.com,+1 769 933 5116,IT,Europe,Cappuccini,M,Business,2019-07-19 05:52:52,Silver,Email,False,Italian,Apple Pay,,Corporate Contract
b03d7534-3cba-45b3-a4a3-36433290441c,Dominic,Evans,devans@gmail.com,(116) 228-9408,US,North America,East Karen,M,Group,2024-04-17 13:12:40,Basic,Email,True,English,Mastercard,,Website Direct
9f1ec3ea-07bf-493b-969e-9efa48e47632,荣,林,noemail@provided.com,566 1519 4007,CN,Asia Pacific,Lake Philiptown,F,Business,2022-08-03 22:13:29,Silver,Email,True,Chinese,American Express,High Floor,Phone Booking
d1fb7a4b-2143-482a-ab6d-2d9ec811a2e3,승민,김,test@test.com,+1 760 942 6365,KR,Asia Pacific,West Tracy,M,Business,2019-05-17 05:04:15,Non-Member,Both,True,Korean,Visa,,Phone Booking
1d84d122-0a86-4532-bb6f-1feee5c868b7,Rebecca,Wood,rebecca71@gmail.com,+1 112 183 9433,MX,North America,Williamschester,F,Leisure,2022-04-21 20:58:52,Gold,Email,True,English,American Express,,Website Direct
3d84cf03-702a-422c-aff1-3ec0ae91fe6f,Ricky,Murphy,ricky.murphy@gmail.com,+61 849 987 5079,AU,Asia Pacific,Maureenmouth,M,Group,2024-12-11 11:49:43,Basic,SMS,True,English,PayPal,,Phone Booking
1ad1d753-dee1-4a0e-aa08-f9e208c45cd1,Glen,Stanley,glen_stanley@umbrellacorp.com,+1 118 822 4389,TH,Asia Pacific,South Dianebury,M,Business,2020-01-13 01:02:19,Non-Member,Email,True,English,Mastercard,"Allergies, Early Check-in",Phone Booking
0e659163-ce7b-4b67-9db9-406ee263bdff,Rosie,Rees,rosie99@gmail.com,+1 269 570 5378,CA,North America,Stanleyshire,F,Business,2024-01-11 04:52:38,Non-Member,Both,True,English,Visa,,Walk-in
432b1086-1eb1-403d-b199-3fe89c10f34d,지연,백,지연.백@gmail.com,+1 208 263 3463,KR,Asia Pacific,Elliottown,F,Business,2023-01-04 01:13:20,Silver,Both,True,Korean,Mastercard,Allergies,Website Direct
26e4b5c4-8ad4-45dd-a9f7-fb671ee5d226,Dean,Robinson,dean_robinson@hotmail.com,+1 254 589 6048,SE,Europe,Williamsborough,M,Leisure,2021-05-30 00:24:36,Silver,Email,True,English,American Express,,Corporate Contract
c07da465-053e-4b34-b5ba-16b69ef2bc08,정식,박,정식_박@yahoo.com,+1 955 413 9492,KR,Asia Pacific,Ellisland,M,Family,2020-12-16 00:09:37,Basic,Email,True,Korean,Mastercard,,OTA Referral
e81b13e0-39e6-453a-b6de-817069cc3535,Hazel,Reed,hazel_reed@hotmail.com,+1 745 311 8165,SE,Europe,Lake Julian,F,Business,2024-08-23 14:37:24,Basic,Both,True,English,Visa,,Phone Booking
cc858715-2b05-4921-adab-697018a64a58,Ellie,Wilson,ellie56@gmail.com,+1 369 204 6256,MX,North America,Gregoryville,F,Leisure,2020-01-22 18:49:19,Gold,Email,True,English,Visa,"Allergies, High Floor",Walk-in
737dd552-6dfa-4e38-beba-8fa8c706b160,재호,이,재호.이@gmail.com,+1 969 887 2914,KR,Asia Pacific,Jeremyfurt,M,Business,2022-02-15 05:16:03,Basic,Email,True,Korean,Visa,,Corporate Contract
fcb59dfb-382b-48e8-a499-ed6a48f79e75,Beverley,Ali,bali@gmail.com,000-000-0000,SE,Europe,East Abbie,F,Leisure,2023-02-02 09:35:10,Silver,Email,True,English,Visa,,OTA Referral
5ce46e94-324e-4113-9a58-903765bf8951,Jennifer,Fraser,jfraser@hotmail.com,+1 928 592 4427,MX,North America,Johnstonchester,F,Business,2024-05-27 00:45:15,Basic,Email,True,English,Mastercard,,Walk-in
53088b08-33b9-4683-bbf4-dfd5b127403e,Alice,Bevan,alice45@gmail.com,+1 402 531 4380,CL,South America,Farmerland,F,Leisure,2023-09-14 12:59:40,Non-Member,Email,True,English,Visa,,Walk-in
151a5ef2-5f43-4f1b-91f7-b54a1e1acddf,Georgina,Shah,georgina.shah@starkindustries.com,(383) 907-5341,US,North America,Emmabury,F,Business,2020-06-18 03:16:06,Platinum,SMS,False,English,Visa,,Corporate Contract
2ed96adf-f501-426d-8eed-e580617e464e,ترانيم,آل سلطان,ترانيم14@gmail.com,+1 262 557 7200,SA,Middle East,East Allanside,F,Leisure,2024-10-04 11:01:07,Non-Member,Email,False,Arabic,Mastercard,,OTA Referral
ac2aa52f-9e32-41f9-b56c-1d2927730315,Frédéric,Hubert,fhubert@gmail.com,+33 516 628 5616,FR,Europe,Deschamps,M,Leisure,2021-04-28 21:07:51,Non-Member,Email,True,French,Visa,,Corporate Contract
02e3e408-19ce-4637-b0c6-a8defa58b085,Danielle,Watson,danielle6@acme.com,+1 494 529 8380,MX,North America,North Hugh,F,Business,2023-10-25 21:11:12,Basic,SMS,True,English,American Express,,OTA Referral
84caa75e-c71a-4530-8f04-e9b925043cb2,Arturo,Valguarnera,avalguarnera@outlook.com,+1 113 365 5195,IT,Europe,Uppello,M,Leisure,2023-03-11 06:49:46,Non-Member,Email,False,Italian,Visa,,Corporate Contract
02cf8183-6bb2-4bdc-a21e-d9162c5a1e5a,Mattia,Guidone,mattiag@gmail.com,+1 604 987 8854,IT,Europe,Pozzolo,M,Business,2022-09-09 02:05:39,Gold,Email,False,Italian,Mastercard,,Corporate Contract
efe5f1c1-20a4-44a8-9d69-24114de70de9,민서,김,민서31@gmail.com,+1 657 780 8537,KR,Asia Pacific,Nicholasshire,F,Leisure,2019-04-15 11:04:09,Silver,Email,False,Korean,Visa,,Walk-in
06fa974f-97bf-47bf-8c5f-c24095240738,Kimberley,Cross,kimberley.cross@outlook.com,(552) 764-2108,US,North America,Jadeview,F,Business,2024-08-23 22:08:11,Silver,SMS,True,English,American Express,,Phone Booking
1ef166b1-bc71-4096-97b8-e44914c0c174,Carolyn,Jones,carolyn_jones@gmail.com,+1 863 565 3003,MX,North America,New Junemouth,F,Group,2024-01-30 22:42:56,Gold,Both,True,English,Mastercard,,OTA Referral
1fe295c3-9df3-4c8d-ad21-18d90a9c50d3,Marcus,Saunders,marcus_saunders@outlook.com,+61 139 449 8611,AU,Asia Pacific,North Gillian,M,Leisure,2022-06-22 10:54:07,Silver,SMS,True,English,Mastercard,,OTA Referral
6be5e4de-a399-47bf-ab13-b4cf9dd55225,Ivo,Cuzzocrea,guest@email.com,+1 608 620 7540,IT,Europe,Selva Di Grigno,M,Leisure,2021-12-31 22:23:52,Basic,Both,True,Italian,Mastercard,,Walk-in
72669d26-3d55-46b8-bcce-e23e9af168b7,Deborah,Wood,deborah27@gmail.com,+1 422 303 1827,MX,North America,West Judith,F,Business,2024-01-21 09:46:47,Basic,SMS,True,English,Mastercard,,Website Direct
2ea126b7-6762-4d98-a1a8-ffa69f80658b,Corrado,Gullotta,cgullotta@outlook.com,+1 635 689 7971,IT,Europe,Chienes,M,Leisure,2022-08-24 13:32:38,Gold,Email,True,Italian,Visa,,Phone Booking
48a3d7e3-0801-495b-9174-e8c7129ea67b,Alderano,Aulenti,aaulenti@gmail.com,+1 882 654 5712,IT,Europe,Cantoniera Della Presolana,M,Family,2024-01-07 15:36:45,Non-Member,Email,True,Italian,American Express,,Walk-in
6461335e-7bfa-4559-8371-c078f9ff8135,康弘,木村,康弘80@gmail.com,+81 435 979 2229,JP,Asia Pacific,South Ben,M,Leisure,2019-05-04 10:51:16,Basic,SMS,False,Japanese,Mastercard,,Phone Booking
30830bab-2ed5-4ed7-8f8e-53efe33c67d4,영환,김,영환_김@example.kr,+1 389 137 9571,KR,Asia Pacific,Lake Juliaview,M,Business,2023-12-28 19:06:50,Non-Member,Email,True,Korean,Mastercard,,OTA Referral
354db420-5810-4119-96dd-ce83fbdfcb66,Hayley,Carter,hayley_carter@hotmail.com,+1 618 879 8710,EG,Africa,New Carolyn,F,Leisure,2022-09-08 19:50:06,Silver,Email,True,English,Visa,,Walk-in
205001fc-3768-4d3c-a46b-865db67dd4d0,Ellie,Harper,eharper@outlook.com,+1 810 825 9988,CA,North America,East Cheryl,F,Leisure,2019-02-19 19:49:20,Platinum,SMS,True,English,American Express,,Walk-in
41da207e-11d9-4ea9-8e48-3c638d4188a5,Dionigi,Finotto,dionigi_finotto@hotmail.com,+1 124 268 7116,IT,Europe,Caselle,M,Family,2023-09-03 08:53:19,Basic,Email,True,Italian,Visa,,Website Direct
22d82277-402f-4211-83a5-ac7a99999c1e,Bernard,Frost,bfrost@globex.com,+1 183 931 7698,CA,North America,Toddmouth,M,Business,2023-01-06 01:04:07,Platinum,SMS,True,English,Visa,,Phone Booking
0975ab04-a6cd-422a-bcbe-d927e31ad7b3,Charles,Jones,charles75@gmail.com,+1 666 669 4329,MX,North America,Heatherborough,M,Leisure,2020-04-14 13:32:27,Gold,Email,False,English,Visa,,Walk-in
f5c9a12e-91ec-40b4-886a-f4a9bdcb916e,Shirley,Gardner,shirleyg@gmail.com,(814) 178-7082,US,North America,North Elliott,F,Leisure,2021-12-03 00:24:08,Silver,Email,True,English,American Express,,Website Direct
2d1e778a-277d-4ec9-8cc7-7afeaa41e5f1,Joseph,Burgess,josephb@outlook.com,+91 539 649 3301,IN,Asia Pacific,West Denisland,M,Leisure,2019-01-27 14:54:54,Silver,Email,False,English,Mastercard,,Walk-in
0454afc8-8a25-419e-9d16-8de339be9fc0,Shannon,Jones,sjones@example.gb,9159 875 6808,GB,Europe,East Damienport,F,Business,2023-05-24 19:11:59,Basic,SMS,False,English,Visa,,OTA Referral
3b1e190d-a085-4928-9c84-7457c1baccd8,Hayley,Fraser,hayley_fraser@initech.com,(273) 481-8427,US,North America,Walshtown,F,Business,2024-02-12 16:36:55,Basic,Email,False,English,PayPal,,Phone Booking
a5f1c756-ef42-4e93-8221-d696ec5428a1,Dale,Collins,dale_collins@hotmail.com,+1 367 275 2365,MX,North America,Rossmouth,M,Leisure,2024-02-12 05:51:41,Basic,Email,True,English,American Express,,Corporate Contract
3a86fe70-39da-4e7c-95c6-a66e2d104809,Daniela,Cervera,dcervera@outlook.com,+1 809 986 6310,ES,Europe,La Coruña,F,Leisure,2023-10-18 02:18:54,Gold,Email,False,Spanish,Mastercard,,Phone Booking
a3908577-eb9d-49b2-8e37-5ad95ba5637e,Liam,White,liamw@gmail.com,+1 582 525 7753,NL,Europe,Thompsonview,M,Leisure,2019-08-29 07:20:37,Basic,Email,False,English,Mastercard,,Corporate Contract
0e363506-40a5-4b43-a032-a5229c329fa5,Jodie,Doyle,jdoyle@outlook.com,+1 443 727 8581,NL,Europe,Abbieville,F,Business,2020-01-15 01:38:51,Non-Member,SMS,True,English,Visa,Late Check-out,Phone Booking
74aad716-d8e4-4605-a0f3-e906f479647c,Lucy,Hill,lucy86@outlook.com,+1 552 896 7117,CA,North America,Georginaton,F,Family,2023-04-10 13:27:42,Basic,Email,False,English,Mastercard,,Website Direct
525e063d-17fa-4d4e-883f-763bb8eb1dfb,Katie,Baker,katie_baker@example.nl,+1 516 972 4590,NL,Europe,New Stephanieton,F,Business,2023-03-22 03:22:53,Basic,Both,True,English,American Express,,Phone Booking
5089d534-7a00-4c1f-be96-a04ae24976be,Kelly,Fisher,kellyf@umbrellacorp.com,+91 668 519 4278,IN,Asia Pacific,Stephanietown,F,Business,2021-03-23 20:36:18,Gold,SMS,True,English,American Express,,Walk-in
dce0152b-546b-483d-9846-6cd0117ca295,Jean,Dawson,jeand@yahoo.com,(367) 593-0044,US,North America,Carolynhaven,F,Business,2019-01-19 15:31:19,Silver,Email,False,English,Visa,,Website Direct
be1eb52e-1fae-4812-bbf3-12661a945f58,지원,권,지권@gmail.com,+1 896 436 1816,KR,Asia Pacific,Masonbury,F,Group,2024-05-22 15:12:35,Basic,Email,True,Korean,Mastercard,,Phone Booking
6ad2a6fc-482b-48f4-ad15-b9dceefaf2e7,Bernard,White,bernard_white@example.co,+1 906 714 1234,CO,South America,Thomasberg,M,Business,2023-03-17 19:32:53,Silver,Email,True,English,Apple Pay,,Corporate Contract
06ca3a0c-3289-4b86-a8c6-5f7af70ff8ee,Bryan,Johnson,bryan.johnson@gmail.com,+1 758 873 6577,CA,North America,New Junehaven,M,Business,2023-12-26 05:24:20,Gold,None,False,English,Apple Pay,,Corporate Contract
4bdaf4de-fa8f-4a55-ac74-2c980bbabdc0,Nigel,Barnes,nbarnes@globex.com,+91 309 472 6943,IN,Asia Pacific,East Denis,M,Business,2024-02-01 11:43:03,Non-Member,Email,False,English,Mastercard,,Walk-in
72003e86-5a4c-44c7-ab5b-7d2a9ff48db0,くみ子,田中,くみ子田@gmail.com,+81 636 980 9649,JP,Asia Pacific,New Jordanborough,F,Family,2021-10-19 01:11:48,Silver,Email,False,Japanese,Visa,,Corporate Contract
258cb65f-3683-427f-a59a-af6a456ff721,Julia,Simmons,julia_simmons@acme.com,680-380-9689,US,North America,Leonbury,F,Business,2022-08-02 17:46:10,Basic,Email,True,English,American Express,,Corporate Contract
6e264ffe-42ee-4c2e-9a4b-e5d520f895f2,加奈,岡田,加奈_岡田@icloud.com,+81 134 850 4698,JP,Asia Pacific,Katherinefort,F,Business,2019-09-02 04:10:25,Platinum,Email,True,Japanese,PayPal,,OTA Referral
f0354ddb-ebbb-4ccc-83c6-007eb3153417,Matthew,Sutton,matthews@yahoo.com,+1 318 876 8539,NL,Europe,West Benjaminborough,M,Leisure,2024-11-27 06:47:21,Basic,Email,True,English,Visa,,OTA Referral
00880642-5831-41a7-95e3-c8570bbde67c,Henry,Shepherd,henrys@hotmail.com,+91 739 824 6092,IN,Asia Pacific,Lake Josephineville,M,Group,2019-03-05 15:25:04,Non-Member,Email,False,English,Visa,"Wheelchair Accessible, Allergies",Phone Booking
f905eedb-3331-4014-a8ef-21880eb508bb,Tom,Taylor,tom64@gmail.com,+1 771 659 2006,CH,Europe,Hillside,M,Family,2024-06-12 21:11:25,Basic,Email,False,English,Mastercard,,OTA Referral
ae1aefac-7707-4713-ba8c-a048f7ec9ed3,영식,김,영식김@icloud.com,000-000-0000,KR,Asia Pacific,New Ameliamouth,M,Leisure,2020-08-31 11:40:31,Platinum,Email,True,Korean,Mastercard,,Website Direct
aaf99765-fadc-43d0-bf04-295786c13562,Christine,Faivre,christine_faivre@outlook.com,+33 559 539 2919,FR,Europe,Mendès,F,Business,2022-07-02 10:09:29,Gold,Email,True,French,Mastercard,,Walk-in
d544a28a-ee77-416f-a343-249c6d746395,Roger,Patel,roger.patel@gmail.com,+1 351 456 7877,QA,Middle East,South Frederickton,M,Family,2021-04-08 13:58:53,Gold,Email,True,English,Visa,,Website Direct
141b392e-0cc2-4f0e-ae68-9233cbc511a9,Leigh,Young,lyoung@gmail.com,766-899-3834,US,North America,South Lisa,M,Leisure,2023-07-11 03:43:57,Basic,SMS,False,English,American Express,,OTA Referral
4d1dca48-5629-4cfc-81ec-2650d520a89d,Costantino,Gasperi,cgasperi@gmail.com,+1 854 558 2528,IT,Europe,Cittareale,M,Leisure,2022-03-15 18:31:50,Silver,Email,True,Italian,Mastercard,,Walk-in
9f098a24-62fd-4e18-afd5-572f4c0e74d5,Louis,Rodrigues,louis.rodrigues@tyrellcorp.com,+33 147 569 7769,FR,Europe,Sainte Josephnec,M,Business,2023-12-29 15:20:57,Non-Member,SMS,False,French,Visa,,Corporate Contract
74a07608-743b-4e35-9275-9f083b80c6ab,Melanie,Campbell,melanie36@dummycorp.com,+91 478 568 6444,IN,Asia Pacific,North Leighfurt,F,Business,2019-10-11 22:55:42,Silver,Email,True,English,American Express,,Phone Booking
ee44d21f-a742-405d-a03c-c2dac3bb5835,Graham,Clements,graham.clements@initech.com,+1 457 513 1944,KE,Africa,New Abigail,M,Business,2020-01-21 06:57:12,Basic,Email,True,English,Visa,,Walk-in
94a47e93-3dc0-4eb6-b7c1-abf46e81ffac,淑华,宋,淑华.宋@gmail.com,+86 369 8196 870,CN,Asia Pacific,Declanchester,F,Group,2023-01-28 03:14:24,Non-Member,Email,True,Chinese,Apple Pay,,Website Direct
0976c6ab-d191-4ba3-9766-ef3a8fa8b9cb,Arnulfo,Murialdo,arnulfo_murialdo@hotmail.com,+1 696 502 5382,IT,Europe,Sant'Antonio Di Pontecagnano,M,Leisure,2021-05-20 03:07:21,Silver,Email,True,Italian,American Express,,Corporate Contract
7c9de99f-16de-4958-a05e-030f67cd1287,Guido,Casagrande,gcasagrande@icloud.com,+1 682 629 1957,IT,Europe,Crocevie,M,Leisure,2022-06-24 12:52:00,Silver,Email,True,Italian,American Express,,Walk-in
a54f8e75-278f-4bd3-b69b-e2394d2dc883,Tina,Murray,tina_murray@dummycorp.com,+1 268 914 8959,MX,North America,South Bethany,F,Business,2020-04-14 17:30:08,Gold,Email,True,English,Mastercard,,OTA Referral
3779180b-b4d2-40cd-90a5-f7baace93620,Alison,Berry,alison.berry@hotmail.com,+1 110 601 7749,MX,North America,Priceburgh,F,Leisure,2022-08-22 01:48:29,Gold,Email,True,English,American Express,,Corporate Contract
bb0f968a-a4bb-45bf-bcef-e65bb773da66,Adem,Mans,adem.mans@dummycorp.com,+49 4716/638209,DE,Europe,Wolmirstedt,M,Business,2021-01-04 06:36:24,Basic,Both,False,German,American Express,,Corporate Contract
d9129953-ceb6-4da8-b5a1-40ec3e511fec,Luke,Bruce,lbruce@hotmail.com,+1 834 576 7884,KW,Middle East,Ianview,M,Leisure,2023-06-26 23:07:05,Non-Member,Email,True,English,Visa,,Phone Booking
6e21f0b1-7fd4-472f-92f9-64850fbdc8f2,Elizabeth,Smith,elizabeth.smith@cyberdyne.com,+44 5337 811516,GB,Europe,Lambmouth,F,Business,2023-06-01 02:38:33,Basic,Email,False,English,Apple Pay,,Walk-in
2818b897-0c65-4687-9bc1-d7f5ff6f26b7,Simon,Smith,simon_smith@hotmail.com,+91 714 414 3502,IN,Asia Pacific,Watsonberg,M,Leisure,2024-11-01 07:21:53,Basic,Email,False,English,American Express,,Website Direct
b5d6f60f-7192-42db-9719-a24ddc0e54ff,学,高橋,学.高橋@gmail.com,+81 366 927 8401,JP,Asia Pacific,New Fionafurt,M,Leisure,2023-08-14 07:08:35,Silver,Email,False,Japanese,Mastercard,Late Check-out,OTA Referral
b1c2f5dc-312e-4afd-9ce5-0d7cc3cd4d91,Kevin,Turner,kevin_turner@outlook.com,+1 437 310 9655,TH,Asia Pacific,Berryview,M,Leisure,2020-05-13 04:41:46,Basic,Both,False,English,Mastercard,"Wheelchair Accessible, Early Check-in",Phone Booking
d01fa2c8-9ae6-43d9-8da3-97956213a707,Lindsey,Harris,lindsey41@yahoo.com,+1 645 778 7945,MX,North America,Terencefurt,F,Leisure,2020-01-01 16:11:48,Non-Member,Email,True,English,Visa,,OTA Referral
dcb1dc77-bc78-4a79-b397-1d2fea776330,里佳,森,里森@outlook.com,+81 695 497 3177,JP,Asia Pacific,Lake Lawrence,F,Leisure,2021-01-20 10:02:46,Non-Member,Email,True,Japanese,Mastercard,,Walk-in
e8002263-a80d-4b7a-8b61-1af0ddb58f33,Elliott,Ashton,eashton@gmail.com,+1 387 299 3722,SG,Asia Pacific,West Douglas,M,Leisure,2022-01-04 10:32:58,Platinum,Email,True,English,PayPal,,Corporate Contract
a6651e58-aee9-4803-afee-359e9290dbd5,William,Jenkins,williamj@globex.com,+1 473 592 7455,CA,North America,Wrightside,M,Business,2022-05-30 15:33:58,Non-Member,SMS,True,English,Mastercard,,OTA Referral
1c4a7516-879f-4ac5-aea3-a95242149f03,Graham,Walker,graham19@gmail.com,+1 529 670 1421,CA,North America,Leefort,M,Group,2019-01-26 21:59:19,Non-Member,Email,True,English,Visa,,Website Direct
3e312f76-2ab6-4a33-b95c-499f67468a81,Patricia,Duhamel,patriciad@umbrellacorp.com,+33 585 503 5352,FR,Europe,Berthelot,F,Business,2024-10-16 01:18:28,Silver,Email,True,French,American Express,,Corporate Contract
3947ded5-1eaa-4081-89fe-eb0a5d6ebfb6,ميرال,آل معيض,ميرال52@gmail.com,+1 533 140 5979,SA,Middle East,Mitchellbury,F,Leisure,2023-10-28 13:40:08,Platinum,Email,False,Arabic,Visa,"Early Check-in, High Floor",Walk-in
8f413d66-79c2-4430-9439-d2025beabb59,Kirsty,Jones,kirsty_jones@outlook.com,+1 544 882 4231,MX,North America,Tracyport,F,Group,2024-02-19 04:04:02,Basic,Email,False,English,Mastercard,,Corporate Contract
1cc4dcc2-3da1-44bb-964e-df8f5425f860,Tracy,Murray,tracy.murray@gmail.com,+1 878 697 7641,CH,Europe,Deborahland,F,Leisure,2019-04-23 02:56:34,Non-Member,Both,True,English,Visa,,OTA Referral
20f6824b-5edc-488e-ba07-40b58d04de62,芳,牛,芳_牛@dummycorp.com,000-000-0000,CN,Asia Pacific,Port Leighshire,F,Business,2023-06-16 15:12:18,Basic,SMS,True,Chinese,Visa,,Walk-in
0bee6865-065a-40ff-aa90-b1806e29e56a,Mohammed,Atkins,mohammeda@gmail.com,+1 155 894 4830,SE,Europe,Mitchellton,M,Leisure,2024-03-23 14:05:37,Silver,Email,True,English,Mastercard,,OTA Referral
984e0161-7387-49e0-a04a-f008ed612c7b,Christian,Mitchell,christianm@gmail.com,7880 412 4912,GB,Europe,New Carlton,M,Group,2021-08-13 13:25:02,Non-Member,Email,True,English,American Express,High Floor,OTA Referral
00e4a1a4-1e87-49c1-9d67-39b7e5cdf8bd,Bautista,Morante,bmorante@example.ar,,AR,South America,العليانfort,M,Business,2022-12-14 22:48:54,Basic,Email,True,English,Visa,,Phone Booking
3eb7e003-bcea-4813-a6d9-0317f890ee2f,Barry,Hall,barry_hall@globex.com,+1 621 975 9065,SE,Europe,New Julieshire,M,Business,2021-09-01 02:07:16,Silver,Email,False,English,Visa,,Walk-in
16f036d9-adb1-4043-8597-a64bc17e886d,Dean,Phillips,dean_phillips@gmail.com,+1 232 874 4520,MX,North America,West Connorton,M,Leisure,2023-01-25 15:45:05,Basic,Email,True,English,Visa,,OTA Referral
5c5d18f7-f79b-42d3-870b-8ab9ecfd9058,Rebecca,Lloyd,rebecca.lloyd@gmail.com,+1 876 962 3663,NL,Europe,Davieschester,F,Family,2024-08-20 21:27:13,Non-Member,Email,True,English,American Express,,Website Direct
e0f98b92-ee8a-482a-92e4-c98766eac8bb,华,陈,华.陈@outlook.com,+86 977 8960 285,CN,Asia Pacific,Howardfurt,M,Leisure,2022-08-27 19:34:21,Basic,Email,True,Chinese,Apple Pay,,Corporate Contract
bc152432-775b-4932-97d3-9270e1b114ef,Gemma,Johnson,gemmaj@hotmail.com,902-288-6494,US,North America,Daveymouth,F,Leisure,2022-09-26 14:35:46,Platinum,Email,False,English,American Express,,Phone Booking
f940ba21-0f8e-4bc4-ad68-e438ec092624,Amanda,Brown,noemail@provided.com,+91 340 277 8687,IN,Asia Pacific,New Keith,F,Leisure,2022-05-30 11:27:04,Silver,SMS,False,English,Visa,,Phone Booking
de8fa014-0610-4be8-9ac9-0d7d102b9f32,Carolyn,Simmons,noemail@provided.com,+61 281 500 3115,AU,Asia Pacific,Lake Carl,F,Family,2024-03-11 07:30:25,Basic,Email,True,English,Visa,,Phone Booking
5f99f5c1-371f-4207-b5c3-1e001362714b,Orlando,Donà,orlando.donà@outlook.com,+1 464 535 7384,IT,Europe,Loranze',M,Leisure,2023-05-01 00:05:48,Silver,Email,True,Italian,Mastercard,,Walk-in
68357c9e-b66f-4c73-b417-a3ca7a7614bd,Kenneth,Clark,kenneth75@gmail.com,+1 490 822 9796,MX,North America,North Ashleigh,M,Leisure,2019-01-27 17:32:12,Basic,Email,True,English,American Express,,OTA Referral
68337d90-24b7-415c-a101-f0da82935fe1,Linda,Martin,linda26@gmail.com,+1 596 610 3065,NL,Europe,West Cliveview,F,Leisure,2021-09-28 08:43:29,Non-Member,Email,False,English,Visa,Non-smoking,Corporate Contract
68ae6ec1-97e8-4229-8fea-22b8bb467424,Bethan,Kerr,bethank@icloud.com,+1 493 230 5979,NL,Europe,Smithchester,F,Leisure,2019-02-14 02:05:38,Non-Member,Email,False,English,American Express,,Phone Booking
efab333e-de8f-434d-bfd7-ec555555a5a5,Georgina,Ávila,georginaá@gmail.com,+1 583 648 4083,ES,Europe,Ceuta,F,Leisure,2024-10-07 22:37:36,Basic,Email,True,Spanish,Visa,,Walk-in
dfcf6078-9e48-487a-bfa8-8320798e2c94,Debra,King,guest@email.com,+1 522 106 1804,MX,North America,Chapmanburgh,F,Leisure,2024-11-03 22:16:01,Silver,Email,True,English,Mastercard,,OTA Referral
df0b6a1f-7c08-491a-9082-5cd6c53ca78d,هايدي,أبا الخيل,هايدي.أبا الخيل@hotmail.com,000-000-0000,SA,Middle East,Wyattfurt,F,Business,2019-05-06 06:47:47,Silver,Both,True,Arabic,Visa,,Walk-in
e169c32b-93d2-4a23-832a-df07427111af,Timothy,Sharpe,timothy.sharpe@gmail.com,850-017-7407,US,North America,Amyberg,M,Leisure,2020-12-28 15:25:46,Basic,Email,False,English,Mastercard,,Phone Booking
164065ab-fe5c-43ac-80f5-687ea878167c,Gordon,John,gordon_john@yahoo.com,+1 373 117 5689,MX,North America,Wilkinsview,M,Business,2024-07-09 10:19:28,Gold,Email,False,English,American Express,,Phone Booking
7c92d3cc-d9c5-4856-afc8-dae5ad8c70f5,Roger,Murphy,roger_murphy@gmail.com,+61 541 984 2862,AU,Asia Pacific,Lake Pamela,M,Leisure,2020-08-20 07:06:58,Basic,Email,True,English,Visa,,OTA Referral
9708745c-b965-4ab8-a92e-317cc8809e65,Francis,Vaughan,francis_vaughan@outlook.com,+1 543 873 9427,TH,Asia Pacific,Whiteville,M,Leisure,2022-07-08 16:56:31,Silver,Email,False,English,Mastercard,,Phone Booking
4c354b52-bb56-4381-835a-6ff556f99dcb,Saskia,Budig,saskiab@gmail.com,+49 709 883610,DE,Europe,Rockenhausen,F,Family,2020-01-23 00:06:56,Basic,Email,True,German,Mastercard,,Website Direct
26a35a8c-4dc9-40c7-9811-2d03bb6f0636,Barry,Johnson,barry17@initech.com,+1 519 264 5255,EG,Africa,East Leebury,M,Business,2023-03-13 14:42:03,Basic,Email,True,English,Mastercard,,Corporate Contract
39d8ed9a-72a9-4770-9268-804a543bc86f,Lesley,Hurst,lesleyh@gmail.com,124-047-7845,US,North America,Margaretbury,F,Business,2021-07-28 08:58:25,Basic,SMS,False,English,Google Pay,,Website Direct
9bc612d3-ba06-4869-a0ea-c1899cfe3278,Nathan,Owen,nathano@gmail.com,196-744-8068,US,North America,Bryanton,M,Group,2022-05-10 16:37:59,Basic,Email,True,English,Mastercard,,Website Direct
aa4522e5-f3e8-46a7-9bf1-5eafc968bb7e,Colin,Shah,colin59@outlook.com,+1 131 687 3136,SG,Asia Pacific,West Shannon,M,Business,2021-04-01 09:27:52,Basic,Email,True,English,Apple Pay,,OTA Referral
e2540746-9ef5-4543-9820-bbf58b55a749,Lorraine,Williams,lorraine.williams@gmail.com,+1 481 698 6026,MX,North America,Jacobchester,F,Business,2020-01-15 13:44:18,Basic,Email,False,English,Mastercard,,OTA Referral
ed963217-17c4-4c52-b66d-d70c12d186e4,Jayne,Nolan,jaynen@gmail.com,+44 5302 960667,GB,Europe,Francisberg,F,Business,2022-12-05 21:30:51,Silver,Email,True,English,Mastercard,,Walk-in
32e48662-1a5d-45cb-aebc-a8164ce0a1f8,Gary,Brown,gary_brown@gmail.com,+1 782 361 2599,CA,North America,North Heathermouth,M,Leisure,2024-06-01 05:50:09,Basic,SMS,True,English,Mastercard,,Website Direct
efca5633-49ec-4b2e-8c67-4f27408a944d,Joanna,Mühle,joannam@initech.com,+49 957 476330,DE,Europe,Beilngries,F,Business,2023-10-12 12:19:17,Basic,Email,False,German,Visa,,Phone Booking
d5270662-bc6d-4db0-a639-ecabc3b2557a,Ian,Bray,ian_bray@gmail.com,+91 747 789 7862,IN,Asia Pacific,West Mandy,M,Business,2022-08-27 11:52:40,Non-Member,Email,True,English,Visa,,Website Direct
2387087f-00a1-427e-98f0-7d38957b0f16,Billy,Miles,bmiles@outlook.com,+1 521 936 4323,ZA,Africa,Leachchester,M,Leisure,2022-05-14 19:30:28,Silver,Email,False,English,Visa,,Website Direct
eaf69a8f-c5fa-44f3-b0fe-d92c9b12951f,Chus,Melero,chusm@acme.com,+1 375 692 4791,ES,Europe,Alicante,F,Business,2023-05-16 17:31:42,Silver,Email,True,Spanish,Mastercard,,Corporate Contract
599b0891-3235-495d-a992-88912b592da8,Hilary,Bailey,hilary67@gmail.com,+1 857 251 7193,SG,Asia Pacific,East Janice,F,Leisure,2019-01-04 22:17:50,Non-Member,Both,True,English,Mastercard,,Corporate Contract
7e0662dc-211c-48d3-ac5f-ec21e2a17d03,Julian,Phillips,julianp@gmail.com,+61 695 188 9071,AU,Asia Pacific,Lake Jamie,M,Business,2024-10-30 15:38:57,Silver,Email,False,English,Visa,"Early Check-in, High Floor",Phone Booking
99579690-a821-4357-a5a1-089cd46fce48,영미,이,영미_이@waynecorp.com,+1 900 328 4522,KR,Asia Pacific,Robertshaven,F,Business,2019-04-09 06:20:39,Silver,Email,True,Korean,PayPal,,Website Direct
976b3933-cc3a-4442-bbb0-88165d674c82,Emanuel,Pohl,emanuelp@starkindustries.com,+49 1444/749787,DE,Europe,Strausberg,M,Business,2021-05-31 14:10:55,Non-Member,Email,True,German,Visa,,Website Direct
ae8ac3c3-98df-4fc2-8ca7-c46e9fb15611,Margarita,Coello,margarita29@gmail.com,000-000-0000,AR,South America,Port طلال,F,Business,2021-08-31 18:50:39,Non-Member,SMS,True,English,Apple Pay,,Website Direct
7eb29e53-005b-4688-ad0c-9cb1440accbf,Susan,Turner,susan.turner@gmail.com,+1 167 899 7053,MX,North America,East Justinfurt,F,Leisure,2021-09-01 21:38:09,Gold,Email,False,English,Visa,,OTA Referral
b5603272-538a-4331-bdc8-195892053652,翔太,清水,翔清水@yahoo.com,+81 399 224 7362,JP,Asia Pacific,New Samantha,M,Leisure,2023-12-05 20:51:31,Platinum,Email,True,Japanese,Apple Pay,,OTA Referral
ab3b9e4d-a3b7-49e6-9846-9bdeb86d286f,Robert,Gould,robertg@oscorp.com,+44 9943 651887,GB,Europe,Carolmouth,M,Business,2022-02-17 23:50:03,Non-Member,Email,True,English,American Express,Allergies,Corporate Contract
d3ccc391-a944-4f31-90e3-a2f5738735b5,Nicola,Taylor,nicola45@outlook.com,+1 464 359 4117,CA,North America,Port Brianstad,F,Group,2022-09-12 10:39:53,Non-Member,SMS,True,English,Mastercard,,Website Direct
70ef279a-d0f2-4d92-a70a-b90264d22d40,Cipriano,Cobos,ccobos@gmail.com,+1 678 906 4969,ES,Europe,Ciudad,M,Leisure,2022-04-09 09:59:33,Non-Member,SMS,True,Spanish,Visa,,Phone Booking
acdd2ed3-8125-4248-bdcc-c301ad67d321,Lauren,Miller,lauren22@gmail.com,+1 725 108 2200,CA,North America,West Jeremy,F,Family,2024-01-24 01:25:13,Basic,SMS,False,English,Visa,,Phone Booking
04aba94c-c802-4926-9460-e0feca24d133,Debra,Taylor,debra30@globex.com,+1 557 386 9680,CA,North America,Smithbury,F,Business,2024-05-08 18:16:03,Non-Member,Email,True,English,Mastercard,Wheelchair Accessible,Corporate Contract
8f2c8a19-b89c-43d4-a53f-032183a9f3f0,Theodor,Birnbaum,tbirnbaum@gmail.com,+49 176 453838,DE,Europe,Bad Liebenwerda,M,Leisure,2019-02-16 12:41:53,Silver,Email,True,German,Mastercard,"Late Check-out, Non-smoking",Website Direct
da457fef-60fe-4e79-8fc5-c7416cc067f6,Christine,Jarvis,christinej@tyrellcorp.com,+1 714 525 6503,SE,Europe,East Clairemouth,F,Business,2023-11-17 02:34:47,Silver,Email,True,English,American Express,,Website Direct
5a4c16ba-7f9a-4d49-ad3c-d3ac905ce31c,Piedad,Azcona,piedad16@outlook.com,+1 164 285 5434,ES,Europe,Granada,F,Leisure,2019-06-28 21:50:11,Non-Member,Both,False,Spanish,Visa,,Walk-in
0f6cb2d3-bf84-4bc1-a77f-c7157aacb103,直子,田中,直子_田中@outlook.com,+81 799 248 9610,JP,Asia Pacific,Cherylside,F,Business,2022-06-30 00:01:17,Basic,Email,True,Japanese,Apple Pay,Non-smoking,Phone Booking
e51b9de4-46fe-4893-86d2-e4112aac3bb2,지원,박,지박@gmail.com,+1 355 982 4450,KR,Asia Pacific,West Jennamouth,F,Leisure,2023-04-22 09:04:35,Gold,Email,True,Korean,Visa,,Walk-in
0ee4f9f1-4849-4d57-b3cf-9d6c6a0f29b6,婷,何,婷.何@gmail.com,+86 135 1728 883,CN,Asia Pacific,New Barrytown,F,Group,2023-01-31 04:31:56,Gold,SMS,True,Chinese,Apple Pay,,Website Direct
811e62e9-f74a-4860-86aa-7d103eb47bb7,شاطر,آل رفيع,شاطر_آل رفيع@outlook.com,+1 443 224 9741,SA,Middle East,Kimland,M,Leisure,2020-01-22 22:27:25,Gold,SMS,True,Arabic,Visa,High Floor,Phone Booking
91e50ef3-6da4-4469-8145-baa8b2691596,Linda,Cartwright,lindac@tyrellcorp.com,6377 300 0246,GB,Europe,New Liamberg,F,Business,2019-01-14 06:35:40,Non-Member,SMS,True,English,Mastercard,,Website Direct
8e1d71b8-b59b-4ec8-8009-b16c4dd8f26f,Leigh,Rowe,leigh_rowe@gmail.com,+44 9961 559050,GB,Europe,Graemeshire,M,Leisure,2022-04-30 08:20:36,Silver,SMS,True,English,Mastercard,,Corporate Contract
0c536e76-5c79-4b08-a410-41a502743652,George,Williams,george.williams@icloud.com,+1 385 532 7829,CA,North America,Arthurberg,M,Leisure,2019-07-08 20:22:00,Gold,Email,True,English,Mastercard,,Phone Booking
1bd530ef-a938-4ed9-b8a7-555cfe050c49,Ben,Sharpe,ben_sharpe@gmail.com,1787 296 8150,GB,Europe,North Pauline,M,Leisure,2022-04-11 08:55:23,Non-Member,SMS,True,English,American Express,,Corporate Contract
7fb99301-2fc0-4f46-adfa-fc47e0304d7c,Zoe,Allen,zoe58@example.sg,+1 539 556 2782,SG,Asia Pacific,Joshuaside,F,Business,2019-02-18 20:25:12,Gold,Email,True,English,American Express,,Walk-in
4a431926-dcdd-4a2b-b10d-9a32c1c7401c,Suzanne,Thompson,suzanne.thompson@outlook.com,+1 826 743 9996,MX,North America,Clarketon,F,Leisure,2024-10-05 10:17:21,Basic,SMS,True,English,American Express,,OTA Referral
ff239663-c7a8-4530-939d-147959ea5efe,Dean,Chan,deanc@yahoo.com,+1 310 908 3200,NL,Europe,East Elaine,M,Family,2022-04-17 11:55:02,Platinum,Email,True,English,Visa,,OTA Referral
08d62fd5-ebbe-4f8d-9aaf-d0186e5f12f0,Victor,Taylor,victor.taylor@gmail.com,+1 265 289 9301,MX,North America,East Gracebury,M,Group,2019-10-11 00:34:51,Platinum,Email,True,English,American Express,,Walk-in
983b59db-ccbe-405d-a4e0-a42710dcceac,Juliette,Lemaire,juliette87@hotmail.com,+33 539 425 1897,FR,Europe,Sainte Margaret,F,Business,2019-10-11 06:24:34,Platinum,SMS,True,French,PayPal,,Phone Booking
2a1aab0a-f012-455f-9ab6-3f9f56b11b1d,مُنجد,آل حسين,مُنجد_آل حسين@yahoo.com,+1 790 316 4559,SA,Middle East,West Jasminechester,M,Leisure,2021-10-28 22:44:36,Basic,Email,True,Arabic,American Express,,Website Direct
26722a69-c76f-4914-a4a9-d3f7f7a4b9e0,Natalie,Jackson,njackson@oscorp.com,+1 333 245 6188,MX,North America,East Josh,F,Business,2019-04-10 22:11:42,Gold,Email,False,English,American Express,,Walk-in
8ed3b64b-9687-43c2-9b4c-42ec822fc2f3,Barry,Parkes,barry.parkes@gmail.com,+1 498 377 3763,MX,North America,North Lucyside,M,Business,2020-02-26 04:47:45,Silver,SMS,False,English,Mastercard,,Phone Booking
91349ed9-7289-49d5-8dc6-72b00c84e444,强,王,强_王@cyberdyne.com,,CN,Asia Pacific,Jakestad,M,Business,2024-03-29 03:21:58,Non-Member,Email,True,Chinese,Mastercard,,Walk-in
ac86c5cd-bcac-4d85-a998-c79a6bd1d54e,Stephanie,Hughes,stephanie_hughes@outlook.com,(401) 103-1182,US,North America,New Rosie,F,Group,2021-04-16 14:40:08,Basic,SMS,True,English,Visa,,OTA Referral
fad5db54-e1a7-4984-b61b-3c693afc17d4,Timothée,Menard,tmenard@gmail.com,+33 974 293 3837,FR,Europe,Royer,M,Leisure,2023-07-16 12:05:13,Non-Member,Both,True,French,PayPal,,OTA Referral
325862a7-5339-494c-b829-55b9854eabfa,Napoleone,Mazzeo,napoleone96@outlook.com,+1 522 404 9226,IT,Europe,Valcasotto,M,Leisure,2022-03-26 07:39:58,Non-Member,SMS,True,Italian,American Express,,Phone Booking
46d12504-bf96-453c-be4d-a87c3c764143,秀英,陈,秀英46@oscorp.com,858 7916 9872,CN,Asia Pacific,Macdonaldburgh,F,Business,2024-09-24 08:16:55,Basic,Email,True,Chinese,Apple Pay,,OTA Referral
0e11f269-157d-46f1-80a7-998c338bf765,Martin,Robinson,mrobinson@gmail.com,+91 258 195 4425,IN,Asia Pacific,Reidtown,M,Business,2024-02-17 13:45:47,Silver,Both,False,English,Mastercard,,Phone Booking
cf7daa50-4e62-40e5-a926-5f60f9bbf0d5,Jane,Bond,jane43@gmail.com,+1 275 357 9413,CA,North America,North Damien,F,Leisure,2023-03-06 04:56:44,Non-Member,Email,True,English,American Express,,Corporate Contract
66d69c83-b36e-4339-98a7-f136124b1b03,Janet,Carter,janet22@waynecorp.com,+61 883 738 2308,AU,Asia Pacific,South Brendaport,F,Business,2020-11-17 01:21:08,Basic,Email,True,English,American Express,,Website Direct
06f9491b-c7ec-4746-ad07-2037ee37557c,Ruben,Saez,rubens@gmail.com,+1 988 177 3493,ES,Europe,Melilla,M,Group,2021-04-05 05:03:46,Silver,Both,False,Spanish,Visa,,Corporate Contract
fed0d58b-978c-4cdb-a2e2-7126f19f833d,Amber,Ward,amber34@icloud.com,+91 118 257 1940,IN,Asia Pacific,North Elaine,F,Leisure,2020-04-01 19:51:30,Non-Member,Email,True,English,Visa,,Phone Booking
6fc7c97c-c42d-4584-be9c-54e4cb1a27b2,Alexander,Hughes,ahughes@gmail.com,+1 212 244 3131,CL,South America,Williamsberg,M,Leisure,2023-04-20 12:07:04,Basic,SMS,False,English,Visa,,OTA Referral
8d1e6b10-93e3-4537-85b9-cbaf4677b6ae,Rhys,Bailey,rhysb@outlook.com,+61 401 266 2688,AU,Asia Pacific,Barryville,M,Leisure,2019-06-09 17:27:41,Basic,Both,True,English,Apple Pay,,Website Direct
6769e3e0-da3f-40cc-add4-1076bd346606,Cameron,Gilbert,cameron58@gmail.com,+91 120 712 6128,IN,Asia Pacific,South Rosemary,M,Family,2023-07-06 20:09:21,Silver,Email,True,English,Visa,,Phone Booking
79543441-18c7-4818-b45c-2e71cbee5b3a,Nicola,Wheeler,nicolaw@cyberdyne.com,(003) 935-6357,US,North America,Laurenberg,F,Business,2024-08-20 14:21:06,Platinum,Email,False,English,Visa,"Non-smoking, Early Check-in",Phone Booking
94d7cdfc-7119-4663-9467-a0b4f1eefea1,David,Johnston,david63@gmail.com,+1 264 848 7516,MX,North America,Lake Jeantown,M,Leisure,2022-08-26 22:40:09,Platinum,SMS,True,English,Mastercard,,Corporate Contract
1de7754d-657c-4aae-a518-84fbf073f970,Jade,Savage,jade.savage@umbrellacorp.com,+1 809 624 3150,KW,Middle East,Raymondhaven,F,Business,2024-07-31 00:08:59,Basic,Email,False,English,Visa,,Website Direct
a919e525-23d3-44c7-ae40-164753868303,Louis,Marchand,louis.marchand@yahoo.com,+33 899 648 6809,FR,Europe,Humbert-sur-Auger,M,Leisure,2022-12-22 13:31:21,Silver,Email,False,French,Visa,,Walk-in
57d4d4de-dc92-4c4b-aaa9-2986994ed5ff,Clifford,Middleton,clifford_middleton@yahoo.com,+1 322 345 7643,SG,Asia Pacific,Lake Emilyborough,M,Family,2019-06-23 22:01:18,Non-Member,Email,False,English,Mastercard,,Walk-in
17354593-3776-4cd0-ae28-28caf9d2d49b,Hollie,Bell,hollie85@yahoo.com,+91 626 934 1430,IN,Asia Pacific,Liamtown,F,Family,2019-01-25 09:03:21,Silver,Both,False,English,Mastercard,,OTA Referral
948cecb6-e5cb-4018-99b4-dedd93b4b441,Brian,Kemp,brian.kemp@waynecorp.com,+1 336 616 7093,TH,Asia Pacific,Mariefort,M,Business,2022-03-30 08:25:01,Gold,SMS,False,English,Mastercard,,Corporate Contract
edd061ea-5976-43ac-91e6-f2ffbed384f1,راما,الجفالي,راماا@yahoo.com,+1 207 642 5064,SA,Middle East,Port Carly,F,Leisure,2021-08-16 12:19:54,Non-Member,Email,True,Arabic,Mastercard,,Walk-in
c24f51bc-bc54-4ce7-b1e3-5352b7d35c0e,Leon,Wilson,leon_wilson@gmail.com,+1 481 844 1755,MX,North America,New Alanburgh,M,Group,2019-02-28 19:58:38,Silver,Email,True,English,Apple Pay,,Website Direct
35dff3c0-a674-4a91-8d69-f7cae496dc89,Toby,Dixon,toby_dixon@gmail.com,+91 954 144 1048,IN,Asia Pacific,Lake Chelseaview,M,Leisure,2020-11-28 01:33:45,Silver,SMS,False,English,Visa,,Phone Booking
78e2c259-9dbb-414f-9595-e77c9c3e6561,Mohammed,Powell,mohammedp@tyrellcorp.com,+1 148 720 9774,CA,North America,North Leahtown,M,Business,2023-01-17 15:05:52,Platinum,Email,False,English,Visa,,Corporate Contract
9825f55d-3863-49d4-a31c-9cbb7caa5f4f,坤,周,坤_周@gmail.com,+86 318 6640 617,CN,Asia Pacific,Bondmouth,M,Family,2019-09-14 04:14:44,Non-Member,Email,True,Chinese,Visa,Wheelchair Accessible,Walk-in
2d93424b-6ac7-4ebf-958d-cca6ba51fed4,琳,马,琳_马@gmail.com,908 0459 4364,CN,Asia Pacific,Watsonport,F,Leisure,2019-04-24 09:37:31,Basic,Email,True,Chinese,Apple Pay,,Website Direct
8a3bfed4-58ab-4965-931b-3a72b48416bb,Hayley,Adams,hayley_adams@gmail.com,+1 193 510 6483,MX,North America,Lawrenceburgh,F,Leisure,2021-08-19 23:36:03,Silver,Email,True,English,Visa,,Corporate Contract
bc471b96-11d3-4997-b5a5-325f30c6b57b,Thomas,Schmitt,thomas_schmitt@gmail.com,+33 197 853 7042,FR,Europe,Denis,M,Group,2024-01-15 02:44:04,Silver,Both,True,French,Visa,,Corporate Contract
34a31b8d-f5a8-4d30-8c37-ef73e73921eb,David,Guyon,david26@icloud.com,+33 708 181 2825,FR,Europe,Guyotboeuf,M,Family,2019-08-23 13:12:03,Gold,Email,True,French,Mastercard,,Walk-in
e6cba4f8-4229-4313-9852-b3233537f538,Mohamed,Wright,mwright@outlook.com,,US,North America,Ameliaville,M,Business,2023-06-20 18:38:05,Basic,Email,True,English,Visa,,Phone Booking
71bef56e-e85f-4df6-ae3d-335ef5d4c3af,Eugène,Boulanger,eugène.boulanger@gmail.com,+33 951 383 8759,FR,Europe,Legrand,M,Leisure,2022-08-11 00:57:58,Silver,Both,False,French,Visa,,Corporate Contract
0c196597-79cd-4cc8-a2d5-18a15ed947cf,María Manuela,Cuéllar,mcuéllar@gmail.com,+1 776 190 6273,ES,Europe,Valladolid,F,Leisure,2024-09-26 04:04:55,Non-Member,Email,False,Spanish,American Express,,Website Direct
8f44aca2-9a51-4a67-946e-401f51975b36,Timothy,Murray,tmurray@gmail.com,+1 444 131 7295,CH,Europe,Jenniferhaven,M,Leisure,2020-10-27 15:33:15,Gold,Email,True,English,Mastercard,,Corporate Contract
46344a76-0f91-4833-a5e8-97765ea49f9b,Iain,Bates,iainb@outlook.com,+1 229 362 2245,SG,Asia Pacific,Port Trevor,M,Business,2022-11-18 23:03:07,Basic,Email,False,English,Mastercard,,Walk-in
8412e41a-037e-42f5-aef6-e8bd87d84a09,Malcolm,Jones,mjones@outlook.com,+44 7598 112720,GB,Europe,Abigailmouth,M,Leisure,2023-08-12 00:00:12,Basic,Both,False,English,Visa,,OTA Referral
fc3cdaaa-9fe0-4a9a-abf8-316c0a4fbf43,Charlotte,Yates,cyates@gmail.com,+1 930 958 4043,KE,Africa,South Melissastad,F,Leisure,2019-08-24 15:24:04,Basic,Email,True,English,PayPal,,Walk-in
7c15130e-f24c-4183-98eb-01d1a0fa7514,Marilyn,Francis,marilyn23@gmail.com,(749) 319-9113,US,North America,Lake Lindsey,F,Leisure,2021-07-28 07:03:34,Silver,Email,True,English,Visa,,OTA Referral
fecf83af-ba0e-4f7e-a8ad-31a85c3632c7,Justin,Clark,justinc@gmail.com,+1 901 737 1175,KW,Middle East,East Yvonnefurt,M,Group,2023-01-02 07:19:10,Gold,Email,True,English,Google Pay,,Phone Booking
b1bb23a4-d9c8-4483-b618-15cb03b73d53,Linda,Thompson,linda70@gmail.com,+1 574 642 6779,CA,North America,Ryantown,F,Group,2024-03-17 23:34:32,Silver,Email,True,English,Apple Pay,,Website Direct
bcc3d1c0-c681-4b13-a3fc-3fd1a01d6b44,Roger,Lowe,roger45@icloud.com,+1 217 503 8267,CH,Europe,Bennettberg,M,Leisure,2022-01-26 10:53:26,Silver,Both,False,English,Mastercard,,Corporate Contract
31fb904f-ded9-431b-a47a-0dc3b0705e17,Martin,Wade,martin23@outlook.com,+1 757 815 3334,MX,North America,Ruthburgh,M,Leisure,2023-11-12 19:52:54,Non-Member,SMS,True,English,Apple Pay,,Phone Booking
31ddf6ea-7751-416e-af89-232531c5353a,Philip,Day,philip.day@outlook.com,131-154-6478,US,North America,New Glennland,M,Leisure,2024-01-07 00:56:51,Basic,SMS,True,English,Visa,,Walk-in
15f18487-5963-4075-8c21-463a5c2302c1,Marthe,Delorme,mdelorme@yahoo.com,+33 577 684 1093,FR,Europe,Barthelemy,F,Family,2022-08-01 06:34:28,Silver,Email,True,French,Visa,,Corporate Contract
eaf44ce2-7eb4-46d1-b0ae-c58451985342,Daniel,Bartlett,daniel_bartlett@yahoo.com,+1 711 874 9889,TH,Asia Pacific,North Cherylland,M,Leisure,2019-04-29 02:33:59,Basic,Email,True,English,Visa,"High Floor, Wheelchair Accessible",Website Direct
254afd38-092b-48f8-91bd-d522f7a554e8,Suzanne,Wood,suzanne.wood@oscorp.com,+1 804 361 4074,MX,North America,Ryanshire,F,Business,2019-02-26 15:48:07,Gold,Email,True,English,Visa,,Corporate Contract
163b9420-fa11-4cd9-aa61-73fb72d019ab,健一,山下,健一.山下@yahoo.com,000-000-0000,JP,Asia Pacific,Port Darrenberg,M,Business,2020-04-01 12:26:50,Non-Member,Email,False,Japanese,Mastercard,,Phone Booking
ec5f1d64-6a5b-4707-a741-b68fb83cd31b,Rachael,Martin,rachaelm@initech.com,+1 361 541 2154,SG,Asia Pacific,Lesleybury,F,Business,2024-12-03 22:44:50,Basic,Email,True,English,Visa,Late Check-out,Phone Booking
ac7bddce-de7c-4f79-9963-fd428d7addd5,Lesley,Parsons,lesleyp@outlook.com,+44 1847 130842,GB,Europe,East Glen,F,Leisure,2022-02-14 15:52:14,Silver,Email,False,English,Mastercard,,Corporate Contract
369f4916-7b44-4424-9d5b-aa52ee63560f,Deborah,Griffin,deborah31@gmail.com,+1 655 628 7926,TH,Asia Pacific,Ashleighfurt,F,Business,2020-11-17 17:40:09,Basic,SMS,False,English,Visa,,Walk-in
9866a7de-3bc7-4e00-af4f-5a40c6eacf22,Eileen,Marshall,eileen_marshall@gmail.com,+1 282 417 9677,MX,North America,North Karlberg,F,Leisure,2020-12-13 06:50:12,Basic,Email,True,English,Visa,,Phone Booking
1d56665d-aba2-4c8f-955c-2817e6a2a031,Hannah,Gibson,hannah.gibson@gmail.com,+1 847 220 4901,CA,North America,Kieranstad,F,Leisure,2024-03-19 06:24:43,Gold,Email,True,English,Apple Pay,,Website Direct
9b0f77f9-2066-454e-8722-c946a1c75b77,Terry,Carr,guest@email.com,+1 183 693 8297,CA,North America,Ahmedton,M,Business,2021-01-14 07:08:48,Gold,Email,True,English,American Express,,Website Direct
fdde719f-2e1d-40fe-b7aa-edef46956406,Hollie,Baker,hollie_baker@yahoo.com,+1 383 679 2619,NL,Europe,Juliaville,F,Business,2023-05-13 17:29:28,Basic,Email,True,English,Visa,,Walk-in
4fa980b7-8e7d-4717-9ec0-7b6f0028f190,영식,성,영성@starkindustries.com,+1 603 712 1439,KR,Asia Pacific,Williamsberg,M,Business,2024-09-26 08:27:29,Basic,SMS,True,Korean,Mastercard,,Phone Booking
367c4d84-a024-4f86-a548-a2e24254e2e5,Manuelita,Pozuelo,manuelita_pozuelo@globex.com,+1 431 531 2259,ES,Europe,Álava,F,Business,2024-07-25 09:40:54,Non-Member,Email,True,Spanish,Visa,High Floor,Phone Booking
4c0abcf3-9317-4644-a882-1cb92be1aa29,Marilyn,Clarke,marilyn51@yahoo.com,541-590-5924,US,North America,North Bethantown,F,Leisure,2024-03-10 16:54:25,Basic,Email,False,English,American Express,,Website Direct
7051a920-ec8a-4545-a29f-38fdf40f28fc,Vinicio,Barroso,viniciob@outlook.com,+1 139 207 3831,ES,Europe,Madrid,M,Leisure,2021-09-27 16:20:16,Gold,Email,False,Spanish,American Express,Non-smoking,Walk-in
27577e57-cf6b-404c-9638-ff66d3900a1f,静,傅,静33@gmail.com,569 4412 3086,CN,Asia Pacific,North Ashley,F,Business,2022-09-27 16:41:19,Basic,Email,True,Chinese,Apple Pay,,Website Direct
11f3f51a-e2b6-4f55-a438-1be1fd7270d4,주원,백,주원백@outlook.com,+1 313 595 5902,KR,Asia Pacific,Christianfort,M,Family,2019-01-15 13:57:45,Gold,Email,True,Korean,Visa,,Corporate Contract
56b3b234-856b-40db-b093-7beeac4627de,Marie,Baldwin,marie.baldwin@umbrellacorp.com,+1 901 731 7823,MX,North America,Sheppardshire,F,Business,2024-08-05 22:56:55,Silver,Email,False,English,PayPal,Non-smoking,OTA Referral
348cd54e-1b17-43eb-896c-a0bae68d8a30,Melchor,Coca,melchor.coca@outlook.com,+1 236 254 9435,ES,Europe,La Rioja,M,Leisure,2021-05-06 19:41:07,Non-Member,Email,False,Spanish,Visa,,Website Direct
b16ef4b4-3e3a-4276-ad4c-ba68d5b3e07a,Lynn,Brooks,lynnb@gmail.com,552-128-9638,US,North America,Boothchester,F,Leisure,2020-01-23 00:35:12,Gold,Email,True,English,Visa,Early Check-in,Website Direct
d62600db-3351-4e32-bb48-18c087c66664,Benjamin,Day,benjamin_day@yahoo.com,356-951-5119,US,North America,South Charlottefurt,M,Business,2019-10-11 11:30:45,Basic,Both,True,English,American Express,,Website Direct
2f59804f-ad06-4249-8f22-0f2e8589c246,Simon,Gardner,sgardner@yahoo.com,(963) 607-3733,US,North America,Hollyville,M,Leisure,2021-09-16 11:06:10,Non-Member,Email,False,English,American Express,,Walk-in
bacaa60a-6189-485c-9eb7-2634409b57e4,Leah,Bates,leah63@hotmail.com,+1 721 830 8560,NG,Africa,Jamesmouth,F,Leisure,2019-01-24 22:45:29,Silver,Email,True,English,Visa,Wheelchair Accessible,Corporate Contract
058949f4-bf82-44e4-b14b-f221b10822c1,Steven,Waters,steven96@gmail.com,+1 447 193 6908,NL,Europe,West Iaintown,M,Leisure,2023-09-10 08:23:31,Gold,SMS,True,English,Visa,,OTA Referral
74e24a9b-e8ed-4c53-9ad1-e928d191c478,Matthew,Brown,matthewb@gmail.com,+1 748 846 2921,CL,South America,Mandyton,M,Leisure,2024-02-27 05:44:36,Non-Member,Email,True,English,Visa,,Phone Booking
7e879e9f-317b-4818-8938-50123b8adae9,Franck,Bernier,franck_bernier@gmail.com,+33 916 753 4975,FR,Europe,Dupuis,M,Family,2023-09-04 07:40:57,Non-Member,Email,False,French,Visa,Non-smoking,Walk-in
7e6f6cc8-bae8-4013-a394-e6180cbc3f8d,Donna,Watts,donnaw@tyrellcorp.com,+1 246 473 5731,MX,North America,Andrewsbury,F,Business,2021-05-03 11:02:56,Gold,Email,False,English,American Express,,Phone Booking
502e9562-b02a-430c-881e-2af1ae07ee7c,Adélaïde,Fabre,adélaïdef@outlook.com,+33 613 739 5487,FR,Europe,Samson,F,Leisure,2022-07-01 08:59:26,Silver,Email,True,French,Visa,Allergies,Walk-in
fc0e70f0-cbdd-488d-b8d6-62fa1a9ce484,Jodie,Horton,noemail@provided.com,+1 109 238 6239,KE,Africa,North Tom,F,Group,2023-03-18 09:35:59,Basic,Email,False,English,Visa,,Website Direct
bcdb0977-2735-4b0b-b34d-5a58020a598d,Ian,Marques,imarques@acme.com,+55 159 409 2267,BR,South America,East Marionfort,M,Business,2019-01-14 05:39:02,Non-Member,Email,False,Portuguese,Visa,,Phone Booking
cbc22f7a-7663-4c54-814a-05013c66fad3,Michelle,Davis,michelle_davis@cyberdyne.com,+1 324 463 6692,CH,Europe,West Jayne,F,Business,2023-08-23 02:43:36,Basic,Email,True,English,PayPal,,Walk-in
a3abb7e4-7f1d-426e-b26f-6b230024eb2a,美加子,佐藤,美加子.佐藤@gmail.com,+81 404 675 1091,JP,Asia Pacific,North Justinville,F,Leisure,2022-05-03 15:05:38,Silver,Email,True,Japanese,American Express,,Corporate Contract
1575cbbc-5230-48e8-b0e0-7d4e343d6c88,예준,최,예준61@outlook.com,+1 459 260 6077,KR,Asia Pacific,Mooreside,M,Leisure,2023-05-31 11:19:59,Non-Member,Email,True,Korean,Apple Pay,,Walk-in
d83f35ac-ed24-431b-a0a8-5b45e8553713,Melanie,Taylor,melanie.taylor@gmail.com,+1 754 504 6925,CA,North America,South Lee,F,Family,2023-06-01 17:01:25,Basic,Email,True,English,PayPal,,Phone Booking
3944e6b7-f7a9-4102-8ca9-340bbdf3fb73,Janet,Law,jlaw@waynecorp.com,284-801-0137,US,North America,Lake Denisstad,F,Business,2022-10-13 05:19:56,Non-Member,Email,True,English,Visa,,Website Direct
e06c5cbe-d261-4cb3-bf42-4af50d7bb699,Tracy,Morgan,tracy_morgan@gmail.com,+1 673 945 1086,CA,North America,South Bruce,F,Leisure,2019-06-27 18:37:51,Basic,Email,False,English,Visa,,Walk-in
a262a700-4ec3-4255-a53e-f3b92cbd43ac,جوانا,آل مقطة,جوانا69@gmail.com,+1 468 121 6860,SA,Middle East,Andrewsfurt,F,Leisure,2023-10-12 14:29:23,Basic,Email,False,Arabic,Mastercard,Late Check-out,Walk-in
c5c0ab8f-a969-459b-a91c-d30ad0dd9542,Donald,King,noemail@provided.com,+1 606 432 1068,MX,North America,Halechester,M,Group,2023-04-11 08:54:42,Non-Member,Both,True,English,Mastercard,,OTA Referral
c2c82539-c469-4dd7-bd04-1c260c1a2cdd,Zoe,Bentley,zbentley@example.mx,+1 186 770 7764,MX,North America,North Lesleyside,F,Business,2019-03-26 19:02:54,Silver,Email,False,English,Mastercard,,Phone Booking
6371538c-7e9e-4894-aaa5-6e63f4b5121b,Renzo,Traversa,renzo.traversa@outlook.com,+1 405 310 3032,IT,Europe,Villa Ripa,M,Group,2023-03-08 07:10:53,Non-Member,SMS,True,Italian,Google Pay,,Website Direct
bf47c9b3-ae52-4ab2-97a6-f0238f3d53cb,Teobaldo,Francisco,teobaldo10@yahoo.com,+1 285 259 5808,ES,Europe,La Rioja,M,Business,2024-09-12 19:15:03,Basic,Email,True,Spanish,PayPal,,Phone Booking
e11364e3-4e70-4adb-8628-6035108c7d1f,Carole,McKenzie,carolem@gmail.com,+1 537 187 6882,SG,Asia Pacific,Rosiechester,F,Leisure,2023-09-02 19:23:05,Non-Member,Email,False,English,Visa,,Walk-in
6a97c45c-9312-4953-a5b1-4979acd4d743,Hermann Josef,Schacht,hermann josef.schacht@gmail.com,+49 3702/666830,DE,Europe,Burg,M,Leisure,2023-02-26 04:29:43,Non-Member,Email,True,German,Visa,,Website Direct
96c558e0-6e39-4a3d-b078-53ca6ecbc34d,Max,Warren,maxw@gmail.com,+1 721 438 6314,NL,Europe,East Lorraine,M,Leisure,2021-11-06 20:58:12,Non-Member,Email,True,English,Visa,"High Floor, Non-smoking",Website Direct
4241f99b-41b8-4c40-abef-93d14ef06952,Neil,Gough,neil37@outlook.com,+1 180 155 3191,CH,Europe,East Kelly,M,Leisure,2022-12-10 12:15:24,Non-Member,Email,False,English,American Express,,Walk-in
02d9ebae-0516-4de2-b83a-c98e0ce882e4,Graham,Begum,grahamb@outlook.com,+44 1234 335775,GB,Europe,West Mathewton,M,Leisure,2020-10-05 10:18:48,Non-Member,Email,True,English,Mastercard,,Walk-in
7168c26c-d175-4395-826e-f2ceb31e85af,Carole,Edwards,carolee@gmail.com,478-746-5509,US,North America,East Conor,F,Leisure,2022-02-12 06:39:29,Basic,Email,True,English,Visa,,Phone Booking
44b1bbc0-b06d-4358-a70c-cca6de6623f7,小红,赵,小红46@oscorp.com,+86 358 8472 582,CN,Asia Pacific,North Kelly,F,Business,2022-08-05 20:24:28,Silver,Email,True,Chinese,Visa,Non-smoking,OTA Referral
9f55515f-2632-4841-af53-7a65b6325ffa,Kerry,Arnold,kerry55@acme.com,+1 368 620 2756,KE,Africa,Vanessafurt,F,Business,2019-11-19 09:19:03,Basic,Both,True,English,Mastercard,,Website Direct
a7cc262f-0775-4587-9679-15d0d7609ebe,Stephen,Adams,stephen.adams@outlook.com,+1 984 458 3691,CA,North America,Evansshire,M,Leisure,2020-07-06 21:41:50,Non-Member,Email,False,English,Visa,,Website Direct
e334f7a9-e503-4f37-8353-67cbd901fc6d,Michael,Clark,michael_clark@gmail.com,+44 2385 878933,GB,Europe,Darrenborough,M,Leisure,2024-12-17 00:18:42,Basic,Email,True,English,Visa,,Corporate Contract
9434af2b-4c03-401a-9806-813e52f780fc,Joshua,Brown,joshua.brown@outlook.com,887-831-2449,US,North America,Walkerhaven,M,Leisure,2019-05-06 04:11:15,Basic,SMS,True,English,American Express,,Walk-in
4581a60b-b2ab-49f1-8c43-212117be2329,Jennifer,Carpenter,jcarpenter@yahoo.com,771-479-1557,US,North America,South Kenneth,F,Business,2019-09-20 06:11:06,Gold,Email,False,English,PayPal,,Walk-in
785150c2-2510-4e54-849e-acfe68498767,Tracy,Hargreaves,tracy53@outlook.com,+1 574 478 2915,CA,North America,Port Colin,F,Leisure,2020-01-30 17:26:56,Basic,Email,True,English,Visa,,Walk-in
213ce3f2-8093-4e1f-9941-41079c75d015,Antonietta,Monicelli,amonicelli@yahoo.com,+1 493 109 7724,IT,Europe,San Secondo Di Pinerolo,F,Leisure,2023-08-03 05:23:30,Basic,None,False,Italian,Visa,,Walk-in
df4d4665-607c-4a42-b6bb-c33c62d51a6b,Kieran,Taylor,ktaylor@gmail.com,(517) 084-6266,US,North America,Amandaview,M,Leisure,2019-08-21 03:56:46,Basic,Email,True,English,Visa,,Phone Booking
24e839d9-b233-4198-9e29-a6cf9772e001,Garry,Miles,gmiles@gmail.com,+1 319 870 8445,TH,Asia Pacific,North Juliabury,M,Leisure,2019-11-20 09:21:32,Non-Member,Email,False,English,Mastercard,,OTA Referral
127a3fd2-26a6-4260-a11c-71a34422caea,Daniel,French,danielf@gmail.com,+1 465 300 6770,QA,Middle East,New Robin,M,Leisure,2024-09-28 01:01:47,Non-Member,SMS,True,English,Visa,,Corporate Contract
63d38ab1-7b66-4f4c-ae42-d4061046f3f7,Kike,Julián,kike_julián@dummycorp.com,+1 276 864 9800,ES,Europe,Tarragona,M,Business,2020-09-09 11:04:54,Non-Member,Email,True,Spanish,Mastercard,Wheelchair Accessible,Walk-in
ad4d706b-b93b-45f7-92aa-0151cc948599,Iain,Khan,iain.khan@starkindustries.com,+1 331 355 3277,NL,Europe,Finchside,M,Business,2022-11-07 01:58:31,Silver,Email,False,English,Visa,,Walk-in
d2db8c81-1d2f-4987-b690-7149a16ec99c,Victoria,Mills,vmills@gmail.com,000-000-0000,US,North America,East Helenton,F,Leisure,2022-10-06 19:49:00,Basic,Email,True,English,Mastercard,,Walk-in
8ed3e28d-22a7-4d1a-ba4c-817bc1c143d6,Danny,Rice,drice@hotmail.com,+1 190 766 6975,MX,North America,Gerardtown,M,Group,2022-10-09 10:26:35,Gold,SMS,True,English,Visa,,Phone Booking
972ab2ba-9f9d-4a9f-a276-065874c4d2a5,Katie,Noble,katie_noble@dummycorp.com,+1 128 117 7772,SE,Europe,Hartleystad,F,Business,2020-01-20 02:20:29,Basic,Email,True,English,American Express,,OTA Referral
f33584a2-46a6-4740-9a61-eb376cf648d9,军,边,军.边@yahoo.com,+86 689 5422 860,CN,Asia Pacific,Singhborough,M,Leisure,2021-10-19 21:09:07,Gold,SMS,True,Chinese,Visa,,Corporate Contract
4e68413c-8718-4b47-9bea-a5204e63a302,Zaira,Terragni,zaira_terragni@gmail.com,+1 433 248 6742,IT,Europe,Zerbo,F,Group,2021-02-03 23:12:22,Gold,Email,False,Italian,American Express,,Corporate Contract
a6d4eac7-a6f0-44e3-bc85-613c71451628,Danny,Robinson,drobinson@hotmail.com,+1 829 758 1516,MX,North America,Mitchellview,M,Family,2019-09-09 17:45:50,Non-Member,SMS,False,English,Mastercard,,Walk-in
01cc2d11-e186-4062-aab6-2bea833b22b4,Kelly,Lane,kelly.lane@gmail.com,(353) 847-4439,US,North America,West Samuelfurt,F,Business,2023-05-10 18:13:08,Silver,Email,False,English,Mastercard,,Corporate Contract
fe121fb2-0aa1-466e-ba37-5e4ceb3e81f5,Jacqueline,Thompson,jacqueline_thompson@yahoo.com,+1 117 724 1436,MX,North America,South Francescaborough,F,Leisure,2022-11-24 05:10:03,Gold,Email,False,English,Apple Pay,,OTA Referral
5893d108-b299-4d69-9184-177b004e0b37,Ann,Newman,noemail@provided.com,+1 375 223 8635,NL,Europe,New Lewis,F,Group,2024-01-30 03:10:25,Silver,Email,True,English,PayPal,,Website Direct
50126d48-a430-40c8-97e6-e70426da685e,Ottilie,Rädel,ottilie_rädel@gmail.com,+49 092 375459,DE,Europe,Greiz,F,Business,2020-02-26 10:29:23,Non-Member,None,True,German,Visa,,Walk-in
aef25814-2fcb-4cc4-af0f-3d7a33489c50,Claire,Brown,claireb@hotmail.com,+1 954 157 8459,SE,Europe,Shirleytown,F,Leisure,2021-07-15 22:40:38,Silver,Email,True,English,American Express,,Website Direct
93cef70e-116a-4db7-937e-14525ffa7dbb,Darren,Wright,darren70@gmail.com,0080 097 4505,GB,Europe,New Charlie,M,Leisure,2023-02-19 12:26:11,Basic,Email,True,English,Mastercard,,Walk-in
a1d50bd8-6367-402c-a3e8-4bc0e7d8b933,Carole,Taylor,carole29@hotmail.com,(475) 495-5837,US,North America,East Nathan,F,Leisure,2023-12-07 23:38:32,Basic,Email,False,English,Visa,,OTA Referral
96e5ad4a-36bd-4d56-b733-9720366d5391,Tracey,Bennett,tracey.bennett@oscorp.com,(413) 862-0631,US,North America,Port Karlberg,F,Business,2023-01-26 20:13:30,Non-Member,SMS,True,English,Mastercard,"Non-smoking, Early Check-in",Website Direct
44726417-2bdb-42dc-8a04-9f036f30eedb,Callum,Ward,callumw@cyberdyne.com,+1 136 290 3775,CO,South America,West Helen,M,Business,2024-09-27 16:44:16,Basic,Email,False,English,Visa,,Website Direct
9bebee45-d8b1-44a7-9e4a-20c611a25e15,Kevin,George,keving@outlook.com,+61 315 546 2715,AU,Asia Pacific,East Carole,M,Leisure,2024-08-31 18:00:42,Silver,Email,True,English,American Express,Non-smoking,Corporate Contract
af3b03f5-5d1b-4cc5-be22-461e7f437e25,은주,박,은주.박@gmail.com,+1 577 290 6307,KR,Asia Pacific,Whiteheadshire,F,Leisure,2022-10-24 05:39:11,Gold,Email,True,Korean,Visa,,Website Direct
a10149f2-8bbe-419e-8d28-6768d921ce89,Francis,Smith,francis.smith@dummycorp.com,+91 984 231 1055,IN,Asia Pacific,Lake Petertown,M,Business,2019-03-06 10:03:15,Gold,Email,True,English,PayPal,,Walk-in
9a1ee508-e0d6-485c-be41-f200e413b523,Ryan,Ahmed,ryan_ahmed@gmail.com,7820 239 6077,GB,Europe,East Howard,M,Leisure,2021-10-15 09:46:25,Gold,Email,True,English,Mastercard,Early Check-in,Website Direct
71739318-6f09-4fab-b320-802416ee17da,Sian,King,siank@umbrellacorp.com,+1 935 169 2230,MX,North America,Bensonport,F,Business,2019-11-28 00:33:46,Non-Member,Email,False,English,Visa,,Phone Booking
be41cf4e-ac64-43b3-9766-6cdb6f3c9494,Justin,Pritchard,guest@email.com,+1 878 927 5336,MX,North America,South Paula,M,Family,2020-07-17 10:58:00,Gold,Email,True,English,American Express,,Phone Booking
cd315ac4-1795-4b19-83f7-678df29ef0b8,Gerald,Ward,gward@gmail.com,+1 677 237 4493,MX,North America,Port Nicholas,M,Leisure,2022-03-04 00:46:35,Non-Member,Email,True,English,Google Pay,,Walk-in
f126590a-bd1f-4264-b1d1-8d31929d5d30,Mary,Newman,maryn@umbrellacorp.com,+1 973 209 6700,CA,North America,Andreahaven,F,Business,2023-02-13 10:56:40,Non-Member,Email,True,English,Apple Pay,,Corporate Contract
749b5791-92ce-471e-a9f0-4a95ed914bb7,Aaron,Tucker,aaron56@gmail.com,+44 0317 538579,GB,Europe,Port Darren,M,Business,2021-03-16 19:29:03,Silver,Email,True,English,Visa,,Website Direct
25532f7a-9131-46f3-8177-f6419dae7f5b,Bradley,Pritchard,bradley21@tyrellcorp.com,+1 580 229 9150,SG,Asia Pacific,Laurenmouth,M,Business,2024-06-17 09:41:05,Basic,Email,False,English,Visa,,OTA Referral
80db909e-e79a-4d9b-b26c-12eca1ea7773,أناهيد,فصيل,أناهيدف@gmail.com,+971 651 393 1928,AE,Middle East,Garnerborough,F,Leisure,2023-08-14 06:10:39,Basic,Email,True,Arabic,Mastercard,,Walk-in
57e9d45b-26ae-4f2f-9523-751c0845a9ad,Josephine,Richardson,josephine.richardson@umbrellacorp.com,+1 803 340 4999,SE,Europe,New Stanleyland,F,Business,2019-04-16 12:17:26,Platinum,Email,True,English,Mastercard,,Website Direct
1f16857a-4b50-4fb9-a020-d7b6e92022ed,Ricky,Bull,rickyb@gmail.com,+1 445 822 2448,QA,Middle East,West Glennbury,M,Leisure,2019-04-20 13:50:52,Silver,Email,False,English,Visa,,OTA Referral
8e8e72be-a028-472b-bc68-c6c7cbce4953,Janet,Law,janetl@outlook.com,424-087-6952,US,North America,Port Anna,F,Business,2020-11-18 22:01:42,Basic,Email,True,English,Visa,,Website Direct
986df1ee-5625-47c6-a7d0-b58224b29fbd,Andrea,Saunders,asaunders@gmail.com,,SE,Europe,Port Lee,F,Group,2024-11-21 12:15:05,Non-Member,Email,True,English,Visa,,Corporate Contract
5574e2fc-b138-4ced-9023-b4f40e9606e8,Gianfrancesco,Juvara,gianfrancesco.juvara@yahoo.com,+1 312 962 3150,IT,Europe,Azzano Mella,M,Business,2019-03-28 12:02:57,Silver,Email,True,Italian,Visa,Non-smoking,Corporate Contract
47f6bac6-4d45-4dc3-b3c9-e8eba7bf8dd4,Mohamed,Hargreaves,mohamedh@outlook.com,078-370-2020,US,North America,East Dawn,M,Family,2023-06-07 18:13:15,Non-Member,Email,False,English,Visa,,Corporate Contract
0d451c6b-cd80-491b-8fb5-f501f6871dd5,Roberta,Caracciolo,roberta83@outlook.com,+1 197 294 9067,IT,Europe,Roncade,F,Leisure,2024-05-31 13:02:51,Silver,Email,False,Italian,Apple Pay,,Website Direct
7845e04e-ee91-4595-9a13-f378d4ce64ff,Laura,Welch,laura.welch@gmail.com,+1 817 871 1797,NL,Europe,Lake Sian,F,Leisure,2024-09-10 04:18:14,Basic,Email,True,English,Mastercard,,Walk-in
85ee816f-c067-449f-a621-228654cd3d9d,Denis,Hart,denis_hart@gmail.com,000-000-0000,US,North America,Guybury,M,Leisure,2023-11-07 22:21:07,Basic,SMS,True,English,Visa,,Phone Booking
3318c203-56d4-4bf0-94c4-f25eaa9c0a83,Jodie,James,jodie_james@gmail.com,+1 718 253 3249,SE,Europe,Andrewborough,F,Leisure,2023-05-10 17:15:02,Basic,Email,True,English,Apple Pay,,Website Direct
1573f8de-4bf1-4129-b716-a68ca0a67873,지현,김,지현_김@gmail.com,+1 754 594 9105,KR,Asia Pacific,Grahamhaven,F,Group,2024-07-31 04:36:23,Platinum,SMS,True,Korean,Google Pay,,Corporate Contract
88a5fc8f-6d8e-4031-8f21-0fc2c61f18aa,Clifford,Clark,clifford.clark@gmail.com,+1 707 306 9888,CA,North America,New Kathleen,M,Leisure,2023-11-08 20:31:47,Basic,Email,True,English,Apple Pay,,OTA Referral
00e89622-2234-40a6-83b7-b6bee2ae534b,Fiona,Blackburn,fiona.blackburn@gmail.com,+1 172 718 6308,CL,South America,East Graham,F,Leisure,2022-04-22 09:48:00,Basic,Email,True,English,American Express,,OTA Referral
b4866327-9941-46ea-b1ec-88904389b0a1,Lewis,Simpson,lewis_simpson@tyrellcorp.com,+1 290 366 1968,TH,Asia Pacific,East Gary,M,Business,2021-08-03 00:04:22,Basic,Email,False,English,Mastercard,,Website Direct
9c43bc9c-299c-4ef1-a07e-d5442ea6df6f,Marc,Foster,mfoster@gmail.com,+1 338 316 9130,KW,Middle East,Lake Samfort,M,Group,2021-03-30 02:53:39,Gold,Email,True,English,Mastercard,"Late Check-out, Non-smoking",Corporate Contract
b43c216c-5b89-4c50-a965-99d577f4c930,Joyce,Davis,joyced@gmail.com,+91 675 979 3953,IN,Asia Pacific,North Ann,F,Leisure,2021-07-02 07:15:03,Gold,Email,True,English,Visa,,Website Direct
033184f6-1d15-410e-8e63-7245340319b9,Lynne,Hughes,lynne.hughes@outlook.com,+1 682 905 2601,CA,North America,Lake Ann,F,Leisure,2019-06-21 23:42:31,Platinum,Email,True,English,Mastercard,,Corporate Contract
96dfb36b-3c4a-4ec5-ad86-712f8abaf6fa,Amanda,Baker,amanda58@outlook.com,+44 7667 873659,GB,Europe,West Declanport,F,Family,2019-02-08 08:00:19,Silver,SMS,False,English,PayPal,,Walk-in
07d0c714-17fd-4fcf-8cbd-d68b5e87ee30,Roy,Lloyd,roy88@outlook.com,+1 868 263 5773,SG,Asia Pacific,North Carly,M,Business,2021-07-11 04:22:18,Basic,Both,False,English,Mastercard,,Corporate Contract
9b0a7d65-03ad-4cab-a720-b0ac6c2e62b8,Hayley,Coleman,hayley.coleman@gmail.com,+1 785 139 1665,MX,North America,Woodfurt,F,Leisure,2019-01-14 07:54:01,Silver,SMS,True,English,Visa,,Corporate Contract
2e327c44-9d76-4d6d-b816-e5af6c0dff91,Gail,Wall,gwall@outlook.com,+1 574 678 2911,MX,North America,Alexanderfort,F,Leisure,2020-01-06 12:44:14,Gold,SMS,False,English,Visa,,Walk-in
ede4b4fc-65f6-4e31-bc5d-bd40c06160e7,Jill,Barnes,jill18@gmail.com,+1 553 338 1770,MX,North America,Alexandermouth,F,Business,2019-03-25 23:14:46,Platinum,Both,True,English,Visa,,Website Direct
eb70e947-4c4b-4401-8d3e-3277ab1a2408,Angela,Allen,angela_allen@gmail.com,+1 806 781 8238,MX,North America,Fisherberg,F,Leisure,2023-04-15 16:06:24,Silver,Both,True,English,American Express,,Walk-in
3bfa7bea-dc06-42e1-acb0-ee3a090f9162,Adam,Gilbert,adamg@yahoo.com,3831 044 3406,GB,Europe,Thomaston,M,Leisure,2023-09-24 09:57:37,Non-Member,SMS,False,English,American Express,,Walk-in
58a05639-feaa-43c1-9bd6-96ff8103c0a2,Pamela,Herbert,pherbert@gmail.com,394-211-4796,US,North America,North Joelburgh,F,Business,2024-01-12 11:25:52,Basic,SMS,False,English,Mastercard,,Corporate Contract
266878f3-b5bf-48a5-821d-5947c3d73272,James,Kay,james_kay@globex.com,570-840-2716,US,North America,Nolantown,M,Business,2022-01-04 16:21:16,Silver,Both,True,English,Mastercard,,Corporate Contract
74db3a9d-cc20-4517-b061-5a4c2c28e7e9,Mohamed,Richardson,mohamed_richardson@acme.com,+1 923 896 8502,CA,North America,East Lynnfurt,M,Business,2024-04-29 00:38:25,Basic,Email,False,English,Google Pay,,OTA Referral
aee521d8-3241-48f4-85bd-baa7d30a7b55,Jules,Riou,jules99@gmail.com,+33 393 742 8179,FR,Europe,Saint Stéphane-la-Forêt,M,Business,2024-04-10 19:37:59,Gold,Email,True,French,Visa,,OTA Referral
4c5ecca9-01a4-4916-a204-1dac2714de97,Darren,Mitchell,dmitchell@hotmail.com,+61 929 384 7406,AU,Asia Pacific,Port Justin,M,Leisure,2021-02-06 23:15:45,Non-Member,Email,True,English,Visa,,Website Direct
4c82f76c-75b8-42ff-80ba-3ca2aae089af,Diane,Barker,dianeb@waynecorp.com,+1 154 435 8607,TH,Asia Pacific,Port Kyle,F,Business,2020-03-25 08:53:51,Non-Member,Email,False,English,PayPal,,Corporate Contract
954c79a4-3b2d-456e-a7fc-9df62d89192a,Luz,Iglesia,luz22@starkindustries.com,+1 919 630 8613,ES,Europe,Granada,F,Business,2022-05-28 01:35:06,Basic,Email,True,Spanish,Visa,,OTA Referral
ed865254-b962-4fe1-aa42-a6f8a8f03ba8,Dominic,Sykes,dominic.sykes@gmail.com,+1 859 290 7097,CA,North America,Mariantown,M,Leisure,2023-02-26 03:21:09,Basic,SMS,True,English,American Express,,OTA Referral
2095a3bb-37e1-4f8d-b1e8-090166919822,Tina,Khan,tina.khan@dummycorp.com,937-219-8018,US,North America,New Terry,F,Business,2021-06-04 07:48:55,Basic,Email,False,English,Mastercard,"Early Check-in, Non-smoking",OTA Referral
92bcd869-927d-4934-9948-9f1eb823c4cf,Febe,Diez,guest@email.com,+1 571 388 3441,ES,Europe,La Rioja,F,Business,2022-06-29 08:11:24,Non-Member,Email,True,Spanish,Mastercard,,Corporate Contract
3201d646-b510-433f-8f82-5609042e4932,Hayley,Banks,hayley_banks@globex.com,677-481-7116,US,North America,Port Cherylbury,F,Business,2020-02-12 06:44:44,Silver,Email,True,English,Apple Pay,,OTA Referral
fbfcc813-8925-44b0-9f31-e45b346126c5,Jeremy,Hayes,jeremy70@globex.com,+1 182 530 8542,CH,Europe,Allenland,M,Business,2024-05-22 23:36:36,Basic,Email,False,English,Visa,"Late Check-out, Wheelchair Accessible",Walk-in
ce5835ac-ad22-47f5-bd97-16c204a7c26e,Angela,Reid,guest@email.com,(596) 103-4378,US,North America,O'Sullivanburgh,F,Business,2024-05-24 12:12:35,Non-Member,Email,False,English,Visa,,Website Direct
8c501870-f104-4be0-8ce9-9fdbb76b5095,Marie,Clark,marie_clark@gmail.com,+1 893 222 8205,CH,Europe,Port Elizabethview,F,Leisure,2020-02-14 15:46:33,Silver,Both,True,English,Visa,,Website Direct
3db25a88-201d-4f40-9dcb-8b8215b2dcbc,Arthur,Walker,awalker@acme.com,+91 796 180 2511,IN,Asia Pacific,Geraldineside,M,Business,2022-04-01 06:00:16,Platinum,Email,False,English,Visa,,Phone Booking
496c5bc7-c57c-47d8-b989-512f9daee6ba,Geraldine,Haynes,geraldine_haynes@dummycorp.com,+44 4989 205592,GB,Europe,Lordborough,F,Business,2024-07-08 03:33:36,Basic,Email,True,English,Visa,"High Floor, Late Check-out",Walk-in
77ef83fe-9bf3-4894-8f6d-0d4440bb234b,Mandy,Ahmed,mahmed@outlook.com,(820) 881-7202,US,North America,Smithbury,F,Leisure,2024-02-13 05:58:43,Basic,Email,True,English,Mastercard,,Walk-in
423a20c1-59e4-4ba8-b6a2-0057e5ef1de8,Janice,Bentley,guest@email.com,+61 369 748 5800,AU,Asia Pacific,Sarahville,F,Group,2019-06-27 17:16:06,Non-Member,Email,False,English,Mastercard,,Website Direct
f953b295-eff4-4b87-9852-af4cca98b653,Gregory,Hunt,ghunt@gmail.com,+1 333 170 4739,NL,Europe,Janetville,M,Group,2024-02-21 10:39:09,Gold,Email,True,English,Mastercard,,Phone Booking
09df35c6-9c6c-4869-b918-1a9d66d2f24c,Holly,Sinclair,holly_sinclair@gmail.com,+61 432 330 7964,AU,Asia Pacific,Port Jamie,F,Business,2023-12-27 16:29:21,Non-Member,Email,False,English,American Express,,Phone Booking
28098fab-7fc3-49b6-afbb-eddd1aaa7a62,Hazel,Higgins,hazel.higgins@hotmail.com,250-582-1957,US,North America,Petermouth,F,Leisure,2022-10-18 10:22:24,Basic,SMS,False,English,Google Pay,,Walk-in
a07a874e-cef6-4ee2-b37b-68e45403c52d,성수,이,성수.이@icloud.com,+1 297 290 3197,KR,Asia Pacific,Macdonaldport,M,Family,2019-03-27 14:54:03,Non-Member,Email,False,Korean,Mastercard,,Walk-in
6e1af8d3-7bf9-4ce2-8f90-4a5f5facafa3,Danielle,McCarthy,danielle48@cyberdyne.com,+1 859 468 4004,SE,Europe,Lukeshire,F,Business,2020-03-05 20:58:42,Platinum,Email,False,English,Mastercard,,Phone Booking
f80632fb-f556-4767-aec9-9459d80a7899,Louise,Wright,louise_wright@initech.com,+1 835 154 4817,MX,North America,Herbertville,F,Business,2024-09-12 11:39:59,Basic,Email,True,English,Mastercard,,Phone Booking
3750e19c-e6b6-483e-9de1-7ca7685e8883,强,高,强72@outlook.com,+86 617 5775 406,CN,Asia Pacific,New Debra,M,Leisure,2024-02-21 12:51:37,Non-Member,Email,True,Chinese,Mastercard,,Corporate Contract
ec64a2a5-600f-4cae-a00a-e9879611ab74,Christopher,Simmons,christopher.simmons@gmail.com,+1 722 706 6513,CH,Europe,Shaneberg,M,Leisure,2020-10-16 05:55:18,Gold,Email,True,English,PayPal,,Corporate Contract
9a852d8a-5987-4e78-991c-668144adc4ce,Rosemary,Rogers,rosemary_rogers@hotmail.com,+1 101 519 9842,CA,North America,Fergusonstad,F,Leisure,2023-09-29 05:06:15,Non-Member,Email,True,English,Google Pay,,Corporate Contract
9355bfbb-5f7a-4358-b867-fc89b21062f2,Julia,Williams,jwilliams@icloud.com,(633) 271-3277,US,North America,Hughstad,F,Leisure,2022-10-27 02:50:55,Silver,Email,True,English,Mastercard,,Website Direct
f16bc5b0-c92f-4952-b5ac-b2b39ae8af66,Josh,Walton,josh97@outlook.com,+1 738 320 1776,MX,North America,Turnerchester,M,Leisure,2023-09-13 07:14:52,Silver,Both,True,English,Mastercard,,Corporate Contract
9e8854be-42b1-43a6-9efb-ab522c04e4f2,Aaron,Evans,aaron_evans@gmail.com,+1 591 447 1893,CO,South America,Baxterburgh,M,Leisure,2019-03-09 13:59:43,Non-Member,Both,True,English,PayPal,,Phone Booking
f48a3051-d1a9-46d2-ae26-3bf6ff20f440,Christa-Maria,Gnatz,cgnatz@icloud.com,+49 4332/972966,DE,Europe,Pfaffenhofen an der Ilm,F,Leisure,2021-02-14 04:58:41,Silver,SMS,True,German,Mastercard,Late Check-out,OTA Referral
737420a4-1b82-41b7-b115-ac1fabee8c34,Susan,Ryan,susanr@gmail.com,000-000-0000,MX,North America,Savageburgh,F,Leisure,2021-07-02 02:36:06,Non-Member,Email,True,English,Visa,"Late Check-out, Wheelchair Accessible",Phone Booking
e0a06d12-6ec5-4b07-9f3e-9da55a599d0f,Arnulfo,Contrafatto,acontrafatto@waynecorp.com,+1 670 523 7514,IT,Europe,Zianigo,M,Business,2024-03-12 21:53:16,Non-Member,Email,True,Italian,Visa,,Corporate Contract
d5abdfe8-b083-4913-b68c-7da4be2770ab,楠,林,楠14@outlook.com,+86 692 3241 720,CN,Asia Pacific,East Sarah,M,Leisure,2020-11-14 16:30:42,Non-Member,SMS,True,Chinese,American Express,,Corporate Contract
a67d8111-57a0-4a4f-ba72-f179cf7b763d,红霞,杨,红杨@gmail.com,485 1807 2402,CN,Asia Pacific,Lake Jane,M,Leisure,2021-06-22 12:42:05,Basic,Email,False,Chinese,American Express,,Walk-in
6244d5dd-86ab-49df-ab99-8f5755d75e3e,Katie,Burton,katieb@outlook.com,+1 264 253 6849,CA,North America,New Shirleytown,F,Leisure,2022-10-18 22:12:20,Basic,Email,True,English,Visa,,Corporate Contract
251c7d03-3f8a-4647-87c8-54484b19b24f,Annette,Lynch,annette44@gmail.com,(374) 441-9764,US,North America,Cookhaven,F,Family,2020-11-20 15:56:36,Basic,SMS,True,English,Visa,Early Check-in,Phone Booking
5a962cc3-a8a1-4a7a-b3a0-880238b986c9,Connor,Carey,connorc@gmail.com,439-668-1574,US,North America,North Alexanderton,M,Leisure,2024-08-01 01:45:01,Non-Member,Email,True,English,Visa,,OTA Referral
2f9dbb46-0034-4759-b546-334edd9777d4,Jamie,White,jamie86@gmail.com,+1 499 313 1916,KW,Middle East,Lake Pauline,M,Business,2022-02-26 20:00:39,Silver,Email,True,English,Visa,,Website Direct
450190fe-1028-4454-907d-7a1a1ac86cae,Ludmila,Rose,ludmila_rose@oscorp.com,+49 738 595580,DE,Europe,Kronach,F,Business,2022-09-12 22:04:16,Non-Member,Email,False,German,PayPal,,Walk-in
0638f239-2162-495f-9fc7-2423a4a822e1,Howard,Ashton,hashton@example.ca,+1 845 841 1600,CA,North America,Williamsside,M,Business,2021-01-04 05:15:00,Silver,Email,True,English,Visa,,Phone Booking
de39540f-f08e-4836-ba6e-f56af54b9ff2,Claas,Heintze,claash@yahoo.com,+49 911 868295,DE,Europe,Vilsbiburg,M,Family,2021-04-24 17:22:46,Silver,Email,True,German,American Express,,Website Direct
2919e251-fdee-4a10-a71f-a2a1d80fd659,Allan,Khan,akhan@gmail.com,+1 650 530 8884,KW,Middle East,East Jade,M,Leisure,2023-09-07 01:37:08,Basic,Email,True,English,Visa,Non-smoking,Walk-in
91d1200b-a648-41f8-99cd-f43531a4aa5d,영식,이,영이@tyrellcorp.com,+1 795 154 6841,KR,Asia Pacific,West Jeanfurt,M,Business,2024-02-26 18:48:23,Non-Member,SMS,False,Korean,Visa,,Phone Booking
f8206495-7f6a-479e-bb23-dff4026572bf,Irene,Davies,idavies@yahoo.com,(243) 132-5502,US,North America,Webbhaven,F,Leisure,2022-01-21 11:21:19,Basic,Email,True,English,Mastercard,,Walk-in
172acf2f-38cb-466f-be1d-d73dd5a876bd,Martyn,Read,martyn42@gmail.com,+91 877 465 2517,IN,Asia Pacific,New Carlyborough,M,Leisure,2023-11-04 08:10:38,Basic,Email,True,English,Visa,,Phone Booking
7d6ea790-9dce-46f2-a6eb-f60d925ae490,Benjamin,Evans,benjamin_evans@gmail.com,2982 770 8523,GB,Europe,West Deborahville,M,Family,2019-01-23 18:07:18,Gold,SMS,True,English,Visa,Non-smoking,Corporate Contract
b4902aaa-6a8e-4289-94b5-54781dafab48,Olivia,Lewis,olewis@dummycorp.com,785-754-9542,US,North America,New Keithton,F,Business,2021-02-07 11:08:17,Non-Member,Both,True,English,Mastercard,,Website Direct
8fb529a9-60da-4831-9c12-0cabd07b3856,Kenneth,Jones,noemail@provided.com,+1 736 997 9734,CA,North America,West Chelsea,M,Family,2019-01-13 19:17:17,Silver,Email,True,English,Visa,,Corporate Contract
9dc3c1f5-80bd-464b-9389-46f247a77d58,Matthew,Taylor,matthew.taylor@dummycorp.com,+1 362 112 7981,NL,Europe,North Zoe,M,Business,2022-10-02 04:04:01,Non-Member,SMS,True,English,American Express,,Website Direct
a4902bfa-ebb9-470f-8990-5866eda6e88c,Claudia,Cuadrado,claudiac@gmail.com,+1 515 473 4083,ES,Europe,Ourense,F,Leisure,2021-09-11 19:18:25,Basic,SMS,False,Spanish,American Express,"Late Check-out, Non-smoking",Website Direct
bd8bff16-4741-47fd-9ce3-1e1841487b9d,Jade,Smith,jade24@outlook.com,+1 236 396 5415,MX,North America,South Lisa,F,Family,2021-04-25 23:05:24,Basic,Email,False,English,Google Pay,,Website Direct
c46727ea-a6b0-4ddb-bb87-906d81efc990,Natalie,Watson,nwatson@gmail.com,+1 980 140 8131,TH,Asia Pacific,Wheelerville,F,Leisure,2019-07-13 17:04:33,Basic,Both,False,English,Mastercard,,Phone Booking
34ac14e2-d2d2-4d87-bf6a-b7486910937a,Mary,Richardson,maryr@yahoo.com,+1 594 742 6932,CH,Europe,Bibistad,F,Leisure,2022-02-19 06:47:02,Non-Member,Email,True,English,American Express,,Website Direct
b3b88625-387a-4d35-b914-f214e08a98d7,Lynne,Walsh,lynne_walsh@tyrellcorp.com,+1 517 503 9493,CA,North America,New Bryan,F,Business,2022-08-17 08:47:13,Non-Member,Email,True,English,Mastercard,,Walk-in
8ed92a8b-b2ca-4fec-9959-eae7cb916f52,Lee,Thompson,lee_thompson@starkindustries.com,+44 7231 929992,GB,Europe,Clarkemouth,M,Business,2023-11-28 11:46:56,Basic,SMS,True,English,Mastercard,,OTA Referral
b705ac3b-f7ca-4b5b-b5fb-9c0ff54fb33e,Amy,Robinson,arobinson@gmail.com,+91 887 194 9023,IN,Asia Pacific,Port Louisemouth,F,Leisure,2023-05-18 18:25:03,Basic,Email,False,English,PayPal,,Walk-in
b8599205-58e8-474d-a8c0-cf2e7d33589d,Connor,Slater,connor.slater@outlook.com,+44 7395 241576,GB,Europe,Joshuabury,M,Family,2019-07-06 12:49:43,Gold,Both,False,English,Visa,"Early Check-in, High Floor",Walk-in
362b8924-e608-4ab4-8ba6-da9bbe96c3e4,杰,陈,杰61@yahoo.com,+86 680 9603 146,CN,Asia Pacific,New Diana,M,Leisure,2024-11-08 20:51:10,Non-Member,Email,True,Chinese,Visa,,Website Direct
6203f6b9-0f55-4a16-acb0-e5ee382715b1,Lucy,Gauthier,lucy53@outlook.com,+33 868 379 9962,FR,Europe,Saint Inès,F,Leisure,2019-11-26 12:37:13,Basic,Email,True,French,Visa,,Walk-in
0f04bc05-0e6d-4f2e-8a90-00839291bc4a,Rachel,Murray,rachelm@yahoo.com,+1 733 379 7959,SE,Europe,Oliviaville,F,Leisure,2020-09-20 10:22:26,Non-Member,Email,True,English,American Express,,Phone Booking
c34b8190-e869-4d46-9da9-f9899f13559a,Katherine,Thompson,katherine95@yahoo.com,+1 491 892 7604,CA,North America,New Henryfurt,F,Leisure,2023-11-20 11:10:25,Non-Member,Email,True,English,Visa,,Website Direct
b8244363-9133-4e7c-b379-0b8c8388e888,Ricky,Hughes,ricky.hughes@yahoo.com,+1 744 232 5633,CA,North America,Leonardshire,M,Business,2019-09-06 05:45:51,Non-Member,Both,True,English,Apple Pay,,Website Direct
b92e14eb-3638-4c56-815b-afb2f205a666,Joel,Brown,joel_brown@hotmail.com,+1 298 549 4299,CA,North America,Adammouth,M,Leisure,2023-02-08 03:53:48,Basic,Email,True,English,Mastercard,,Corporate Contract
749489ab-fb63-4ee0-bde4-edacf421e62a,Pasquale,Colletti,pasquale39@hotmail.com,+1 993 624 2514,IT,Europe,Bagni Nuovi,M,Leisure,2024-02-25 05:54:46,Non-Member,Email,False,Italian,Google Pay,,OTA Referral
eecffd35-d189-456d-8d74-cd3d7c368851,Kyle,Kelly,kyle.kelly@gmail.com,+1 502 451 5763,MX,North America,East Ellie,M,Business,2024-07-12 14:55:10,Basic,SMS,True,English,Google Pay,,Corporate Contract
63fdf5a5-e90e-4597-993b-f6ea7099dd42,Charlie,West,charlie.west@gmail.com,+1 942 742 3694,MX,North America,South Brandonburgh,M,Group,2020-10-24 17:01:19,Gold,Email,False,English,American Express,,Walk-in
b937c488-6627-4cef-8781-88725d55708f,Allan,Jones,allan85@starkindustries.com,+1 518 280 8269,NL,Europe,Lake Carole,M,Business,2023-06-08 08:35:04,Non-Member,Email,False,English,American Express,,Walk-in
e16ee1f3-62b6-462c-8dd3-69580edec811,Megan,Clark,meganc@gmail.com,+1 703 412 3427,MX,North America,Matthewshaven,F,Leisure,2021-09-14 18:27:38,Non-Member,Both,True,English,Visa,,Phone Booking
b150ff22-8a58-4d8f-89c6-33e6e11306d5,Chantal,Bohnbach,cbohnbach@outlook.com,+49 9776/817180,DE,Europe,Weißwasser,F,Leisure,2024-02-28 07:19:33,Silver,Email,True,German,Mastercard,,Phone Booking
64970ca9-e0cc-49cf-8327-8a4176ab7795,Kirsty,Rose,guest@email.com,+1 182 969 2756,CA,North America,Bakerhaven,F,Business,2023-05-04 22:09:05,Non-Member,SMS,True,English,American Express,,OTA Referral
e1e782f8-533e-4aff-842d-26a27cbd2d5f,舞,山下,舞山@yahoo.com,+81 176 618 1669,JP,Asia Pacific,South Sarah,F,Family,2024-06-21 04:09:55,Basic,Email,False,Japanese,Visa,,Phone Booking
b2e77d2f-7d75-4488-820e-149485079be0,Emma,Williams,emma.williams@gmail.com,066-447-7646,US,North America,Jemmaburgh,F,Family,2022-05-23 11:50:13,Gold,Email,True,English,Visa,,Phone Booking
8ba8b911-d4a8-45ce-ae0d-4576b90a0a52,Liam,Barton,lbarton@outlook.com,+1 196 606 8545,MX,North America,New Juliabury,M,Leisure,2022-03-20 18:26:48,Platinum,Email,True,English,American Express,,Website Direct
abd1d003-e112-4efe-8a4a-000e079ba4f7,Matthew,Curtis,matthew_curtis@gmail.com,083-970-9014,US,North America,Taylorshire,M,Leisure,2019-03-26 05:00:05,Gold,Both,False,English,American Express,,Walk-in
2945cb12-44e2-43a0-9658-d08374261384,Máxima,Cobo,máxima.cobo@gmail.com,+1 487 826 4648,ES,Europe,Badajoz,F,Family,2024-01-22 04:57:13,Silver,Email,True,Spanish,American Express,,Website Direct
33766350-1cc8-4073-8a70-12544abe663d,Kerry,Owens,kerry_owens@starkindustries.com,(931) 427-0133,US,North America,Lucasmouth,F,Business,2020-03-25 09:33:22,Silver,Email,False,English,PayPal,"Wheelchair Accessible, Early Check-in",OTA Referral
51dbaed4-c3a5-43c7-9860-7a2393d9a860,Amber,Read,amber_read@example.th,+1 882 706 9321,TH,Asia Pacific,North Nigel,F,Business,2021-01-24 09:52:38,Basic,SMS,True,English,Mastercard,,Website Direct
65d1683d-77d6-4931-9816-141f0915fc79,James,Nelson,jamesn@outlook.com,+1 711 738 6973,TH,Asia Pacific,Rossfort,M,Business,2019-12-31 01:12:25,Silver,Email,False,English,Visa,,Phone Booking
ca4733a9-a57d-4020-a714-4ad40c849dfc,Annette,Shah,annettes@yahoo.com,+1 730 856 8554,MX,North America,South Jodiestad,F,Leisure,2019-07-29 13:05:59,Basic,Email,True,English,Mastercard,,OTA Referral
1aeb8555-73f4-40da-a817-19d1149a61d8,Andrea,Hunter,ahunter@gmail.com,+1 567 263 9668,CA,North America,North Heathermouth,F,Leisure,2024-04-22 08:33:40,Non-Member,SMS,True,English,Visa,,Corporate Contract
d64e630a-60c4-4c93-91f6-b6be6e5b11d6,Robert,Walker,robert.walker@outlook.com,+44 0618 311939,GB,Europe,Boylestad,M,Business,2021-11-11 03:04:29,Silver,Email,False,English,Visa,,Phone Booking
79324eaf-036d-47a8-a594-a34f132bdc49,Ben,Johnson,bjohnson@icloud.com,+91 448 691 9873,IN,Asia Pacific,Port Kenneth,M,Leisure,2023-03-25 17:54:40,Basic,SMS,True,English,Visa,,Website Direct
830a1d31-cfeb-4be1-a154-ec6ff67c422f,Alice,Higgins,aliceh@gmail.com,(253) 422-5790,US,North America,Wheelerbury,F,Leisure,2022-11-12 23:25:20,Gold,Email,True,English,Visa,,Corporate Contract
492bf064-3061-41cd-a50d-d413d15a9e97,Marcus,Martin,mmartin@initech.com,(649) 305-9664,US,North America,Bethanyview,M,Business,2019-03-18 05:28:28,Gold,Email,True,English,American Express,,Corporate Contract
8157de9a-af38-44a4-a9bf-dcbc57bade1b,Roger,Murphy,roger_murphy@gmail.com,581-024-9268,US,North America,Francisport,M,Leisure,2019-02-17 07:46:11,Silver,Email,True,English,Mastercard,,Website Direct
ee6d8257-f818-43af-88c9-eb9bd5e64409,Kenneth,Collins,kcollins@outlook.com,+1 486 224 4513,SG,Asia Pacific,Kayleighside,M,Leisure,2023-08-02 04:54:53,Basic,Email,True,English,Mastercard,,OTA Referral
9c90e79e-2cd5-42a0-8ff2-6c870111f0f7,Jacqueline,Smith,jacqueline_smith@initech.com,+91 877 341 9337,IN,Asia Pacific,Leonardshire,F,Business,2020-07-29 17:39:29,Silver,Both,True,English,American Express,,OTA Referral
96f77165-dcb5-4eb4-b3c8-3bc08c160601,Derek,James,derek_james@outlook.com,+1 725 532 6847,TH,Asia Pacific,Davieston,M,Leisure,2022-09-30 21:13:03,Silver,Email,False,English,Visa,Late Check-out,OTA Referral
a002b7da-6d2e-4896-8f6b-a6891ad902a5,Molly,Phillips,molly.phillips@example.nl,+1 382 755 8894,NL,Europe,South James,F,Business,2020-11-13 08:54:20,Gold,Email,False,English,Visa,,Walk-in
20e42c79-46f1-4bc0-87bd-f13d2556746e,Susan,Williams,susan87@gmail.com,+1 752 774 1837,MX,North America,Jaynebury,F,Leisure,2022-08-23 16:23:22,Basic,Email,False,English,Apple Pay,,Walk-in
2e2249cf-7ada-4cbb-a6e3-997ee8befee9,June,Owen,jowen@outlook.com,+1 241 877 1209,CA,North America,Lake Patrick,F,Leisure,2022-05-26 03:45:45,Basic,Email,False,English,Apple Pay,,OTA Referral
52c9a1f1-8212-42f1-bb14-9e6d95a0df90,June,Hill,guest@email.com,+91 212 576 3865,IN,Asia Pacific,Lake Sian,F,Family,2020-03-16 03:11:57,Basic,Email,True,English,Visa,,Walk-in
e829b5a3-547b-4903-9dc5-6ee60976abcf,Joseph,Wilkins,joseph_wilkins@yahoo.com,+1 271 576 7562,CH,Europe,East Jay,M,Leisure,2022-06-26 07:26:27,Non-Member,Email,True,English,Mastercard,,OTA Referral
3a65047e-6244-4154-8027-549eeb7a90e0,미정,이,미정_이@gmail.com,+1 403 444 1572,KR,Asia Pacific,Marcside,F,Leisure,2022-03-14 08:12:44,Basic,SMS,True,Korean,Apple Pay,,Corporate Contract
bb8351a9-3d7c-45c0-9cf9-a402f884d32c,Julian,Smith,jsmith@tyrellcorp.com,+1 405 277 7922,MX,North America,North Stephanieside,M,Business,2024-05-27 15:06:21,Basic,Email,True,English,Apple Pay,,Walk-in
b693a042-4299-423a-b539-c592ebd530b3,Giampaolo,Vismara,giampaolov@gmail.com,+1 770 769 5852,IT,Europe,Latiano,M,Family,2019-09-22 01:48:33,Gold,Email,True,Italian,Google Pay,,Corporate Contract
d1829021-bc27-43d0-ba08-aac1740a7096,Amy,Hart,amyh@initech.com,238-754-4437,US,North America,Frostmouth,F,Business,2021-03-24 02:46:43,Silver,None,True,English,Visa,,Phone Booking
10b8f089-0766-4fa7-93be-65c16bd6ce8a,Gilles,Rodriguez,gilles_rodriguez@cyberdyne.com,+33 612 493 1728,FR,Europe,Delmas,M,Business,2023-01-07 10:46:05,Gold,SMS,True,French,Apple Pay,,Website Direct
adb52b01-67b1-4676-b5f7-e199eedc9ce8,Heather,Stone,hstone@icloud.com,+1 174 138 5701,CA,North America,Lake Georgiamouth,F,Family,2024-09-03 10:15:21,Non-Member,Email,True,English,Visa,,Phone Booking
b5d050be-6191-40eb-8c37-e688feea4c4e,Suzanne,Randall,suzanne_randall@outlook.com,+91 868 447 9561,IN,Asia Pacific,O'Connorstad,F,Leisure,2023-07-20 22:15:43,Non-Member,SMS,False,English,Visa,,Corporate Contract
aaa1bafa-55a6-40f9-b9ec-8b453bc2ecc0,Antonella,Prada,antonella_prada@gmail.com,+1 375 600 8446,IT,Europe,Civezzano,F,Leisure,2023-06-26 23:19:36,Basic,Email,False,Italian,PayPal,,Website Direct
8a5f02fc-7c1b-4726-8f8a-abed609d8f62,Eloah,da Costa,eloah.da costa@gmail.com,+55 681 179 5525,BR,South America,Lake Hazelberg,F,Family,2023-01-12 08:24:52,Gold,SMS,True,Portuguese,Visa,,Corporate Contract
da6c16e4-4e03-461f-9764-b49e9b691e66,七夏,斎藤,七夏_斎藤@gmail.com,+81 965 181 1420,JP,Asia Pacific,New Jasonland,F,Group,2023-03-14 08:15:24,Silver,None,True,Japanese,PayPal,Non-smoking,OTA Referral
e9dd5d27-0ad8-4af8-bf9f-12c98b483339,Cameron,Robinson,cameronr@outlook.com,+61 185 608 6584,AU,Asia Pacific,Parkerview,M,Leisure,2023-02-22 19:33:45,Silver,Email,True,English,Mastercard,,OTA Referral
9b76bbcd-ce75-4c8f-a455-185efcec10e8,真綾,山田,真綾山@dummycorp.com,+81 784 644 2880,JP,Asia Pacific,Shaneburgh,F,Business,2021-07-03 23:17:44,Non-Member,Email,False,Japanese,Mastercard,,Website Direct
a0423b32-a697-479c-b704-e011365ef792,Aníbal,Heredia,aníbalh@oscorp.com,+1 193 453 2265,ES,Europe,Ourense,M,Business,2019-06-25 14:07:44,Non-Member,Email,False,Spanish,PayPal,"Allergies, Early Check-in",Walk-in
f020001f-278d-480f-accf-2f068aa49848,Alexandra,Edwards,alexandra27@dummycorp.com,+1 840 905 3279,CA,North America,Owenberg,F,Business,2019-01-21 20:05:55,Non-Member,SMS,False,English,Apple Pay,,Walk-in
dd644513-0101-4d94-b8df-9e1539ea012a,Natasha,Marshall,natasha23@waynecorp.com,000-000-0000,GB,Europe,Coopertown,F,Business,2022-04-28 04:09:45,Silver,Email,True,English,American Express,,Walk-in
f0e1378d-dc73-45c6-80d9-321e8f021072,Kimberley,Parker,kimberley_parker@example.ca,+1 832 575 1547,CA,North America,Robinsonland,F,Business,2019-03-13 20:36:22,Silver,Both,True,English,Visa,,Phone Booking
97a1755b-3ac3-49f8-bdc7-569836a2ce41,Dominic,Wilkinson,dominic20@gmail.com,+1 304 234 1729,MX,North America,South Craig,M,Family,2022-09-30 05:47:48,Platinum,Email,False,English,PayPal,,OTA Referral
09820784-43a3-4576-9ee8-cb7ae7f43ee5,Steven,Smith,stevens@initech.com,,US,North America,North Bryanshire,M,Business,2024-01-12 03:59:25,Non-Member,Email,True,English,Visa,Non-smoking,Walk-in
f5d7d5bd-b379-44c3-b030-d86e7081ecb4,Roger,Oderwald,roger.oderwald@yahoo.com,+49 117 369216,DE,Europe,Niesky,M,Family,2023-01-18 04:35:30,Basic,Email,False,German,Mastercard,"Early Check-in, Wheelchair Accessible",Corporate Contract
b23ba763-e03e-4e1f-9b80-55690e8e496a,Arthur,Roberts,arthurr@hotmail.com,+1 769 103 2236,CH,Europe,East Maureen,M,Leisure,2019-03-07 02:09:14,Platinum,Email,False,English,Visa,,OTA Referral
10c9eb96-ef58-48ee-a1db-ace0107a1c31,Anke,Wilmsen,anke_wilmsen@hotmail.com,+49 4567/918606,DE,Europe,Kassel,F,Family,2022-09-06 02:47:01,Silver,Email,True,German,Visa,,Website Direct
44bbe8e7-d234-4e09-b84e-0d461f48949d,Ben,Lord,ben13@icloud.com,+61 802 147 8884,AU,Asia Pacific,Shawton,M,Leisure,2022-05-25 22:06:07,Non-Member,Email,False,English,Visa,,Phone Booking
60944612-8579-490b-9fbb-7c5f38c29e26,Guillaume,Lenoir,guillaume.lenoir@gmail.com,+33 722 954 3526,FR,Europe,GrégoireVille,M,Leisure,2019-08-30 07:53:51,Basic,Both,True,French,Mastercard,,Website Direct
2d523a9c-7dc7-4fdd-97f0-d8f954ce509b,Geraldine,Smith,geraldine.smith@gmail.com,861-790-5387,US,North America,Jennaside,F,Leisure,2021-03-23 23:40:27,Basic,SMS,True,English,American Express,,Phone Booking
71d95ce0-6b47-4db8-a554-7637db4899ce,Robin,Kelly,robin_kelly@oscorp.com,+1 819 886 4107,MX,North America,Jacksonberg,M,Business,2022-04-20 21:20:21,Platinum,Email,False,English,Visa,,OTA Referral
61250664-a9ca-4ff2-b55f-d5256dadef7d,Christian,Johnson,christian62@outlook.com,+1 883 976 4154,EG,Africa,Robertschester,M,Group,2023-10-14 08:34:17,Basic,Both,True,English,Visa,,Phone Booking
212e5061-7a8d-4640-a891-386c3aaba490,Roy,Richardson,roy_richardson@gmail.com,(467) 995-2948,US,North America,Amyville,M,Leisure,2021-05-02 02:58:49,Non-Member,Email,True,English,Apple Pay,,Corporate Contract
1d82224f-1b01-4e17-94e6-b59a8498fa28,Charlie,Gray,charlie.gray@gmail.com,(252) 218-8971,US,North America,Henryview,M,Family,2020-12-23 22:26:12,Non-Member,Both,False,English,Visa,,Walk-in
30fa7aa3-8651-4e37-ad86-3f4dc1a71f50,Mitchell,Harper,mitchell.harper@starkindustries.com,+1 227 789 1771,MX,North America,Leahmouth,M,Business,2023-07-11 15:06:34,Non-Member,Email,True,English,Mastercard,,Phone Booking
adefc16f-0068-46a1-9694-6f4e414b79ee,Henry,Connolly,henryc@gmail.com,(920) 333-7602,US,North America,Paulineberg,M,Group,2019-04-17 22:56:17,Silver,Email,True,English,Visa,,Phone Booking
ee6f2699-1b5d-44bf-94d5-5b85079c6f2b,Gareth,Hussain,gareth90@outlook.com,+1 270 896 2336,SG,Asia Pacific,Collinsberg,M,Leisure,2022-06-05 09:29:13,Non-Member,Email,True,English,Visa,,Corporate Contract
7195dd28-eb4a-4d1a-b32f-4385ecbe218f,Gordon,Murphy,gordonm@outlook.com,1915 765 5467,GB,Europe,Townsendport,M,Leisure,2023-04-27 21:13:59,Silver,Email,True,English,Visa,,Phone Booking
ebf80933-a95f-4234-ae9d-d4ad85c6c78a,Michelle,Lambert,michelle.lambert@gmail.com,+33 801 560 3953,FR,Europe,DescampsBourg,F,Leisure,2023-03-03 19:35:55,Basic,Email,True,French,Visa,,Website Direct
ae01733b-ea6f-42a6-9d2f-34698c47dc55,Lucy,Evans,lucye@outlook.com,+1 572 895 6931,MX,North America,West Jemmahaven,F,Leisure,2022-01-01 20:33:26,Basic,Email,True,English,Mastercard,,OTA Referral
3d8997a2-bd62-4477-ab93-8f5888b72f2a,Giorgia,Nievo,giorgia.nievo@gmail.com,+1 676 525 1604,IT,Europe,Lonate Pozzolo,F,Leisure,2021-09-10 05:29:55,Basic,Email,False,Italian,Visa,,Website Direct
4603587d-de86-4b12-b43d-b059f594ac1d,Danny,Mitchell,danny75@gmail.com,+1 735 329 7962,SG,Asia Pacific,South Nathan,M,Group,2023-04-03 02:36:18,Non-Member,Email,True,English,Visa,,Corporate Contract
7adbf638-697f-4d9d-ae0d-df2aad798890,Josephine,Singh,josephine_singh@tyrellcorp.com,+1 105 284 3337,MX,North America,North Carolynhaven,F,Business,2020-06-24 21:59:43,Non-Member,Email,True,English,American Express,,Corporate Contract
3907ec0c-124d-4e22-bacd-0f34da9f0bed,Robert,Whitehead,robert_whitehead@gmail.com,+1 398 784 6111,QA,Middle East,Leslieborough,M,Leisure,2019-11-17 16:54:45,Basic,Email,True,English,Mastercard,,Website Direct
78ef4010-d7ca-464a-ad8f-86924c057c64,Diane,Smith,diane40@hotmail.com,+1 506 973 6796,CA,North America,Janicemouth,F,Leisure,2019-02-28 04:46:59,Basic,Email,False,English,Visa,,Phone Booking
06dbe5d6-f9df-48fc-b653-0af201823e89,Guy,Barnes,guy50@gmail.com,+61 265 721 7036,AU,Asia Pacific,New Hilaryberg,M,Leisure,2022-07-14 03:38:43,Non-Member,SMS,False,English,Visa,,Walk-in
852a254b-ac59-4ed4-bd57-e5dfe1536717,민준,홍,민준홍@gmail.com,+1 758 950 6039,KR,Asia Pacific,Davieston,M,Leisure,2021-02-28 17:31:39,Non-Member,Email,True,Korean,Mastercard,Allergies,Corporate Contract
9a2cd96d-d2f3-4534-add7-2d2d40db3de3,عبد السّميع,الخرافي,test@test.com,+1 639 204 6521,SA,Middle East,Port Leetown,M,Business,2020-07-06 00:28:44,Basic,Email,True,Arabic,Visa,,Phone Booking
03776c20-ce28-44a7-b7dc-124a66a01a50,중수,김,중김@outlook.com,+1 676 565 4378,KR,Asia Pacific,Barnettburgh,M,Business,2023-07-19 06:29:18,Non-Member,Both,False,Korean,Apple Pay,,OTA Referral
3f7a535c-546d-48c0-9bf2-17334fcf077f,ميثاق,العليان,ميثاق_العليان@icloud.com,+971 510 764 3305,AE,Middle East,Davidfort,M,Leisure,2021-05-16 03:46:45,Platinum,Email,True,Arabic,Mastercard,,Website Direct
e0cf5de3-cc0e-4b7b-b392-4a18fb00a524,Neil,Byrne,neil_byrne@gmail.com,4419 428 5598,GB,Europe,New Mohammadside,M,Leisure,2023-08-15 08:21:17,Gold,Email,False,English,Visa,,Phone Booking
7b2b6cbc-594c-457e-b4b1-10da0fc29064,Thomas,Stephenson,thomas_stephenson@outlook.com,786-413-4601,US,North America,West Joyce,M,Leisure,2021-05-31 13:02:06,Platinum,Email,True,English,Mastercard,,OTA Referral
3aaa2753-5930-42aa-8553-6ae0b549dc93,Katherine,Jenkins,katherine96@gmail.com,+1 177 309 6372,MX,North America,Port Declanshire,F,Leisure,2022-11-12 08:07:46,Silver,SMS,True,English,Visa,,Walk-in
2cc8edc9-e615-4779-9b66-0bd80e73c76f,Matthew,Fisher,matthew.fisher@umbrellacorp.com,+1 802 871 4593,KW,Middle East,West Richardmouth,M,Business,2023-09-27 09:49:58,Non-Member,Email,True,English,Mastercard,,Corporate Contract
7a696681-a1b4-41ae-afe0-41a9640d65af,Charlie,Clarke,cclarke@gmail.com,006-525-9597,US,North America,East Henry,M,Family,2019-06-26 01:58:39,Basic,Email,False,English,Visa,,Corporate Contract
7a031680-9cb2-4d35-9169-cfd74405f74d,Bonifacio,Burgos,bonifaciob@gmail.com,+1 969 937 5551,ES,Europe,Valladolid,M,Family,2020-06-04 16:58:41,Non-Member,Email,False,Spanish,Visa,,Website Direct
fa37775a-0043-44db-ad1b-e217443c62d5,Lynne,Evans,lynne_evans@outlook.com,,NL,Europe,New Sianfurt,F,Leisure,2021-09-20 00:59:26,Silver,Email,True,English,Mastercard,,Walk-in
f6126690-fa7c-4670-b4eb-8fc9f377b63e,Henry,Lambert,henry.lambert@outlook.com,+1 452 337 4240,SG,Asia Pacific,Colesmouth,M,Leisure,2020-06-11 12:40:44,Silver,Email,True,English,American Express,,Website Direct
2b331276-d249-4b8e-994a-8219e8b86cf4,Graham,Brooks,grahamb@outlook.com,+1 834 249 6082,MX,North America,Taylorburgh,M,Leisure,2021-10-26 11:42:37,Non-Member,SMS,True,English,Visa,,Corporate Contract
e8d46ddd-d305-4c81-9ea3-f5c5474e3614,Charlie,Franklin,charlief@hotmail.com,+1 719 732 3289,TH,Asia Pacific,Joshuatown,M,Leisure,2023-12-13 05:51:53,Non-Member,Email,False,English,Visa,,Phone Booking
1ae1a6f2-d6d4-494e-a29c-9b38b415fb1b,Shaun,Whitehouse,shaun.whitehouse@gmail.com,732-445-2227,US,North America,Angelastad,M,Leisure,2020-10-28 03:14:28,Silver,SMS,True,English,Visa,,Phone Booking
590a9504-f24b-4a9e-99b5-5c5a466c3ffe,Jodie,Bird,jodie.bird@gmail.com,+1 394 812 5105,MX,North America,East Danielleport,F,Leisure,2023-12-15 15:03:01,Non-Member,Email,True,English,Mastercard,,Corporate Contract
b7369295-9773-4bbf-96e7-13916ae89165,Ross,Murray,ross_murray@outlook.com,+1 223 149 6801,MX,North America,Port Sharon,M,Leisure,2023-07-14 12:24:52,Silver,Email,False,English,Visa,,OTA Referral
2e944e31-e653-43a3-aef7-5242d92af881,현정,박,현정박@gmail.com,,KR,Asia Pacific,Morleyburgh,F,Leisure,2024-09-04 05:59:09,Non-Member,Email,True,Korean,American Express,,Website Direct
6e556d61-155f-4ea5-84e9-3ecb93f133e2,Alfred,Neveu,alfred20@gmail.com,+33 379 692 2583,FR,Europe,Gayboeuf,M,Leisure,2024-07-29 20:13:16,Non-Member,Email,True,French,Apple Pay,,Corporate Contract
d952b8b8-8777-4785-81ed-9c6d69d14dfb,Steven,Patterson,steven_patterson@gmail.com,+1 381 571 5842,ZA,Africa,Gillianhaven,M,Leisure,2021-01-07 09:15:23,Silver,Both,False,English,Mastercard,,Walk-in
49f45a74-74a8-4713-9ce3-9e4d46c1f4de,Gilbert,Lambert,noemail@provided.com,+33 993 326 4639,FR,Europe,Menard-sur-Léger,M,Family,2021-08-14 05:00:07,Basic,Email,False,French,Visa,,OTA Referral
5dde2fdc-8c1c-4059-a7df-5a66da5b3eb8,Ennio,Errigo,eerrigo@yahoo.com,+1 744 856 9155,IT,Europe,Belpasso,M,Group,2022-08-10 10:43:48,Silver,SMS,False,Italian,Visa,,Corporate Contract
59c50e09-b205-461d-a322-fd1a46b90593,Betty,Hellwig,bhellwig@gmail.com,+49 8097/259301,DE,Europe,Dessau,F,Family,2022-02-21 00:02:15,Silver,SMS,True,German,Visa,,Phone Booking
4877df77-ff18-4c08-8970-1a0f64fd0af5,Antony,Hopkins,antony_hopkins@gmail.com,(627) 892-8085,US,North America,Port Cameronport,M,Leisure,2019-12-24 17:16:25,Silver,Email,False,English,Mastercard,,Phone Booking
a841db17-4b62-44ac-b5fb-e502855972a9,طلال,آل عطفة,طلال_آل عطفة@gmail.com,+1 365 537 6681,SA,Middle East,Wrightfurt,M,Leisure,2024-12-12 21:56:41,Non-Member,Email,True,Arabic,Visa,,Website Direct
f02aeb65-d26f-4f98-b4c4-3cb0152a7fe2,Leah,Lamb,leah_lamb@gmail.com,+1 876 663 1940,MX,North America,Marcberg,F,Group,2021-12-17 05:09:55,Basic,SMS,False,English,Visa,,Corporate Contract
4f517701-54b4-475d-baa2-ae6f8f127ae2,Marion,Campbell,marionc@gmail.com,+1 595 448 6167,MX,North America,East Tom,F,Leisure,2023-06-17 17:13:45,Basic,Email,True,English,Visa,,Corporate Contract
4c185488-4fd6-4a11-97d5-dcdcb910769a,Nathan,Baxter,nathan.baxter@yahoo.com,+1 584 936 1906,MX,North America,Bennettport,M,Leisure,2023-08-22 04:13:15,Silver,Email,True,English,Visa,,Phone Booking
6398b764-0abb-41c4-8267-38ed4277cdb5,Conor,Berry,conor2@gmail.com,+1 744 785 9667,MX,North America,West Gavinbury,M,Leisure,2022-05-26 15:19:08,Non-Member,Email,True,English,Visa,,Walk-in
358697b1-f199-4eb0-906c-45065e1cba40,Tracey,Young,tracey_young@outlook.com,+1 827 872 3946,CA,North America,East Naomiland,F,Leisure,2021-04-14 13:34:53,Non-Member,Email,True,English,American Express,,Website Direct
f0032ddb-b3ed-434d-817f-50c7e7e10287,Lynn,Anderson,lynn.anderson@gmail.com,+1 413 249 7552,CH,Europe,New Derek,F,Leisure,2022-08-07 23:02:52,Gold,Email,False,English,Visa,,Website Direct
4240f9d9-d6c9-440b-8829-23c6d10223ba,Mareen,Kusch,mareen28@outlook.com,+49 0602/222200,DE,Europe,Bersenbrück,F,Family,2024-02-01 01:43:31,Silver,SMS,True,German,Visa,,Walk-in
9b68dc62-5cf9-403c-911d-a41a903f2c19,Andrea,Brookes,abrookes@yahoo.com,+1 209 290 4046,CA,North America,Staceyport,F,Family,2023-01-26 05:38:29,Basic,Email,True,English,Google Pay,,Corporate Contract
630380b2-967d-4bda-a281-0e63f0ea5874,Alex,O'Brien,ao'brien@gmail.com,+1 581 990 7826,MX,North America,Daviestown,M,Family,2019-09-21 14:34:04,Basic,Both,True,English,American Express,,OTA Referral
3c7dcd5a-834f-48d5-9cc1-166701e795df,Philip,Begum,pbegum@outlook.com,972-447-0986,US,North America,Lake Gracefurt,M,Leisure,2024-02-08 15:13:00,Non-Member,Email,False,English,Mastercard,,Corporate Contract
1825646c-c461-41e1-bf09-a0e9ecda97ba,Annunziata,Lettiere,annunziata_lettiere@gmail.com,+1 524 561 8242,IT,Europe,Schiava,F,Leisure,2023-01-11 14:39:05,Basic,SMS,False,Italian,Google Pay,,Corporate Contract
c9a90560-139b-4ca5-86c4-2614c27bd059,ريم,آل سلطان,ريم_آل سلطان@yahoo.com,+971 963 171 6617,AE,Middle East,East Hugh,F,Family,2022-10-08 01:30:17,Gold,Email,True,Arabic,Google Pay,,OTA Referral
979dd94a-2611-429b-86f9-de3aa98e321c,Abril,Tejada,abril24@acme.com,+1 970 744 9022,ES,Europe,Valencia,F,Business,2022-03-02 14:40:41,Basic,Email,True,Spanish,American Express,,OTA Referral
04a12867-82b8-40f0-8e28-b398bbe0eab1,Bernard,Thompson,bernard.thompson@outlook.com,+1 929 697 2582,SE,Europe,East Graemestad,M,Leisure,2024-03-08 04:47:38,Basic,Email,True,English,Visa,,Walk-in
b1d43976-bbdd-458f-8f4c-ce05cd73bdea,Yvonne,Haynes,yvonne94@hotmail.com,+1 700 370 9584,NL,Europe,Alexstad,F,Leisure,2021-08-24 16:28:08,Non-Member,Email,True,English,Apple Pay,,Phone Booking
eec92222-c1fa-437d-9260-734b14095fc0,Emma,Patel,emma_patel@acme.com,+1 293 879 4358,SG,Asia Pacific,Debraside,F,Business,2024-10-24 00:45:20,Silver,Email,False,English,American Express,High Floor,Website Direct
0b9f236f-ca6b-441d-9578-62350dabf469,June,Sharpe,june_sharpe@gmail.com,+44 0623 292498,GB,Europe,Katiefort,F,Leisure,2021-06-30 04:34:39,Basic,Email,True,English,PayPal,,OTA Referral
e18eaf03-35bf-46bf-95bf-4ba3ec0416bc,Mitchell,Armstrong,mitchell_armstrong@outlook.com,+1 147 379 8107,SE,Europe,Caroleborough,M,Leisure,2023-12-20 02:39:48,Basic,Email,False,English,Visa,,Phone Booking
9b1f24ad-482d-4b84-bf65-957f623ce6b1,Jill,Thompson,jill_thompson@acme.com,+1 421 811 9327,MX,North America,East Terrystad,F,Business,2024-01-01 23:28:48,Basic,Email,True,English,Visa,,Walk-in
0eab0458-7348-4a29-9e7d-8a68e1e1c67d,Donna,Richardson,donna.richardson@gmail.com,+1 917 950 5615,SE,Europe,Naomiport,F,Business,2019-10-30 13:26:56,Basic,Both,True,English,Visa,,Walk-in
f0d15e5c-438b-4a5f-ad7d-2e06803c4b0d,Gabriel,Marion,gabriel48@outlook.com,+33 788 844 5225,FR,Europe,ClercVille,M,Leisure,2019-09-25 01:29:41,Silver,Email,False,French,American Express,"Wheelchair Accessible, Late Check-out",Walk-in
bd145d8c-9679-4d40-85f5-b2863e1ed89a,Kayleigh,Clarke,kayleighc@gmail.com,+1 658 960 1976,CL,South America,Adrianmouth,F,Leisure,2022-03-31 22:04:14,Platinum,SMS,True,English,PayPal,,OTA Referral
0c56b203-d7ef-49f1-be9f-6b52d951c6ce,Jade,Bevan,jade_bevan@gmail.com,+1 133 944 6209,CH,Europe,New Christian,F,Leisure,2021-10-23 07:42:45,Basic,Email,False,English,Mastercard,,Walk-in
56869d44-39dc-4be9-8a89-b7e4bd9f31f4,Gloria,Palazzo,gloria.palazzo@gmail.com,+1 258 419 9715,IT,Europe,Cavallina,F,Leisure,2024-11-28 00:13:15,Basic,Email,True,Italian,American Express,,Phone Booking
ca82a21b-d839-4d73-a65f-9497afd1937f,Giosuè,Piccio,giosuè46@dummycorp.com,+1 685 567 5936,IT,Europe,Schalders,M,Business,2019-04-26 03:19:53,Platinum,SMS,False,Italian,Mastercard,,Website Direct
c1aa1376-1477-4947-a1a1-2c9334cb4229,Leslie,Watson,leslie_watson@outlook.com,+1 188 430 3772,CA,North America,Maryland,M,Family,2023-07-27 13:57:35,Non-Member,Email,True,English,Visa,,OTA Referral
bba6c16f-bbaf-4c44-afcd-a9406887dbcd,Michelle,Hunt,michelle.hunt@gmail.com,+1 917 999 4577,CH,Europe,Charlesville,F,Leisure,2024-07-13 15:39:35,Silver,Email,False,English,American Express,"Late Check-out, Allergies",OTA Referral
2ab85d60-3edf-4a4a-b73f-6a0dcbe7d262,Lidia,Muratori,lidia.muratori@gmail.com,+1 883 565 8346,IT,Europe,Santa Teresa Di Riva,F,Family,2023-04-04 21:09:46,Silver,Email,True,Italian,PayPal,,Website Direct
ed9b63da-b6e0-41e0-9812-3dd1c98326eb,은영,류,은영류@outlook.com,+1 993 663 8643,KR,Asia Pacific,Watkinsfurt,F,Family,2019-12-06 22:47:53,Basic,Email,False,Korean,Visa,"Non-smoking, Early Check-in",Corporate Contract
0c774602-f958-4435-a633-a15170cd2f21,Jacqueline,Wood,jacqueline61@gmail.com,+1 623 760 8341,CA,North America,Robertsonfort,F,Leisure,2021-01-31 08:33:22,Basic,Email,True,English,Visa,,Walk-in
395a1843-6acc-45bc-b472-64b3f626c3d2,Antony,Dyer,antony.dyer@waynecorp.com,+1 156 881 2030,CA,North America,East Clarehaven,M,Business,2020-02-13 19:04:17,Gold,Email,False,English,Visa,,Walk-in
2e7ffa40-25d5-4e14-8d97-0541c8e8f998,Kathryn,Adams,kadams@gmail.com,+44 8504 129119,GB,Europe,Mollyfurt,F,Leisure,2024-03-30 10:54:21,Non-Member,Email,False,English,American Express,Allergies,OTA Referral
6b7b091d-af42-4f38-8b8c-91ce786bab05,미경,윤,미경윤@yahoo.com,+1 625 612 1667,KR,Asia Pacific,Lindseyport,F,Family,2022-10-21 03:28:10,Gold,SMS,False,Korean,Visa,,Corporate Contract
a83881fa-96cc-4ca7-a81d-c5cf51036e2c,結衣,中島,結衣中@tyrellcorp.com,+81 213 320 7992,JP,Asia Pacific,Lawrencefurt,F,Business,2024-03-11 15:20:45,Non-Member,Email,False,Japanese,Visa,,OTA Referral
61a0a640-d744-4516-8a56-7fcf75979c97,Sandra,Holden,sholden@example.au,+61 946 271 9361,AU,Asia Pacific,Browneborough,F,Business,2022-10-28 12:25:26,Silver,Email,True,English,Visa,,Corporate Contract
9136fae9-d953-4230-927a-3777afad4cdd,Eric,Taylor,eric.taylor@globex.com,+1 935 202 9042,CA,North America,Ronaldton,M,Business,2023-08-17 04:50:57,Non-Member,Email,False,English,Mastercard,,Website Direct
e830c60a-03d3-46ba-8a29-ced2d0cac055,Alex,Nicholls,alex_nicholls@icloud.com,+91 960 874 8704,IN,Asia Pacific,Oliviashire,M,Leisure,2019-03-27 04:55:24,Silver,Email,False,English,Visa,,OTA Referral
bbc18f3c-fb96-4caf-bbfb-9b9677ea21d0,Ross,King,rking@globex.com,2283 865 4492,GB,Europe,Robertschester,M,Business,2019-05-20 21:02:59,Non-Member,Email,True,English,Visa,,Phone Booking
fd4614af-a0c1-4d30-80e7-ff832c9291e8,Judith,Roberts,jroberts@example.se,+1 372 646 9639,SE,Europe,North Thomasfort,F,Business,2019-01-09 00:39:03,Gold,Email,True,English,American Express,Early Check-in,Phone Booking
1141f22e-b3db-4b8d-aa23-3eb1ad6139e4,Nicholas,Brooks,nicholas37@umbrellacorp.com,+1 559 716 5764,MX,North America,South Dominicland,M,Business,2019-07-02 03:13:58,Basic,Email,False,English,Visa,,Corporate Contract
483f5bc0-c0d4-403f-a66e-323b7910e5f9,Augusta,Kroker,akroker@waynecorp.com,+49 2232/169763,DE,Europe,Wurzen,F,Business,2024-10-29 21:13:20,Silver,Email,False,German,Apple Pay,"Early Check-in, Wheelchair Accessible",OTA Referral
06701466-39ea-4a5a-9bcf-42066eef2480,知実,佐藤,test@test.com,+81 866 147 4478,JP,Asia Pacific,Nicolamouth,F,Business,2020-10-28 16:00:41,Platinum,SMS,True,Japanese,Visa,,OTA Referral
6a1b927d-ec0d-412f-b2f3-3cdb3e8e9aa0,Carole,Pearson,carolep@gmail.com,+1 197 110 8350,SE,Europe,North Diana,F,Business,2019-05-07 06:41:25,Basic,Email,True,English,Mastercard,,Corporate Contract
60a08a1c-1d20-4d2f-854a-343508620292,Pamela,Murphy,pamela.murphy@outlook.com,+1 227 981 6724,MX,North America,New Maureen,F,Leisure,2019-07-12 22:54:57,Silver,Email,True,English,Visa,,Website Direct
c12d9764-4bfa-4dc7-b13f-ad3c39dfa12b,Megan,Bentley,megan_bentley@cyberdyne.com,+1 610 913 2763,SE,Europe,Alanfurt,F,Business,2024-03-14 02:31:38,Non-Member,Email,True,English,Visa,,Website Direct
550cbae4-28c3-46e2-920b-b50d7ada656b,Alexander,Farmer,alexander.farmer@oscorp.com,411-445-7393,US,North America,East Helen,M,Business,2023-05-22 10:12:26,Non-Member,Email,True,English,Visa,"Early Check-in, Non-smoking",Walk-in
7ddce220-f939-4daa-b9e6-503534896f8a,Sahin,Kobelt,guest@email.com,,DE,Europe,Lemgo,M,Leisure,2024-11-24 01:15:57,Platinum,Email,True,German,Visa,,Phone Booking
58c99da3-a7a6-4bf4-a425-f4563c895bfa,Angela,Miller,angelam@gmail.com,+1 830 616 2554,CA,North America,Lake Bryanborough,F,Group,2021-06-10 03:46:25,Platinum,Both,True,English,Mastercard,,Walk-in
915c54a7-0def-43c7-9302-96cc43844bea,Owen,Buckley,owenb@gmail.com,+1 737 102 7010,CA,North America,Russellhaven,M,Leisure,2022-12-05 07:24:31,Platinum,SMS,True,English,Mastercard,,OTA Referral
ac75c73b-05fa-4014-bcdf-9e471d25546f,Elizabeth,Brown,elizabethb@starkindustries.com,+1 594 834 6618,EG,Africa,East Jean,F,Business,2019-07-15 09:03:35,Silver,SMS,True,English,Mastercard,,Walk-in
2ff25fc4-39b5-402f-a920-041e67f7506c,Leigh,Williams,leigh.williams@outlook.com,+1 521 909 8389,CA,North America,Fullerland,M,Family,2019-06-30 03:20:14,Silver,Email,False,English,Mastercard,,Phone Booking
262b802f-7483-45b6-a2a4-c93040dda87f,Ashleigh,Baker,ashleigh_baker@gmail.com,+1 350 189 7370,CL,South America,Dianemouth,F,Leisure,2024-01-15 21:17:36,Basic,Email,False,English,Mastercard,,OTA Referral
e58cd8fa-ffdc-4e53-b7a9-b2a452337075,순자,심,순자심@gmail.com,,KR,Asia Pacific,Johnsonchester,F,Leisure,2019-04-20 20:30:36,Basic,SMS,True,Korean,Mastercard,,Corporate Contract
e36c5818-8ab3-41a7-91ac-41e756873e4c,Douglas,Whitehead,douglas_whitehead@yahoo.com,+1 997 992 1442,QA,Middle East,Kellystad,M,Family,2021-11-11 13:06:23,Non-Member,None,False,English,Visa,,Walk-in
9c71102b-b228-44c6-9a63-3dd7870bc63f,Elliott,Roberts,elliottr@outlook.com,+1 157 603 9326,CA,North America,Lake Malcolmside,M,Leisure,2020-10-13 12:19:48,Non-Member,SMS,True,English,Mastercard,,Walk-in
93aae62c-0770-4499-bafd-2ab90909e518,Jessica,Reeves,jessicar@gmail.com,+1 611 975 3385,SE,Europe,Brianview,F,Leisure,2019-04-20 06:44:18,Non-Member,Email,True,English,Visa,,Walk-in
a55c951d-9ea2-4737-a644-3c118fd851b9,Jason,Jones,jason_jones@globex.com,+1 943 820 3123,TH,Asia Pacific,O'Brienshire,M,Business,2022-08-29 17:06:14,Silver,Both,True,English,Visa,,Website Direct
86be8f57-33ca-4cfc-be4d-dcacffe7b325,Wolfhard,Möchlichen,wolfhard_möchlichen@globex.com,+49 3645/704469,DE,Europe,Wesel,M,Business,2024-03-27 20:19:03,Non-Member,SMS,True,German,Mastercard,,Corporate Contract
1f9b3f74-9666-454b-9f99-ab1e0ed96f58,Brian,Parker,bparker@gmail.com,+1 667 731 6327,MX,North America,East Jason,M,Leisure,2021-03-15 15:17:26,Non-Member,Email,False,English,American Express,High Floor,Phone Booking
410c36cb-8c4c-41fd-8fa3-82a762e5bff7,Geraldine,Jones,gjones@outlook.com,+91 175 435 5321,IN,Asia Pacific,South Marion,F,Leisure,2021-03-09 04:32:43,Platinum,Email,True,English,Visa,,Corporate Contract
fb4e41ff-44ad-4ccd-891e-68b7830d8786,Adrian,Herbert,aherbert@yahoo.com,+1 897 952 5463,CA,North America,Port Kieran,M,Group,2024-12-07 03:52:53,Non-Member,SMS,False,English,American Express,,Phone Booking
d1dbc29b-dbec-426a-a5ec-3a9bc13bf0c5,Julia,Smith,jsmith@outlook.com,548-929-4685,US,North America,Woodtown,F,Leisure,2020-10-21 16:14:49,Non-Member,Email,True,English,Visa,,Website Direct
3cbfa27f-98a7-4c28-bdee-4a7b85e870f9,Mandy,Brown,mandy.brown@globex.com,+1 900 555 1802,SE,Europe,Bruceborough,F,Business,2024-07-18 21:14:18,Gold,SMS,True,English,Mastercard,,Walk-in
543132e3-6e7c-4e75-8989-87ab6637860c,Holly,Johnson,hjohnson@outlook.com,2096 895 8039,GB,Europe,South Garrychester,F,Leisure,2019-03-28 11:35:39,Silver,Email,True,English,Mastercard,,Website Direct
4653e203-e580-4a9b-ad23-4c95f1c89105,Gary,Lloyd,gary81@yahoo.com,+1 486 476 2375,CH,Europe,East Cameron,M,Group,2024-08-23 02:52:51,Non-Member,SMS,False,English,PayPal,Late Check-out,Phone Booking
2e71ccbd-5f4f-4978-b3b0-3c93424927d9,Joanne,Morris,jmorris@gmail.com,+61 348 251 9989,AU,Asia Pacific,Alanside,F,Leisure,2022-03-24 23:56:22,Silver,Email,True,English,Visa,,Website Direct
684d5494-7f72-487a-a428-1aaf0f356fec,Jamie,Davies,jamie52@gmail.com,+1 392 223 1284,QA,Middle East,New Tobyhaven,M,Leisure,2024-05-29 12:03:57,Non-Member,Email,True,English,Apple Pay,,Website Direct
0ae778b3-57d1-4bfa-a4b4-ccfee0c9d7f0,岩,徐,岩34@gmail.com,760 7168 5549,CN,Asia Pacific,Ellisfort,M,Leisure,2020-02-21 15:55:14,Non-Member,Both,True,Chinese,Visa,,Website Direct
4f2dd3b5-ce99-4388-9b1b-ad37069ea307,Cameron,Jones,cameron_jones@acme.com,+1 855 158 4656,TH,Asia Pacific,Lake Shirleychester,M,Business,2021-04-09 15:47:43,Silver,Both,True,English,Mastercard,,Website Direct
706c0e60-4cf5-4612-b012-e62d087a8ff7,Ricky,Holden,rickyh@gmail.com,(427) 369-1085,US,North America,Lake Jasmine,M,Leisure,2023-05-14 14:19:54,Basic,Email,False,English,Visa,,Phone Booking
53c016ee-421a-4d7b-b22a-9ab3e0855096,Victor,Davey,victord@gmail.com,+1 905 329 7350,MX,North America,Simonfort,M,Leisure,2024-04-12 00:35:51,Silver,SMS,True,English,Visa,,Phone Booking
285af3aa-cea6-492d-b282-1889453ec42b,Richard,McLean,richard.mclean@outlook.com,+1 644 889 1126,MX,North America,East Josephine,M,Family,2020-04-27 05:55:28,Non-Member,Email,True,English,American Express,,Phone Booking
5023bd25-19b5-47a3-9961-11a42d492e6b,Zoe,Smith,zoes@gmail.com,817-940-4497,US,North America,Rebeccafurt,F,Family,2020-02-21 06:52:46,Gold,Email,True,English,American Express,Non-smoking,Phone Booking
7d506637-ea8f-4851-9296-20482d2d1882,Roy,Forster,royf@icloud.com,+61 292 865 2829,AU,Asia Pacific,Bryanland,M,Leisure,2021-03-15 14:13:45,Silver,Email,True,English,Mastercard,,Corporate Contract
60df9e9b-cf7f-40ed-9be2-6efa7e9430d5,Gail,Newton,gail76@gmail.com,905-116-6341,US,North America,Louiseside,F,Business,2022-11-15 10:58:03,Basic,Email,True,English,Mastercard,,Website Direct
c182f598-dc8d-4d93-8f23-48880923b581,Jane,Wilkinson,jane11@gmail.com,339-263-5193,US,North America,Jordanmouth,F,Family,2022-09-03 06:00:59,Silver,Email,True,English,Mastercard,,Corporate Contract
852d72b9-eb3e-4bc5-8949-059274d15e2a,Susan,O'Connor,susano@yahoo.com,(771) 368-0182,US,North America,Lawrencehaven,F,Leisure,2023-04-04 20:45:57,Non-Member,Email,True,English,Visa,,OTA Referral
3df859a1-7664-4c6d-9562-7d19ec816907,Josh,Ross,josh_ross@gmail.com,779-999-5284,US,North America,Lake Shane,M,Leisure,2022-02-13 06:37:41,Non-Member,SMS,True,English,Mastercard,,Phone Booking
a0bbfb41-5bb5-42bc-af89-798930e4c592,은주,권,은주.권@gmail.com,+1 969 997 1222,KR,Asia Pacific,Brettborough,F,Family,2021-07-28 19:47:26,Gold,Email,True,Korean,PayPal,,Walk-in
02fa3f8d-f262-49a9-b33f-b15e7e53fe77,Peter,Day,pday@yahoo.com,(342) 593-8613,US,North America,Port Steven,M,Group,2024-03-08 08:24:36,Basic,Email,True,English,Apple Pay,,Corporate Contract
7ec3bf03-b381-4ac9-9799-86dae67ef818,千代,山口,千代.山口@gmail.com,+81 406 536 6858,JP,Asia Pacific,Jemmaberg,F,Family,2023-05-27 04:26:43,Platinum,Email,True,Japanese,Visa,,Corporate Contract
196c436f-e710-44d8-9133-603e9b00adbe,Jean,Carpenter,jean_carpenter@outlook.com,+1 898 275 7478,MX,North America,Aliceside,F,Business,2020-10-21 17:27:06,Silver,Email,True,English,American Express,,Walk-in
e6a6861a-7dfd-41a7-a0fb-08302db6fe80,정훈,김,정훈.김@oscorp.com,+1 734 258 8754,KR,Asia Pacific,East Lawrenceville,M,Business,2020-01-18 08:03:16,Silver,Email,False,Korean,Mastercard,,Website Direct
f9aa1463-cb23-4dc4-a639-7abf03a8d185,Amy,Matthews,amatthews@yahoo.com,+44 3173 979558,GB,Europe,East Annmouth,F,Leisure,2020-08-08 03:15:01,Silver,Email,False,English,Apple Pay,,Website Direct
4007499e-ded4-4271-9d06-32ec3f10f5ae,Alison,Owen,alison19@gmail.com,+61 915 671 2479,AU,Asia Pacific,South Oliverside,F,Leisure,2024-04-03 20:53:16,Basic,Email,True,English,Visa,,OTA Referral
b93f058e-02d7-4d4d-aa95-3d9e7c83d84c,Albert,Carter,albertc@waynecorp.com,+1 575 205 3734,CA,North America,Grahamport,M,Business,2024-06-16 22:47:28,Gold,Email,False,English,PayPal,,Corporate Contract
23e07ab1-4d7f-4ac7-98ce-06a20cef326d,Declan,Powell,dpowell@outlook.com,(216) 640-6711,US,North America,Port Ann,M,Family,2023-04-24 10:14:19,Basic,Email,False,English,American Express,,Website Direct
dad5d5ff-df64-4571-8ba6-a4783c21a49c,Julie,Jones,jjones@gmail.com,+91 582 548 4649,IN,Asia Pacific,Marshallburgh,F,Leisure,2024-09-26 04:41:39,Non-Member,Email,False,English,Mastercard,Late Check-out,Phone Booking
14124d5f-8199-48c0-837e-61d5d83dc2c1,Louise,Dixon,louise.dixon@starkindustries.com,+91 290 371 9273,IN,Asia Pacific,West Kelly,F,Business,2019-09-11 08:40:55,Gold,SMS,False,English,Visa,,OTA Referral
d2e6c042-39d3-4506-899f-30f95df0a022,Ashley,Perkins,ashley.perkins@hotmail.com,+1 837 594 8998,NL,Europe,Mohammedview,M,Family,2019-10-20 19:53:57,Silver,Email,False,English,PayPal,,OTA Referral
23b7f62d-2557-4292-98b4-be0f91259f4f,Carolina,Siqueira,carolina56@umbrellacorp.com,+55 880 312 6881,BR,South America,New Laurenville,F,Business,2019-02-26 15:56:43,Silver,Email,True,Portuguese,Visa,,Website Direct
6501d286-3aa2-481d-be43-1180e083250d,Jacob,Black,jacobb@outlook.com,+91 440 103 2227,IN,Asia Pacific,Donnabury,M,Group,2021-10-08 23:21:03,Non-Member,SMS,True,English,Apple Pay,,Phone Booking
117e0496-36bd-450c-8137-1106f5c6d5ab,健,周,健.周@yahoo.com,+86 316 9142 306,CN,Asia Pacific,South Dianatown,M,Leisure,2024-12-29 12:26:34,Silver,Email,True,Chinese,Visa,,Website Direct
a91f6467-9d9a-4764-be43-08e2c20d7ffa,Victoria,Henderson,victoria.henderson@yahoo.com,+1 238 210 1563,KW,Middle East,Walkerton,F,Group,2024-04-04 19:48:53,Basic,SMS,True,English,PayPal,,Website Direct
7b552501-3f46-481c-83da-f358529f1b50,Monique,Dupuis,moniqued@gmail.com,+33 494 672 9754,FR,Europe,Sainte Adèle-sur-Mer,F,Leisure,2022-12-03 21:46:21,Platinum,SMS,True,French,American Express,,Website Direct
e0c7779f-fbe0-4af7-bba5-e3cc9c2cc6c2,Helen,Bennett,hbennett@outlook.com,+1 713 213 7885,CA,North America,Ireneberg,F,Leisure,2024-01-04 08:06:49,Basic,Both,False,English,Apple Pay,,Walk-in
0e222a2a-0c03-4ef4-a242-c8a94992222a,智也,石川,智石川@gmail.com,+81 823 930 7492,JP,Asia Pacific,North Joanna,M,Leisure,2024-07-04 01:12:55,Silver,None,False,Japanese,American Express,"High Floor, Non-smoking",Walk-in
9e25921a-9f0e-4db3-97d9-e2735f3e094a,Adam,Webb,adamw@outlook.com,+1 923 774 8217,TH,Asia Pacific,New Shaunview,M,Leisure,2021-07-23 12:37:02,Platinum,Email,True,English,American Express,,Phone Booking
a5bc33fd-4f45-4ce3-b452-56ac9a1d389f,Jodie,Hart,jodie.hart@globex.com,+61 904 516 4670,AU,Asia Pacific,South Donna,F,Business,2024-05-14 00:43:38,Basic,SMS,True,English,Visa,,Corporate Contract
de816db9-a1d1-4ffc-b61e-2ff18b88fb4c,Giancarlo,Pacomio,gpacomio@oscorp.com,+1 769 659 6710,IT,Europe,Monserrato,M,Business,2019-11-08 09:41:29,Non-Member,Email,False,Italian,Mastercard,,Walk-in
ef978ac4-c98d-4daa-9fdf-71c17bd8ede7,Allan,Anderson,allan.anderson@gmail.com,+1 934 250 4731,SG,Asia Pacific,Clarestad,M,Leisure,2022-04-29 11:41:58,Silver,SMS,True,English,PayPal,,OTA Referral
a819af44-b74c-4b5c-abd4-f5e88ed315f7,Kerry,Read,kerry82@gmail.com,+1 390 443 1111,MX,North America,Andreaburgh,F,Leisure,2020-11-24 04:26:23,Non-Member,SMS,True,English,Visa,,Website Direct
4235ab33-8735-485a-8772-5a79588d2474,Phillip,Pearce,phillip77@gmail.com,+1 626 676 1034,CO,South America,Louiseside,M,Leisure,2022-02-05 09:28:59,Non-Member,Email,True,English,Mastercard,,Website Direct
fb0a0d51-2d2f-4f2b-9829-cff20082b6dd,Stewart,Phillips,stewart.phillips@gmail.com,+91 488 776 9132,IN,Asia Pacific,West Ericstad,M,Leisure,2024-01-06 06:05:37,Basic,SMS,True,English,Mastercard,,Website Direct
48bca363-7068-4bc0-a397-8361dc8b1458,Lee,Thompson,lee61@gmail.com,(306) 949-1071,US,North America,Lake Samton,M,Family,2023-03-16 06:55:57,Silver,Email,True,English,Apple Pay,,OTA Referral
aae24846-d9f4-4172-ad0e-999a7e24ad76,Joanna,Thompson,joanna_thompson@gmail.com,+1 909 809 7180,MX,North America,South Teresaview,F,Family,2019-10-20 12:01:38,Basic,SMS,True,English,American Express,,Corporate Contract
eb4f2810-a813-4967-8507-157b43b3b2c1,Susi,Rädel,susi_rädel@starkindustries.com,+49 9892/427658,DE,Europe,Wiedenbrück,F,Business,2023-05-09 16:41:54,Basic,Email,True,German,Visa,,Walk-in
6a65f4bd-302b-47f2-a0a1-375b644fe714,Grace,Hughes,ghughes@example.th,+1 126 155 7459,TH,Asia Pacific,West Elliott,F,Business,2022-03-28 17:01:48,Basic,Email,True,English,Visa,,OTA Referral
49b01c06-f44c-4760-8c14-5329f40ce77b,Karl,Smith,karl_smith@outlook.com,621-723-5194,US,North America,Frederickport,M,Leisure,2019-03-26 20:12:24,Gold,Both,True,English,Visa,,Corporate Contract
fe954c90-d367-4a5c-9df1-5930add08e1c,Gregory,Moore,gregory99@oscorp.com,1814 248 1975,GB,Europe,Lake Louis,M,Business,2023-08-30 17:29:01,Silver,Email,False,English,Visa,,Website Direct
785ac75f-69d2-4c47-b396-cdff8135e31a,凯,汪,凯.汪@gmail.com,+86 016 0640 304,CN,Asia Pacific,East Bethhaven,M,Leisure,2024-10-23 17:08:42,Non-Member,Email,False,Chinese,Mastercard,,OTA Referral
44e1d852-10c4-44a2-bdc9-76cdeb72036b,Karen,James,karen_james@gmail.com,+1 467 202 7378,KW,Middle East,Port Kirsty,F,Leisure,2022-09-07 08:40:31,Non-Member,Email,True,English,Mastercard,,Website Direct
f578df66-59dc-49c3-905e-583ab04e7035,Gavin,Wilson,gavin_wilson@outlook.com,000-000-0000,CA,North America,North Aaronfurt,M,Leisure,2019-12-21 08:07:54,Silver,Email,False,English,American Express,,Phone Booking
b97d777f-6067-4bcc-8200-7ba74f57224e,Terry,Jones,terry75@gmail.com,+1 495 989 7547,TH,Asia Pacific,South Kimton,M,Business,2021-01-01 03:17:45,Silver,Email,False,English,Visa,,Website Direct
a4b9a553-4287-4589-9c50-54a190ab317b,Thomas,Maréchal,tmaréchal@outlook.com,+33 259 584 1316,FR,Europe,Guichard-la-Forêt,M,Leisure,2022-07-28 00:27:28,Silver,SMS,True,French,Mastercard,,Walk-in
bb2cbd0a-ad44-475c-b252-87306a926845,Friedlinde,Franke,friedlinde68@outlook.com,+49 198 861093,DE,Europe,Königs Wusterhausen,F,Leisure,2019-11-05 04:22:26,Gold,Email,False,German,Visa,,OTA Referral
18afddee-a69b-4b65-8f8d-66c747d6604a,Edward,Ellis,eellis@gmail.com,(700) 429-5956,US,North America,Janetchester,M,Family,2023-02-21 05:16:30,Non-Member,Email,False,English,Mastercard,,Corporate Contract
adac1d47-f06b-42b1-abeb-4cbd9fe031e5,Valerie,Begum,valerie.begum@gmail.com,,SE,Europe,Leebury,F,Family,2020-06-08 18:02:41,Gold,Email,False,English,Visa,,Corporate Contract
9a92ed48-b666-455f-a9fe-a805498f09d6,진우,장,진장@gmail.com,+1 265 217 8937,KR,Asia Pacific,Brownfort,M,Business,2019-05-31 10:57:59,Platinum,Email,True,Korean,American Express,,OTA Referral
fab2108e-82f8-4829-b5a1-6fdb914f630d,Daniel,Bennett,danielb@gmail.com,+1 354 818 8460,TH,Asia Pacific,Anthonymouth,M,Business,2022-03-01 01:59:08,Basic,SMS,True,English,Mastercard,,Website Direct
7942a5dc-4bd5-4b01-a216-3f0743d054cd,Ryan,Thompson,ryant@gmail.com,+1 342 889 7719,MX,North America,North Rogermouth,M,Family,2022-03-03 08:04:47,Silver,Both,True,English,American Express,,Phone Booking
457b5770-71f3-4fe1-b729-4887592d4700,Julian,Evans,julian_evans@tyrellcorp.com,1144 450 3689,GB,Europe,New Jacquelinebury,M,Business,2020-04-15 03:22:16,Gold,Email,True,English,American Express,Non-smoking,OTA Referral
c43af9cc-e506-441d-8712-71504a992790,Elaine,Fletcher,elaine_fletcher@dummycorp.com,(712) 535-6746,US,North America,Deanshire,F,Business,2024-07-10 00:34:20,Non-Member,Email,True,English,Visa,,Corporate Contract
98ebbc32-4d64-4e24-a206-dff33b822798,Caterina,Fioravanti,caterina29@gmail.com,+1 796 243 7199,IT,Europe,Piosina,F,Leisure,2020-01-18 16:57:15,Non-Member,Both,True,Italian,Visa,,Walk-in
bc1afdc7-fbef-4a14-a3ba-b5a1883b39a2,淳,遠藤,淳.遠藤@gmail.com,+81 227 571 5434,JP,Asia Pacific,Joshview,M,Family,2019-09-18 03:43:25,Basic,None,False,Japanese,American Express,,Website Direct
c3fcafc6-faf4-4b9f-ade8-81d5be0d1e4a,Billy,Gibson,billyg@gmail.com,+1 986 131 2227,CA,North America,Lake Carl,M,Leisure,2021-09-23 21:15:15,Basic,Email,True,English,Visa,,Walk-in
990f3c2f-7006-471e-8458-031fd7053d2c,Georgia,Robinson,georgia98@gmail.com,+1 494 831 2529,TH,Asia Pacific,Jessicaland,F,Leisure,2021-10-16 19:00:16,Gold,Both,True,English,Mastercard,,Phone Booking
ae2babb6-3ee2-4955-9e29-f2d0dc1d605f,Adrian,Watson,adrianw@gmail.com,+1 394 655 9407,SG,Asia Pacific,South Caroltown,M,Business,2021-08-01 18:46:45,Basic,Email,False,English,Mastercard,,Website Direct
211b59cd-d2eb-41c5-8070-70d9990b1047,Gavin,Patel,gavin.patel@gmail.com,+1 772 424 4644,KE,Africa,Clarkeville,M,Family,2020-01-13 19:53:29,Silver,Email,False,English,Mastercard,,OTA Referral
0c3ce9ed-0d75-43be-b052-d9e1eca6d811,Louis,Edwards,louis53@tyrellcorp.com,+1 514 674 7013,CA,North America,North Shirley,M,Business,2021-01-12 05:36:29,Non-Member,SMS,True,English,American Express,,Walk-in
50218252-b7b5-4ffb-9057-3d4dc7d3dfc0,Guy,Dawson,guy_dawson@starkindustries.com,(708) 413-3193,US,North America,North Charlotteberg,M,Business,2023-06-30 08:56:37,Non-Member,Email,False,English,Visa,,OTA Referral
cad31cb0-adb8-45c7-b8a5-880d9e145249,Hannah,Walker,hannah_walker@oscorp.com,+1 605 869 1506,CA,North America,Holmesmouth,F,Business,2023-02-08 14:39:13,Non-Member,SMS,False,English,Visa,,Corporate Contract
f53af50a-7773-44a2-be50-adefcacd9532,Rachel,Harrison,rharrison@gmail.com,+61 318 114 5430,AU,Asia Pacific,Lloydburgh,F,Leisure,2024-01-25 00:04:12,Non-Member,SMS,True,English,PayPal,,OTA Referral
b0489402-3b68-4072-8139-85da066004e9,Romana,Morrocco,romanam@outlook.com,+1 411 468 4068,IT,Europe,Aurigo,F,Leisure,2023-04-05 13:09:04,Gold,Email,True,Italian,Visa,,Walk-in
4ce882a1-2ae2-4f3a-9efe-9daba08ead98,Kathryn,Wood,kathryn.wood@oscorp.com,+91 587 925 7269,IN,Asia Pacific,East Garryton,F,Business,2024-06-18 10:03:27,Non-Member,Email,True,English,Apple Pay,,Phone Booking
0e8c64d1-4cfd-4e83-9d90-0df1c6a1606c,Lucy,Taylor,lucy79@outlook.com,+44 0364 496250,GB,Europe,Jacquelinetown,F,Business,2022-01-26 07:31:03,Platinum,Email,True,English,Visa,Early Check-in,Corporate Contract
1960a96e-051e-4cc4-9233-12ddf9ec0f2e,Billy,Roberts,billy_roberts@gmail.com,+1 532 603 1992,TH,Asia Pacific,Ameliaberg,M,Leisure,2024-04-27 02:39:32,Non-Member,Both,True,English,Mastercard,,Phone Booking
ce70b112-067d-4195-904b-3d872f67881f,Luz,Ayllón,luza@gmail.com,+1 872 384 1062,ES,Europe,Madrid,F,Leisure,2021-02-04 06:36:16,Non-Member,Email,False,Spanish,Mastercard,,OTA Referral
4fa8a1e0-3ff5-4fa5-8ecd-2a7f1154b89e,Steven,Thornton,noemail@provided.com,+1 816 371 7052,TH,Asia Pacific,Port Adam,M,Leisure,2022-06-30 20:23:36,Basic,Email,True,English,PayPal,,Walk-in
cb63d3eb-c1cc-4da5-b839-4b24dbcbb5e4,Jemma,Morris,jemma92@gmail.com,064-265-3865,US,North America,Angelachester,F,Family,2020-07-26 19:11:16,Silver,Both,True,English,Visa,,OTA Referral
ebfd556b-02e0-4ccd-b2b0-ab88ddeb536c,Friedbert,Jungfer,test@test.com,+49 4051/710822,DE,Europe,Göppingen,M,Leisure,2023-07-10 03:28:01,Gold,Email,True,German,American Express,,OTA Referral
1e77d306-33c3-4bb0-be66-34c6ba528c37,Janet,Atkinson,jatkinson@icloud.com,+1 209 271 9882,MX,North America,West Lynn,F,Family,2020-10-14 08:43:40,Silver,Email,True,English,Visa,,Walk-in
ff79c485-5a3d-41cb-ad17-90183d482cfe,Antonia,Peña,antonia_peña@gmail.com,+1 743 919 7831,ES,Europe,León,F,Leisure,2023-07-09 17:35:17,Non-Member,SMS,True,Spanish,PayPal,,Corporate Contract
0ec60e56-8b06-4392-bb94-eee5764156b2,Martin,Conway,martinc@gmail.com,(620) 751-3912,US,North America,Port Dawnberg,M,Business,2019-01-12 11:47:05,Silver,SMS,False,English,Visa,,Website Direct
4cae06de-306d-487a-b4c4-6b6be8e7f17b,秀兰,武,秀兰_武@outlook.com,+86 216 5182 422,CN,Asia Pacific,Port Judithshire,F,Leisure,2022-12-20 09:50:35,Silver,SMS,True,Chinese,Visa,,OTA Referral
3fa1d490-8505-49e1-bf91-a0751b7802bd,Karl,Walker,kwalker@oscorp.com,+1 712 364 1974,NL,Europe,Bakerview,M,Business,2023-11-09 10:55:32,Basic,Email,True,English,Mastercard,,Phone Booking
cc042081-894d-4df8-8366-757a5dc78693,지혜,전,지혜전@initech.com,+1 729 376 6968,KR,Asia Pacific,Port Glenn,F,Business,2024-02-20 16:00:24,Non-Member,Email,False,Korean,Mastercard,,Website Direct
3f09112f-ca21-4943-b658-cebd9b62d82c,Amy,Cook,amy.cook@outlook.com,+91 161 163 2780,IN,Asia Pacific,Williammouth,F,Family,2024-10-23 20:21:38,Non-Member,Email,True,English,Visa,,Corporate Contract
7eb20bb9-2190-4a5d-adc1-6e4cd8e76074,Bethan,Williams,bethan_williams@hotmail.com,(850) 110-7815,US,North America,Jonathanview,F,Business,2023-10-03 19:52:52,Non-Member,Email,False,English,American Express,,OTA Referral
9f0151dc-1690-4d58-877c-3ee507276594,Gala,Blasco,gala.blasco@gmail.com,+1 220 444 9994,ES,Europe,Castellón,F,Leisure,2023-11-24 19:28:08,Non-Member,Email,True,Spanish,Apple Pay,,Phone Booking
3c7cc168-f757-44be-9b2a-d117bf0788af,Liam,Clark,liamc@outlook.com,+1 949 285 7303,KE,Africa,Jenkinshaven,M,Family,2023-04-28 07:49:06,Silver,Email,True,English,Visa,,Website Direct
99361a56-6cba-4943-89a9-2e0a11809d4f,峰,吕,峰吕@gmail.com,488 0124 3731,CN,Asia Pacific,Rosiemouth,M,Leisure,2024-09-03 02:59:36,Silver,SMS,False,Chinese,Visa,,Phone Booking
f9308d20-4dd3-4214-95ac-82e3b0d16a36,浩,许,浩许@gmail.com,+86 309 1593 606,CN,Asia Pacific,New Jade,M,Leisure,2020-01-21 01:41:28,Basic,Email,True,Chinese,PayPal,,Walk-in
7fa43586-9b2c-4932-800e-3001c92f4d46,Flora,Tosto,flora_tosto@gmail.com,+1 648 739 9611,IT,Europe,Galliera Veneta,F,Leisure,2024-09-19 01:57:38,Basic,Email,False,Italian,Mastercard,,Corporate Contract
d0330a11-6874-4716-ab6e-ff274c529a6f,Charlie,Noble,charlie.noble@outlook.com,+1 106 496 8584,CA,North America,Charlottemouth,M,Leisure,2023-06-13 08:42:15,Basic,Email,True,English,Visa,,Walk-in
4664771b-b39b-4686-86bb-dcba1aa6aaa5,Charlie,Garner,charlie10@outlook.com,+1 130 400 7397,QA,Middle East,Carrfurt,M,Leisure,2024-05-24 10:56:44,Basic,Email,True,English,American Express,,OTA Referral
c6b111ae-a310-41d6-91f1-a82c63fcc8d9,Jake,Forster,jake_forster@icloud.com,+1 800 886 5339,MX,North America,Lake Henrystad,M,Leisure,2023-01-11 02:46:44,Non-Member,SMS,False,English,PayPal,,Phone Booking
dd46a370-a836-4f8e-b158-52f798fb3fdc,Joshua,Carroll,joshuac@gmail.com,+1 724 349 6147,ZA,Africa,Smithborough,M,Leisure,2022-03-27 06:59:54,Basic,SMS,True,English,Visa,,OTA Referral
e1b8fd9f-f542-4799-8d51-de9bcce75458,Maricela,Corbacho,maricela33@gmail.com,+1 948 136 2778,ES,Europe,Ávila,F,Family,2022-09-03 18:33:54,Silver,Email,False,Spanish,Mastercard,,OTA Referral
b54c1dcd-29bd-4004-8e6a-47f410bb36fd,Ross,Wallace,ross13@gmail.com,+1 486 149 3479,CA,North America,Bondport,M,Leisure,2019-01-19 10:40:00,Silver,SMS,False,English,American Express,,OTA Referral
82d8e566-1dd6-4d30-aa30-935437c2fb0a,Émilie,Gaillard,émilie_gaillard@gmail.com,+33 759 209 7907,FR,Europe,Allain-les-Bains,F,Leisure,2023-05-09 09:52:41,Silver,SMS,True,French,Mastercard,,Website Direct
752964fc-d1c2-474d-9e46-5324c6125d4c,Lauren,Abbott,labbott@oscorp.com,+1 802 215 9122,NG,Africa,Begumburgh,F,Business,2021-03-03 08:34:41,Non-Member,Email,True,English,Mastercard,,OTA Referral
5dcbe3d3-5835-4dad-a804-2fab4b5e66cb,Adelasia,Renzi,adelasia44@gmail.com,+1 380 413 2741,IT,Europe,Sperone Di Custonaci,F,Family,2020-10-31 11:04:51,Basic,SMS,False,Italian,Visa,High Floor,OTA Referral
9587b8f6-2cbd-463e-b6ad-d9b5f2b67be7,Julie,Stephens,julies@outlook.com,(441) 184-7972,US,North America,Webbmouth,F,Leisure,2023-07-09 23:46:42,Silver,Email,False,English,Mastercard,"Non-smoking, Early Check-in",Walk-in
0d0a925e-4bff-4221-a7c7-b8f518bc2b70,David,Pascal,guest@email.com,+33 434 526 7412,FR,Europe,Saint Suzannedan,M,Leisure,2023-06-15 02:04:33,Silver,Email,True,French,Visa,,OTA Referral
60909541-922d-4360-ae25-5f483786104f,Aaron,Hussain,ahussain@gmail.com,0434 255 1518,GB,Europe,East Francis,M,Family,2020-11-10 11:46:19,Gold,Email,False,English,Visa,,Corporate Contract
c3c241b0-8bd3-4023-8423-1be46044c794,博,杨,博杨@gmail.com,507 1290 4402,CN,Asia Pacific,New Rosie,M,Leisure,2019-08-22 13:16:03,Non-Member,Both,True,Chinese,Visa,High Floor,Corporate Contract
eb1a08ee-564b-437d-8318-98d7b3a5c578,Esmeralda,Calvo,esmeraldac@hotmail.com,+1 829 862 2107,ES,Europe,Cádiz,F,Leisure,2023-10-27 21:06:45,Non-Member,SMS,True,Spanish,Mastercard,,Walk-in
6a8e8d81-19e6-4eb8-a397-435815ff6605,Alan,Henry,alan37@outlook.com,+1 219 183 3179,TH,Asia Pacific,Port Harrietmouth,M,Family,2020-09-12 23:42:23,Non-Member,Email,True,English,Visa,,OTA Referral
843069e9-b8e4-4800-9a5b-856809d53b67,Holly,Walker,hollyw@outlook.com,+1 164 363 6366,MX,North America,New Louiseview,F,Leisure,2020-09-21 00:20:03,Non-Member,SMS,True,English,American Express,,Phone Booking
d193ab3d-133b-412d-9f3f-ccb6be7ad19a,Geraldine,Adams,geraldinea@outlook.com,+1 402 162 8064,SE,Europe,North Joycefort,F,Leisure,2019-08-10 23:37:02,Silver,Email,False,English,PayPal,,Walk-in
3da4054d-798f-4fbe-bb18-1fe0ceba187e,Aldo,Storladi,aldos@gmail.com,+1 180 685 8860,IT,Europe,Pieve Fissiraga,M,Family,2024-07-07 14:58:22,Basic,Both,False,Italian,Mastercard,,Corporate Contract
6a0976ba-b7fb-435c-87d1-ddc35576ea87,رئيس,آل خضير,رئيسآ@initech.com,+971 841 268 1778,AE,Middle East,Lucasmouth,M,Business,2021-10-27 09:43:32,Gold,SMS,False,Arabic,Visa,"Late Check-out, Wheelchair Accessible",OTA Referral
78a5df9f-c087-470f-873d-52d1dc2e654c,George,Preston,george_preston@gmail.com,+61 321 111 7305,AU,Asia Pacific,Richardfurt,M,Family,2022-09-25 23:44:18,Basic,Email,False,English,Visa,,Website Direct
8e32c8e0-6b8b-48c8-9461-28f8b07c74af,Frances,Richardson,frances.richardson@cyberdyne.com,025-568-7333,US,North America,East Mauricemouth,F,Business,2020-10-01 09:52:34,Silver,Email,False,English,Mastercard,,OTA Referral
523b1392-b74e-423a-8a95-386fc91b269c,Leon,Ellis,lellis@tyrellcorp.com,+1 944 185 4021,CA,North America,Lake Sylviahaven,M,Business,2023-01-19 19:45:51,Non-Member,Email,True,English,Mastercard,,Phone Booking
9971afb7-ab26-4740-9fa1-2202be842c67,Julia,Khan,jkhan@example.sg,+1 236 899 3885,SG,Asia Pacific,North Dean,F,Business,2024-02-05 00:56:59,Non-Member,Email,True,English,Visa,,OTA Referral
95073635-18b9-4f05-9f4c-0e7465eb14e9,Sally,Smith,sallys@outlook.com,+91 942 778 1328,IN,Asia Pacific,Fitzgeraldfort,F,Leisure,2024-01-22 15:39:32,Non-Member,SMS,False,English,Visa,,OTA Referral
4821a419-d2c9-4ad5-9ef1-47fc038d2ef6,Vanessa,Moore,vanessa35@gmail.com,+1 640 951 2234,CA,North America,Coleton,F,Leisure,2023-05-25 12:49:15,Gold,Email,True,English,PayPal,,OTA Referral
317f0c25-4fb6-47be-a93a-195dde28f6b3,Ashleigh,Leonard,aleonard@gmail.com,858-841-5091,US,North America,New Michelle,F,Family,2024-06-19 08:26:12,Non-Member,Email,True,English,Mastercard,,Website Direct
a73a9ca6-1e7b-439c-a353-d1a58e44b06b,Martyn,White,martynw@outlook.com,+1 738 232 2979,CA,North America,Annettechester,M,Leisure,2019-09-02 09:43:15,Gold,SMS,False,English,Mastercard,,Walk-in
b0d122e6-81ef-45ac-b050-01f5a660a376,Lee,Phillips,lphillips@gmail.com,+91 152 322 9906,IN,Asia Pacific,East Melissa,M,Leisure,2023-11-05 00:12:22,Basic,Email,True,English,Google Pay,,Phone Booking
1cfc8868-c65a-4aca-b10e-2b977a5721e9,Mitchell,O'Connor,mitchell_o'connor@dummycorp.com,+1 746 952 8488,MX,North America,Higginsburgh,M,Business,2020-04-15 23:52:41,Silver,Both,True,English,Mastercard,,OTA Referral
041b4353-725e-4e81-ad20-9de5d4ddf4b9,Joanna,Knowles,joannak@outlook.com,+1 142 542 9523,CA,North America,Joelchester,F,Family,2023-05-23 01:52:46,Non-Member,Email,True,English,Visa,,Walk-in
8d16c366-608f-4882-9d2c-914a56257ce8,Roger,Schneider,roger90@gmail.com,+33 659 538 8590,FR,Europe,Georges,M,Leisure,2019-10-09 18:55:38,Gold,Email,True,French,Visa,,Walk-in
529bd615-0b15-4c94-8692-246c2d2542fb,Shaun,Barker,shaun66@yahoo.com,+1 253 597 2328,SE,Europe,Lake Pamela,M,Family,2020-08-09 19:19:58,Basic,Email,True,English,Visa,,Walk-in
ad5d3751-85a0-40b2-b239-1098f14cb08f,Stanley,Coleman,scoleman@initech.com,149-562-5659,US,North America,Lake Roger,M,Business,2022-02-18 14:36:52,Basic,SMS,True,English,American Express,,Website Direct
7c226c5e-4b5e-421a-950a-bee694c34589,Clare,Thompson,clare.thompson@outlook.com,796-468-7923,US,North America,Smithview,F,Leisure,2020-07-25 01:49:59,Silver,Email,True,English,Mastercard,,Corporate Contract
9d8df08f-5e03-4a1e-bdfc-13648cb6c5ed,Albert,Herbert,albert.herbert@gmail.com,+1 418 874 2903,TH,Asia Pacific,Brendaland,M,Leisure,2023-02-02 02:24:45,Basic,Email,True,English,Visa,,Corporate Contract
950b0174-46e3-4ffa-bde2-636945718f8d,Owen,Williams,owen.williams@oscorp.com,391-677-6020,US,North America,Andreashire,M,Business,2023-05-08 08:09:44,Silver,Email,False,English,Visa,,Corporate Contract
16395bdc-a824-4c8b-b037-fd679bc39e3b,David,Potter,david58@outlook.com,+1 901 568 6067,CA,North America,East Maureenfort,M,Leisure,2023-10-27 01:55:02,Non-Member,SMS,True,English,Mastercard,,Phone Booking
b3f203c6-bf31-49b8-b5e3-df5269b44319,하윤,김,하윤김@globex.com,+1 685 616 2471,KR,Asia Pacific,West Carly,F,Business,2021-11-24 14:37:48,Non-Member,Email,False,Korean,Mastercard,,OTA Referral
eabbf1d9-93bf-4ba1-a7ee-450ea275d105,Wilfredo,Romeu,wromeu@globex.com,+1 454 112 5726,ES,Europe,Castellón,M,Business,2020-08-17 00:11:44,Non-Member,Email,False,Spanish,Visa,,Walk-in
906116fa-52a0-4d2f-a068-94baa771b55b,Brandon,Roberts,brandon.roberts@gmail.com,+1 768 808 4685,TH,Asia Pacific,Derekstad,M,Group,2022-10-03 16:45:33,Non-Member,Email,False,English,Apple Pay,,Phone Booking
163a924d-ca0e-49ef-9905-ce40d3d4fd19,Alexander,Read,test@test.com,+1 902 110 9840,CA,North America,South Derekfort,M,Family,2022-01-01 06:42:06,Silver,SMS,False,English,Mastercard,,Phone Booking
2a84c4b1-f6d6-4045-820d-ec84189d3f91,Elaine,Evans,elaine.evans@outlook.com,,US,North America,New Teresa,F,Leisure,2024-12-01 17:39:26,Non-Member,Both,True,English,Apple Pay,Allergies,Corporate Contract
8a3c8d92-5d82-40f6-88e1-cb5b4cd35de3,정숙,이,정숙13@outlook.com,+1 358 969 5159,KR,Asia Pacific,Knowlesbury,F,Leisure,2022-12-17 02:29:10,Gold,Email,False,Korean,Google Pay,,Walk-in
82f7d02e-8bfe-4e21-ad63-e28cf0aeeee2,Pauline,Lopez,pauline_lopez@example.fr,+33 811 896 1650,FR,Europe,Fabre,F,Business,2023-04-10 10:19:07,Basic,Email,False,French,Apple Pay,,Website Direct
9451c6da-5343-4743-bbd9-9e952f36ca0b,Diana,Johnson,djohnson@cyberdyne.com,6248 292 9686,GB,Europe,Shawberg,F,Business,2023-02-12 15:05:23,Silver,SMS,True,English,Google Pay,,Phone Booking
0b2fd1af-4555-4589-93dd-78c9874fa3f2,جميلة,الحكير,test@test.com,+971 654 656 4914,AE,Middle East,Lake Andreaberg,F,Business,2020-09-25 17:44:55,Non-Member,Both,True,Arabic,Visa,,OTA Referral
5a8af5a3-bff2-42ea-b3dd-6b8f4a94fab5,Bryan,Griffin,bryan94@hotmail.com,+1 456 408 7737,SG,Asia Pacific,East Natalie,M,Leisure,2019-04-24 10:27:50,Silver,SMS,False,English,Mastercard,,Walk-in
fe4f5f1d-a703-4632-9164-64e01389b1ea,Wendy,Johnson,wendy_johnson@yahoo.com,+61 563 824 2625,AU,Asia Pacific,North Howardburgh,F,Leisure,2024-06-30 05:07:37,Silver,Email,True,English,PayPal,,Website Direct
d70c4a2c-8896-4287-a4f8-c3006bdfcb75,Andrea,Harvey,andrea62@tyrellcorp.com,+1 308 569 6756,MX,North America,Priceberg,F,Business,2019-04-16 19:07:52,Basic,Email,True,English,Google Pay,,Corporate Contract
d228c7bf-5521-4849-bbb0-3f9c4d8b25b1,Jonathan,Walters,jonathan13@tyrellcorp.com,+1 331 838 6046,CA,North America,Marionstad,M,Business,2020-07-22 21:21:03,Gold,Email,True,English,Visa,,Walk-in
4328641a-8442-42c1-bae6-cc4dc35024dc,Gareth,Reynolds,gareth_reynolds@gmail.com,,US,North America,Smithmouth,M,Leisure,2023-10-21 03:23:52,Non-Member,Email,False,English,Visa,,Corporate Contract
23763de6-9212-4534-8cc2-eb9f3d3af286,Susan,Clarke,sclarke@yahoo.com,+1 708 355 6822,ZA,Africa,New Conorchester,F,Family,2023-07-05 03:28:49,Basic,Email,True,English,Visa,,Corporate Contract
b6d049b2-e97d-4b8a-b702-0840d1fb424c,Sian,Roberts,sroberts@yahoo.com,+1 183 755 8559,CA,North America,Leemouth,F,Family,2021-06-24 00:53:56,Basic,SMS,True,English,Visa,,Website Direct
d6030369-1a96-4e2a-a495-142b2689bfd9,Liam,White,liam.white@gmail.com,394-934-0577,US,North America,New Barbarachester,M,Leisure,2023-09-05 20:23:54,Basic,Email,True,English,Mastercard,,Corporate Contract
fa7e597f-d139-45ab-9d4e-478721a115a7,Dalila,Roldán,dalila.roldán@gmail.com,+1 142 364 9522,ES,Europe,Lleida,F,Leisure,2019-06-14 17:22:53,Non-Member,Both,True,Spanish,Mastercard,,Phone Booking
dfac0d6e-c1d4-4700-af11-cf0efd414aa8,Frances,Payne,frances_payne@yahoo.com,+1 157 602 9255,CA,North America,East Lindsey,F,Leisure,2022-08-13 02:57:38,Gold,Email,False,English,Mastercard,,Website Direct
b3e6346d-1664-4f63-b88a-68367050be76,Christian,Willis,cwillis@gmail.com,+1 772 490 1502,CL,South America,Liamville,M,Leisure,2019-06-07 02:12:51,Silver,SMS,True,English,American Express,,Website Direct
553f2c1b-2e39-48f1-9ced-42b6514f2594,Donald,Pearson,donaldp@gmail.com,+1 462 892 1080,MX,North America,North Darren,M,Leisure,2019-06-24 13:01:53,Non-Member,Email,False,English,Mastercard,,Website Direct
0649fee6-a0ac-4938-8550-98663b5ccc18,지은,성,지성@gmail.com,+1 213 190 2957,KR,Asia Pacific,Maryfort,F,Leisure,2019-12-17 02:37:51,Non-Member,SMS,False,Korean,Mastercard,"Early Check-in, Wheelchair Accessible",Corporate Contract
c60c66b2-2794-41a9-8303-baf4d7106cbf,زكية,أبا الخيل,زكية.أبا الخيل@gmail.com,+971 871 509 5143,AE,Middle East,South Ashleighton,F,Leisure,2022-02-27 01:54:55,Silver,Email,False,Arabic,Visa,,Phone Booking
5bc8818b-18e6-4b08-b63e-9724fbe1ffe7,Jonathan,Sutton,jsutton@gmail.com,+44 5340 999549,GB,Europe,Suttonborough,M,Leisure,2021-09-04 01:15:08,Non-Member,Email,False,English,Mastercard,,OTA Referral
10dcca19-e380-4d2b-ab8a-5c0de427fb4f,Allan,Wade,allan.wade@yahoo.com,+1 593 281 8579,MX,North America,New Dianebury,M,Business,2021-07-07 06:52:47,Gold,Email,True,English,PayPal,,Phone Booking
3899612a-095d-440b-88a7-44db7020cf13,Martin,Wright,martinw@outlook.com,+1 330 827 8030,TH,Asia Pacific,East Marc,M,Leisure,2024-11-23 04:25:12,Silver,Email,False,English,Visa,,OTA Referral
5428ac5d-f79d-4fef-9624-9c0a8f563754,Tony,Robertson,tony_robertson@initech.com,+1 505 334 8829,CA,North America,Mooreport,M,Business,2019-10-02 13:47:30,Basic,Email,True,English,Apple Pay,,Website Direct
3d900427-dbe1-4f5d-8458-800999c5d361,Amanda,Harrison,amanda29@gmail.com,+1 683 436 9907,CA,North America,Wattsview,F,Leisure,2024-03-10 15:52:12,Basic,Email,False,English,Visa,,Phone Booking
c6f0bed3-a857-4409-af36-959d1b6faaf6,Clive,Thompson,clive.thompson@dummycorp.com,+1 649 150 5677,SG,Asia Pacific,Henrystad,M,Business,2021-05-10 02:57:56,Silver,Email,True,English,Apple Pay,High Floor,Phone Booking
bcb555d1-38f2-482d-8423-4feeb05f3488,Rachel,Hudson,rachel_hudson@oscorp.com,7598 727 8108,GB,Europe,North Stevenport,F,Business,2023-08-01 09:42:46,Silver,Email,True,English,Visa,,Website Direct
3830e025-3e5b-4f4a-9499-22357c768a7d,Margaux,Léger,margaux_léger@yahoo.com,+33 340 761 6061,FR,Europe,Roger-la-Forêt,F,Leisure,2019-11-17 00:01:38,Silver,SMS,True,French,American Express,,Walk-in
4f0c456c-0352-45e6-be88-18a3fa6efbba,Benita,Fonseca,benita97@outlook.com,+1 747 539 5320,ES,Europe,Girona,F,Leisure,2023-03-17 03:49:24,Non-Member,Email,True,Spanish,Mastercard,,Website Direct
cbff1959-192c-4e22-b5ba-b0abc4e007cd,Naomi,Skinner,nskinner@oscorp.com,897-566-6205,US,North America,Port Clareshire,F,Business,2021-08-30 23:36:41,Basic,SMS,False,English,Mastercard,,Corporate Contract
6ef24bec-6d80-478b-8699-142fe5435021,Mesut,Faust,mesut_faust@gmail.com,+49 2455/650401,DE,Europe,Tübingen,M,Leisure,2019-11-22 10:39:10,Basic,Email,True,German,Mastercard,High Floor,Corporate Contract
e47714b3-f1d8-40ab-8edc-63ca09101076,欢,冯,欢_冯@umbrellacorp.com,570 0569 9727,CN,Asia Pacific,South Hugh,M,Business,2020-12-07 00:07:21,Silver,Email,False,Chinese,Visa,,Phone Booking
1e5b7cab-1568-4adc-ad9d-b08908f0f841,Ross,Walker,ross.walker@outlook.com,+1 197 883 5383,CH,Europe,North Tracey,M,Leisure,2023-09-14 14:39:31,Basic,Email,True,English,Visa,,Website Direct
067556f1-9481-42a6-8bbb-f21b0f09fcad,Brandon,Stewart,bstewart@gmail.com,+1 966 112 8977,SG,Asia Pacific,Khanbury,M,Business,2024-05-03 07:49:13,Gold,Email,False,English,American Express,,Corporate Contract
8a7e745a-6192-4259-890c-839c4611f59b,Kathleen,Williams,kathleen80@gmail.com,+1 686 542 1607,KW,Middle East,East Jasonberg,F,Family,2019-01-12 01:50:26,Non-Member,Email,False,English,Visa,,Website Direct
6e7b04b1-28f7-4133-b114-02ed0f3ed567,Heather,Wright,heather61@outlook.com,5199 993 7327,GB,Europe,Conwayside,F,Leisure,2023-01-22 20:09:01,Basic,SMS,True,English,American Express,"High Floor, Wheelchair Accessible",Website Direct
b4d5fe80-89e5-4630-8ea3-232d0ec949ad,정식,박,정식.박@outlook.com,+1 668 221 7449,KR,Asia Pacific,North Matthew,M,Leisure,2022-07-20 21:33:31,Gold,Email,True,Korean,Mastercard,,Walk-in
d1aeee5e-291e-456a-9d4f-bb26af157d0b,준영,황,준영황@gmail.com,+1 335 806 2430,KR,Asia Pacific,Port Maria,M,Leisure,2020-01-28 22:45:19,Silver,Email,False,Korean,Visa,,OTA Referral
57491269-e23d-4d3f-bae7-f2d955fed4d1,Joshua,Davies,joshua.davies@icloud.com,+1 985 887 5554,CA,North America,South Patrickstad,M,Leisure,2021-03-12 10:58:14,Non-Member,Email,True,English,Mastercard,,Walk-in
91aea34e-dd16-40f7-a68b-e828e20cd863,Camillo,Nordio,camillo_nordio@gmail.com,+1 119 324 8008,IT,Europe,Chiesa Di Rossano,M,Group,2023-09-07 01:33:46,Non-Member,Email,False,Italian,American Express,High Floor,Phone Booking
787a245f-c2da-4871-876a-273a7332ec18,Owen,King,oking@gmail.com,+1 175 994 4419,CA,North America,Joneshaven,M,Leisure,2020-01-31 16:39:08,Basic,Email,True,English,Visa,,Phone Booking
1aa22513-eeff-4468-ab8a-899819f1a864,Sharon,Townsend,sharon_townsend@yahoo.com,+1 965 169 4795,NL,Europe,Farrellchester,F,Leisure,2019-03-23 00:41:46,Platinum,Email,True,English,Mastercard,,Walk-in
c1319305-c589-4c37-8452-78754fc48a07,Steven,Stevenson,test@test.com,+1 857 601 2569,SE,Europe,East Nicholasville,M,Business,2020-10-26 02:09:48,Non-Member,SMS,False,English,Mastercard,"Non-smoking, High Floor",Corporate Contract
51ec8a3c-7900-444e-88d9-df7e357b6ab6,Nath,Dufour,nath.dufour@gmail.com,+33 501 439 1769,FR,Europe,Blin-les-Bains,F,Leisure,2024-09-29 17:03:24,Basic,Email,False,French,Visa,,OTA Referral
694b033b-bdd8-4eb9-8fc8-512be4a96f85,Liam,Lowe,liam_lowe@gmail.com,+1 490 962 3801,CA,North America,East Markview,M,Leisure,2021-09-15 21:54:00,Gold,Both,True,English,Google Pay,,Corporate Contract
9b9c63b6-629c-4f0f-bb2e-51f8eccc7d30,Christine,Smith,christine_smith@hotmail.com,+1 971 229 6838,CA,North America,Pamelaside,F,Family,2020-06-01 22:49:59,Non-Member,Email,True,English,Mastercard,,Website Direct
dfe27123-390a-43f6-9a09-3aeafa6a4519,Gillian,Edwards,gilliane@gmail.com,+1 413 772 8999,CA,North America,Lake Katieview,F,Leisure,2023-03-07 07:42:06,Non-Member,Email,False,English,Apple Pay,,Walk-in
84259b82-c37b-4998-9c4b-404ea2b2af91,Charles,Collins,charles_collins@yahoo.com,+1 566 175 1565,MX,North America,North Natashastad,M,Group,2019-11-07 01:43:22,Silver,Email,True,English,Mastercard,,OTA Referral
41261d5b-c028-4a9c-9bb1-ed5f2a6089a6,Alexander,Gardner,alexander_gardner@gmail.com,+1 242 686 4733,CA,North America,Matthewsberg,M,Leisure,2019-04-01 05:12:41,Silver,Email,True,English,Mastercard,,Corporate Contract
da102996-c8ba-4fda-833b-5a5e202ff9c4,Muzaffer,Gierschner,muzafferg@oscorp.com,+49 557 240721,DE,Europe,Stendal,M,Business,2019-05-29 23:48:02,Silver,SMS,True,German,Visa,,Corporate Contract
fb9e72d6-0360-4ec7-a8a9-4dbc09aedef1,Esteban,Morante,esteban_morante@gmail.com,+1 174 157 8275,ES,Europe,Melilla,M,Leisure,2022-04-09 18:51:15,Silver,Email,True,Spanish,Visa,,Corporate Contract
04c10938-cb86-476b-bd37-b186399284b4,Lawrence,Barnett,lawrence.barnett@gmail.com,+1 979 626 5569,CA,North America,New Graeme,M,Family,2019-10-10 18:21:35,Basic,Email,True,English,Mastercard,,Website Direct
8fa3f5ff-510b-42bb-afbb-f8305f08817c,Jake,Weston,jake_weston@icloud.com,+44 0014 027429,GB,Europe,North Jonathan,M,Leisure,2022-07-05 13:05:06,Platinum,Email,True,English,American Express,,Walk-in
0a5943b7-5b1a-4c9c-8378-5df940ad9472,Vanessa,Russell,vanessar@outlook.com,+1 344 273 9869,NG,Africa,Aimeetown,F,Leisure,2024-06-24 04:38:09,Basic,Both,False,English,PayPal,,Corporate Contract
4c16045e-1046-41f2-9889-0c222c08418b,주원,최,주원_최@hotmail.com,+1 344 123 4955,KR,Asia Pacific,South Peterfort,M,Leisure,2021-05-15 23:31:59,Basic,Email,True,Korean,Visa,,OTA Referral
296575ce-dbff-4224-b557-29d26caa054e,Joanne,Harrison,joanne.harrison@hotmail.com,+91 928 727 3949,IN,Asia Pacific,Benjamintown,F,Leisure,2020-02-23 10:38:23,Silver,Email,False,English,Visa,,Website Direct
3479adaa-9cfd-467b-80ae-3f1212ac7f0e,Josh,Jones,josh30@gmail.com,(143) 008-6167,US,North America,Gilesland,M,Leisure,2022-03-31 18:50:59,Basic,Email,False,English,Mastercard,Allergies,Corporate Contract
b5b246d3-3673-4683-8544-0f0ce15e950f,Christian,Smith,christians@dummycorp.com,+1 635 184 1012,CA,North America,North Dean,M,Business,2023-11-28 20:17:18,Basic,Email,True,English,Visa,,Website Direct
bab05caf-330a-46a4-8fee-7a18c940ab9a,Tracy,Dixon,tracy.dixon@gmail.com,+1 100 673 1863,CA,North America,West Amelia,F,Family,2021-11-04 03:19:38,Basic,Email,True,English,Mastercard,"Early Check-in, Allergies",Corporate Contract
a2b61b9e-9b73-4823-8b85-94f58c30a04c,Ellie,Robson,ellie95@outlook.com,+1 563 621 7115,SE,Europe,West Jonathanchester,F,Leisure,2021-07-17 12:52:13,Silver,SMS,False,English,Mastercard,,Corporate Contract
42cce676-e420-4798-9060-38cedf4852ab,Jose Carlos,Morcillo,jose carlos_morcillo@waynecorp.com,+1 349 473 5956,ES,Europe,Cuenca,M,Business,2019-10-16 04:42:21,Silver,Email,True,Spanish,Visa,,Phone Booking
8cb07896-e826-4a54-b293-a9459e88b693,桃子,林,桃子_林@gmail.com,+81 165 859 9482,JP,Asia Pacific,Port Colinberg,F,Leisure,2024-12-27 08:24:55,Platinum,SMS,True,Japanese,Visa,"Wheelchair Accessible, Early Check-in",Walk-in
1981be16-71c5-4dbb-ae42-13e5b948e5c7,Marc,Fry,marcf@acme.com,+1 545 168 4289,NL,Europe,North Cliveburgh,M,Business,2024-08-13 18:06:56,Basic,Email,True,English,Mastercard,,OTA Referral
2cd446d2-85fc-4ef6-ba8c-3f5e2902871c,Adrian,Young,adriany@gmail.com,+1 969 538 7310,CA,North America,Port Leah,M,Family,2020-09-03 07:19:05,Platinum,Email,True,English,Visa,,Phone Booking
c10fac5a-df9b-44ff-bdfc-7510d99615e4,Juan Francisco,Morcillo,juan francisco.morcillo@initech.com,+1 773 498 6681,ES,Europe,Guadalajara,M,Business,2019-03-28 21:08:23,Platinum,Both,False,Spanish,American Express,Allergies,Phone Booking
1d2933cf-024a-46c1-b502-4daa78fc449a,Geoffrey,Brady,geoffrey_brady@outlook.com,+1 566 391 3752,SG,Asia Pacific,Butlerside,M,Leisure,2023-10-11 09:39:30,Non-Member,Email,True,English,Mastercard,,Corporate Contract
fb58c94f-cf1b-4684-9f50-f1cb6f65ec34,Charles,Leach,charles_leach@icloud.com,+1 414 762 7288,TH,Asia Pacific,East Antonyshire,M,Family,2022-08-15 18:42:57,Platinum,Email,True,English,Visa,,Website Direct
0fa54cee-50b6-41e4-9a96-895644ac49d8,Jake,Connolly,jake_connolly@gmail.com,+1 737 351 4878,SG,Asia Pacific,Williamsonmouth,M,Leisure,2023-05-02 17:19:49,Basic,Email,False,English,Visa,,Walk-in
d433857b-563e-4a0b-995a-d5b843a980df,Shane,Fitzgerald,shanef@gmail.com,+1 269 619 6837,CA,North America,North Frederickbury,M,Leisure,2023-07-02 17:07:57,Basic,Email,False,English,American Express,,Website Direct
5ca98150-f39a-4c72-9be7-4d2d82a50344,Aimee,Richardson,arichardson@outlook.com,+1 634 427 8731,MX,North America,Joannefort,F,Leisure,2021-11-02 03:11:57,Gold,Email,True,English,Visa,,Walk-in
ff2a4840-6c21-4fbd-86db-fffdbe05eea5,Donna,Fowler,dfowler@outlook.com,+1 107 991 2542,MX,North America,Sianton,F,Leisure,2020-01-16 02:36:47,Gold,Email,True,English,Visa,,Walk-in
8cab0fb4-1ccd-4592-8c58-05a0ab27041d,Paola,Basadonna,paola_basadonna@yahoo.com,+1 593 248 4210,IT,Europe,San Giusto Canavese,F,Leisure,2020-07-04 00:14:37,Basic,Email,True,Italian,Mastercard,,Phone Booking
46c1c9a2-3af6-45ee-867b-6e7f9d02ad8e,桃子,阿部,桃阿部@starkindustries.com,+81 381 119 2157,JP,Asia Pacific,West Owen,F,Business,2021-05-31 17:30:05,Non-Member,SMS,False,Japanese,Visa,,Phone Booking
d81f792a-84b8-41ed-b1c4-366ff9f15393,Anselma,Cañellas,acañellas@oscorp.com,+1 391 100 1051,ES,Europe,Málaga,F,Business,2024-07-06 09:13:35,Basic,Email,True,Spanish,PayPal,,Walk-in
85133c05-de16-4100-8f84-1d27527c9ecb,Mohammed,Harrison,mohammed.harrison@outlook.com,3666 884 3416,GB,Europe,Port Jamie,M,Family,2023-08-25 08:01:39,Basic,Both,True,English,American Express,,Corporate Contract
e8d98627-bb52-4fc9-9810-29b5f6360d59,Terry,Ryan,noemail@provided.com,2187 923 0674,GB,Europe,New Wendystad,M,Leisure,2023-04-09 08:41:55,Basic,Both,True,English,Visa,,OTA Referral
2b400fd1-bbc4-4409-8d35-b69f263fb47f,平,文,平.文@hotmail.com,341 8968 2230,CN,Asia Pacific,Eileenview,M,Leisure,2022-09-30 10:04:47,Non-Member,Email,True,Chinese,Mastercard,,Walk-in
9f2bb024-fe53-4f8a-a3c7-471ab4976903,Francesca,Williams,francesca27@gmail.com,+1 895 301 7711,MX,North America,East Damienside,F,Group,2021-04-27 06:07:49,Basic,Email,True,English,Visa,,Walk-in
9525af35-4c2f-41fd-be0b-ee0cb8f99eb4,جنى,آل صفوان,جنىآ@cyberdyne.com,+971 252 516 4646,AE,Middle East,Lake Glenn,F,Business,2023-11-01 16:09:10,Platinum,Email,True,Arabic,Mastercard,,OTA Referral
a2255de2-0c1b-4b78-95b8-815208ea0901,Sam,Porter,sam19@gmail.com,+1 379 778 1953,MX,North America,Nathanmouth,M,Leisure,2024-11-28 05:41:37,Platinum,Email,True,English,Visa,Allergies,Phone Booking
4c0d96f1-0807-462d-9cf2-3300cef2408e,Elaine,Rose,elaine_rose@waynecorp.com,070-096-4411,US,North America,Sheppardshire,F,Business,2023-09-14 10:27:35,Non-Member,SMS,False,English,PayPal,,OTA Referral
5ae55c6f-a080-4bd6-87cd-b8247200bfe2,Marilyn,Sheppard,msheppard@gmail.com,+1 660 831 8415,MX,North America,Terenceside,F,Leisure,2019-11-01 23:50:26,Basic,Email,True,English,Mastercard,,OTA Referral
7e0f62bc-d877-4e03-8c7b-4cd3e7ee7966,상철,오,상철13@outlook.com,+1 426 879 1873,KR,Asia Pacific,West Lesleyfurt,M,Leisure,2021-05-02 19:49:05,Silver,Both,True,Korean,Visa,,OTA Referral
f892de0f-a92d-4247-97ab-a43b0cfc0ab9,Norman,Burton,norman_burton@gmail.com,(349) 083-7806,US,North America,Yvonneland,M,Leisure,2021-12-21 12:11:56,Basic,Email,True,English,Google Pay,,Walk-in
b81973af-5c9a-42a4-a5cb-5014a85358b0,Mohamed,Hewitt,mohamedh@gmail.com,445-337-1619,US,North America,Dixontown,M,Family,2022-08-01 02:33:50,Non-Member,Email,True,English,Visa,,Corporate Contract
b53c7b99-5fd6-4ae8-8d47-b6af6ab6495f,Gabriel,Le Gall,gle gall@gmail.com,+33 430 553 1027,FR,Europe,Perret-sur-Mer,M,Leisure,2023-08-25 11:54:43,Basic,Email,False,French,Mastercard,"Wheelchair Accessible, Allergies",Walk-in
eaf4b888-0ab1-488c-82d4-fe495ab0911a,Joel,Cooper,joelc@dummycorp.com,+1 444 191 9495,MX,North America,West Barry,M,Business,2024-04-08 22:17:25,Basic,Email,True,English,Visa,,OTA Referral
fda176ed-6e2b-45d3-a65f-7994e6e45e88,Graciano,Coloma,gcoloma@gmail.com,+1 885 727 3136,AR,South America,بقشانville,M,Leisure,2021-01-16 03:12:01,Basic,Email,False,English,Visa,,Website Direct
3a400369-7861-494f-897d-42bc8b671179,Dean,Ali,dali@gmail.com,(243) 535-2761,US,North America,Wallisburgh,M,Leisure,2024-01-17 03:28:14,Basic,SMS,True,English,Google Pay,,Corporate Contract
fcd6d914-7eb6-437e-bb04-50052fdc2f4f,Anna,Richards,anna37@outlook.com,+1 872 663 3438,MX,North America,Harrisland,F,Leisure,2021-10-29 22:14:50,Non-Member,Email,True,English,Google Pay,,Corporate Contract
b67552e2-117f-4844-b5c4-12bac6184315,Danielle,Cunningham,danielle_cunningham@gmail.com,+44 2841 223271,GB,Europe,East Dylanville,F,Group,2024-09-04 04:14:38,Non-Member,Email,True,English,PayPal,,Corporate Contract
46b5e6e7-f351-4108-95c1-6e8d4edad8f2,Francis,Lord,francis_lord@outlook.com,+1 619 176 7476,CA,North America,Kevinmouth,M,Family,2022-07-22 09:03:51,Basic,Email,True,English,American Express,,Corporate Contract
736db4b8-01fe-4d4a-a0f3-64a90039fe2c,Napoleone,Borghese,napoleone.borghese@yahoo.com,+1 179 757 4931,IT,Europe,Sparanise,M,Leisure,2021-10-30 07:52:10,Silver,SMS,False,Italian,Mastercard,,Walk-in
a68a11bb-e37d-4fe3-a59b-a206a4e42049,Mustafa,Grein Groth,mgrein groth@gmail.com,+49 375 553937,DE,Europe,Uelzen,M,Leisure,2019-10-03 21:03:34,Basic,Email,True,German,Mastercard,,Corporate Contract
49f936ad-8f23-4ca5-ac05-42a642c676a7,Colin,McDonald,colin.mcdonald@icloud.com,+1 666 473 6303,NL,Europe,Hollymouth,M,Business,2024-04-04 22:02:46,Basic,SMS,False,English,American Express,,OTA Referral
f5586bce-eca6-4a0a-984a-958cdeb7f695,Georgina,Lewis,georgina8@gmail.com,+1 293 521 5724,CA,North America,Hughtown,F,Leisure,2022-06-25 05:58:38,Non-Member,Both,False,English,Visa,,Walk-in
08c5102f-5d8b-4c25-b937-e1f7eca41f84,Claire,Harris,claire_harris@gmail.com,+1 101 405 6144,MX,North America,Debramouth,F,Leisure,2022-12-15 05:23:29,Non-Member,SMS,True,English,Visa,,Phone Booking
75bb6ed3-95cb-4644-979c-ec5dacd92dde,Amanda,Coleman,amanda_coleman@gmail.com,(626) 451-7907,US,North America,East Mohamed,F,Business,2022-01-21 14:46:32,Silver,SMS,False,English,Visa,,Corporate Contract
bb4c78cf-2a61-4f9c-a116-45731e52b10e,建国,谢,建国.谢@gmail.com,746 2787 0800,CN,Asia Pacific,Sandraburgh,M,Family,2020-09-05 19:28:58,Non-Member,Email,True,Chinese,Visa,,Corporate Contract
d1677b57-e563-4d07-a165-6edad107031e,Sian,Hayes,sianh@gmail.com,+44 8852 830138,GB,Europe,Edwardsside,F,Leisure,2022-05-10 22:54:27,Basic,Email,True,English,Visa,,Website Direct
671ee8bc-070e-4a99-81c4-fe37c91d3452,Fausto,Missoni,fausto56@outlook.com,+1 550 202 4677,IT,Europe,Sistiana,M,Business,2022-05-10 15:58:50,Silver,SMS,True,Italian,Visa,,Phone Booking
919345b2-7545-4df6-9b47-030b0d023f03,Victoria,Lynch,victoria_lynch@gmail.com,+1 172 756 5236,CA,North America,West Jeremymouth,F,Leisure,2021-04-19 08:32:08,Non-Member,SMS,True,English,Visa,"Allergies, Non-smoking",Phone Booking
317e71cc-e151-4abb-9b3a-be9c03191105,Hilary,Johnson,hilary95@starkindustries.com,539-604-4896,US,North America,Barryhaven,F,Business,2024-09-18 05:49:52,Non-Member,Email,False,English,Mastercard,,Phone Booking
012c20e7-3bc4-4df3-98f7-818bdd01f79f,Charlie,Pritchard,cpritchard@outlook.com,+1 321 471 1159,MX,North America,Sandrafurt,M,Business,2019-08-16 03:27:59,Silver,SMS,True,English,Visa,"Non-smoking, Early Check-in",Website Direct
63a0efc4-cd35-475f-8625-6878a2bc3fbc,William,Wright,william_wright@gmail.com,+1 212 215 6886,MX,North America,West Julie,M,Group,2021-01-30 00:24:03,Basic,Both,True,English,Visa,,Walk-in
5287a0d0-8797-42d3-9d53-1e7d0941e89d,磊,古,磊古@gmail.com,+86 369 6023 512,CN,Asia Pacific,Lawsonland,M,Family,2022-02-12 05:43:01,Silver,SMS,False,Chinese,Visa,,Website Direct
cccc321f-b51c-44cd-b5ae-79154268757e,Charlie,Clarke,charlie.clarke@gmail.com,+1 353 165 6448,NL,Europe,Port Thomasmouth,M,Family,2019-03-24 05:23:02,Non-Member,SMS,False,English,Visa,,Website Direct
95c74538-8759-438f-bafe-cd51a892dcd2,지우,정,지정@hotmail.com,+1 587 447 7363,KR,Asia Pacific,Lake Jacqueline,F,Leisure,2022-06-13 22:54:44,Non-Member,SMS,False,Korean,PayPal,,OTA Referral
b56ab583-f705-414e-b9c2-574676481fc9,欢,陈,欢.陈@gmail.com,+86 189 3714 690,CN,Asia Pacific,Port Philip,M,Leisure,2023-03-10 20:45:51,Silver,Email,True,Chinese,Apple Pay,,OTA Referral
5a9e354d-c7f0-403e-8830-c225074b83be,Emily,Johnson,emilyj@gmail.com,+44 3508 442255,GB,Europe,Doyleview,F,Leisure,2024-10-24 22:41:15,Basic,Email,False,English,Visa,,Website Direct
d3a2bbe7-b28e-4371-b900-b1b32a0d0006,Toby,Flynn,toby51@yahoo.com,+1 496 239 3181,CA,North America,New Lindseyfort,M,Business,2020-09-27 05:55:21,Basic,Email,True,English,American Express,,Website Direct
e2ea8792-79c6-4f02-9826-4cb6c3939e0f,Betina,Geißler,betinag@hotmail.com,+49 855 046753,DE,Europe,Melsungen,F,Leisure,2022-05-07 07:18:36,Silver,SMS,True,German,Visa,,OTA Referral
cc937ae2-7314-4c0e-b66f-e66cec8cccae,Olivia,Cooke,olivia_cooke@gmail.com,+61 161 246 9198,AU,Asia Pacific,Savageland,F,Leisure,2022-12-29 18:14:08,Gold,Email,True,English,Visa,,Walk-in
01751d70-ffc3-453a-bc54-4850a438218e,Katie,Hancock,katie.hancock@gmail.com,+1 147 252 9704,CA,North America,West Edwardland,F,Leisure,2024-06-23 10:09:53,Non-Member,Email,False,English,American Express,,Walk-in
9b658287-6a54-43e1-ad07-97cc8fd1def8,Kim,Webster,kimw@gmail.com,+1 196 572 1772,NL,Europe,East Oliver,F,Leisure,2024-03-14 03:18:22,Non-Member,SMS,True,English,PayPal,,Phone Booking
788d97fc-2ebd-46ce-86f2-4983b21afec7,Shirley,Hill,shirleyh@gmail.com,+1 604 357 9465,KW,Middle East,East Peter,F,Leisure,2022-03-16 10:17:23,Gold,Email,True,English,American Express,,OTA Referral
0868fbef-1637-460f-81b0-fe9736dfee0d,Kenneth,Faulkner,kenneth.faulkner@gmail.com,(966) 458-8358,US,North America,Lake Lesley,M,Business,2021-07-07 22:09:10,Gold,Email,False,English,Mastercard,,Phone Booking
f064a31e-9283-44f1-8e2d-932dad9d763a,Fátima,Estevez,fátimae@yahoo.com,+1 445 512 7261,ES,Europe,Guipúzcoa,F,Leisure,2021-01-24 14:45:30,Gold,Email,True,Spanish,Mastercard,,Walk-in
a7548d92-ce74-48ea-8f5f-edaa02b56f76,Ross,Roberts,rossr@oscorp.com,+1 638 458 6976,KW,Middle East,East Darren,M,Business,2022-03-25 11:55:02,Gold,Email,True,English,Visa,,Corporate Contract
6af6cdaf-eefc-4ca5-9ed2-086df5cb2fd8,Bruno,Vendrell,bruno.vendrell@yahoo.com,+1 664 291 2497,ES,Europe,Lleida,M,Family,2023-05-23 21:07:38,Basic,Both,True,Spanish,American Express,,OTA Referral
eece38ec-bca1-4df7-826f-f22f79f205f5,Graham,Wood,graham.wood@gmail.com,+1 358 695 3975,CA,North America,Antonytown,M,Leisure,2019-03-03 14:05:22,Silver,SMS,True,English,Visa,"Early Check-in, Allergies",Website Direct
dbe15457-032d-4164-abdf-83c304b3177f,Elliott,Moore,elliottm@hotmail.com,+1 749 655 2957,CA,North America,East Robinhaven,M,Family,2019-09-28 03:11:44,Silver,None,True,English,Visa,,Phone Booking
f2d70c82-6b80-435c-bc97-f180965b660e,영진,이,영진31@starkindustries.com,+1 309 572 1105,KR,Asia Pacific,Chloeshire,M,Business,2020-01-01 17:24:14,Non-Member,Email,True,Korean,American Express,,OTA Referral
edd76dbb-afa8-48e5-86a1-4e4d692490da,Francesca,Fox,francesca_fox@gmail.com,+1 267 537 2935,QA,Middle East,Conorville,F,Family,2022-10-06 08:25:13,Basic,SMS,False,English,Visa,,Website Direct
aae4baa1-1edb-4c96-ba0c-76b3b56fb8c0,Roy,Cox,roy76@gmail.com,+1 263 299 5800,MX,North America,Lake Benfurt,M,Family,2019-02-05 15:46:35,Non-Member,Both,True,English,Apple Pay,,Walk-in
c71dca8c-3637-423d-b2c2-b32da8c95841,Bruce,Cameron,bruce_cameron@dummycorp.com,+1 324 267 3499,NL,Europe,New Adrian,M,Business,2020-03-23 21:54:23,Basic,Email,False,English,Visa,,Walk-in
0e19b534-f1a6-43b0-82c3-2b0e93a3008d,超,王,超王@yahoo.com,+86 666 4779 366,CN,Asia Pacific,New Rebecca,M,Leisure,2021-06-14 11:45:45,Basic,Email,False,Chinese,Mastercard,,Corporate Contract
39f9526a-18ae-48bf-ad8b-23f8221bde19,John,Lucas,john73@dummycorp.com,+44 7204 756793,GB,Europe,Patelville,M,Business,2024-03-29 09:39:27,Silver,SMS,True,English,Mastercard,,Website Direct
83aa464f-8dea-4f2e-a24d-5846865738e4,Eileen,Cooper,ecooper@gmail.com,+1 509 784 6756,SG,Asia Pacific,Janiceton,F,Leisure,2022-05-01 07:44:16,Non-Member,Email,False,English,American Express,,Walk-in
7fa71db1-0fa5-45af-9f9d-159ae3620524,Suzanne,Kelly,suzanne96@gmail.com,+91 972 826 5408,IN,Asia Pacific,Martinchester,F,Leisure,2024-07-15 19:55:46,Silver,SMS,True,English,Visa,,Walk-in
faecbcb8-b634-4cce-ba6c-6dacc0bfdd13,Giovanni,Misicher,giovanni14@gmail.com,+49 438 250758,DE,Europe,Fallingbostel,M,Leisure,2019-08-27 04:30:23,Silver,Email,True,German,Visa,,Walk-in
30af9de3-4f08-4821-a4c6-4cc148e8fad6,Dorothy,Jenkins,dorothy61@dummycorp.com,+91 316 696 7654,IN,Asia Pacific,Owensport,F,Business,2019-05-14 00:23:44,Basic,SMS,False,English,Visa,"Late Check-out, Non-smoking",OTA Referral
5251fb5e-9f37-4026-bed5-21b4982924c2,Anneke,Werner,anneke_werner@oscorp.com,+49 842 847201,DE,Europe,Vechta,F,Business,2020-01-23 11:42:02,Silver,Email,True,German,Visa,,Website Direct
8ad7dd9e-1eee-4e49-9f63-e45aece392f9,亮介,田中,亮介田@gmail.com,+81 544 154 4207,JP,Asia Pacific,South William,M,Leisure,2023-05-28 03:14:26,Basic,Both,True,Japanese,Mastercard,,Corporate Contract
9ef54b4d-51ba-46ad-b9b5-e4ccaa46cc7f,Anna,Cooper,anna.cooper@hotmail.com,003-949-1736,US,North America,Tomfurt,F,Business,2020-06-03 06:28:55,Gold,Email,True,English,Visa,,Phone Booking
f136d9f5-90b5-4319-8670-d7f3f2549cf2,Grace,Allen,grace.allen@gmail.com,+1 531 326 2149,SE,Europe,New Pamela,F,Leisure,2023-03-01 20:24:40,Basic,Email,True,English,Visa,Wheelchair Accessible,Phone Booking
0cc4873f-5b77-4f14-82ba-b6266f543d15,Tina,Jenkins,tinaj@gmail.com,+1 433 342 5423,CA,North America,Hazelstad,F,Leisure,2021-11-03 22:47:46,Non-Member,Email,True,English,Visa,,Phone Booking
028bacea-62f5-41db-aa1d-32a5a30568ed,Georgina,Humphreys,georgina32@gmail.com,+61 797 540 6432,AU,Asia Pacific,Aaronmouth,F,Family,2019-04-25 06:25:58,Basic,Email,False,English,Mastercard,,OTA Referral
33a0d78c-9f56-4924-b741-a4a41d29107b,Stephen,Hewitt,shewitt@gmail.com,+1 622 537 7162,MX,North America,Lake Maryburgh,M,Leisure,2019-11-14 02:57:52,Basic,Email,True,English,Visa,,OTA Referral
175313b1-bb6e-4753-b177-02b9c1471cc2,Geoffrey,Jones,geoffrey.jones@gmail.com,9378 908 2425,GB,Europe,West Francis,M,Leisure,2024-12-27 10:33:20,Basic,Email,True,English,Mastercard,,Corporate Contract
c3c7032a-8119-4890-895d-fb15e42bb976,Marilyn,Moss,guest@email.com,+1 823 669 8754,KE,Africa,Terencebury,F,Leisure,2020-01-23 22:22:05,Basic,None,True,English,Visa,,Corporate Contract
3cc5122c-b931-4b2e-b993-442342b6003e,Piermaria,Castiglione,piermariac@hotmail.com,+1 841 299 1313,IT,Europe,Serravalle D'Asti,M,Family,2020-08-09 12:12:08,Silver,Email,True,Italian,American Express,,Walk-in
d48b56ea-665b-44ae-93fd-66f27524c136,Derek,Dixon,guest@email.com,,CA,North America,New Jeffrey,M,Leisure,2024-01-03 22:42:58,Non-Member,Email,False,English,Visa,,Corporate Contract
acca812d-9fa9-4b82-af24-362e9644ccff,Josephine,Gregory,josephine44@example.mx,+1 426 562 5453,MX,North America,Saraville,F,Business,2022-12-02 17:33:20,Platinum,Email,False,English,Mastercard,,Corporate Contract
d820d5bd-c0b4-4e0a-b381-16276321711a,Lucy,Clarke,lucy31@yahoo.com,+1 437 739 1506,CA,North America,Stephensonport,F,Leisure,2019-07-03 04:43:34,Non-Member,Email,True,English,Visa,High Floor,Corporate Contract
dd6f6c3a-35f5-458c-9470-eb57f6d26361,Jenna,Khan,jenna13@gmail.com,+1 598 149 2757,CA,North America,Adrianhaven,F,Leisure,2021-12-18 03:28:24,Non-Member,Email,True,English,PayPal,"High Floor, Non-smoking",OTA Referral
05042403-3aaa-48fe-826b-aac5124763cb,Scott,Harding,sharding@gmail.com,+1 758 255 8820,NG,Africa,Rosehaven,M,Leisure,2021-06-24 16:20:20,Non-Member,Email,True,English,Visa,,Website Direct
9178191e-be2e-4a06-848f-99741a70651f,جسور,أبو داوود,جسور_أبو داوود@dummycorp.com,+971 339 996 7296,AE,Middle East,Williamsmouth,M,Business,2019-05-13 11:38:37,Platinum,Email,True,Arabic,Visa,,Phone Booking
89eda8cd-13cd-4016-aff9-2d9edef4ed57,Diana,Clarke,dclarke@gmail.com,+1 428 387 1277,TH,Asia Pacific,East Annette,F,Leisure,2024-05-21 10:39:59,Non-Member,Email,True,English,PayPal,,Walk-in
ac72aa63-5175-4249-94bd-1e170166caef,Danny,Sutton,dsutton@tyrellcorp.com,+1 608 998 1373,MX,North America,Port Georgia,M,Business,2022-10-27 01:41:01,Platinum,Email,True,English,American Express,,Corporate Contract
78e25e2a-402a-47d6-8fac-eb45753207f0,Natasha,Myers,natasha_myers@gmail.com,+1 186 938 1359,TH,Asia Pacific,North Bernardshire,F,Leisure,2023-10-17 18:05:03,Non-Member,SMS,True,English,Google Pay,Allergies,Website Direct
209130c4-0782-4eaa-bb7d-723e5c366c4d,Damien,Evans,damien_evans@outlook.com,+1 133 855 9493,CA,North America,Staceyhaven,M,Leisure,2019-02-10 06:04:18,Non-Member,Email,True,English,Visa,,Walk-in
0526f34d-5334-4a5d-8687-e54183a713f3,Kyle,Brown,kyle.brown@initech.com,+1 159 561 5313,MX,North America,Matthewton,M,Business,2019-11-12 23:55:35,Gold,SMS,False,English,Mastercard,,Corporate Contract
3cf87c8c-faa6-4eb8-8148-59864970204e,Janice,Davis,janice.davis@gmail.com,0856 631 6756,GB,Europe,New Martyn,F,Leisure,2020-09-14 14:32:24,Non-Member,Email,True,English,American Express,,OTA Referral
8e8b6ffa-ad15-4d23-97c5-3c7cf51110ce,Heiko,Döhn,hdöhn@waynecorp.com,000-000-0000,DE,Europe,Kronach,M,Business,2024-07-30 06:17:30,Gold,Email,False,German,Mastercard,,Website Direct
2dafd6ff-6508-4979-a62a-98fdd2f84d71,Kieran,Begum,kbegum@dummycorp.com,+1 157 694 2146,MX,North America,Frederickview,M,Business,2022-09-06 08:00:28,Basic,Both,False,English,American Express,,Corporate Contract
bb410051-aab1-41a8-911f-25e335c49ed9,Kelly,Read,kelly.read@gmail.com,+1 328 189 6201,CA,North America,Oliverborough,F,Leisure,2020-11-07 19:05:33,Basic,Email,True,English,Mastercard,,OTA Referral
4adf6637-fbbc-4e6d-81f6-efb14711237a,Melissa,Hölzenbecher,mhölzenbecher@gmail.com,+49 093 835106,DE,Europe,Göppingen,F,Leisure,2021-04-15 19:56:37,Basic,Both,True,German,Mastercard,,Phone Booking
b7ed7295-d22d-43ea-b024-b4f7eb444f8a,건우,고,건우.고@gmail.com,+1 871 557 7494,KR,Asia Pacific,West Samuel,M,Leisure,2019-02-17 13:41:22,Gold,Email,False,Korean,Mastercard,,Walk-in
5c9b0192-9486-40f6-b2b9-47a60434f061,婷婷,包,婷包@outlook.com,329 9084 1816,CN,Asia Pacific,Lauramouth,F,Business,2024-03-06 19:40:47,Non-Member,Both,True,Chinese,American Express,,Phone Booking
f0b218f4-8498-4c7c-9eae-85bdb9e0d154,Joanne,Thomas,joannet@oscorp.com,+1 112 860 6152,CA,North America,West Joanview,F,Business,2019-09-19 04:11:28,Platinum,Email,False,English,Visa,,Walk-in
9a36ce23-c292-4fbc-8e47-5a8809269e99,Gloria,Montalbán,gloriam@cyberdyne.com,,ES,Europe,Madrid,F,Business,2024-01-16 02:49:39,Basic,SMS,True,Spanish,Mastercard,,OTA Referral
b82b788b-8450-45ab-886e-fa2440b1e306,Deborah,Reynolds,deborah.reynolds@gmail.com,071-734-5221,US,North America,Catherinestad,F,Family,2023-05-17 06:03:41,Gold,Email,True,English,American Express,,Phone Booking
0ea0e1a2-23db-4b6b-86ea-06d467826f07,Nathan,Pearson,nathan.pearson@tyrellcorp.com,+1 933 805 1216,NL,Europe,New Patrick,M,Business,2019-07-28 22:12:17,Basic,Both,True,English,Apple Pay,,Corporate Contract
5e75d599-e592-4d3b-8616-c90f226d7af4,Fiona,Reid,freid@gmail.com,+1 805 273 4262,CA,North America,Lake Hannahside,F,Leisure,2020-01-23 18:32:33,Gold,Both,False,English,Mastercard,,Website Direct
3d3bda61-3026-4111-951a-3506596421c7,Katie,Carr,katie.carr@outlook.com,+1 199 642 3850,CA,North America,North Joanton,F,Leisure,2020-06-17 17:12:11,Basic,Email,True,English,American Express,,Phone Booking
f3448e57-490f-4493-a647-c184482393b6,Alison,Wall,alisonw@gmail.com,+1 223 855 4359,SE,Europe,Alihaven,F,Leisure,2024-07-24 16:06:25,Platinum,Email,True,English,Mastercard,,Corporate Contract
d1f5e5b2-736f-48ba-aac4-f20e5fc5fdb9,Nicola,Robinson,nicola42@gmail.com,(242) 879-8359,US,North America,New Kieran,F,Leisure,2023-10-04 23:39:43,Non-Member,Email,False,English,Visa,Allergies,Website Direct
66672f99-33db-4339-a729-162031d28d35,Anthony,Walters,anthony_walters@hotmail.com,+1 100 826 6748,SG,Asia Pacific,Roberttown,M,Leisure,2021-10-12 18:39:48,Non-Member,Email,True,English,Visa,,Corporate Contract
b3c703b2-26db-4bd8-b46c-41d5dac707db,Francesca,Bennett,francescab@gmail.com,+1 902 984 4522,MX,North America,West Annachester,F,Family,2023-03-25 11:38:34,Basic,Email,False,English,Mastercard,,OTA Referral
777106fa-515b-4df1-8b02-73324f0f7816,Simon,Mahmood,smahmood@gmail.com,+91 764 843 9667,IN,Asia Pacific,Patelport,M,Group,2019-03-20 05:42:08,Non-Member,Both,False,English,Mastercard,,Website Direct
8d02e59a-26c1-44b7-b108-a27bcac6b62f,Sara,Kühnert,skühnert@umbrellacorp.com,+49 2576/919672,DE,Europe,Bitterfeld,F,Business,2023-11-08 12:22:48,Basic,SMS,True,German,Visa,,Corporate Contract
6f9b8747-307e-4f2b-b448-e202ac0d545b,승현,이,승현이@gmail.com,+1 721 116 6678,KR,Asia Pacific,Port Keithmouth,M,Family,2019-08-12 20:13:42,Non-Member,Email,True,Korean,Mastercard,,Walk-in
43ecfb26-5ecc-48bc-9575-ee17fb410127,Kerry,Allen,kerrya@gmail.com,+1 986 145 9511,SG,Asia Pacific,Lake Elliot,F,Family,2021-10-08 01:28:21,Basic,Email,False,English,American Express,,Walk-in
8f1c03d6-2bee-4f4c-b3da-477d61ae9d1a,Susan,Marsden,susan.marsden@gmail.com,621-978-6805,US,North America,Amymouth,F,Leisure,2023-03-09 19:39:21,Gold,Email,True,English,Visa,,OTA Referral
ce6f705c-f086-4389-978c-efe44b1a1d2f,Caroline,Lloyd,carolinel@outlook.com,+1 940 444 1872,CH,Europe,West Katiechester,F,Family,2022-02-03 01:47:55,Platinum,Email,True,English,Mastercard,,Corporate Contract
b2e66022-341d-4370-90e2-84385129b2b8,Sian,Preston,guest@email.com,+1 203 711 7524,MX,North America,Joneschester,F,Leisure,2023-06-29 05:01:11,Gold,SMS,True,English,Mastercard,,Phone Booking
f828696d-48e4-41bd-81d3-edd72536ad7a,Marilyn,Williams,marilyn27@gmail.com,+1 435 655 7456,SG,Asia Pacific,Royview,F,Business,2021-11-09 14:03:33,Basic,Both,False,English,Apple Pay,,Corporate Contract
cff9d6de-c231-4fc6-b7b8-d10402dc27d2,Giulietta,Trevisani,giulietta68@gmail.com,+1 459 301 9466,IT,Europe,Ronzo,F,Business,2022-11-07 12:48:38,Gold,Email,True,Italian,Mastercard,,Website Direct
9fdd00d8-567a-4bed-9103-fa3bc35ae23f,Jay,Ford,jayf@gmail.com,+1 531 443 1705,QA,Middle East,Port Ronaldberg,M,Business,2019-09-30 13:07:28,Non-Member,Email,True,English,Visa,,Website Direct
ab3f0059-5ffb-42d5-b9a6-869fa7ae4ed8,Diana,McKenzie,dmckenzie@gmail.com,+1 637 266 9917,MX,North America,Georgiaview,F,Leisure,2022-01-10 18:37:32,Basic,Email,True,English,Visa,,Corporate Contract
bfeb8866-7eb4-41b9-805d-205b2f84f57b,Leigh,Ahmed,leigha@acme.com,+1 740 773 4377,SE,Europe,Lake Samantha,M,Business,2023-11-14 04:17:48,Basic,SMS,True,English,Mastercard,,Website Direct
104b6470-0327-4a0e-af04-82268d50dd7a,Cheryl,Jones,cherylj@icloud.com,+1 305 580 3697,CH,Europe,East Harriet,F,Business,2022-01-05 00:25:56,Silver,Email,True,English,Visa,,Website Direct
99afd557-100c-4481-8171-9c325a8b529a,Steven,Davies,steven42@gmail.com,+1 853 435 1419,MX,North America,South Rachelbury,M,Leisure,2022-01-10 04:51:39,Non-Member,Email,False,English,Mastercard,,Website Direct
f631a216-bd84-4928-8c3b-1aef8f4a48a5,くみ子,林,くみ子林@waynecorp.com,+81 612 392 8535,JP,Asia Pacific,East Rachel,F,Business,2019-04-05 07:19:15,Silver,Email,False,Japanese,Visa,,Corporate Contract
7a120ad9-d6fd-48e6-b7d7-60cd8ac3913f,舞,林,舞林@globex.com,+81 293 882 5435,JP,Asia Pacific,Andersonstad,F,Business,2024-02-25 03:08:07,Gold,Both,False,Japanese,Mastercard,,OTA Referral
10ba927f-413d-4b2e-8b4a-18c355b5a575,Mathew,Green,mathewg@outlook.com,,US,North America,South Joanne,M,Group,2022-04-09 07:24:28,Non-Member,Email,True,English,Visa,,OTA Referral
0994a34c-e99f-4bca-be7d-7120a303a9a1,Neil,Harris,neil_harris@gmail.com,+1 341 521 9028,MX,North America,Williamsland,M,Family,2020-11-14 08:10:54,Non-Member,Email,False,English,Mastercard,"High Floor, Late Check-out",Website Direct
569d3e27-abcf-47e1-9a07-efab0f31c51a,Jonathan,Abbott,jonathan.abbott@gmail.com,+1 964 922 4515,KE,Africa,Rowetown,M,Leisure,2024-08-21 18:50:51,Gold,Email,True,English,Mastercard,,OTA Referral
d703c342-8cd7-4031-a38e-861055c08bcb,영수,이,test@test.com,+1 139 162 5709,KR,Asia Pacific,Bethside,M,Business,2022-07-21 02:56:17,Non-Member,Email,True,Korean,Mastercard,,Corporate Contract
a03d3f67-5654-4c64-83c0-f5d44db9371d,Rosemary,Robinson,rosemaryr@outlook.com,+1 913 835 3277,CH,Europe,New Charlene,F,Group,2020-02-02 08:36:25,Silver,Email,False,English,Visa,,Website Direct
6cd1183e-0f54-4591-9042-524609c9582b,Sheila,Davies,sheilad@outlook.com,+44 3482 526496,GB,Europe,Lake Emilyview,F,Leisure,2019-06-05 08:14:22,Basic,Email,False,English,Visa,,Walk-in
69166dc3-ddd4-4787-9818-da47e93522cf,Maria,Cassiano,maria_cassiano@hotmail.com,+55 887 269 4175,BR,South America,Ryanshire,F,Family,2019-04-15 23:02:39,Silver,Email,True,Portuguese,Mastercard,,Corporate Contract
072eef2b-2618-4813-ae01-e3d87f7694f5,Josh,Morris,josh.morris@gmail.com,(364) 123-2499,US,North America,Lake Graememouth,M,Leisure,2022-06-23 08:47:46,Non-Member,Email,True,English,PayPal,,Phone Booking
11a976cb-b2df-443b-945b-82d444530abe,Gail,Pearce,gail48@yahoo.com,+1 464 745 1728,MX,North America,New Brian,F,Leisure,2021-12-28 12:14:13,Silver,Both,False,English,Visa,,Corporate Contract
859d2244-74ed-4e6c-a54e-1983c7960c7a,Katie,Mahmood,katie.mahmood@starkindustries.com,+1 227 169 9141,SG,Asia Pacific,East Carlberg,F,Business,2020-12-28 13:50:27,Non-Member,Email,True,English,PayPal,,Website Direct
15852109-ff9e-4014-aee3-47751fa1650e,Graeme,Foster,gfoster@outlook.com,+1 247 407 3003,CA,North America,Atkinsonberg,M,Leisure,2022-06-30 20:38:18,Platinum,Email,True,English,Visa,,Website Direct
1d743ffe-dbc5-4acf-9fe0-e8c41a5f6dd0,옥순,이,test@test.com,+1 842 618 8673,KR,Asia Pacific,Gibbonsside,F,Group,2021-01-28 11:55:58,Non-Member,SMS,True,Korean,Mastercard,,Phone Booking
742898e7-e598-47a0-b7b1-a42e6da5d92a,Lucila,Múgica,lucilam@starkindustries.com,+1 326 982 1072,ES,Europe,Ourense,F,Business,2024-04-26 12:01:57,Basic,Email,True,Spanish,Mastercard,,Walk-in
9af16d4e-ce69-4187-936d-7eb512ef9e22,Clifford,Brown,clifford.brown@gmail.com,+1 175 799 1216,CA,North America,North Kirstyfurt,M,Leisure,2022-10-16 00:33:35,Gold,Both,False,English,PayPal,,Phone Booking
f416a39f-fbb0-45ef-bf31-393679cfa7e5,Annette,Lyons,test@test.com,+91 514 311 8642,IN,Asia Pacific,Jordanville,F,Leisure,2024-03-19 23:53:17,Non-Member,Email,True,English,Mastercard,,Website Direct
76b9e08e-f678-473a-b511-55fbcb59c39e,Kimberley,Allen,kimberley.allen@gmail.com,+61 377 242 4642,AU,Asia Pacific,Port Melissatown,F,Leisure,2022-04-04 07:19:55,Basic,Email,True,English,Apple Pay,Late Check-out,Corporate Contract
d928235a-6d77-44a9-af2f-8ad922e148e7,Morena,Toselli,morena.toselli@gmail.com,+1 868 424 3737,IT,Europe,Olmo Di Martellago,F,Leisure,2022-05-29 02:34:10,Basic,Email,True,Italian,Visa,,Corporate Contract
b7d29717-f46e-4900-b8b5-94b662d22200,은정,이,은정_이@gmail.com,+1 666 961 8985,KR,Asia Pacific,New Kathleenbury,F,Leisure,2024-08-23 13:21:57,Basic,Both,False,Korean,Mastercard,"Late Check-out, High Floor",Website Direct
1f8018cf-00b7-42f8-adb0-ab003454421e,Mohammed,West,mohammed.west@dummycorp.com,+1 495 416 6780,CA,North America,South Juliaview,M,Business,2022-03-12 15:43:20,Basic,Both,True,English,Visa,,OTA Referral
83375487-b81a-490f-9ccb-9b9b258c2df1,Ben,Atkinson,guest@email.com,+1 948 547 7903,MX,North America,Lake Daleland,M,Leisure,2024-04-14 11:23:21,Silver,Email,False,English,Visa,,OTA Referral
ea7d1f5a-a818-4858-9eca-6f6e2894911d,Diane,Cooper,dcooper@gmail.com,+91 598 394 7778,IN,Asia Pacific,Jonesstad,F,Leisure,2023-03-26 11:12:47,Basic,Email,True,English,Visa,"High Floor, Early Check-in",Website Direct
5cd93efb-a6f4-49b1-a737-f2998ecfd996,Harriet,Turner,harriet_turner@outlook.com,863-880-9601,US,North America,Port Eleanor,F,Group,2019-09-05 02:41:30,Gold,Email,True,English,Visa,Non-smoking,OTA Referral
44149e07-d0ff-465a-9bce-793b47c56191,Terry,Wilkinson,terry_wilkinson@initech.com,(846) 876-7966,US,North America,West Kimberley,M,Business,2022-02-07 05:09:55,Silver,SMS,False,English,Apple Pay,,Phone Booking
90f00e72-efef-41e6-a9f8-ef3d08861d76,畅,范,畅.范@gmail.com,+86 241 0647 969,CN,Asia Pacific,New Melanie,F,Leisure,2024-09-17 17:59:58,Non-Member,Email,True,Chinese,PayPal,,Corporate Contract
369b953a-47c8-4078-842d-3047b0041d34,Samir,Koch II,samir.koch ii@hotmail.com,+49 0083/949611,DE,Europe,Aue,M,Family,2024-05-09 04:53:02,Gold,Email,False,German,Apple Pay,,OTA Referral
5d28d0ea-839e-4b96-828a-ebe925768235,Emily,Riley,emily.riley@waynecorp.com,+1 594 433 3077,MX,North America,Dianaberg,F,Business,2019-03-12 22:15:37,Silver,Email,True,English,Mastercard,,Website Direct
de60dc11-35b6-4fdc-9207-b1038218f8d8,Richard,Finch,richard7@acme.com,+1 794 828 4256,CH,Europe,Brendafort,M,Business,2023-02-21 03:35:37,Gold,Email,False,English,American Express,,Corporate Contract
6f0c2df1-1224-4aaf-9b20-441a6244722c,Leanne,Little,guest@email.com,+1 286 919 3184,TH,Asia Pacific,Port Georgiamouth,F,Leisure,2023-09-27 19:42:51,Basic,Email,True,English,Visa,,OTA Referral
110b6b81-fbf6-402a-b8c1-398c7a003814,峰,周,峰周@gmail.com,+86 643 3490 743,CN,Asia Pacific,West Joyce,M,Business,2022-10-23 03:02:30,Platinum,Email,True,Chinese,PayPal,,Corporate Contract
96c3e0bd-8b0b-4285-b4e9-14ae792db10d,Maurice,Thompson,maurice.thompson@waynecorp.com,+1 187 251 3262,CH,Europe,Simpsonland,M,Business,2024-03-12 23:11:46,Non-Member,Email,False,English,Visa,,OTA Referral
a77b09eb-295f-4b7a-9950-c6a9304298e5,Karl,Harris,kharris@dummycorp.com,+1 673 311 2239,CA,North America,Lake Marieside,M,Business,2024-08-14 13:09:41,Non-Member,SMS,False,English,Visa,"High Floor, Wheelchair Accessible",Website Direct
12b4c2c2-92e8-4970-91f1-f4281694f57d,Jennifer,Chamberlain,jennifer.chamberlain@gmail.com,+1 131 847 7632,CA,North America,Abbottville,F,Family,2022-02-09 08:47:17,Non-Member,Email,False,English,Visa,,Phone Booking
879fdd47-a1b6-4f7c-af2a-18ecf001a96e,Neil,Goodwin,neil59@hotmail.com,+1 743 402 2084,MX,North America,Browntown,M,Leisure,2021-08-05 15:39:34,Gold,Email,True,English,Visa,,Walk-in
767f92e5-8fa0-4b14-8962-047202687a42,Apolinar,Falcó,apolinar_falcó@gmail.com,+1 835 805 3849,ES,Europe,Salamanca,M,Business,2020-01-24 22:05:53,Gold,Email,True,Spanish,Visa,"Allergies, High Floor",Phone Booking
50951e47-5cf7-4912-b130-166db61bc80f,京助,山崎,京助山@umbrellacorp.com,+81 713 563 8199,JP,Asia Pacific,Joefurt,M,Business,2019-07-23 00:02:09,Non-Member,SMS,False,Japanese,Visa,"Non-smoking, Early Check-in",Website Direct
1fc02e9c-93f2-414d-96ce-833ac6831de5,Dominic,Little,dominicl@gmail.com,+1 502 543 2143,CH,Europe,Kayleighmouth,M,Leisure,2024-03-03 21:45:04,Non-Member,Email,False,English,Mastercard,,Walk-in
f7e62438-85d5-4e19-94b7-d76883193258,Michael,Taylor,michael47@gmail.com,(928) 028-1177,US,North America,Jacksonhaven,M,Leisure,2024-06-23 09:09:06,Non-Member,SMS,True,English,Visa,,Walk-in
adf87277-5d65-4034-9cb6-fbffff935b11,Kimberley,Clark,kimberleyc@gmail.com,+1 867 495 9991,CA,North America,Andersonville,F,Group,2019-02-05 21:07:09,Basic,Email,False,English,Visa,,Corporate Contract
65aa44a5-973a-4145-a088-083f2ec7c533,春香,松本,春香_松本@globex.com,+81 897 144 1363,JP,Asia Pacific,Moorebury,F,Business,2022-05-27 06:38:29,Silver,Email,True,Japanese,Apple Pay,,Phone Booking
3fe9aff9-b14f-49a3-80a6-b9e2b7d3e276,Henry Gabriel,Casa Grande,henry gabriel_casa grande@gmail.com,+55 291 718 2147,BR,South America,Ameliabury,M,Leisure,2024-09-29 00:31:56,Non-Member,Email,False,Portuguese,Mastercard,,Corporate Contract
dabcef92-18e1-42ef-83ce-d01b2b265ebc,Carl,Hopkins,carl.hopkins@gmail.com,+1 991 299 4687,MX,North America,Frankview,M,Business,2024-06-01 00:44:19,Non-Member,Email,True,English,Visa,,OTA Referral
070189ce-768a-49c5-9a5e-4c1a12095529,Garry,Taylor,gtaylor@gmail.com,(150) 235-5918,US,North America,West Anna,M,Leisure,2021-04-04 21:33:47,Non-Member,Email,True,English,Mastercard,,Website Direct
a28ff3ae-ae21-40f5-b9b5-f6806cf3bb67,Vanessa,Phillips,vphillips@outlook.com,(663) 978-6759,US,North America,Harrisonchester,F,Leisure,2024-08-15 17:28:35,Non-Member,Email,True,English,Mastercard,,Phone Booking
220172a6-74fc-48d6-be70-e6022fbc19e2,Kathleen,Peters,kathleen.peters@outlook.com,+1 691 413 5248,NL,Europe,Edwardsberg,F,Leisure,2022-02-15 17:21:28,Silver,Email,True,English,Mastercard,,Corporate Contract
0bf80e02-ebd0-4530-b25f-fcb2bce32630,Laura,Carroll,laura.carroll@gmail.com,+1 912 939 9613,NL,Europe,West Maria,F,Leisure,2022-10-02 06:10:06,Basic,Email,False,English,Visa,,Website Direct
b6c346aa-6d33-43c8-a549-36e00b150d38,Gillian,Patel,gillian73@acme.com,+1 496 847 9228,CA,North America,Harrisonmouth,F,Business,2023-06-08 15:34:07,Basic,SMS,True,English,American Express,,OTA Referral
b48f1375-74f1-4f47-9797-5e472817463d,미경,김,미김@yahoo.com,+1 291 912 6698,KR,Asia Pacific,East Stuartstad,F,Group,2022-12-07 14:03:18,Basic,Email,True,Korean,PayPal,,Corporate Contract
ea5c8d4e-30af-41d7-b419-6b7190e0c36a,Sibilla,Mangold,sibilla_mangold@outlook.com,+49 0432/510525,DE,Europe,Aurich,F,Family,2022-01-19 14:39:21,Basic,Email,True,German,Mastercard,,Website Direct
e1fc3a85-4371-48d0-90e8-90a1d98e7dd1,Pamela,Davies,pdavies@hotmail.com,+1 405 348 8988,KE,Africa,South Nigel,F,Business,2024-01-13 06:03:21,Basic,SMS,True,English,American Express,,Phone Booking
3d29b7ef-1ee4-450b-b0d7-9df0ee02022c,陽一,鈴木,陽鈴木@outlook.com,+81 288 246 6115,JP,Asia Pacific,Harryfort,M,Leisure,2022-07-13 14:33:34,Basic,Email,True,Japanese,Mastercard,,OTA Referral
e3fd157a-c65b-418d-ad76-ae20ec0419ef,Neil,Johnson,neilj@outlook.com,5321 851 9537,GB,Europe,Rickyport,M,Leisure,2020-11-19 09:10:14,Basic,SMS,False,English,Mastercard,"Late Check-out, Wheelchair Accessible",Website Direct
01e9a188-af8e-4bd6-bf3e-e1aae3a4364e,健,李,健74@icloud.com,247 4187 3831,CN,Asia Pacific,Wendyborough,M,Family,2022-11-03 18:26:48,Non-Member,Email,True,Chinese,Visa,"Late Check-out, Non-smoking",Phone Booking
f456fbcc-7537-4961-a974-917514e0d93e,Kelly,George,kelly.george@gmail.com,+1 285 136 6517,MX,North America,New Barbara,F,Business,2024-03-27 03:27:57,Non-Member,SMS,True,English,Visa,,Corporate Contract
37d0bb36-2460-49be-b2aa-df033b71d223,재현,문,재현10@hotmail.com,+1 338 901 8384,KR,Asia Pacific,Ruthmouth,M,Leisure,2023-11-16 23:09:29,Silver,Email,True,Korean,Mastercard,,OTA Referral
3c5410ba-13de-41c5-ac66-f33be42567b6,Stephen,Alexander,stephen84@yahoo.com,+1 635 541 5155,MX,North America,West Tinaport,M,Leisure,2023-05-03 12:22:06,Silver,SMS,False,English,Visa,,Website Direct
58fd0c33-a645-4828-889a-16fa5cb96a03,Henri,Louis,hlouis@outlook.com,+33 884 738 8279,FR,Europe,Gay,M,Leisure,2024-10-10 13:55:22,Non-Member,Email,True,French,Mastercard,,Corporate Contract
56852f60-618b-4401-a3b8-6f97b8fdc0c2,千代,清水,千代41@gmail.com,+81 592 681 5712,JP,Asia Pacific,Gordonville,F,Leisure,2019-05-10 00:16:53,Non-Member,Both,False,Japanese,PayPal,,Website Direct
908a5ffc-dd62-4d16-bb78-ad1cdcbf6ce0,Tina,Sagredo,tsagredo@gmail.com,+1 986 900 2042,IT,Europe,Rivalta Bormida,F,Group,2019-05-18 15:34:28,Gold,Email,True,Italian,Visa,,Website Direct
7fdd0b17-0ee2-4bc3-9fc9-2e16db8f5732,里佳,田中,里田中@globex.com,+81 521 303 5546,JP,Asia Pacific,Lake Glenfurt,F,Business,2022-04-06 06:35:21,Basic,Email,False,Japanese,Visa,,Website Direct
1ca999f3-7ed6-46d1-93dd-42cf8da837fa,Graeme,Matthews,test@test.com,(061) 708-5887,US,North America,Stevensonberg,M,Leisure,2021-01-30 19:28:16,Silver,Email,True,English,Visa,,Walk-in
fbc52ab7-38c3-481c-982c-b2f184fbe923,Dean,Jones,dean11@yahoo.com,+1 260 672 7612,MX,North America,Lake Lynnefurt,M,Leisure,2022-01-06 13:02:52,Platinum,Email,True,English,American Express,,Walk-in
6be4d174-ceaf-4117-a913-fabec61f2673,Leon,Harrison,lharrison@starkindustries.com,+1 443 942 8300,TH,Asia Pacific,Fosterberg,M,Business,2019-04-05 01:46:40,Basic,Email,False,English,PayPal,,Website Direct
d11044b4-6d17-4212-ad1b-4677889b0109,Joe,Cameron,jcameron@gmail.com,+1 919 378 5441,TH,Asia Pacific,Brayberg,M,Family,2024-03-25 21:29:54,Gold,Email,False,English,Mastercard,,Phone Booking
47f8227f-0d5b-4ae7-bd17-c41f1066cbc8,Ashleigh,Norman,ashleigh71@gmail.com,+1 553 791 2246,MX,North America,North Georginafort,F,Group,2024-04-25 04:25:57,Gold,Email,True,English,American Express,,Phone Booking
02e58156-1ca0-4e98-a542-1bd1056a3932,Götz,Matthäi,test@test.com,+49 513 499701,DE,Europe,Bischofswerda,M,Group,2022-01-05 10:09:02,Basic,Email,False,German,Mastercard,,Website Direct
a5d0b928-2863-4936-8dee-cb5675b2cfe7,Charlotte,Cook,charlotte_cook@outlook.com,000-000-0000,NL,Europe,Ericbury,F,Group,2019-05-19 15:11:10,Non-Member,Email,True,English,American Express,,Walk-in
36f4c600-4291-44db-9c30-72af2a5a1796,Jenna,Parkin,jparkin@icloud.com,+91 760 632 4986,IN,Asia Pacific,West Lewisport,F,Leisure,2023-10-06 21:17:48,Basic,Email,False,English,Apple Pay,,OTA Referral
d79bc439-b22e-4bd8-9f29-c0ea9a214b93,Maria,Taylor,mariat@yahoo.com,922-150-5633,US,North America,Lloydton,F,Leisure,2020-08-03 12:30:05,Basic,None,False,English,Apple Pay,,Corporate Contract
6e5f0c08-f828-42ac-9b44-68815cbf0d5c,Debra,Barry,debra40@gmail.com,+1 141 690 6677,CH,Europe,Lake Derek,F,Leisure,2019-10-14 09:08:28,Non-Member,SMS,True,English,Visa,,OTA Referral
4098a6f0-c2e9-4bda-801e-aafacc61970c,Gerard,Holloway,gerard38@gmail.com,(661) 888-8601,US,North America,South Emily,M,Leisure,2024-01-25 03:53:33,Non-Member,SMS,True,English,Visa,,Website Direct
54647880-1bac-4d41-b294-8c7fe1b91f79,Paul,Short,paul_short@cyberdyne.com,+1 945 549 8501,SE,Europe,Davieston,M,Business,2023-05-31 23:49:22,Non-Member,Both,True,English,PayPal,,OTA Referral
4041d832-be1b-4c76-8b41-3e9bc0899b59,Donald,Marshall,donaldm@gmail.com,+1 475 608 3009,SG,Asia Pacific,Grayberg,M,Leisure,2021-05-16 23:04:02,Basic,Email,True,English,Visa,,OTA Referral
4fa2b494-792d-4efb-b5bc-e2e1c39a6304,Tom,Dixon,tom90@gmail.com,6858 973 9693,GB,Europe,South Rickyberg,M,Leisure,2020-06-10 10:38:47,Non-Member,SMS,True,English,Visa,,Corporate Contract
b3a049c3-adcf-4d83-8818-f441cb4c078e,Kieran,Richardson,guest@email.com,+1 388 596 9378,CA,North America,South Kennethton,M,Family,2019-08-13 02:03:50,Silver,SMS,False,English,Visa,,Corporate Contract
94418790-648e-407c-a421-90197994777f,Max,Moore,max35@hotmail.com,+1 584 486 5342,NL,Europe,Williamschester,M,Family,2019-05-29 17:21:39,Silver,Email,False,English,Visa,,Corporate Contract
1edf8971-99e1-45c0-b59e-b03aaad8bac7,Jennifer,Butcher,jennifer51@gmail.com,+1 112 858 7460,MX,North America,Patelview,F,Leisure,2023-08-29 18:29:54,Basic,Email,True,English,Visa,High Floor,Website Direct
33a60825-e525-435c-b7f6-efaa330ec7db,Daniel,Stone,daniels@dummycorp.com,452-127-0204,US,North America,North Gemmahaven,M,Business,2023-02-17 05:36:13,Non-Member,SMS,True,English,Mastercard,,Corporate Contract
95604a41-3f13-4007-8aaf-84228aee3468,裕樹,中島,裕樹.中島@gmail.com,+81 853 972 5559,JP,Asia Pacific,Lake Lawrencebury,M,Business,2022-06-20 23:28:43,Non-Member,Both,False,Japanese,Google Pay,,Phone Booking
44b91a44-2e3a-43ca-906a-871661b1db75,Samantha,Mellor,samantha.mellor@gmail.com,+1 218 744 9328,CA,North America,North Kevinfort,F,Group,2022-04-25 01:23:19,Silver,None,True,English,Visa,,Website Direct
ce67b4dd-1cac-4f07-a41e-34446d20a056,裕樹,鈴木,裕樹鈴@gmail.com,+81 579 523 8031,JP,Asia Pacific,Lake Ryan,M,Group,2019-01-24 14:34:24,Basic,Email,False,Japanese,Visa,,Corporate Contract
d1e84dc2-606b-4fde-8e74-5ed6261aef5c,翼,木村,翼木@gmail.com,+81 418 119 3330,JP,Asia Pacific,West Nicoleborough,M,Leisure,2023-02-03 19:28:34,Non-Member,Email,True,Japanese,Apple Pay,,Phone Booking
6b9fdf03-e714-418c-a4f2-f40f196c8e11,Robin,Jones,robin.jones@outlook.com,+1 801 138 3782,CA,North America,Boylestad,M,Leisure,2019-12-18 05:57:36,Gold,SMS,False,English,Visa,,Website Direct
67b716bb-e08d-4c4a-a455-19447c7f3c66,Joan,Tomlinson,joan.tomlinson@outlook.com,+1 966 344 6372,MX,North America,Port Rachel,F,Family,2023-05-27 10:45:20,Silver,Email,False,English,Mastercard,,Phone Booking
f19193f4-8825-4f70-b9e7-078a679c1469,Jean,Ball,jball@gmail.com,+1 545 614 6388,CA,North America,Port Roger,F,Leisure,2020-04-18 03:41:55,Non-Member,SMS,True,English,Visa,,Walk-in
b6be48f6-f1ee-4e87-b187-08761836843c,Roger,Jones,rjones@gmail.com,(506) 819-6428,US,North America,New Dominic,M,Leisure,2022-02-16 22:21:02,Silver,Email,True,English,Apple Pay,,Walk-in
411c9281-9457-4682-9084-86445704cd88,정남,김,정남김@gmail.com,+1 385 680 8624,KR,Asia Pacific,West Frederick,M,Leisure,2019-02-18 13:20:24,Silver,Email,False,Korean,Mastercard,,Phone Booking
a781d12a-e5e0-45b0-8165-07c7722c8071,Wendy,Gordon,wendy11@acme.com,+1 529 281 4813,CA,North America,Port Stuart,F,Business,2024-04-19 14:05:53,Non-Member,Email,False,English,Mastercard,,Phone Booking
3cc7a26d-16a2-40ae-9196-8e548a481fa7,Marion,Carter,marionc@cyberdyne.com,895-716-3059,US,North America,New Judithmouth,F,Business,2024-08-07 18:31:45,Basic,Email,True,English,Visa,,Phone Booking
0cb27569-c6b7-47cb-a7ce-a5d73e1baf61,Rose,Hande,rose.hande@gmail.com,+49 1109/070486,DE,Europe,Grimma,F,Leisure,2024-07-08 07:03:46,Silver,Email,True,German,Visa,,Website Direct
d5eedc0e-5468-448d-afd9-f34e782642bb,Shane,Price,shanep@tyrellcorp.com,+1 148 336 5850,NL,Europe,South Suzanne,M,Business,2021-05-04 14:19:05,Basic,Email,True,English,American Express,,Website Direct
70c22b30-b369-4e9b-b163-c860088f8f3d,建华,陈,建陈@gmail.com,+86 613 4552 407,CN,Asia Pacific,Nichollsstad,M,Leisure,2021-09-17 22:53:31,Basic,Email,True,Chinese,Visa,,Website Direct
6203465b-b33c-4801-a79b-907d3b85cc3d,Terence,Parry,terence.parry@gmail.com,+1 594 241 4103,MX,North America,Shahton,M,Leisure,2020-02-12 04:55:45,Gold,Both,True,English,Mastercard,,Website Direct
74835011-c05e-4676-b371-8426b50e2281,Leah,Davies,guest@email.com,+1 503 254 6895,CA,North America,West Robert,F,Leisure,2023-06-02 22:57:29,Silver,Email,True,English,Visa,,Walk-in
0a423544-5a3f-4121-8858-4c167a1d9173,Clare,King,clare_king@gmail.com,+61 536 960 3773,AU,Asia Pacific,New Connormouth,F,Leisure,2019-05-24 23:24:45,Silver,SMS,True,English,American Express,,Corporate Contract
b3ca40e0-2895-430d-959f-fb9eeac8ced6,Bryan,Barnes,bryanb@gmail.com,+91 330 667 2924,IN,Asia Pacific,Archermouth,M,Leisure,2019-04-19 20:57:50,Silver,SMS,False,English,American Express,,Corporate Contract
53774ce2-f6a8-4fa0-b8ac-7d8dcb746999,Reece,Jones,reece.jones@oscorp.com,+44 4524 151816,GB,Europe,Elliotthaven,M,Business,2022-04-05 11:14:15,Non-Member,Email,True,English,Mastercard,,Website Direct
8d8538b8-a965-414a-9515-b121f7831a4b,Douglas,Lee,douglasl@cyberdyne.com,381-340-3774,US,North America,West Mohammed,M,Business,2022-01-21 04:53:08,Basic,Email,True,English,Mastercard,,Website Direct
7f2477c0-f8c4-452a-9c0f-93e224dcfe15,Sam,Smith,sam_smith@dummycorp.com,866-861-0299,US,North America,North Amy,M,Business,2022-01-03 03:47:01,Platinum,Email,False,English,Apple Pay,,Corporate Contract
b3649668-c4f4-48ae-a088-df8ea6826a18,直人,山本,直人_山本@hotmail.com,+81 251 458 2592,JP,Asia Pacific,Mitchellburgh,M,Business,2022-03-29 21:50:43,Non-Member,SMS,True,Japanese,American Express,,OTA Referral
af499c86-b1c2-49de-9cc6-54ba687755c2,Monique,Clément,monique.clément@outlook.com,+33 633 201 7692,FR,Europe,Danieldan,F,Leisure,2023-11-21 10:09:40,Platinum,Email,True,French,Mastercard,,OTA Referral
c17153bf-7b6b-4cbc-a1e6-c95705a225ff,Erwin,Karge,test@test.com,+49 4114/756200,DE,Europe,Uffenheim,M,Leisure,2023-02-25 02:22:26,Non-Member,Email,True,German,American Express,,Corporate Contract
875ace26-9265-40d6-9345-7d14731a217c,Marie,Schneider,mschneider@gmail.com,+33 664 540 9152,FR,Europe,Sainte Alphonse,F,Family,2023-11-23 07:47:48,Silver,Email,True,French,Mastercard,,Corporate Contract
2cc49d9a-8cac-4e8b-9b57-912a4cd7f0aa,Maurice,Griffiths,mgriffiths@outlook.com,+1 334 983 3023,SG,Asia Pacific,Hancocktown,M,Leisure,2021-05-17 11:20:29,Non-Member,Email,True,English,Visa,,Phone Booking
d6cb8e04-97d4-41e6-9dcd-c2d649c44498,Joaquina,Zurita,joaquina.zurita@outlook.com,+1 762 959 8311,ES,Europe,Lleida,F,Leisure,2019-03-01 21:53:01,Basic,Email,True,Spanish,Mastercard,,OTA Referral
b16c32a7-4617-4d73-8527-16c9ccbedcd1,Jamie,Adams,jamie45@example.sg,+1 218 526 4386,SG,Asia Pacific,East Henryfort,M,Business,2024-06-06 09:05:43,Non-Member,Both,True,English,Mastercard,,Website Direct
11d217aa-028d-40e1-b877-7376a269613a,دارين,آل محمد بن علي بن جماز,دارين.آل محمد بن علي بن جماز@gmail.com,+1 833 176 4692,SA,Middle East,South Deanfurt,F,Family,2019-02-07 02:26:18,Basic,Email,True,Arabic,Mastercard,,Walk-in
18832aa1-2882-45f3-a957-f0f8be8d9633,Pier,Mantegna,pier_mantegna@gmail.com,+1 823 152 9244,IT,Europe,Pozzecco,M,Group,2022-11-06 04:11:30,Gold,Email,True,Italian,Visa,,OTA Referral
187627d6-026a-4b2e-853e-4b4785553ed4,Stuart,Pearce,stuartp@gmail.com,+61 298 383 2439,AU,Asia Pacific,New Stacey,M,Family,2023-09-08 05:49:21,Basic,Email,True,English,Mastercard,,Phone Booking
4d8f24b2-a1e5-483d-b7f8-e1b3a4ee3317,Mohammad,Patel,mohammad29@initech.com,+61 104 118 4419,AU,Asia Pacific,Philipstad,M,Business,2020-09-14 03:58:07,Silver,Email,False,English,Mastercard,,Website Direct
b5696ba6-e7c5-4fa7-b86f-81cf2d34e1a4,Beverley,Williams,beverley69@tyrellcorp.com,1644 873 0261,GB,Europe,Bruceshire,F,Business,2024-07-22 18:39:59,Non-Member,SMS,True,English,Visa,,OTA Referral
8811beb6-b344-4795-8b8e-cfdcefc5d0e9,Roy,Reid,roy.reid@gmail.com,+1 954 319 7518,SE,Europe,North Alison,M,Leisure,2019-09-26 14:50:33,Non-Member,Email,True,English,Visa,,Corporate Contract
4e4c2f1d-7b6d-41b2-9558-de90092f97e2,Ben,Murray,ben.murray@initech.com,+1 340 928 1697,MX,North America,Lake Hugh,M,Business,2024-03-16 09:03:42,Basic,SMS,False,English,Mastercard,,OTA Referral
cd38943e-6e83-42d4-9daa-f811efd980dc,Jake,Morton,jmorton@tyrellcorp.com,+1 338 736 3896,SG,Asia Pacific,North Rhysland,M,Business,2023-05-31 16:33:44,Basic,Email,False,English,Visa,,Corporate Contract
69bfe1cd-5aa2-4288-8b66-75efc0aea192,Gareth,Moss,gmoss@gmail.com,+1 181 316 7790,SG,Asia Pacific,South Janice,M,Family,2019-01-11 22:08:50,Silver,Email,False,English,Mastercard,,Corporate Contract
9f7bab6d-e7c3-474c-ac3e-6a4d7e6e7ea6,Emily,Burton,emilyb@gmail.com,+1 604 437 2632,CA,North America,South Anthony,F,Leisure,2021-01-11 07:13:56,Gold,Email,False,English,Visa,,Phone Booking
44e9b5a7-efb1-4a2a-95d6-5415ccd7e4a0,Patrizia,Jäkel,patrizia16@yahoo.com,+49 467 180317,DE,Europe,Grevenbroich,F,Family,2024-02-14 17:14:53,Non-Member,Email,False,German,Visa,,Phone Booking
5881de71-dc30-46db-bc97-2ddc444c6da1,Shane,Douglas,sdouglas@umbrellacorp.com,+1 846 790 5275,MX,North America,Helenstad,M,Business,2024-04-11 18:20:01,Basic,Both,False,English,Apple Pay,"Non-smoking, Late Check-out",Website Direct
6d2138ee-79d9-489c-9c8a-3c646728f4b1,刚,王,刚.王@yahoo.com,+86 373 9875 014,CN,Asia Pacific,Greenmouth,M,Group,2023-06-13 00:07:41,Basic,Email,True,Chinese,Visa,,Phone Booking
f07feb7b-0596-426c-b6c3-ffa789cefd06,Natasha,Smith,nsmith@gmail.com,+1 462 976 7886,MX,North America,Robsonside,F,Leisure,2023-04-29 03:17:04,Silver,Email,True,English,Visa,,OTA Referral
06fa7ae0-a4c7-4e4e-9d37-ea5add23b3a5,Hilary,Duffy,hilary41@gmail.com,+1 473 480 9665,NL,Europe,Smithmouth,F,Leisure,2024-10-19 11:15:27,Non-Member,Both,False,English,Apple Pay,,Website Direct
abacc2f5-dbc9-4f45-8e0a-2a1f217495ba,Elizabeth,Foster,elizabeth93@yahoo.com,+1 692 984 3319,CO,South America,Jamesmouth,F,Family,2022-06-28 08:17:34,Platinum,Email,True,English,Visa,,OTA Referral
143e621a-bd3d-46db-b541-6163b3df438b,Leszek,Bolzmann,leszek64@umbrellacorp.com,+49 909 043986,DE,Europe,Badoberan,M,Business,2022-01-17 16:36:52,Silver,Email,True,German,Apple Pay,,Phone Booking
cb801f45-b013-48cb-8406-2bc2c3c847bb,勇,夏,勇夏@gmail.com,+86 812 5919 705,CN,Asia Pacific,Hayesmouth,M,Group,2023-04-12 13:55:08,Basic,Both,False,Chinese,Apple Pay,,Website Direct
3736a759-a1a6-4ed2-b059-1d3aba8ac4a6,René,Bernal,rbernal@gmail.com,+1 495 935 6145,ES,Europe,Cádiz,M,Leisure,2023-10-20 21:38:33,Gold,Email,True,Spanish,Visa,,OTA Referral
d49514bb-6f3e-427d-b481-c4d36c29de01,Matthew,Harding,mharding@outlook.com,+1 967 548 3879,NL,Europe,Gregoryview,M,Leisure,2020-09-28 05:28:18,Basic,SMS,True,English,PayPal,,Walk-in
8543b053-5bb0-431e-a25b-f41a22f73b93,宁,王,宁.王@yahoo.com,+86 616 1914 762,CN,Asia Pacific,Atkinsonfurt,M,Business,2023-11-30 22:31:44,Gold,Both,True,Chinese,Mastercard,,Website Direct
eb4d80d0-23c8-404c-959e-539e9a4ae01c,Jamie,Shepherd,jamie_shepherd@gmail.com,(465) 466-7682,US,North America,Port Graceberg,M,Family,2021-09-19 14:50:59,Gold,SMS,False,English,Visa,,Walk-in
a1d0110a-f6e0-44ef-b541-08e732597be8,Martin,Marshall,martin64@gmail.com,+1 663 845 2198,CA,North America,Joshuamouth,M,Leisure,2022-03-23 15:59:57,Silver,Email,False,English,Visa,,Corporate Contract
c74c23b8-c708-4d00-965f-4615cd9c8dc5,治,森,治森@gmail.com,+81 233 449 7474,JP,Asia Pacific,Jenkinsborough,M,Group,2023-05-23 02:27:38,Basic,Email,True,Japanese,Mastercard,"High Floor, Late Check-out",OTA Referral
e7e71b95-ffef-4db7-938b-c8272d77b510,Hazel,Burns,hazel.burns@gmail.com,(431) 630-9258,US,North America,West Samantha,F,Leisure,2022-09-03 15:37:27,Silver,Email,False,English,PayPal,"Wheelchair Accessible, High Floor",Website Direct
02a43e7a-8408-4f60-9dbe-d6173c436711,Zoe,Bevan,zoe_bevan@umbrellacorp.com,154-768-0879,US,North America,East Glenbury,F,Business,2022-11-13 02:45:33,Silver,SMS,False,English,Apple Pay,,Website Direct
c26d5420-82f9-4026-8d6d-601bfc698886,Gareth,Cook,gareth82@gmail.com,+1 766 268 8799,MX,North America,Ryanborough,M,Group,2024-03-30 03:20:08,Non-Member,Email,False,English,Visa,,Corporate Contract
5ae228c0-2526-45da-bf10-4d24cb2906ca,Natasha,Taylor,natasha40@gmail.com,021-667-8039,US,North America,West Norman,F,Group,2023-01-27 11:33:59,Non-Member,SMS,True,English,Mastercard,,Walk-in
59aabd76-15ee-4da0-b2ad-920a71fe7509,Francis,Cook,francis88@outlook.com,+91 859 716 5918,IN,Asia Pacific,Barlowberg,M,Leisure,2020-11-09 00:53:40,Gold,Email,False,English,Visa,,Corporate Contract
779b2702-a3ec-4a7e-a4d3-17a3b990c8a8,Duncan,Jones,djones@cyberdyne.com,+1 282 747 2996,EG,Africa,Lake Wayne,M,Business,2019-03-20 09:16:02,Silver,Email,False,English,Visa,,OTA Referral
2e1fe0b6-0d89-48aa-aa18-dd8ec80f71dc,Ryan,Parkinson,ryan.parkinson@gmail.com,+1 568 484 5258,CA,North America,Port Justinfurt,M,Leisure,2019-06-20 17:21:22,Non-Member,Both,True,English,Visa,,Phone Booking
dfbc523c-b688-4fdb-947b-a3731e827f75,Martyn,Jones,mjones@gmail.com,+1 138 585 6722,MX,North America,Smithland,M,Business,2019-08-23 04:05:46,Non-Member,Email,True,English,Google Pay,,Corporate Contract
7f430925-ad9d-4bc0-b1bd-0f3818292d10,Donald,Williams,donald.williams@outlook.com,+1 208 172 9498,NL,Europe,East Catherine,M,Leisure,2023-06-04 16:33:15,Basic,Email,False,English,Visa,,Corporate Contract
be337fec-2b2c-4c40-a8ef-3b6a33b0019b,Leszek,Tröst,leszekt@gmail.com,+49 9238/832091,DE,Europe,Stadtsteinach,M,Family,2021-08-04 13:15:47,Silver,Email,False,German,Visa,"Allergies, High Floor",Phone Booking
9a46aeff-ca4d-4aaa-b571-307526a384a7,Marlies,Fischer,marlies47@gmail.com,+49 070 036723,DE,Europe,Wittstock,F,Leisure,2022-09-13 09:28:09,Silver,Email,False,German,Apple Pay,,OTA Referral
fbd57de4-98c1-49e2-bab3-8e0fd8a25f1a,Kevin,Jones,guest@email.com,+1 450 805 6869,MX,North America,Taylorshire,M,Family,2022-12-06 01:24:17,Basic,SMS,False,English,Mastercard,,Walk-in
5beecba0-3af4-4b32-b609-a87ba78b0833,Peter,Jones,peter_jones@gmail.com,+44 4140 968963,GB,Europe,New Julieville,M,Leisure,2024-12-29 18:26:35,Non-Member,Email,True,English,Mastercard,,Website Direct
4e82e022-5d00-460f-bc23-8ce4e739186d,Marie,Hayward,marie_hayward@gmail.com,+1 869 856 2932,CH,Europe,Eleanorfort,F,Family,2023-07-17 06:11:24,Silver,Email,True,English,Mastercard,,OTA Referral
25940386-12fb-4a47-892e-a5055fe354be,裕太,清水,裕清水@hotmail.com,+81 306 744 9797,JP,Asia Pacific,Ameliachester,M,Leisure,2020-06-12 19:31:17,Non-Member,Email,True,Japanese,Visa,,Corporate Contract
9d849a5c-3ee7-4001-88e4-1748ce1d25cf,Dennis,Barnes,test@test.com,+1 782 253 9236,SE,Europe,South Kennethbury,M,Family,2020-09-01 16:04:01,Silver,Email,True,English,Visa,,OTA Referral
4c17488a-65cb-4ecd-81e2-eec8335f2e17,Carole,Taylor,carole.taylor@gmail.com,(027) 214-8689,US,North America,South Garry,F,Leisure,2021-09-18 22:02:59,Gold,Email,False,English,Mastercard,,Walk-in
1e98d569-1a9c-418e-8702-4c98c27b121c,Nils,Margraf,nils35@gmail.com,+49 615 215865,DE,Europe,Mayen,M,Group,2023-12-31 14:59:55,Basic,Email,False,German,Mastercard,,OTA Referral
e5d998c1-723b-4765-95b6-5c061a8ef7eb,太一,吉田,太一吉@outlook.com,+81 880 813 1038,JP,Asia Pacific,Port Glenland,M,Family,2022-01-06 07:33:20,Basic,Both,True,Japanese,Mastercard,,Phone Booking
187c61fa-41f5-4e80-8a1b-4fbf3abc5676,建军,雷,建雷@outlook.com,330 1646 1662,CN,Asia Pacific,South Gerardstad,M,Leisure,2023-08-30 11:50:20,Silver,Email,False,Chinese,Visa,,Walk-in
ee971a77-856f-4c5a-85b6-31ebad4ded67,Marian,Wright,marianw@outlook.com,+91 135 764 2184,IN,Asia Pacific,Porterville,F,Business,2020-11-18 17:35:20,Non-Member,Email,False,English,PayPal,,Phone Booking
2311fd7a-b188-4b76-a163-779cdeaba974,Inge,Birnbaum,ibirnbaum@initech.com,+49 5659/465443,DE,Europe,Wesel,F,Business,2024-06-15 07:16:04,Basic,Email,False,German,Apple Pay,,Corporate Contract
585ba7ea-8739-44b5-9098-3ec941d80f35,Gareth,Mason,gareth_mason@example.ng,+1 828 147 2632,NG,Africa,South Josephfurt,M,Business,2024-06-12 09:45:57,Basic,Both,False,English,Google Pay,,OTA Referral
d9506798-66bd-448b-8d05-992ff1c77e67,Paolo,Tresoldi,paolo_tresoldi@gmail.com,+1 197 561 3893,IT,Europe,Castelnuovo Dell'Abate,M,Group,2020-12-01 07:33:26,Silver,Both,True,Italian,Visa,"Wheelchair Accessible, Non-smoking",Phone Booking
1e72b2e2-27fc-4479-ba89-c96b2aa6a44e,Alison,Kay,alison43@gmail.com,+1 311 910 9069,SG,Asia Pacific,Victoriachester,F,Leisure,2022-05-23 22:29:48,Non-Member,Email,False,English,PayPal,,Phone Booking
4e1633c9-e6cd-4a83-8cbf-e1101603b093,Georgina,Murphy,georgina.murphy@gmail.com,+1 502 577 3224,CA,North America,Reesland,F,Group,2021-03-17 23:44:46,Non-Member,Email,False,English,Mastercard,"High Floor, Non-smoking",Phone Booking
a389aa84-5d67-4ec1-8368-d73cab809327,Claire,Harris,charris@gmail.com,166-825-0978,US,North America,West Stanleychester,F,Group,2023-10-25 09:27:59,Basic,Email,True,English,Mastercard,,Phone Booking
5472b4e4-5a36-403a-8406-441933f0e106,كنان,الخرافي,كالخرافي@gmail.com,+971 240 683 8591,AE,Middle East,Port Marianport,M,Family,2024-11-27 20:08:04,Basic,Email,True,Arabic,Visa,,Phone Booking
5c1f82c3-337a-46a7-b63b-60adf9a06e4a,Charlene,Harris,charlene.harris@gmail.com,909-829-0923,US,North America,South Martyn,F,Leisure,2023-12-30 01:48:10,Non-Member,SMS,False,English,Visa,,Corporate Contract
72f38965-ecc5-4620-8f12-054c8fc27ca6,Noé,Manjón,noém@globex.com,+1 210 883 7511,ES,Europe,Lleida,M,Business,2024-04-26 23:48:30,Non-Member,SMS,True,Spanish,American Express,,OTA Referral
fffac7c2-7496-4a55-8496-c73b53ab2e01,주원,이,주원이@example.kr,+1 917 672 3370,KR,Asia Pacific,North Charlotte,M,Business,2023-12-12 12:59:54,Non-Member,SMS,True,Korean,Visa,,OTA Referral
66f0fe63-bc81-4020-a9cb-74b65424ea6e,Elliott,Wheeler,ewheeler@outlook.com,933-912-3735,US,North America,Dunntown,M,Leisure,2022-08-09 01:11:56,Platinum,SMS,True,English,Mastercard,,Corporate Contract
119a230b-c213-4672-8f34-2855c81bfadf,وليف,أبو داوود,test@test.com,+1 376 899 4554,SA,Middle East,East Rebeccashire,M,Family,2021-02-27 05:37:12,Basic,Email,False,Arabic,Mastercard,"Wheelchair Accessible, Early Check-in",Website Direct
a56db61b-da29-4ea2-b762-4c0292ee6e41,Albert,Shepherd,alberts@hotmail.com,+1 947 490 2339,MX,North America,New Hannahton,M,Leisure,2021-11-30 10:20:35,Silver,Email,True,English,Mastercard,,Website Direct
cc9099ec-cf4f-450f-9f56-178940f3d390,Joanne,Browne,joanne.browne@globex.com,703-709-4345,US,North America,North Jasmine,F,Business,2022-10-05 20:59:16,Silver,Email,True,English,American Express,,Website Direct
a2a961c4-58eb-43af-8435-b7a8ca472aad,Hans-Jochen,Schinke,hans-jochens@gmail.com,+49 8180/710935,DE,Europe,Eisenach,M,Business,2022-02-02 10:01:56,Non-Member,Email,False,German,Mastercard,,OTA Referral
35988448-f618-4b4e-9427-327d6138ba61,June,Coleman,jcoleman@hotmail.com,+1 607 564 6609,SG,Asia Pacific,Rickyport,F,Business,2020-02-10 07:28:53,Non-Member,Both,False,English,Visa,,Phone Booking
985aa119-e18a-493f-b83e-148cab5be7f1,Jayne,Chambers,test@test.com,+1 706 400 4932,CA,North America,Port Alexandra,F,Leisure,2023-05-12 19:06:38,Basic,Email,False,English,Apple Pay,,Website Direct
d3dfb19e-47b9-4c6b-a8a0-88246958415f,Irene,Rogers,irene.rogers@gmail.com,+1 522 192 4167,MX,North America,East Abbiehaven,F,Family,2022-01-19 23:20:51,Basic,Email,True,English,Visa,,OTA Referral
c0f6f70a-d634-48e3-8841-d0bafeec53db,Robin,Thompson,robin_thompson@tyrellcorp.com,+1 157 996 5725,CA,North America,New Sally,M,Business,2023-10-06 06:40:35,Non-Member,SMS,True,English,Mastercard,,Phone Booking
df84365a-0e4e-4562-9ab4-4a89d85aea69,Benjamin,Savage,bsavage@yahoo.com,+1 211 976 1729,CA,North America,Lucasfurt,M,Leisure,2021-05-24 23:27:50,Non-Member,Email,True,English,American Express,,Corporate Contract
1dfc5120-b1f2-407f-9a23-8b1dbf5bffb5,Melanie,Reed,mreed@starkindustries.com,000-000-0000,CH,Europe,Cameronmouth,F,Business,2024-06-06 21:46:43,Non-Member,Both,True,English,Visa,,OTA Referral
deb3edfb-a1d0-45f5-a632-990f9c72b37b,Victor,Hammond,victor87@gmail.com,+1 150 449 2148,NG,Africa,Lake Russellport,M,Group,2022-05-22 21:48:25,Gold,Email,True,English,American Express,,Corporate Contract
24cdc52e-05e3-463e-9c14-7b92f59eeaf6,Mandy,Williams,mandy44@gmail.com,+1 636 273 1785,CA,North America,East Neil,F,Leisure,2023-06-03 12:16:12,Basic,Email,True,English,Mastercard,,Website Direct
d833dc23-b235-4b47-a98e-20308d5cb931,Susan,Perrier,susan_perrier@hotmail.com,+33 933 528 9043,FR,Europe,Roy,F,Leisure,2019-05-24 22:09:41,Gold,Email,False,French,Visa,Late Check-out,Phone Booking
875e8c01-270a-47c6-9afd-58059a117fa7,Hollie,Gray,hgray@waynecorp.com,+1 422 490 6798,MX,North America,East James,F,Business,2021-07-18 22:20:58,Gold,SMS,True,English,Visa,,OTA Referral
58c809b0-5418-4abc-b21a-df112e39c5f1,Lindsey,Campbell,lindsey_campbell@gmail.com,+1 467 557 5117,TH,Asia Pacific,Connorstad,F,Family,2020-08-11 23:20:29,Basic,Email,True,English,Mastercard,,Walk-in
7f96d94f-0cad-4e6f-bfc3-6726faee1a14,كامل,آل محمد بن علي بن جماز,كامل_آل محمد بن علي بن جماز@gmail.com,+1 835 464 7691,SA,Middle East,Jamesstad,M,Leisure,2022-07-19 13:25:34,Basic,SMS,True,Arabic,Visa,,Phone Booking
126a9e42-191a-4c78-9b9a-954d5892fee8,Norman,Greenwood,norman.greenwood@hotmail.com,+61 685 330 3004,AU,Asia Pacific,Lake Joyceview,M,Business,2023-03-05 19:49:01,Silver,Email,True,English,Mastercard,,Website Direct
ca9c1f50-6eed-4d4b-ad41-2302493ab468,Beth,Miles,beth83@globex.com,+1 371 727 4496,CH,Europe,Georgiaburgh,F,Business,2022-08-31 20:57:54,Basic,SMS,True,English,Visa,,OTA Referral
e963b6dc-19b1-4b7f-b32b-2822ab6cd413,Hans Jörg,Margraf,hans jörg34@outlook.com,+49 5659/360923,DE,Europe,Cuxhaven,M,Business,2022-11-14 16:36:20,Gold,Email,True,German,Mastercard,,Website Direct
77431fb4-e03e-43f6-bcae-a44e5f4170e7,Gavin,Taylor,gtaylor@gmail.com,+1 178 113 8520,QA,Middle East,Davieshaven,M,Leisure,2022-06-04 21:12:49,Silver,Email,True,English,American Express,,Website Direct
18907140-6630-4b34-ae6d-eab241a946e1,Brian,Ward,test@test.com,+1 996 873 7864,MX,North America,Marilyntown,M,Leisure,2021-08-18 05:52:26,Basic,SMS,True,English,Visa,,OTA Referral
e9a5e3a6-dfd4-42b3-afd2-c94c84791671,Éric,Dupuis,éric_dupuis@yahoo.com,+33 961 964 1001,FR,Europe,Humbert-sur-Marchal,M,Leisure,2020-02-28 19:23:59,Basic,SMS,True,French,Mastercard,,Walk-in
86e7b653-fb34-48ed-93fe-cb49b47e2dab,Max,Jackson,max_jackson@example.se,+1 922 399 6655,SE,Europe,Lake Louisborough,M,Business,2021-06-09 15:09:08,Silver,SMS,True,English,American Express,,Corporate Contract
1ecfc608-969a-4f02-aa9e-03d88ba0d407,Markus,Finke,markusf@gmail.com,+49 041 814966,DE,Europe,Jena,M,Group,2022-10-18 18:15:27,Basic,Email,False,German,Visa,,Corporate Contract
31a51202-b416-4ad4-afe3-ebb782c1275f,Jade,Randall,jader@gmail.com,(467) 593-4961,US,North America,North Bradleyside,F,Leisure,2022-05-06 20:40:38,Non-Member,Email,True,English,American Express,,OTA Referral
58218e24-2aac-4ef3-9908-6bbe9dd0835d,Daniel,Morgan,dmorgan@outlook.com,+1 495 182 2058,MX,North America,New Sarah,M,Leisure,2019-09-19 12:32:41,Gold,Email,True,English,Visa,,Walk-in
a97c317d-5530-4c9a-ba58-39635c014dd2,Tim,Mülichen,tmülichen@hotmail.com,+49 6268/528854,DE,Europe,Havelberg,M,Business,2022-05-23 14:57:16,Silver,Email,False,German,Visa,,Phone Booking
884ef05e-7a9c-4d9f-b206-755ff155b620,Stanley,Thomas,stanley_thomas@yahoo.com,+1 547 994 1312,NL,Europe,North Clare,M,Group,2023-11-05 15:09:54,Silver,Email,True,English,American Express,,Corporate Contract
dc384dde-c3b7-49b6-ad91-28ffe16ffb2a,Jacqueline,Webb,jwebb@starkindustries.com,(244) 397-7922,US,North America,Boothberg,F,Business,2023-09-19 07:16:29,Silver,SMS,True,English,Visa,,OTA Referral
37bbc391-916a-4263-93dd-3129fd13fba1,Anne,Miah,amiah@gmail.com,453-759-7601,US,North America,New Sophie,F,Leisure,2022-06-27 23:35:52,Non-Member,Email,False,English,Mastercard,,Corporate Contract
311fc0ed-9ff1-4d93-9df8-0999f0af9231,Frank,Woodward,frank76@initech.com,+1 469 467 9836,CO,South America,Taylorville,M,Business,2019-05-03 05:32:04,Silver,Email,True,English,American Express,,Phone Booking
cbcd30f6-e0c7-4408-9090-8f898e6fd9e9,Maria,Edwards,maria.edwards@gmail.com,+1 486 569 7180,CA,North America,East Gerardtown,F,Group,2019-03-22 05:27:53,Basic,Email,True,English,Mastercard,,Phone Booking
f957bfb8-4a4d-4c80-b5b6-8786a0e1f1d4,Walentina,Mude,walentina.mude@initech.com,+49 7882/283854,DE,Europe,Amberg,F,Business,2024-10-31 20:43:30,Non-Member,Email,False,German,Visa,,Website Direct
91ee0fed-b088-4b74-a6d6-dcd500ef20d9,Julia,Macdonald,jmacdonald@outlook.com,+1 405 884 7867,ZA,Africa,Cartermouth,F,Family,2021-08-28 12:01:55,Basic,Email,False,English,Visa,,Corporate Contract
fd609bb5-29b0-47fb-9716-b08f3a73abb6,Sam,Curtis,samc@gmail.com,+1 949 563 2075,CH,Europe,East Amyland,M,Leisure,2023-03-14 15:50:26,Gold,Email,False,English,Visa,Allergies,Corporate Contract
32bfb838-c49f-483f-968c-a80a9e20a222,Ross,Jones,ross_jones@gmail.com,+1 653 780 1472,CH,Europe,Whitemouth,M,Business,2024-11-23 14:05:11,Gold,Email,False,English,Mastercard,,Phone Booking
d0225dcb-dedd-40fa-a41a-6e1cd2e58b64,Alex,Newton,alex_newton@gmail.com,+1 682 170 4692,MX,North America,Port Nicoleton,M,Leisure,2020-01-21 21:49:49,Non-Member,Email,True,English,American Express,,Corporate Contract
e127422d-5e45-4d2d-955a-d88e92607310,Amedeo,Caccianemico,acaccianemico@gmail.com,+1 613 383 3537,IT,Europe,Torre Faro,M,Business,2019-02-27 22:48:16,Platinum,None,True,Italian,Mastercard,,Phone Booking
1b700fcc-2362-4418-9a98-0af7daac6e32,Neil,Bennett,nbennett@gmail.com,+1 896 409 8893,CO,South America,Davieshaven,M,Leisure,2021-06-29 19:21:00,Platinum,Email,False,English,Visa,,Website Direct
7ecd75ae-0133-4be1-8ac7-6ea35c21f0d0,浩,坂本,浩2@gmail.com,+81 914 127 4314,JP,Asia Pacific,South Charlotte,M,Group,2022-05-19 12:25:23,Gold,Email,True,Japanese,Mastercard,,Website Direct
5326d07b-4de1-4fe3-8a49-96932c420308,红霞,赵,红霞59@yahoo.com,+86 054 7685 567,CN,Asia Pacific,Brownberg,M,Leisure,2024-12-21 08:51:19,Gold,Email,True,Chinese,American Express,,Walk-in
6cce747d-74b5-466d-9f57-75d432c22702,Bethan,Thomas,bethan.thomas@acme.com,+1 273 170 7705,MX,North America,Hancockville,F,Business,2023-02-01 08:21:48,Non-Member,Email,False,English,Apple Pay,,OTA Referral
a2347b27-bdbc-4632-ac0d-cfeac39d11fd,Gordon,Berry,gordon_berry@yahoo.com,+91 469 511 4844,IN,Asia Pacific,South Joshuamouth,M,Leisure,2019-01-26 01:57:10,Gold,Email,True,English,Mastercard,,Phone Booking
2d43177a-8801-42b7-a97b-5469d991171c,Jacqueline,Mistry,jacquelinem@gmail.com,+1 791 399 5382,SE,Europe,North Bethanymouth,F,Business,2022-02-28 18:01:01,Non-Member,Email,True,English,Mastercard,,Website Direct
1d100123-cfd4-4085-9b77-65865d496c96,Maximiano,Polo,maximianop@gmail.com,+1 138 364 9302,AR,South America,روبينburgh,M,Group,2024-03-04 15:36:15,Non-Member,SMS,True,English,Mastercard,Wheelchair Accessible,Corporate Contract
24615c0e-7c79-4b9b-bf60-6d7b9ccfd704,Graeme,Barry,gbarry@outlook.com,+44 1718 877926,GB,Europe,Tomburgh,M,Leisure,2023-10-16 20:51:36,Non-Member,Email,False,English,Visa,,Website Direct
1779ab93-ee9e-46b3-a55b-365ba73dcc2b,Fiona,Williams,fionaw@gmail.com,+61 322 794 6583,AU,Asia Pacific,Karenfurt,F,Leisure,2020-12-30 05:40:23,Basic,SMS,True,English,Visa,,Walk-in
f0e3e002-0df5-4767-8a97-c80f8d92474b,Gotthold,Ring,gotthold25@yahoo.com,+49 4846/441698,DE,Europe,Teterow,M,Business,2024-05-29 05:51:07,Basic,Email,False,German,Visa,"High Floor, Non-smoking",Website Direct
b8cdbb16-8eae-4fe7-b46e-d3b0c6153f73,Pierre,Guillaume,pierreg@gmail.com,+33 211 442 9786,FR,Europe,Henry,M,Leisure,2024-03-27 21:55:49,Non-Member,Email,True,French,Mastercard,,Website Direct
64aa9642-a8e7-43bd-a2ac-288650a39445,Tina,Connor,tinac@oscorp.com,+1 192 239 6425,CA,North America,North Kateville,F,Business,2024-01-29 17:39:47,Non-Member,Email,False,English,Visa,,Website Direct
7dc9d878-2113-4a38-9322-a79f981bd6ce,Declan,Berry,declanb@cyberdyne.com,887-262-1081,US,North America,Joannefort,M,Business,2024-06-10 04:45:27,Basic,Both,True,English,Visa,,Website Direct
29e809fd-f3b0-4b96-8482-0c5d38630f48,Gero,Mude,gmude@acme.com,+49 4548/407732,DE,Europe,Kassel,M,Business,2023-02-10 11:24:54,Non-Member,Email,True,German,American Express,,Walk-in
d75039bd-b132-4f82-9d8f-4bcd4e1e0c7a,Justina,Hande,justina.hande@initech.com,+49 0182/630975,DE,Europe,Neuss,F,Business,2022-06-03 20:00:53,Platinum,Email,True,German,Mastercard,,Walk-in
657fe224-5028-4fe7-b70f-1173b38783e0,Jake,Jackson,jake85@gmail.com,+1 772 136 8604,CA,North America,South Olivia,M,Business,2019-09-25 13:52:24,Non-Member,SMS,True,English,American Express,,Website Direct
d0126949-f4f9-4aea-8974-bfa740ec0862,Donna,Edwards,donnae@icloud.com,+1 781 766 7590,CA,North America,Eleanorberg,F,Family,2020-10-09 23:17:53,Basic,Email,True,English,Mastercard,,Website Direct
ac6e3d41-3b3d-4e1d-8497-8a7c0f2d3263,Shirley,Cooper,shirleyc@gmail.com,+1 583 911 8710,CA,North America,South Joycemouth,F,Leisure,2022-10-03 15:54:31,Non-Member,SMS,True,English,Visa,,Walk-in
46ebc725-9a4e-4f6e-9084-64fe5bd2d845,Rebecca,Parker,rparker@outlook.com,+1 182 420 4896,MX,North America,Morrisberg,F,Leisure,2024-08-07 13:10:24,Non-Member,Email,True,English,Mastercard,,Phone Booking
3bf9b088-452d-46f5-ace4-72fe23e1beff,Sarah,Henderson,sarah27@yahoo.com,+1 358 488 6479,NL,Europe,Lake Traceymouth,F,Leisure,2021-12-11 16:15:52,Silver,Email,False,English,Apple Pay,Early Check-in,Website Direct
69b638b6-19a1-415a-911f-42258332f209,Rachel,Barrett,rbarrett@acme.com,+1 657 541 8419,CA,North America,Bruceville,F,Business,2019-03-01 09:46:22,Non-Member,Email,False,English,Visa,,Website Direct
1c9fdf17-0d10-4291-a1a4-f70ac7cd84a4,우진,박,우진47@outlook.com,+1 753 724 6091,KR,Asia Pacific,Jordanbury,M,Family,2024-03-20 16:02:31,Non-Member,Email,True,Korean,Visa,,Walk-in
d6be7592-d0cf-4904-8c97-c039eb71792d,ديمه,الجابر,دالجابر@yahoo.com,+971 503 180 7060,AE,Middle East,Akhtarburgh,F,Family,2021-06-10 13:01:00,Non-Member,SMS,True,Arabic,Mastercard,,Corporate Contract
413c7831-b646-4add-b376-1e361f6bc900,Lydia,Smith,lydia.smith@dummycorp.com,+1 256 908 4071,CA,North America,Johnsonport,F,Business,2020-11-24 12:43:45,Basic,Email,False,English,American Express,,Corporate Contract
470e8a7b-2a85-48dd-9a21-ff0ebceb0d5c,Armando,Morellato,armando9@gmail.com,+1 789 792 4925,IT,Europe,Villaggio Dei Giovi,M,Leisure,2024-02-09 00:54:46,Gold,SMS,True,Italian,Visa,,Website Direct
f97de35b-6e4e-4ed8-bd46-e0573b1c1fa7,Shane,Hopkins,shane_hopkins@gmail.com,+1 655 524 4898,MX,North America,Priceton,M,Leisure,2022-05-08 03:22:02,Non-Member,Email,True,English,PayPal,,Corporate Contract
793dac6f-f670-43b4-9e02-d7513a5984ab,Jamie,Davies,jamie29@gmail.com,+1 141 978 2624,CA,North America,Metcalfebury,M,Group,2021-12-20 13:02:58,Basic,SMS,False,English,Visa,"Early Check-in, Non-smoking",OTA Referral
2400b24e-46a3-4e90-a024-d9203188820b,Marian,Taylor,marian_taylor@icloud.com,+1 905 915 3528,MX,North America,Taylortown,F,Leisure,2022-01-17 06:58:48,Non-Member,Email,True,English,Mastercard,,Phone Booking
2832d029-5cad-4226-a06b-ae0de6eeb024,Michael,Whitehead,michael_whitehead@example.ch,+1 308 560 1459,CH,Europe,Joannefurt,M,Business,2022-08-08 14:40:40,Non-Member,Email,True,English,Visa,,Phone Booking
b582a4a2-52fd-46cb-88c2-564f76d744be,Lynda,Brown,lynda.brown@gmail.com,+1 566 327 7064,MX,North America,Bruceberg,F,Leisure,2019-05-02 07:52:50,Non-Member,Email,True,English,Mastercard,,OTA Referral
6656ebcc-1b54-4ee3-970d-d708e5b3e659,Carole,Dodd,caroled@yahoo.com,+1 970 877 6392,CA,North America,North Diana,F,Business,2024-07-02 22:53:53,Non-Member,Email,False,English,American Express,,OTA Referral
225a578c-0853-4cab-be93-b00f04acea4d,Russell,Baldwin,russell65@waynecorp.com,+1 168 662 7751,CA,North America,Chadwickland,M,Business,2024-09-04 22:57:25,Silver,SMS,True,English,Visa,,Phone Booking
cab09853-b7f3-426e-a3e9-4b1d372f24cf,Piergiorgio,Casarin,piergiorgio54@waynecorp.com,+1 356 744 7929,IT,Europe,San Giacomo Delle Segnate,M,Business,2021-07-22 02:36:45,Gold,SMS,False,Italian,American Express,,Walk-in
3ee77bac-9058-4c0a-b3f8-31c56b4ff8b5,Julie,Blake,julie70@gmail.com,645-162-0752,US,North America,Harveyshire,F,Family,2024-10-26 16:00:50,Non-Member,Email,True,English,Mastercard,,Corporate Contract
11592a08-821a-4931-96c0-c1b6ba35f3da,Martyn,Simmons,martyn_simmons@gmail.com,(718) 722-8614,US,North America,New Caroline,M,Leisure,2022-11-06 01:29:27,Silver,Email,False,English,Mastercard,,Phone Booking
6bf6b212-bd52-4d10-886f-00a3f3ea72d7,Dale,Jackson,djackson@cyberdyne.com,+1 110 944 1711,MX,North America,Port Hilaryfort,M,Business,2021-09-07 17:28:59,Gold,Email,True,English,Mastercard,,Walk-in
d9a87ac8-6c13-48a2-a792-42438207e030,Garry,Davies,garry81@tyrellcorp.com,+1 558 336 9978,MX,North America,Pooleland,M,Business,2022-05-26 16:13:05,Non-Member,Email,True,English,Google Pay,,Walk-in
0348f7fd-0a2b-4df6-991b-61c874ab8f01,Michael,Bird,mbird@gmail.com,+1 381 476 4452,QA,Middle East,Kaurburgh,M,Leisure,2024-07-19 10:09:07,Platinum,Email,True,English,Google Pay,,Phone Booking
0b00f2be-2b37-4765-9a96-493b49447c8a,James,Warren,james.warren@gmail.com,+1 689 403 6666,MX,North America,Fitzgeraldmouth,M,Leisure,2024-12-24 07:59:06,Non-Member,None,True,English,American Express,,Corporate Contract
a54f252f-fd8b-4442-8f4b-f290468c0ae1,Jodie,Wilson,jwilson@outlook.com,+1 835 459 6122,CA,North America,New Benjamin,F,Group,2021-01-01 17:46:41,Silver,SMS,True,English,Visa,Late Check-out,Corporate Contract
d07c849b-4831-4100-90f5-f4c00a000aef,Simon,May,simon24@globex.com,+1 651 180 8708,CA,North America,Louisland,M,Business,2021-04-08 07:34:06,Basic,None,True,English,Visa,,OTA Referral
12440282-58a6-4414-9831-523059399cfb,Jack,Bailey,jackb@hotmail.com,+1 675 435 2198,CH,Europe,Mooremouth,M,Leisure,2022-11-20 08:12:08,Basic,Email,True,English,Google Pay,,OTA Referral
f59bdf3c-ee10-40eb-9112-5d89275e0115,Leon,Walton,leon_walton@hotmail.com,+1 601 686 4311,NG,Africa,Port Ryan,M,Leisure,2023-10-02 07:24:55,Platinum,Email,False,English,Mastercard,,Walk-in
0dc11776-29b8-4457-9e78-d9a78c84e316,Kathleen,Edwards,kathleene@gmail.com,+1 985 599 1523,CH,Europe,Robertsburgh,F,Leisure,2023-12-05 04:30:39,Silver,Email,True,English,Visa,,Phone Booking
af03fdaa-f671-4853-aed1-3b1add5ca676,Eileen,Marshall,emarshall@hotmail.com,+1 257 164 9684,MX,North America,Port Laura,F,Leisure,2020-06-14 08:23:23,Basic,Email,False,English,Mastercard,,Walk-in
e516720a-63c3-4844-a71c-6a7eaa4f8e4d,Graham,Edwards,gedwards@icloud.com,+1 437 238 8946,CA,North America,Yvonnebury,M,Family,2024-02-28 02:28:33,Basic,SMS,False,English,Apple Pay,,Corporate Contract
dfccb1d6-f58c-45b2-9633-c99fc5e7ec09,Blas,Palomino,bpalomino@oscorp.com,+1 458 706 2805,ES,Europe,Málaga,M,Business,2021-12-14 20:52:02,Gold,Email,False,Spanish,American Express,,Website Direct
fd435c98-87da-4d73-afa6-946caa6996c8,Cameron,Macdonald,cameron.macdonald@outlook.com,+44 5469 587835,GB,Europe,New Mandy,M,Family,2023-10-06 16:41:46,Silver,Email,False,English,Visa,,Walk-in
2e56e9cb-e7fe-41f8-92ef-a61faa3f7109,Richard,Preston,rpreston@gmail.com,(710) 582-9567,US,North America,Meganchester,M,Leisure,2020-04-25 12:20:48,Non-Member,Email,False,English,Mastercard,,Corporate Contract
f7f1ac1f-0614-42bd-b4f8-972af13ac1be,Katherine,Burton,katherine.burton@example.mx,+1 570 301 8620,MX,North America,Reidside,F,Business,2020-12-17 12:09:12,Silver,SMS,True,English,Visa,,Corporate Contract
eac5a915-3d5d-404a-8a82-9671f3515d52,Jane,Thomas,jthomas@outlook.com,(264) 414-0923,US,North America,New Ann,F,Leisure,2022-12-02 14:32:51,Non-Member,Email,False,English,American Express,,Website Direct
35d76e9e-e9c5-47ad-b36c-7977f2f48905,Daniel,Lucas,dlucas@gmail.com,+33 823 171 2997,FR,Europe,Saint Dominique,M,Group,2022-03-01 15:36:17,Gold,Email,True,French,American Express,,OTA Referral
acc592de-4be8-41f9-9bfc-9e21e1e02441,هدى,المشاولة,هالمشاولة@outlook.com,+971 214 814 6093,AE,Middle East,South Matthew,F,Group,2023-02-12 23:02:08,Non-Member,Email,True,Arabic,Mastercard,,Phone Booking
d1facaa5-8599-4d9a-a2c4-78c6f6a61af2,시우,이,시이@outlook.com,+1 628 959 8460,KR,Asia Pacific,Marionfort,M,Group,2024-08-13 23:25:54,Non-Member,SMS,True,Korean,Mastercard,,OTA Referral
a37abc4f-7e66-44ac-8bad-14de30f0687c,Jeannine,Schaaf,jschaaf@gmail.com,+49 135 537226,DE,Europe,Forchheim,F,Leisure,2021-02-24 18:11:58,Gold,Email,True,German,American Express,,Walk-in
e0efffdb-1ee0-4ef3-aa4d-2bd09d2421b3,Mohamed,Davison,mohamed_davison@gmail.com,+1 666 663 4816,TH,Asia Pacific,New Karenfort,M,Family,2020-11-14 20:54:37,Basic,SMS,True,English,American Express,,Website Direct
b3108191-512f-48f2-8d8b-e9dbb338863a,Miodrag,Stoll,miodrag.stoll@gmail.com,+49 020 509739,DE,Europe,Zerbst,M,Leisure,2024-01-07 18:18:47,Basic,Email,True,German,Visa,,OTA Referral
f9dbd9be-b650-4532-89af-0841475ab7b4,Pierre,Coulon,pierre_coulon@gmail.com,+33 712 967 1077,FR,Europe,Pons,M,Leisure,2024-08-16 05:53:27,Non-Member,SMS,False,French,Visa,,Walk-in
3876f0f2-d631-42fe-9926-99958f442dea,Katherine,Rogers,krogers@icloud.com,,CA,North America,Newtontown,F,Family,2022-06-27 23:54:40,Gold,SMS,False,English,Mastercard,,Phone Booking
ebb5c4fc-031d-45c6-9145-76555d83cacb,Marta,Alberdi,marta8@gmail.com,+1 917 764 2065,ES,Europe,Jaén,F,Leisure,2023-05-14 08:03:10,Non-Member,Email,True,Spanish,Mastercard,Allergies,Corporate Contract
9b1e2507-87e4-43ff-b49b-1a2c11e0b666,María Ángeles,Alsina,malsina@starkindustries.com,+1 653 164 7352,ES,Europe,Girona,F,Business,2021-02-04 11:06:16,Silver,Email,True,Spanish,Apple Pay,,Corporate Contract
27eb5241-baf3-4f8d-9462-fb44e808044e,Rosaria,Mazzini,rmazzini@gmail.com,+1 518 282 2701,IT,Europe,Mornico Al Serio,F,Leisure,2022-01-26 19:57:04,Gold,SMS,True,Italian,Mastercard,,Walk-in
35f69964-be64-41f2-92a8-1be5ae7c0191,Frank,Hayward,fhayward@globex.com,(589) 086-9112,US,North America,Lake Jayne,M,Business,2019-12-31 22:22:29,Non-Member,SMS,True,English,Visa,,Website Direct
6e78fcb4-87a1-4927-a58e-905ecbd69287,Benjamin,Williams,guest@email.com,+1 654 156 8117,TH,Asia Pacific,Sullivanville,M,Leisure,2023-04-21 13:28:54,Basic,Email,True,English,American Express,,Walk-in
48c645bc-5bb6-4a4a-9807-8337589a6f04,Amanda,Harris,amanda27@yahoo.com,+1 297 301 8958,SG,Asia Pacific,East Margaret,F,Family,2022-05-12 16:45:48,Basic,Email,True,English,Mastercard,,Corporate Contract
b6b24b1e-8834-4b3a-90f3-ba8c8f522e8d,Michael,Daly,michael.daly@yahoo.com,+1 399 689 4316,SG,Asia Pacific,South Jakeburgh,M,Leisure,2021-05-23 00:15:10,Silver,Email,False,English,Mastercard,,OTA Referral
a464dec4-68a0-4bea-861b-5962a09b2204,Mark,Thompson,mthompson@umbrellacorp.com,+1 787 182 4820,MX,North America,Prestonport,M,Business,2021-08-16 10:47:24,Silver,SMS,True,English,Mastercard,,OTA Referral
df2f31c4-bed0-411e-b179-be4343d28c2c,Venancio,Carriera,venancio_carriera@waynecorp.com,+1 367 201 2764,IT,Europe,Somma Vesuviana,M,Business,2023-06-20 16:30:28,Non-Member,Both,True,Italian,Mastercard,High Floor,Phone Booking
6df2f2b2-ccaf-42ec-8d32-2da7d0bd6755,Mary,Shaw,mary69@starkindustries.com,+61 727 670 6635,AU,Asia Pacific,West Brenda,F,Business,2024-04-05 10:53:02,Non-Member,Both,True,English,American Express,,Website Direct
c2d47414-f4d9-4c7a-adb2-b7b2259a132b,Howard,Watson,howard18@gmail.com,+1 152 880 5680,CO,South America,Lake Joshua,M,Family,2019-07-15 07:32:50,Silver,Email,False,English,Visa,"Wheelchair Accessible, High Floor",Corporate Contract
783a2bcc-4e1a-476e-99d5-86434d277444,Adam,Faulkner,adam1@dummycorp.com,+91 796 457 8299,IN,Asia Pacific,North Robertton,M,Business,2022-01-14 08:36:03,Gold,SMS,False,English,Google Pay,,OTA Referral
fbb60e67-fbfc-4f12-a237-8cd502b94eba,Megan,Hill,megan.hill@cyberdyne.com,(314) 177-1732,US,North America,Paulbury,F,Business,2020-01-14 09:34:22,Silver,Both,True,English,Visa,,Corporate Contract
0ed60248-1d79-42cc-98f7-80b10889c438,Yvonne,Howard,yvonneh@gmail.com,4678 905 1846,GB,Europe,South Donald,F,Group,2023-09-01 12:36:05,Basic,SMS,True,English,American Express,"Late Check-out, Wheelchair Accessible",OTA Referral
fbb9e784-2f8b-4f23-8877-dc92e0064488,Shaun,Anderson,sanderson@gmail.com,+1 911 667 3711,KW,Middle East,Karlview,M,Business,2024-08-17 12:47:27,Non-Member,Email,True,English,Mastercard,,OTA Referral
83d69bc4-1ce4-485d-be4f-38d8bc67e4cf,Louis,French,louis54@acme.com,+91 331 489 6491,IN,Asia Pacific,South Holly,M,Business,2023-05-28 18:52:31,Basic,None,True,English,Visa,,Website Direct
a16c2ca2-baac-4c30-b581-f07539d2d606,June,Jenkins,jjenkins@initech.com,+1 569 423 1568,MX,North America,New Clare,F,Business,2021-06-16 15:36:28,Gold,Email,True,English,Mastercard,,Phone Booking
f51398a1-0b92-4d1a-b880-0a703129c3c0,Ross,Bryant,ross_bryant@hotmail.com,+1 259 567 3637,MX,North America,West Teresa,M,Leisure,2023-06-02 12:16:00,Silver,Email,False,English,Apple Pay,,Phone Booking
29291069-007b-453f-ab69-917420531134,Sophie,Evans,sophiee@dummycorp.com,630-408-7769,US,North America,Waynechester,F,Business,2023-07-05 11:41:56,Basic,Email,True,English,PayPal,,Website Direct
e781a79d-e25d-46f4-9b4a-9760724ebfbe,Chloe,Donnelly,chloed@gmail.com,+1 713 573 9258,QA,Middle East,Johnsonhaven,F,Leisure,2024-09-24 11:35:34,Basic,SMS,True,English,Mastercard,,Corporate Contract
c9a95975-271c-471c-9ce7-7bbfc333b585,Tracy,Morris,tracy35@outlook.com,+1 503 925 1859,SE,Europe,New Shaun,F,Leisure,2023-06-03 10:36:03,Silver,Email,True,English,Visa,,Corporate Contract
ad6b92a8-a3ce-4e9f-82a9-62bb7fee6e83,Rebecca,Smart,rebeccas@icloud.com,+1 302 366 1310,MX,North America,West Christian,F,Business,2023-02-23 21:01:50,Basic,Email,True,English,PayPal,,Website Direct
bff1298c-813f-470f-afe2-07c7fa5566f5,零,鈴木,零鈴@gmail.com,+81 667 118 6172,JP,Asia Pacific,Thompsonborough,M,Group,2020-02-07 17:57:33,Non-Member,Email,False,Japanese,Visa,,Walk-in
7d4419ff-2dda-4f83-bc66-ce7b61dec1aa,琳,何,琳.何@gmail.com,+86 656 0528 719,CN,Asia Pacific,Wattsberg,F,Family,2020-12-04 15:20:27,Gold,SMS,False,Chinese,Mastercard,,Website Direct
e74b00a7-7c16-48dc-87e7-f3144e2bc6c5,Denis,Banks,denisb@gmail.com,+1 439 623 2157,CA,North America,East Emilybury,M,Leisure,2021-05-18 10:42:42,Non-Member,SMS,False,English,Visa,Late Check-out,Website Direct
bc332059-d71f-4105-8a0e-c5075c9531b5,Charlene,Chamberlain,charlene82@gmail.com,+1 665 603 7869,CH,Europe,West Trevor,F,Family,2020-08-18 07:54:25,Gold,Email,True,English,Mastercard,,OTA Referral
447d28df-d06a-480c-ad3b-288ac6bc215b,Olivia,Long,olivia.long@cyberdyne.com,+1 795 876 3920,NL,Europe,Port Thomasville,F,Business,2019-05-03 07:01:03,Gold,Email,True,English,Visa,,Website Direct
7fcc5aea-6447-4831-91fb-e30f0d5c00a1,Isa,Cundari,isa.cundari@gmail.com,+1 287 544 5021,IT,Europe,San Silvestro,F,Family,2024-06-30 01:51:03,Non-Member,Email,True,Italian,Visa,,OTA Referral
7d1f1622-82a1-461b-bfca-b6955e4978c8,Jose Francisco,Medina,jose francisco_medina@tyrellcorp.com,+1 346 877 2661,ES,Europe,Cantabria,M,Business,2023-12-15 08:38:51,Basic,Both,True,Spanish,PayPal,,Corporate Contract
bc8becdc-acad-4ad3-ad5a-1a8cbaa52446,Debra,Nash,debra_nash@outlook.com,+91 790 939 8654,IN,Asia Pacific,Louiseshire,F,Leisure,2022-12-22 14:44:47,Gold,Email,True,English,Mastercard,,Website Direct
4b61c1ee-d2f5-4253-8f45-9937b92f7d8d,Dante,Jilani,dante.jilani@outlook.com,+1 840 646 8701,IT,Europe,Grancia,M,Group,2019-10-01 02:41:29,Silver,Both,False,Italian,Mastercard,,Website Direct
3b0663e8-5eff-461a-8b7f-ac9ad705f137,Manuel,Font,manuel.font@gmail.com,+1 557 432 3454,ES,Europe,Zaragoza,M,Group,2019-05-17 20:49:38,Basic,Email,False,Spanish,Visa,,OTA Referral
cf64a7f3-dd8b-41e7-bdb3-48e13bf8aa7a,Lynne,McKenzie,lynne_mckenzie@tyrellcorp.com,+1 958 372 6622,CA,North America,New Brian,F,Business,2021-01-12 16:45:15,Silver,Email,True,English,Mastercard,,Walk-in
23a64d4d-096c-4838-990b-6927f8f2ea0e,Allan,Conway,aconway@outlook.com,+1 105 663 1492,SG,Asia Pacific,Brownhaven,M,Business,2021-11-07 01:42:19,Gold,SMS,False,English,Mastercard,,Walk-in
52716bc0-f043-4b01-87a3-a14c587d0002,David,Harrison,david.harrison@outlook.com,+1 438 513 5038,TH,Asia Pacific,New Carolyn,M,Group,2024-01-17 06:02:00,Basic,Email,True,English,Visa,"Late Check-out, Non-smoking",Walk-in
16a2d4d9-9655-4a5e-a3b3-fc6089fd06c7,재현,장,재장@example.kr,+1 956 308 4565,KR,Asia Pacific,Port Arthur,M,Business,2023-06-13 12:16:45,Basic,None,False,Korean,Mastercard,,OTA Referral
179c0f46-a218-4816-9805-e4681fd74ee6,Ann,Davis,adavis@outlook.com,+1 126 959 6305,NL,Europe,East Victoriaside,F,Leisure,2024-06-17 09:34:38,Non-Member,Email,False,English,Visa,,Website Direct
0239dea1-d0ff-4804-8af1-f704aa3bd35c,Eileen,Fletcher,eileenf@gmail.com,+1 341 700 5896,MX,North America,Brendashire,F,Leisure,2019-05-31 14:54:32,Gold,Email,False,English,Visa,,Website Direct
0613b9cf-79d7-49c1-9ceb-7a4e309a9a27,Arthur,Gray,arthur_gray@gmail.com,+1 330 945 6225,CA,North America,Port Justinside,M,Leisure,2020-11-10 06:25:24,Basic,SMS,True,English,Visa,,Phone Booking
e6618ec1-192e-433e-9a45-52cd87d97a71,Glenn,Stephenson,glenn55@outlook.com,0264 467 5562,GB,Europe,Davieschester,M,Leisure,2019-02-21 17:10:51,Silver,Email,True,English,Mastercard,,Phone Booking
99b4ceeb-abcc-4e45-aa29-b0e0f41ed12d,Jaime,Esparza,jaime.esparza@yahoo.com,+1 520 928 6561,ES,Europe,Huelva,M,Leisure,2020-04-13 12:55:12,Silver,None,False,Spanish,American Express,,Walk-in
85ab340e-1477-422b-bcaa-fd175e0c2387,Ann,Gibson,ann_gibson@gmail.com,+1 152 743 5970,CO,South America,Julieshire,F,Leisure,2019-12-09 17:09:12,Non-Member,None,False,English,Mastercard,,Corporate Contract
b64d21d3-454d-41c7-84a8-7d3a221d8c11,Janet,Green,jgreen@gmail.com,+1 676 832 9117,TH,Asia Pacific,Lake Ellieton,F,Family,2024-01-16 03:04:36,Non-Member,Email,True,English,Mastercard,,Phone Booking
6b2c7f1f-1e2d-4f78-a44a-a6c19137d1fe,زكية,العجلان,زالعجلان@yahoo.com,+971 630 518 1752,AE,Middle East,East Damian,F,Leisure,2023-08-05 21:22:07,Non-Member,Email,False,Arabic,Visa,,Walk-in
c29e7d85-843c-40e1-b18d-e395d8146c0b,Douglas,Cox,dcox@gmail.com,+61 204 552 3521,AU,Asia Pacific,Mollymouth,M,Leisure,2023-05-09 15:28:43,Non-Member,Email,False,English,Visa,Allergies,Website Direct
f3d25eb2-33b7-4591-a164-fc6b7a7e6dc5,Martin,Noël,martinn@hotmail.com,+33 342 751 1243,FR,Europe,Rolland-sur-Monnier,M,Leisure,2022-03-16 15:12:50,Gold,Both,True,French,Visa,,Website Direct
3b092ab2-b662-4416-ad5e-7065cc6609dd,Gilberto,Benavente,gilbertob@acme.com,+1 727 610 2512,ES,Europe,Lugo,M,Business,2023-03-08 03:38:25,Silver,Email,True,Spanish,Apple Pay,,OTA Referral
6da10051-70d1-4854-8f62-2afcb92abb17,Audrey,Diallo,audrey43@icloud.com,+33 975 105 8526,FR,Europe,Joseph,F,Group,2022-01-05 14:28:43,Silver,SMS,True,French,Apple Pay,,OTA Referral
74561408-b106-42ef-ac10-24fc86442ab4,Stephen,James,stephen_james@acme.com,+61 495 373 4444,AU,Asia Pacific,Port Rosie,M,Business,2020-09-07 03:41:36,Basic,Both,True,English,Visa,,OTA Referral
999bc258-9ea4-4f79-9830-768bf8b4e101,Denis,Page,dpage@hotmail.com,+1 774 319 7670,SG,Asia Pacific,Saundersburgh,M,Leisure,2023-03-14 20:00:25,Basic,Email,False,English,Mastercard,"Allergies, Wheelchair Accessible",Walk-in
2c42d0bf-ebdf-4d7b-8293-12b56d522ae7,Patricia,Clements,patricia.clements@gmail.com,+1 354 241 6354,CA,North America,Port Jayneshire,F,Leisure,2021-03-23 13:16:02,Silver,Both,True,English,Visa,,Phone Booking
14c1e800-758e-41f7-8b8a-d616ceef6c96,Samantha,Sanderson,ssanderson@yahoo.com,+1 451 239 8211,CH,Europe,Port Laurenton,F,Group,2024-06-22 14:50:00,Silver,Email,False,English,Mastercard,,Phone Booking
025a9ce3-8e31-4048-9602-3da16fdee186,Michelle,Bradley,michelle94@gmail.com,+1 526 259 7852,SG,Asia Pacific,Port Paul,F,Leisure,2019-09-13 16:17:29,Basic,Email,True,English,Google Pay,,OTA Referral
08d0eb6b-cd86-419b-82af-bb9646dbaae8,Pier,Udinese,pier.udinese@yahoo.com,+1 487 888 5057,IT,Europe,Sommariva Perno,M,Leisure,2019-01-02 21:23:32,Gold,Email,True,Italian,Mastercard,,Walk-in
f20a29a1-89bd-4493-aefb-945d01654984,Patrick,Kay,patrick_kay@gmail.com,+1 497 231 5868,SE,Europe,South Jayneside,M,Leisure,2019-01-15 14:33:33,Basic,Email,True,English,Mastercard,,Website Direct
a83fb30c-b1c0-46ec-ace0-34663d34b4f6,Karl,Potter,karlp@icloud.com,+1 317 474 6619,NL,Europe,Miahfurt,M,Business,2019-10-16 02:37:18,Gold,SMS,False,English,Mastercard,,OTA Referral
dcb87677-e585-49a8-8b17-3e6d5d010f23,영일,박,영일_박@gmail.com,+1 773 701 3555,KR,Asia Pacific,East Gavinview,M,Leisure,2023-10-23 01:11:51,Basic,Email,True,Korean,Visa,,Website Direct
32603a5b-2e4d-4ef7-8bdc-23dc205060f4,Nicole,Lynch,nicole.lynch@waynecorp.com,+61 716 143 1787,AU,Asia Pacific,Kyleland,F,Business,2024-01-09 19:36:57,Gold,Email,True,English,Mastercard,,Website Direct
666220d7-7360-435c-b2c6-66cf4dee85f9,娜,郭,娜郭@gmail.com,489 6764 5293,CN,Asia Pacific,Jakehaven,F,Leisure,2023-06-30 14:54:20,Silver,SMS,False,Chinese,PayPal,Early Check-in,Corporate Contract
8294a42f-4e5e-4743-a038-9134b57dd8a7,Calogero,Gulotta,calogero.gulotta@example.it,+1 968 805 2260,IT,Europe,Colere,M,Business,2022-01-03 04:42:26,Basic,Email,True,Italian,American Express,,Phone Booking
5e240947-2d7c-4c51-a338-ed33b2cc08fb,Joe,Potter,joe8@gmail.com,790-354-7521,US,North America,Grantstad,M,Business,2019-02-19 02:33:58,Non-Member,Email,False,English,Apple Pay,,Walk-in
5dc9dbff-7240-4af0-9824-fb293a510b9d,Allan,Nash,allan.nash@outlook.com,+61 940 791 5003,AU,Asia Pacific,East Melanie,M,Family,2022-02-10 04:48:16,Basic,Email,False,English,Mastercard,,Walk-in
5a21c278-488c-402b-8fa2-854dd538967e,Guy,O'Brien,guy_o'brien@hotmail.com,+1 301 958 3453,MX,North America,East Stacey,M,Leisure,2023-01-30 17:32:26,Non-Member,Both,True,English,Visa,,Corporate Contract
87994aea-13bb-4132-8030-928f9962f699,Martyn,Morrison,martyn49@gmail.com,+1 386 118 1513,SG,Asia Pacific,North Samantha,M,Leisure,2022-10-07 01:24:41,Non-Member,SMS,False,English,Visa,,Walk-in
6dfa64d5-62a9-4973-8c12-aee303042b8f,Adrian,Walker,adrian.walker@gmail.com,487-352-1574,US,North America,North Jessica,M,Business,2021-03-12 01:42:53,Non-Member,Email,True,English,PayPal,"Non-smoking, Early Check-in",Phone Booking
a4a3404f-1767-4d26-905a-48b4016ff18a,Brett,Begum,brett.begum@globex.com,(094) 611-9257,US,North America,Leeview,M,Business,2020-10-09 03:01:18,Silver,Email,True,English,American Express,,Website Direct
2240b4a9-c7ff-4072-bc8b-b51efc691264,Jane,Newman,jane19@hotmail.com,+1 115 283 9159,MX,North America,Fraserland,F,Business,2023-09-27 07:02:39,Silver,Email,True,English,Mastercard,,Walk-in
7cf9dd0e-d9ce-493b-bdfe-c3350b2da086,Graeme,Naylor,graemen@gmail.com,+1 511 622 7073,TH,Asia Pacific,Robinsonhaven,M,Family,2019-08-08 09:41:45,Non-Member,Email,True,English,Visa,,Website Direct
18878f55-f4ec-4c45-956f-51a6f311381c,洋介,松田,洋介64@outlook.com,+81 162 856 6397,JP,Asia Pacific,Forstermouth,M,Family,2023-04-28 22:55:35,Basic,Both,False,Japanese,Visa,,Website Direct
ba5d6544-659e-4277-81b1-38be7400b73c,William,Smith,william_smith@yahoo.com,+1 609 821 3424,CA,North America,Port Harryside,M,Leisure,2022-04-13 19:25:57,Non-Member,Email,False,English,Apple Pay,,Corporate Contract
e05e848f-f839-4766-a39a-4eb5273317d2,Owen,Parker,owen_parker@outlook.com,+1 546 696 8371,NL,Europe,Port Jason,M,Family,2021-05-27 19:41:33,Silver,Email,True,English,Visa,,Phone Booking
76bc4b47-d454-4538-83a9-60289acddca1,Guenther,Putz,guentherp@gmail.com,+49 423 624711,DE,Europe,Aue,M,Family,2023-12-16 09:06:36,Basic,Email,False,German,Visa,,Corporate Contract
c3e326f7-4a38-4367-bd3c-7219946b05b1,Martin,Johnson,martin.johnson@tyrellcorp.com,+1 530 711 9374,CA,North America,West Duncanview,M,Business,2023-02-24 08:51:45,Gold,Email,True,English,Apple Pay,,OTA Referral
dae848e2-809e-4721-b971-624cf3bcf249,Theodora,Herrmann,theodora8@gmail.com,+49 2642/182943,DE,Europe,Tuttlingen,F,Leisure,2020-09-12 20:10:43,Silver,Email,True,German,Visa,,Phone Booking
452e3825-8c23-46e3-8334-197bfe4bbdcd,Keith,Welch,kwelch@initech.com,+1 165 740 2018,CH,Europe,Humphriesview,M,Business,2022-12-19 14:20:57,Platinum,Email,True,English,American Express,,Corporate Contract
de4ce6b4-0277-42d7-87f5-e80b4eb2ff73,Sarah,Thomas,sarah.thomas@gmail.com,+1 452 394 4086,MX,North America,South Graceville,F,Leisure,2019-01-15 00:32:21,Silver,SMS,True,English,Mastercard,,Website Direct
25fe49bd-bc6a-427d-97d6-d5a4b1bc337b,Emma,Beltrán,emma18@outlook.com,+1 410 336 3712,ES,Europe,Ourense,F,Leisure,2019-01-22 15:33:30,Non-Member,Email,False,Spanish,Visa,,Corporate Contract
cc64fa78-2436-4823-941f-10723bb79651,Gemma,White,gemma96@gmail.com,+1 132 101 6489,MX,North America,Turnerfort,F,Leisure,2022-09-22 21:36:18,Non-Member,Email,True,English,Mastercard,"Early Check-in, Non-smoking",Phone Booking
21d658d6-f788-4fa4-8ae9-2307cae65e32,Toby,Jones,toby.jones@gmail.com,+1 279 914 9682,CH,Europe,Donnaview,M,Leisure,2021-05-23 17:21:37,Silver,Email,True,English,Google Pay,,Phone Booking
e5734ece-b1ac-4c05-a1d1-4e1fb985237d,Elaine,Moore,elaine4@gmail.com,+1 835 119 4921,CH,Europe,South Garry,F,Group,2019-04-23 02:32:06,Gold,Both,True,English,Visa,,OTA Referral
8a0dee0b-6e0a-41ec-ab20-ce2965ca9dc9,Marcella,Gangemi,marcellag@outlook.com,+1 519 900 4594,IT,Europe,Cinquecerri,F,Leisure,2023-05-10 21:20:45,Non-Member,Both,True,Italian,Visa,,Walk-in
c3d2434f-bf0d-4fbf-87c8-39260a113566,Keith,Hobbs,keith93@gmail.com,+1 192 653 1330,CL,South America,South Michelle,M,Family,2022-10-20 07:28:58,Non-Member,Email,True,English,Mastercard,,Corporate Contract
c0c59309-779a-48e3-a076-95418b136572,Isaac,Duhamel,isaac.duhamel@gmail.com,+33 976 326 3065,FR,Europe,VasseurBourg,M,Leisure,2020-02-03 04:10:50,Platinum,SMS,False,French,Mastercard,,OTA Referral
9d000c29-5b64-4f06-855c-a79e175ee889,Nathan,Dickinson,nathand@hotmail.com,+1 703 320 6374,SG,Asia Pacific,North Josephine,M,Leisure,2024-04-14 02:00:30,Basic,Email,False,English,Google Pay,,OTA Referral
dec21ec0-0262-4ef4-a28a-355867741e0e,Sharon,Brown,sharonb@gmail.com,(430) 462-9172,US,North America,New Garethland,F,Leisure,2019-02-17 05:14:02,Gold,Email,False,English,PayPal,,Phone Booking
e9602e9a-1cab-4ecd-996b-fa67f134f40b,Stewart,Walker,stewart_walker@gmail.com,,US,North America,Paulstad,M,Leisure,2019-11-06 23:09:10,Silver,Email,True,English,Apple Pay,,OTA Referral
7cf071f6-f35e-4a39-8382-34edefc06926,Amy,Wright,amy.wright@outlook.com,+1 964 620 4455,CA,North America,Smithshire,F,Business,2021-07-01 03:24:09,Non-Member,Email,True,English,Mastercard,,Walk-in
ab2633b7-b9b5-48e2-a86c-1ea7be340f61,楠,赵,楠_赵@outlook.com,946 6332 2544,CN,Asia Pacific,East Kyle,M,Group,2019-09-23 21:23:10,Gold,Email,False,Chinese,Visa,,Corporate Contract
daf1d556-27a3-4cce-a77b-66341e3f1dd6,Wendy,Roberts,wendy12@gmail.com,+61 939 266 5094,AU,Asia Pacific,Perryport,F,Leisure,2023-09-13 00:46:27,Non-Member,SMS,True,English,Apple Pay,,Corporate Contract
7e0fabc7-3fe6-46cb-bf94-b7ece73abf3b,Adam,Burke,adam_burke@outlook.com,+1 983 744 7640,EG,Africa,Byrnechester,M,Leisure,2022-08-01 23:08:15,Non-Member,Email,False,English,American Express,,Website Direct
e5744267-1f84-43c3-8509-08a89d449b13,Leslie,Johnson,lesliej@hotmail.com,+1 850 981 8965,CA,North America,Lynnhaven,M,Family,2022-08-20 11:41:36,Non-Member,Email,True,English,Visa,,Corporate Contract
b3112151-3686-438d-ba1b-228d2aad2801,Stacey,Kirby,staceyk@gmail.com,,KE,Africa,Valerieville,F,Family,2019-07-17 05:13:11,Basic,None,True,English,American Express,Allergies,Walk-in
b1abfd8a-21a9-4b76-8ac1-1874b9fb9bc5,Harry,Davis,harry.davis@gmail.com,+61 685 125 9043,AU,Asia Pacific,Aaronberg,M,Family,2023-12-07 16:40:23,Silver,Email,False,English,Visa,,Website Direct
be6b4594-3c35-49ac-9901-c3c9f16aa3d5,حلا,الخرافي,حلا57@gmail.com,+1 182 675 7705,SA,Middle East,East Margaretborough,F,Leisure,2020-12-19 09:59:41,Basic,Email,False,Arabic,Visa,,Phone Booking
4b854506-515e-48dd-8a55-381a6ccd5512,Mitchell,Davies,mitchell41@outlook.com,+1 314 168 9900,QA,Middle East,Barrettside,M,Leisure,2023-03-12 14:40:56,Silver,Email,False,English,American Express,Allergies,Corporate Contract
4428f88a-d15c-4f65-b747-d10de8521ae8,Arthur,Taylor,arthurt@gmail.com,+1 841 491 6591,SG,Asia Pacific,East Neil,M,Group,2020-08-03 07:44:11,Basic,Email,True,English,Visa,,Corporate Contract
b271d864-d235-42fd-ab05-711a90398dc9,Alan,Sullivan,alan_sullivan@gmail.com,+1 328 462 6261,MX,North America,West Scottberg,M,Family,2019-01-06 04:28:43,Non-Member,Email,True,English,American Express,Late Check-out,OTA Referral
e96d3d85-2d5a-4972-b318-b08686d896eb,Léon,Descamps,léon42@hotmail.com,+33 183 681 7610,FR,Europe,Blin,M,Leisure,2021-06-24 19:24:09,Silver,Email,False,French,Visa,,Phone Booking
32487c17-4e4d-49ba-b0d9-9589fe45898a,Sylvia,Taylor,sylvia_taylor@outlook.com,+1 397 369 4461,CL,South America,Cherylmouth,F,Leisure,2020-07-11 10:43:57,Basic,Email,False,English,Visa,,Corporate Contract
27f96817-826c-4a13-a6b5-a40885be7708,Kim,Whitehead,kim.whitehead@gmail.com,+1 787 633 5507,CA,North America,Patelshire,F,Leisure,2023-08-25 21:11:29,Basic,SMS,False,English,Mastercard,,OTA Referral
a16fdf89-5b82-4ab2-b1f9-ddcf8e9a80f8,Graham,Daniels,gdaniels@gmail.com,+61 614 215 2523,AU,Asia Pacific,Heatherhaven,M,Leisure,2024-08-08 03:47:27,Gold,Email,True,English,American Express,Wheelchair Accessible,Website Direct
2acc950c-893b-428b-9472-790858384f3c,Caterina,Comeriato,ccomeriato@gmail.com,+1 436 123 8222,IT,Europe,Rivarola,F,Group,2019-09-10 14:52:05,Gold,SMS,False,Italian,American Express,,Corporate Contract
ccded776-b4dc-4c87-a794-b02bff9a4dae,Folker,Oestrovsky,folker.oestrovsky@gmail.com,+49 645 828074,DE,Europe,Erding,M,Group,2023-01-19 07:27:29,Gold,Email,True,German,Visa,,Corporate Contract
570426e3-2203-4bee-a5f9-953bcc309b14,Jan,Reuter,jan82@outlook.com,+49 085 958153,DE,Europe,Forchheim,M,Leisure,2019-01-13 01:47:46,Silver,Email,True,German,PayPal,,Website Direct
72e76e1d-4500-49fe-8b73-30f4647874ca,Brandon,Carey,bcarey@dummycorp.com,+1 338 378 2240,MX,North America,Dominicborough,M,Business,2019-08-26 19:05:37,Basic,Email,True,English,Mastercard,,Walk-in
131db8d4-fb9d-4331-b8be-89376ce7936f,Joyce,Savage,joyces@example.ca,+1 479 953 9380,CA,North America,West Trevortown,F,Business,2023-01-05 20:43:59,Non-Member,SMS,False,English,Mastercard,,Phone Booking
753e0258-65ff-4c9d-891d-d875b6d0b3c5,Keith,Begum,keith41@gmail.com,+1 682 178 2129,NL,Europe,Natashahaven,M,Family,2023-06-29 04:23:29,Non-Member,Email,True,English,Apple Pay,"Wheelchair Accessible, Late Check-out",OTA Referral
0e0d7762-6247-4c7c-bb0b-c5d6b3b472f2,Mark,Bull,mark50@outlook.com,+1 378 532 2431,NG,Africa,Janetton,M,Leisure,2019-01-12 07:46:40,Silver,Both,True,English,Mastercard,,Website Direct
2b9b5f69-61a4-42f2-8001-b88e86327a6d,Gail,Hart,gail37@gmail.com,+1 286 839 6278,TH,Asia Pacific,Davieston,F,Family,2020-02-26 07:03:07,Silver,Email,True,English,Mastercard,,Walk-in
cab09f22-6e50-4655-93f4-9bc3ab559755,Beth,Bennett,guest@email.com,+1 143 737 7530,CA,North America,West Justinside,F,Business,2023-10-31 16:08:08,Basic,Email,False,English,Visa,,OTA Referral
cd715132-7122-4441-92d9-d3b0115f5d96,Sarah,Khan,sarahk@gmail.com,+1 911 370 8464,SG,Asia Pacific,North Stevenburgh,F,Leisure,2020-09-06 23:40:30,Silver,Both,True,English,Visa,,Phone Booking
4233a1bd-14bb-4da6-b64a-1c2c3f9093d3,Aaron,Hewitt,aaron.hewitt@gmail.com,388-094-0366,US,North America,South Liam,M,Leisure,2023-08-04 19:02:28,Basic,Email,False,English,Mastercard,,Walk-in
2bf505fc-8046-47f3-b878-cc0474da5189,Leon,Ellis,lellis@yahoo.com,+1 118 212 2447,NL,Europe,Lindseyshire,M,Family,2024-07-21 11:26:58,Basic,Email,True,English,Visa,,Walk-in
da1e6174-98e4-4b2c-9f05-2969dfd657ac,Lee,Taylor,lee71@yahoo.com,+1 963 926 2906,CA,North America,East Gail,M,Group,2024-05-14 09:30:41,Non-Member,Email,True,English,Visa,,Corporate Contract
c8e5b287-9c91-49e2-9d37-da74519db6b9,小红,王,小王@hotmail.com,118 3901 3802,CN,Asia Pacific,Whiteside,F,Group,2023-04-20 01:29:20,Gold,Email,True,Chinese,Visa,,Phone Booking
68204c03-0f5e-4cc9-89c7-ecc6ae177dcc,Heather,Davies,guest@email.com,+1 557 440 9614,ZA,Africa,Dalehaven,F,Business,2024-01-14 13:19:33,Platinum,SMS,False,English,Visa,,Corporate Contract
ddff8bfe-754a-4776-bddf-0239bb02d933,Phillip,Green,phillip.green@outlook.com,+1 469 234 4720,MX,North America,Mayport,M,Leisure,2023-01-02 18:16:16,Silver,Email,True,English,American Express,"Early Check-in, Allergies",Phone Booking
4f49dbbe-5298-4026-bae2-936b57de9ff4,Anna,James,anna_james@hotmail.com,+1 312 987 8181,MX,North America,Lake Bradleyland,F,Leisure,2024-06-14 19:06:31,Basic,SMS,True,English,Visa,,Website Direct
5ca0af90-bbb7-4340-9c79-c7bf8fafc341,Declan,Saunders,declan45@gmail.com,+1 893 407 5009,QA,Middle East,West Carl,M,Group,2022-06-15 11:18:27,Silver,Email,True,English,Visa,,Phone Booking
3a6fae92-52c0-4657-9c68-fbe0e60057e5,Donatello,Luzi,donatello.luzi@example.it,+1 884 477 4460,IT,Europe,Albiano,M,Business,2022-11-07 03:15:39,Silver,Email,True,Italian,Visa,,Corporate Contract
e85a9325-4b3f-40cc-88bd-43fba114fe65,Liam,Forster,lforster@outlook.com,(417) 067-6806,US,North America,Port Leeland,M,Leisure,2024-11-27 21:19:05,Basic,Email,True,English,Visa,,Corporate Contract
de0f734b-57a0-415e-b040-c8f0db21bac4,정웅,김,정웅김@cyberdyne.com,+1 343 342 9690,KR,Asia Pacific,Lucasstad,M,Business,2019-09-19 12:59:10,Silver,Email,False,Korean,Mastercard,,Walk-in
60b880f7-7f3a-4448-ae7e-22b3a3c21164,Emily,Crawford,emily.crawford@icloud.com,+1 799 920 6144,TH,Asia Pacific,West Royfurt,F,Leisure,2019-11-27 20:37:36,Gold,Email,False,English,Mastercard,,Website Direct
5d8ee9af-13d8-44ca-961d-884eeaf1180a,Jasmine,Lee,noemail@provided.com,(780) 484-4542,US,North America,North Duncan,F,Family,2019-03-20 08:52:00,Silver,Email,True,English,Visa,,Corporate Contract
c6d1adb9-52bd-4fcc-b35e-6ee3cce80666,Trevor,Brown,trevor_brown@gmail.com,+91 396 186 2949,IN,Asia Pacific,Crawfordborough,M,Leisure,2022-01-12 10:50:20,Gold,Email,False,English,Mastercard,"Early Check-in, Non-smoking",Walk-in
f438b8e5-6e9c-447d-9ba5-c0155d133b6e,Nicole,Bell,nicole_bell@acme.com,+1 324 707 3873,ZA,Africa,Haywardland,F,Business,2021-01-15 05:20:28,Basic,Email,True,English,Visa,,OTA Referral
ec0832b9-bd64-4f4b-a3fb-e12e284b2165,Geoffrey,Carroll,geoffrey.carroll@yahoo.com,+1 336 265 6320,MX,North America,Declanhaven,M,Leisure,2020-12-15 05:17:41,Non-Member,Email,True,English,Visa,"Allergies, Early Check-in",Corporate Contract
0ea395a2-65ca-4312-929e-8ac25eb3aa2e,Sarah,Wyatt,sarah.wyatt@cyberdyne.com,+1 909 194 3115,NL,Europe,West Samburgh,F,Business,2022-12-11 02:01:05,Basic,Email,True,English,American Express,,Phone Booking
6c83968d-0ae1-46e4-ae53-8548a37432f4,Kate,Graham,kate95@gmail.com,+1 324 665 5457,TH,Asia Pacific,South Damian,F,Leisure,2023-03-26 02:26:21,Gold,SMS,False,English,Apple Pay,,Walk-in
865dafaf-af95-4710-9739-81c197464d2a,Kyle,Hurst,kyle.hurst@hotmail.com,(085) 592-0035,US,North America,Ashleighberg,M,Business,2020-02-11 23:26:43,Silver,Email,False,English,American Express,,Corporate Contract
5ed18cc1-400c-46e4-83aa-e530dd6dd454,Maria,Sharp,msharp@outlook.com,+1 527 173 8629,QA,Middle East,Campbellberg,F,Leisure,2021-08-08 11:55:22,Non-Member,SMS,True,English,Visa,High Floor,Phone Booking
681e92cf-1edd-4be3-954b-32e8e7eeaa7a,نوف,آل بن لافي,نوف_آل بن لافي@outlook.com,+1 811 922 3574,SA,Middle East,Hardingview,F,Family,2019-06-30 09:31:47,Non-Member,Email,False,Arabic,Mastercard,,Phone Booking
abb7c262-4fa8-4b4a-b26a-0540194d923f,Mary,Hamilton,maryh@outlook.com,3976 050 6698,GB,Europe,Debraton,F,Family,2022-11-16 06:04:20,Basic,SMS,True,English,Mastercard,,Walk-in
f1e5b17a-e4c9-4bc1-83c8-e6ffa6d6b914,واثق,مهنا,واثق.مهنا@icloud.com,+1 235 342 7656,SA,Middle East,East Jordanberg,M,Family,2020-07-24 03:59:57,Silver,Email,True,Arabic,Visa,,Corporate Contract
f6f68e41-c4f0-4407-b421-f6845bffabd4,Roy,Morrison,roy_morrison@gmail.com,+61 652 918 7258,AU,Asia Pacific,South Julietown,M,Group,2019-12-15 05:03:45,Non-Member,SMS,False,English,Visa,,Website Direct
769f4c99-089b-4241-b8d2-7f1be2d5f5ea,Marie,Campbell,mariec@globex.com,+1 204 185 2446,CA,North America,Joshfurt,F,Business,2024-09-06 11:49:53,Basic,Email,False,English,Apple Pay,High Floor,Website Direct
71be2e48-db1d-4a18-899d-4a40282aaeb5,Kyle,Hammond,kyleh@hotmail.com,+1 344 365 5339,KE,Africa,North Guychester,M,Leisure,2019-07-24 08:48:54,Silver,Email,False,English,PayPal,,Website Direct
461c2d92-b5fc-4a11-8f3f-608b80ce92d5,Carole,Brown,cbrown@gmail.com,+91 148 640 8266,IN,Asia Pacific,Bradleyport,F,Group,2019-10-05 03:48:51,Non-Member,SMS,False,English,American Express,,Walk-in
249dab73-4c07-4528-85cf-868c695323a3,Jacqueline,Ryan,jacqueline_ryan@outlook.com,843-700-0687,US,North America,Clareburgh,F,Leisure,2023-01-14 22:49:51,Gold,Email,False,English,Mastercard,,Corporate Contract
1b3d3924-d886-4112-93b1-1b5979aecc77,Oliver,Marshall,omarshall@gmail.com,+61 335 381 7766,AU,Asia Pacific,New Charlottechester,M,Family,2020-02-22 09:42:06,Non-Member,Email,False,English,PayPal,,Corporate Contract
2e255959-322e-498f-8598-205a867b4c77,Salomé,Granados,salomé_granados@hotmail.com,+1 730 460 4877,ES,Europe,Almería,F,Leisure,2022-10-18 16:27:13,Silver,Email,True,Spanish,Mastercard,,Corporate Contract
959716fd-4db9-4b1d-84fa-ad1e9f43c543,Francesca,Jones,francesca26@example.sg,+1 826 236 7547,SG,Asia Pacific,Abdulland,F,Business,2023-05-26 08:12:36,Non-Member,Email,False,English,Visa,,Walk-in
4df82a0f-ab40-4263-bc98-592708acbaa0,Dean,Sutton,dean_sutton@outlook.com,+1 378 135 5787,CA,North America,Annaside,M,Leisure,2022-08-07 13:21:33,Basic,Email,True,English,Mastercard,,Phone Booking
f517bf71-21cc-4b3a-b711-19bca0a99f39,Norman,Hardy,norman.hardy@gmail.com,255-884-8717,US,North America,North Martynview,M,Group,2023-07-15 05:38:12,Basic,Email,True,English,American Express,,Corporate Contract
f9078f2a-d7e2-4da8-aad5-2ac0d5533f51,Emily,Sims,emily45@starkindustries.com,+1 844 507 1295,QA,Middle East,Lake Gail,F,Business,2019-09-13 13:32:45,Basic,Email,False,English,Mastercard,,Walk-in
ff2100da-49cb-4fcf-98a0-ef9d4de67f63,Elpidio,Becerra,ebecerra@hotmail.com,+1 905 805 9317,ES,Europe,Palencia,M,Group,2021-12-31 18:34:02,Platinum,Email,False,Spanish,Visa,"Allergies, Non-smoking",OTA Referral
e1cae88a-305e-4182-ad95-2b1e55d423b7,Luisa,Barillaro,noemail@provided.com,+1 174 431 8356,IT,Europe,Budditogliu,F,Leisure,2022-09-26 20:23:20,Basic,Email,True,Italian,Mastercard,,Walk-in
629fef98-b808-480f-9e1b-918bbc13491b,Beverley,Power,noemail@provided.com,+1 671 869 3553,SG,Asia Pacific,North Stuart,F,Leisure,2019-07-29 00:59:17,Non-Member,SMS,True,English,Visa,,Phone Booking
1c3d61a7-73d5-4281-904a-6724685d2cb6,Danny,Richardson,drichardson@hotmail.com,405-715-4900,US,North America,Oliviaport,M,Family,2023-06-11 14:02:19,Non-Member,Email,False,English,Visa,"Non-smoking, Wheelchair Accessible",Corporate Contract
7796f4c7-1190-4130-8908-e3fb1ec18a25,Brian,Foster,brian.foster@gmail.com,000-000-0000,SE,Europe,Jeanburgh,M,Leisure,2022-06-07 17:16:19,Basic,Email,False,English,Visa,,Phone Booking
30be8ae3-a76b-4b43-a401-61b03391997b,민지,문,민지문@umbrellacorp.com,+1 213 335 2458,KR,Asia Pacific,South Barbaraville,F,Business,2024-09-27 19:34:08,Basic,SMS,True,Korean,American Express,,Walk-in
c5f9c986-1bbe-47d3-955c-d369e888fa8f,Jeffrey,Lynch,jeffrey.lynch@yahoo.com,+1 300 178 6802,KW,Middle East,North Lynne,M,Leisure,2022-01-20 19:19:15,Non-Member,Email,True,English,Mastercard,,Corporate Contract
5692dee9-b178-4833-a914-f0ac4f63fa0f,Keith,Griffiths,keithg@umbrellacorp.com,+1 858 263 5190,CH,Europe,Port Melissa,M,Business,2023-10-24 12:24:10,Non-Member,Both,True,English,Visa,,Corporate Contract
7422cc59-ab83-469d-adcc-636ce2c0de20,Leslie,James,leslie_james@gmail.com,+1 987 165 4781,SE,Europe,New Donnaburgh,M,Family,2024-09-18 14:45:36,Non-Member,SMS,True,English,American Express,,OTA Referral
7b79f4e8-34dd-4cc6-90bc-4c822a6fe535,Emma,Jackson,emma22@hotmail.com,+1 806 730 7032,CA,North America,Lake Gemmachester,F,Group,2023-02-19 16:41:10,Silver,Email,False,English,Mastercard,"Allergies, Early Check-in",Website Direct
56bba656-b0be-45f6-bd39-63774b554524,Geraldine,Rose,geraldine41@starkindustries.com,+1 214 717 3503,MX,North America,Rachelton,F,Business,2024-08-08 15:05:38,Non-Member,None,True,English,Visa,,Walk-in
eceadc0f-971a-4960-9c1b-da99a042ee1f,Joan,Parkes,jparkes@gmail.com,+1 359 837 5599,SE,Europe,Yatesstad,F,Family,2022-10-28 15:04:17,Non-Member,Email,False,English,Visa,,Website Direct
41700ca4-a065-44e4-9ed0-63493840c130,Patrick,Campbell,patrick32@gmail.com,+1 565 652 7612,NL,Europe,Maureenborough,M,Leisure,2022-10-29 13:27:26,Silver,Email,True,English,Visa,,Walk-in
d24ef658-6454-4e52-9c2b-d901324d2715,Josephine,Watts,josephine_watts@gmail.com,+1 970 802 5293,CL,South America,Khanborough,F,Leisure,2020-03-11 08:09:41,Basic,Both,True,English,Visa,,Website Direct
f4aac42f-8b55-4df9-969a-a721c7bc2f97,Pamela,Williams,pamela_williams@outlook.com,+61 617 540 2754,AU,Asia Pacific,New Megan,F,Family,2022-11-09 02:41:02,Silver,Email,False,English,Apple Pay,,Walk-in
40afd638-e15a-4f28-be20-7e70220fe50a,Francis,Murphy,francism@yahoo.com,334-881-1690,US,North America,West Abbiemouth,M,Leisure,2022-10-06 15:38:22,Non-Member,Email,True,English,Google Pay,,Walk-in
36c4198e-22ca-4eb0-be86-562b1a9f68d4,Dale,Brown,dale_brown@outlook.com,(577) 654-5219,US,North America,North Joseph,M,Leisure,2020-11-14 16:58:24,Silver,Email,True,English,Visa,,Website Direct
a45fb032-278c-4842-ab8e-19fb4b247937,Clive,Webb,cwebb@gmail.com,+1 102 737 2231,MX,North America,Anneborough,M,Leisure,2022-10-26 03:54:58,Basic,Email,True,English,Visa,,Website Direct
a6f6c804-ae26-436b-82d6-ead88653d3bc,Douglas,Nixon,douglas_nixon@gmail.com,000-000-0000,CA,North America,East Catherine,M,Leisure,2024-04-01 17:12:38,Silver,Email,True,English,PayPal,,Phone Booking
197aeeda-f63c-48c7-9760-ca22d7a409a8,Michela,Nugnes,guest@email.com,+1 640 792 5350,IT,Europe,Ciconicco,F,Leisure,2021-11-22 07:01:28,Non-Member,SMS,False,Italian,Mastercard,,OTA Referral
949545b6-4456-47f1-93cd-f504a3a29341,Joan,French,joan.french@yahoo.com,+1 741 729 9333,NL,Europe,North James,F,Group,2019-07-09 17:16:06,Platinum,Email,True,English,Mastercard,,Phone Booking
262be08b-c613-43ba-83af-62d691fac63c,Diane,Scott,dscott@gmail.com,+1 374 812 6127,MX,North America,Swiftfort,F,Leisure,2020-07-06 19:05:37,Silver,Email,False,English,Visa,,Corporate Contract
c547a700-7eec-49e4-9e59-8530d9585f63,Harriet,O'Donnell,harriet.o'donnell@outlook.com,+1 586 750 3886,KW,Middle East,Georgiaport,F,Leisure,2019-11-30 09:34:16,Basic,Email,True,English,Visa,,Walk-in
2304be39-def6-438b-9403-eb38f6803990,Philip,Whitehead,philip.whitehead@starkindustries.com,000-000-0000,SE,Europe,Dunnmouth,M,Business,2024-03-12 18:41:42,Silver,Email,True,English,American Express,,Corporate Contract
f69c3188-e8f4-41ba-95b4-c9b913e132ac,지후,류,지후.류@gmail.com,+1 492 381 2790,KR,Asia Pacific,New Wendychester,M,Business,2019-08-17 19:53:12,Silver,Email,False,Korean,Visa,,Corporate Contract
4519c77e-7987-4140-ad5f-46481654bd1f,William,Noble,noemail@provided.com,+91 706 934 4687,IN,Asia Pacific,New Dannyfort,M,Business,2020-01-07 13:00:01,Basic,Email,True,English,Mastercard,,OTA Referral
d4ebff3d-dfda-4b23-b0f5-31656039f2e2,Garry,Doherty,garry_doherty@initech.com,+1 702 909 8017,MX,North America,Leonardstad,M,Business,2023-05-05 05:02:17,Basic,Both,False,English,Visa,"Late Check-out, Wheelchair Accessible",OTA Referral
6f83c590-7354-4018-b9ff-5bbca0d111ee,Beth,Shepherd,beth61@hotmail.com,+1 773 522 3804,SG,Asia Pacific,Fordton,F,Leisure,2023-05-27 21:26:12,Non-Member,Email,True,English,Mastercard,"High Floor, Allergies",Corporate Contract
425004fa-5201-4999-a3fc-96dc69f2a987,Antonino,Mohaupt,amohaupt@gmail.com,+49 263 935174,DE,Europe,Meißen,M,Leisure,2023-01-06 15:26:24,Silver,SMS,False,German,Mastercard,,Website Direct
804d8ac2-93a9-4b97-ba02-618d1f5e3133,William,Marsh,william_marsh@outlook.com,+61 886 110 8886,AU,Asia Pacific,East Nicolafort,M,Family,2020-07-13 14:19:36,Silver,Email,False,English,American Express,High Floor,Corporate Contract
c7f0534a-f5fd-4cd3-9690-7f899e88a8a8,Jordan,Turner,jordant@outlook.com,+1 129 255 6645,MX,North America,Sylviaport,M,Leisure,2024-05-20 07:49:18,Non-Member,Email,True,English,PayPal,"Non-smoking, Allergies",Website Direct
69c365ce-0b86-451d-a094-1e00b18c075d,Lynda,Taylor,lynda62@outlook.com,+1 435 454 7814,KW,Middle East,East Rachelside,F,Leisure,2021-06-23 22:58:57,Non-Member,SMS,False,English,Mastercard,,Website Direct
1e65fcf0-acd0-449d-942a-5a6bb37d6641,Marc,Hussain,mhussain@gmail.com,+1 342 975 4927,TH,Asia Pacific,New Ross,M,Family,2020-02-11 01:16:00,Silver,SMS,False,English,PayPal,,Website Direct
fdbe5652-571a-48c4-9977-9e8cd8a93f03,Colin,Owen,colin17@dummycorp.com,+1 953 947 2771,CA,North America,Kellyhaven,M,Business,2022-04-10 18:47:12,Basic,SMS,True,English,Visa,,Phone Booking
2c766350-a6f4-468d-906d-b1f5d066025f,Roy,Hardy,roy_hardy@gmail.com,+1 163 754 2056,MX,North America,Sylviamouth,M,Business,2024-07-24 10:29:51,Non-Member,Both,False,English,American Express,,OTA Referral
216da7e1-f382-4892-8057-5e21a1ea8f48,Jürgen,Walter,jürgen67@icloud.com,+49 8356/391557,DE,Europe,Greiz,M,Family,2024-06-08 17:58:49,Gold,SMS,True,German,American Express,,Phone Booking
96453aa8-c597-4fe3-b1dd-a37db299b3c6,Ivo,Heydrich,ivo.heydrich@globex.com,+49 2304/518445,DE,Europe,Darmstadt,M,Business,2020-01-17 18:17:20,Silver,SMS,False,German,PayPal,,Walk-in
7a1113f1-a63b-40b3-aaf5-62ad2b0e3172,Naomi,Evans,nevans@gmail.com,962-577-8723,US,North America,Jonathanborough,F,Group,2023-11-17 21:53:48,Basic,Email,True,English,American Express,,Corporate Contract
c3c632fd-2279-4c7d-b640-0493b88edcbd,Milena,Lima,milena57@oscorp.com,+55 646 357 3203,BR,South America,Carpenterport,F,Business,2023-08-17 03:14:25,Silver,Email,True,Portuguese,American Express,,Corporate Contract
329d01cd-3e31-4eee-8247-5fb128fbc810,Darren,Lawrence,darren39@gmail.com,+1 206 644 6698,MX,North America,Lisaland,M,Leisure,2020-12-26 08:04:23,Gold,Email,False,English,Visa,,Walk-in
379d00eb-af83-4897-a0ec-1c6daf9467dd,Glen,Taylor,glen73@gmail.com,+1 107 601 2036,CA,North America,West Maurice,M,Leisure,2022-05-22 16:48:44,Silver,Email,True,English,American Express,,Phone Booking
5a319377-2f09-4478-8630-1a78d547c2d1,Lilian,Birnbaum,lbirnbaum@gmail.com,+49 935 499150,DE,Europe,Stuttgart,F,Leisure,2023-03-01 02:30:15,Basic,Email,False,German,Mastercard,,Phone Booking
0ddbdbd9-2d4c-4cc1-8963-6febbca9b4ce,Luke,Lambert,llambert@dummycorp.com,000-000-0000,NL,Europe,South Frank,M,Business,2022-06-03 02:25:17,Non-Member,Email,False,English,Apple Pay,,Phone Booking
38062547-7d82-4cc1-ba0c-cc29c6893721,정희,박,정희박@outlook.com,+1 232 294 3324,KR,Asia Pacific,Hiltonmouth,F,Leisure,2023-10-18 10:37:41,Non-Member,Email,False,Korean,Visa,,Walk-in
d06a3b91-50a8-4ab0-8aaf-4f47cf613b7f,Anne,Hawkins,anne_hawkins@dummycorp.com,+1 585 406 8154,CA,North America,East Alisonton,F,Business,2022-01-11 11:49:49,Silver,Email,True,English,American Express,,Phone Booking
c01a84a9-9ecf-4bea-b1df-2adcd3f4f5c2,Mandy,Lawrence,mandyl@outlook.com,+91 208 670 8282,IN,Asia Pacific,West Aaronbury,F,Family,2020-07-30 05:54:39,Basic,Email,True,English,Visa,"Non-smoking, Allergies",OTA Referral
7caa2dc5-1eba-4c2b-bfe7-18dcac3a2ace,Marc,Cox,mcox@dummycorp.com,+1 363 490 8590,MX,North America,South Raymondton,M,Business,2023-05-01 23:48:48,Silver,SMS,True,English,Visa,,Website Direct
c66964a7-2fac-47a4-a12b-679686aa5ca2,Martyn,Smith,martyns@globex.com,+1 743 824 4846,SE,Europe,Tonytown,M,Business,2020-01-26 11:39:20,Non-Member,Email,True,English,Mastercard,,Corporate Contract
db8cbf80-a580-49b9-bb73-2c4f9d06c587,Aimee,Hope,aimee.hope@icloud.com,+44 3484 722319,GB,Europe,Bethburgh,F,Group,2021-10-30 13:32:17,Gold,Email,True,English,Mastercard,,Website Direct
25547c58-9a36-48a9-a769-de906c10c550,Ian,Barker,ibarker@hotmail.com,+1 164 342 5900,TH,Asia Pacific,Lake Grahamstad,M,Business,2020-06-22 15:37:29,Gold,Email,True,English,Visa,,Corporate Contract
fc95b0bf-2713-4268-bbb8-28d4135dcd72,Lesley,Harrison,noemail@provided.com,000-000-0000,MX,North America,Port Jacquelinefort,F,Leisure,2024-01-26 19:10:43,Non-Member,Email,False,English,Mastercard,,Website Direct
7fce29a7-dbce-444b-93c3-a23b565b043a,Hansjoachim,Bien,hansjoachim_bien@gmail.com,000-000-0000,DE,Europe,Holzminden,M,Leisure,2024-10-21 17:56:38,Silver,Email,True,German,Mastercard,,Corporate Contract
38b6a1bd-15ca-43ab-8b34-871237135e4e,Catherine,Wright,catherine_wright@gmail.com,+1 957 293 9446,NL,Europe,West Michaelfort,F,Leisure,2024-08-12 02:04:35,Basic,Both,True,English,Mastercard,,Corporate Contract
428f6d3e-0ed2-4d48-a898-f96e1de244a8,Rita,Dean,rita24@gmail.com,(337) 973-7220,US,North America,Darrenfort,F,Leisure,2020-09-06 18:40:21,Gold,Email,False,English,Mastercard,,Walk-in
59613ea0-e0f1-4141-8456-6ba568c3de3e,Clive,Cooper,ccooper@gmail.com,4720 016 3573,GB,Europe,West Dawnville,M,Leisure,2022-02-03 07:47:42,Gold,SMS,True,English,Mastercard,,OTA Referral
5e61b53d-0069-4bf1-b959-0dab6527855f,Katherine,Hewitt,katherine.hewitt@outlook.com,+1 632 106 5561,CA,North America,West Timothychester,F,Leisure,2024-02-15 09:38:50,Basic,Email,True,English,Visa,,Corporate Contract
c7788129-183b-471a-930f-4b588ebd7361,Garry,Stokes,gstokes@umbrellacorp.com,+1 835 655 1409,CH,Europe,Port Joshfort,M,Business,2019-04-25 18:58:43,Basic,Both,True,English,Mastercard,,Corporate Contract
c44d86fb-020c-4373-a498-18d47bed74e4,Lidia,Muñoz,lidia_muñoz@example.es,+1 179 561 9014,ES,Europe,La Rioja,F,Business,2022-08-08 07:07:24,Platinum,None,True,Spanish,Visa,,Website Direct
03434108-a936-4a35-bae5-9c30b9bf0852,Grace,Howard,grace29@icloud.com,+1 494 974 7546,NL,Europe,North Michelleland,F,Family,2023-03-06 10:02:25,Basic,Email,True,English,Apple Pay,,OTA Referral
3b142432-2cb2-47a3-8715-60b3e93bcdbf,Amber,Smith,guest@email.com,+1 559 102 6722,CA,North America,Port Stephaniebury,F,Leisure,2021-09-02 08:36:54,Silver,Email,True,English,Visa,,Website Direct
a9e51696-faa1-4675-be8e-e3fdf19255d1,Terence,Ahmed,terence_ahmed@gmail.com,+1 277 928 6411,MX,North America,South Lynn,M,Leisure,2019-06-25 01:24:21,Basic,Email,True,English,Apple Pay,,Phone Booking
6aecad7f-fd6d-4bf4-90cc-10cf7df21a81,Jasmine,Kelly,jasmine_kelly@cyberdyne.com,+1 779 472 3808,MX,North America,West Ericstad,F,Business,2024-07-09 18:16:14,Silver,Email,True,English,Google Pay,,Phone Booking
0fafe926-15b0-4a8d-b67a-ddf05d288dcc,Nicole,Palmer,nicole_palmer@gmail.com,+1 672 694 3410,CH,Europe,New Paula,F,Family,2019-06-22 15:55:34,Basic,SMS,False,English,Mastercard,,OTA Referral
0f358a77-84ee-4af3-a83d-3e2e6cbad8ec,Maurice,Richardson,maurice.richardson@gmail.com,+1 959 634 8949,CA,North America,Wendyfurt,M,Leisure,2020-10-17 18:03:14,Basic,Email,True,English,Visa,,Phone Booking
55941361-ade2-48cb-905c-30372414d880,Guy,Fletcher,guy.fletcher@gmail.com,+1 387 716 1259,CA,North America,Fionahaven,M,Leisure,2023-05-22 14:00:21,Silver,Email,False,English,Visa,,Corporate Contract
038af197-9c8e-4c8c-975d-24330e575f07,花子,佐藤,花子_佐藤@gmail.com,+81 680 941 5414,JP,Asia Pacific,New Damian,F,Group,2024-03-10 13:46:44,Non-Member,SMS,True,Japanese,Mastercard,,Website Direct
e748e26e-33d2-4130-963c-2c26ba4adfc1,Bradley,Brady,bradley.brady@gmail.com,+1 516 874 6559,NL,Europe,Port Cameron,M,Business,2023-08-22 17:07:50,Basic,Email,True,English,PayPal,,Walk-in
89ef5e15-e3dc-49e0-90ac-4e3414487c6f,Suzanne,Ali,sali@oscorp.com,+1 350 388 9896,MX,North America,South Anthonyton,F,Business,2019-01-28 11:21:18,Silver,SMS,False,English,Mastercard,,Walk-in
b3bac942-64c5-4e1d-89cb-07f86da3c576,Glenn,West,glenn.west@gmail.com,+1 499 253 6845,MX,North America,Gailmouth,M,Leisure,2020-11-04 18:11:06,Silver,Both,True,English,Visa,"Late Check-out, Non-smoking",Walk-in
2bb1304b-60c7-46c7-92d3-102f52afaede,Barbara,Norman,bnorman@waynecorp.com,(305) 581-4391,US,North America,Leonardmouth,F,Business,2019-07-26 14:42:44,Basic,Email,False,English,Visa,,Walk-in
5e4b9bf7-efd8-4741-a74e-2e287c6c209c,Kieran,Scott,kierans@outlook.com,+1 765 365 1998,MX,North America,New Bruce,M,Leisure,2023-01-29 14:26:32,Silver,Email,False,English,Visa,,Phone Booking
efd97991-6322-4e26-b699-68549538b09c,涼平,森,涼森@gmail.com,+81 482 172 2595,JP,Asia Pacific,East Timothy,M,Leisure,2019-06-21 01:15:09,Silver,Both,False,Japanese,PayPal,,Walk-in
46e71517-e9b5-4227-8933-3c04c4f56535,Pascuala,Quero,guest@email.com,+1 682 323 6441,ES,Europe,Álava,F,Business,2021-01-26 22:36:07,Gold,None,True,Spanish,Visa,,Phone Booking
e53df649-a7fe-450b-b83a-d224304bda8d,冬梅,张,冬梅_张@waynecorp.com,350 9946 5617,CN,Asia Pacific,Hammondland,F,Business,2023-08-15 06:40:52,Gold,Email,True,Chinese,Apple Pay,"Wheelchair Accessible, Non-smoking",OTA Referral
d38d6549-7c74-4812-b031-c7c944c223bd,Elliott,Page,elliott_page@cyberdyne.com,+91 771 205 7398,IN,Asia Pacific,South Gailberg,M,Business,2019-11-13 03:04:57,Basic,Email,True,English,Mastercard,,Corporate Contract
b0b39f82-5a24-4304-be40-6ef3eb0b0c04,Gordon,Gregory,gordong@outlook.com,346-807-9324,US,North America,Ryanmouth,M,Leisure,2021-12-12 20:28:06,Non-Member,Email,True,English,Visa,,Website Direct
35046b73-02d1-47dc-82c2-40f16c8033c3,Beth,Law,bethl@icloud.com,+1 258 490 7980,MX,North America,North Rosieville,F,Leisure,2022-08-12 04:29:07,Silver,Email,False,English,PayPal,,Phone Booking
fb4dc46f-a31b-4c93-8f71-74ecb0546a17,William,Brown,test@test.com,+1 982 472 5331,CA,North America,Gillianshire,M,Business,2020-06-30 13:12:30,Non-Member,Email,True,English,American Express,,Website Direct
6a371370-b5a8-464e-a6e7-3caf1baa0562,Nicholas,Harding,nicholash@outlook.com,+1 448 500 3220,MX,North America,Shaunstad,M,Leisure,2023-07-07 21:19:08,Platinum,Email,True,English,Mastercard,,Corporate Contract
95cc283d-279a-42f0-82b8-14c7643cf565,Giovanna,Pacheco,giovanna_pacheco@gmail.com,+55 400 365 2605,BR,South America,Jonathanburgh,F,Business,2023-02-01 19:40:45,Basic,Email,True,Portuguese,Mastercard,,Walk-in
38909f27-dc72-4d26-bdff-cd86a091e8dd,Irene,Jones,ijones@gmail.com,+1 146 921 1369,CH,Europe,Samview,F,Family,2021-01-30 01:10:57,Silver,SMS,False,English,Mastercard,,Walk-in
10cc34f7-55cd-42be-ac4e-7ae3f7b3ffc9,نجدت,آل بن ظافر,نجدت13@gmail.com,+1 351 527 8463,SA,Middle East,Turnertown,M,Leisure,2022-04-28 13:20:45,Non-Member,SMS,False,Arabic,Apple Pay,,Walk-in
176045ce-d9e7-4af6-b99a-90f216cc96e2,京助,田中,京田中@outlook.com,+81 788 624 1198,JP,Asia Pacific,Chamberlainshire,M,Leisure,2024-08-22 19:35:51,Non-Member,SMS,True,Japanese,Apple Pay,,Walk-in
d85deb24-13e7-478c-97ca-8a8939f066a5,Martin,Humphries,guest@email.com,+1 113 146 3537,MX,North America,South Judithfurt,M,Family,2024-08-21 19:17:51,Basic,Email,True,English,Mastercard,,Phone Booking
82d54517-7383-46c8-bb94-ee003552530b,Damien,Dale,damien.dale@outlook.com,+61 610 474 7856,AU,Asia Pacific,Ellisland,M,Leisure,2024-05-16 12:37:38,Basic,Email,True,English,Visa,Non-smoking,Website Direct
62d0eee2-b138-45f8-8107-05d18ffe553c,Kim,Morris,kim7@gmail.com,+1 657 968 2421,MX,North America,New Jeremy,F,Family,2024-04-26 17:49:31,Basic,Email,True,English,Mastercard,"Non-smoking, Late Check-out",Phone Booking
c2711f9c-45b9-492b-9bc4-1d8128a7291d,あすか,山崎,あ山崎@gmail.com,+81 818 482 6779,JP,Asia Pacific,South Bethanchester,F,Leisure,2020-10-05 21:45:42,Silver,Both,True,Japanese,American Express,Late Check-out,Walk-in
338a6278-9d52-42d0-a7e1-7fec37a68aeb,Leoncio,Ariño,leoncio_ariño@gmail.com,+1 797 251 6725,ES,Europe,Badajoz,M,Business,2019-09-20 23:42:41,Gold,SMS,False,Spanish,Visa,,Walk-in
3f6a976a-cfc2-4e23-8106-9af1f3114a74,Christos,Hiller,christos_hiller@gmail.com,+49 647 917439,DE,Europe,Klötze,M,Leisure,2022-02-25 17:56:05,Platinum,Email,False,German,Visa,,Phone Booking
e5ab2b71-ba76-4073-ade9-982e81849c99,Henner,Gnatz,henner.gnatz@outlook.com,+49 9166/991380,DE,Europe,Heiligenstadt,M,Leisure,2024-09-30 11:21:51,Gold,Email,True,German,Visa,,Corporate Contract
d8125654-0966-4d5f-b446-c39bafac1dd0,Lauren,Ward,lauren.ward@gmail.com,+1 212 265 4862,CH,Europe,Byrneport,F,Leisure,2020-08-30 10:40:14,Non-Member,SMS,True,English,Apple Pay,,Corporate Contract
4210d5b6-9cac-4b98-a059-2cb6cc67b48f,Kieran,Webb,kieranw@yahoo.com,+1 655 709 4323,QA,Middle East,New Kimberleyview,M,Group,2020-02-20 13:16:33,Platinum,Email,False,English,Mastercard,,Corporate Contract
96539e09-edfa-412f-8839-c0f56daacee1,Kirsty,Cunningham,kirstyc@initech.com,+1 476 887 2401,CH,Europe,Hobbsstad,F,Business,2024-03-07 18:47:14,Silver,Email,False,English,Apple Pay,,Walk-in
5c19a061-fff3-45db-bc0b-10b6462b8d5b,Geraldine,Green,geraldine52@icloud.com,+1 615 149 5810,CA,North America,Kempberg,F,Leisure,2024-02-09 08:01:58,Basic,Email,True,English,PayPal,High Floor,Website Direct
4c7f0b30-043c-4b7a-98f8-b76a499b49da,Kate,Yates,kate_yates@starkindustries.com,+91 943 956 5923,IN,Asia Pacific,Lake Hayley,F,Business,2022-11-02 11:07:47,Basic,Email,False,English,Mastercard,,Corporate Contract
dbcb30b2-7f30-46a2-a778-aff12ac44064,June,Kay,junek@gmail.com,+1 412 408 4299,CH,Europe,East Glenn,F,Family,2021-10-13 04:09:37,Basic,Email,False,English,Mastercard,,Phone Booking
f30638ae-3f7c-42d2-af9d-6b3c97f1beb5,Barry,Bennett,barry_bennett@outlook.com,+1 272 588 8085,SE,Europe,South Georgefort,M,Leisure,2024-08-24 19:23:08,Basic,Email,True,English,Mastercard,,Corporate Contract
299ba626-a47c-4411-b291-b75f0fbe4668,도윤,이,도이@gmail.com,+1 253 192 5222,KR,Asia Pacific,Burtonfort,M,Leisure,2019-06-23 20:09:34,Silver,Email,True,Korean,Visa,,Phone Booking
ba4b43ce-23a7-4ca7-ba72-76b66445448f,병철,노,병노@gmail.com,+1 244 966 1348,KR,Asia Pacific,Claytontown,M,Leisure,2024-12-10 21:13:23,Basic,Email,False,Korean,American Express,,Corporate Contract
c4f7c4fd-3100-4cdd-ac92-b168a88df912,Adrian,Roberts,adrian_roberts@gmail.com,+1 870 935 3313,TH,Asia Pacific,South Jeffrey,M,Group,2022-02-11 15:44:26,Non-Member,Email,False,English,Apple Pay,,Phone Booking
bc863f74-23aa-4eaa-be2a-9ffe5fe73c90,彬,汪,彬80@outlook.com,478 3219 9723,CN,Asia Pacific,Joshton,M,Business,2023-01-26 19:46:48,Basic,Email,False,Chinese,American Express,,Corporate Contract
972fd131-7e59-4403-a5c4-1f1fde05475b,明美,吉田,明美_吉田@yahoo.com,+81 321 916 2727,JP,Asia Pacific,Julianbury,F,Leisure,2023-03-05 16:26:02,Gold,Email,True,Japanese,Visa,,Website Direct
76cbbb81-dd50-42f1-8737-65dedd74ae06,Melanie,Andrews,melanie28@outlook.com,000-000-0000,GB,Europe,Ronaldport,F,Leisure,2020-08-05 20:47:00,Gold,Both,False,English,Visa,,Corporate Contract
ab504474-a57e-443b-9a6c-d75fcedafc89,Louise,Phillips,lphillips@oscorp.com,000-000-0000,MX,North America,South Peterstad,F,Business,2023-11-21 07:22:55,Non-Member,Both,False,English,Visa,,Website Direct
327b7716-a07a-46ec-849f-95268d5ebca1,Eleanor,Jennings,ejennings@outlook.com,+44 0184 397781,GB,Europe,Smithview,F,Leisure,2022-09-03 20:10:20,Basic,Email,True,English,Visa,,Walk-in
05f83748-ed49-454b-8274-5b97a4a8f9bc,Charlie,Bolton,charlie.bolton@outlook.com,+1 397 547 3445,EG,Africa,East Patrickview,M,Business,2022-09-01 14:03:58,Silver,Email,True,English,Mastercard,,Walk-in
efb903ae-55e4-417d-9bbb-5cf6da697a0f,Patricia,Read,patriciar@globex.com,+44 5842 118391,GB,Europe,Rogerchester,F,Business,2023-06-16 00:03:12,Basic,SMS,True,English,Visa,,Phone Booking
7eca6f38-ceb1-482b-8d4d-8658081f41c3,Sandra,Sullivan,sandras@hotmail.com,454-566-4690,US,North America,Riceborough,F,Leisure,2022-05-16 13:18:12,Non-Member,Email,True,English,Visa,,Website Direct
9863959b-7162-4828-ac32-452bb2aa5ebe,Naomi,Chapman,naomi94@acme.com,+61 693 347 8745,AU,Asia Pacific,Barrettville,F,Business,2019-01-18 12:11:15,Basic,SMS,True,English,Visa,,Website Direct
95bf416f-2b43-4f2d-8c22-640d1abfa2a5,Luitgard,Löwer,luitgard62@gmail.com,+49 946 963593,DE,Europe,Büsingen am Hochrhein,F,Leisure,2022-02-26 10:15:39,Basic,SMS,True,German,Apple Pay,,Walk-in
aea47267-2364-4042-93cb-476d32349051,Nicholas,Stephens,nicholas.stephens@hotmail.com,(301) 704-5473,US,North America,East Alexandra,M,Family,2019-04-19 19:14:51,Silver,Email,False,English,Mastercard,,OTA Referral
9fe1525e-7edc-4cf5-ad56-0bdf42ac43c2,Elizabeth,Thompson,elizabeth_thompson@waynecorp.com,+1 514 267 8619,NL,Europe,North Ellieborough,F,Business,2019-12-30 01:37:30,Platinum,Both,True,English,Mastercard,,Phone Booking
bdb13c1c-fe22-4e4f-ae73-469dd7076123,Étienne,Rivière,étienne_rivière@oscorp.com,+33 632 859 1881,FR,Europe,Besnard,M,Business,2021-01-31 07:30:10,Silver,Email,True,French,American Express,,OTA Referral
9a6fa3f5-2f94-4695-8198-641868b9cbfb,Amelia,Campbell,amelia_campbell@gmail.com,+1 789 801 9406,CA,North America,West Oliverland,F,Leisure,2023-01-31 15:49:52,Basic,Email,False,English,PayPal,,OTA Referral
a68d78f0-f808-4f28-9426-99022e54e1d4,Tonino,Liguori,tonino.liguori@icloud.com,+1 950 707 3163,IT,Europe,Morterone,M,Family,2020-12-23 20:26:15,Platinum,Email,True,Italian,Visa,,Corporate Contract
fe711fc3-84f3-43a7-8f2e-60d2a6abe168,Marcelo,Escolano,mescolano@icloud.com,+1 886 868 4063,ES,Europe,Madrid,M,Leisure,2020-07-17 23:29:11,Basic,Email,True,Spanish,Mastercard,,Walk-in
600823e7-d503-41b1-ae2b-c50fba553eb9,文,刘,文_刘@outlook.com,+86 335 1687 317,CN,Asia Pacific,East Samuel,M,Leisure,2022-11-11 09:46:07,Basic,Email,True,Chinese,Visa,"High Floor, Allergies",Walk-in
e29d7ed1-4d0a-4ab4-b54e-0fa999ebd5ec,Ibán,Alonso,ibán.alonso@gmail.com,+1 149 725 6580,ES,Europe,Girona,M,Leisure,2024-11-04 17:20:35,Basic,Email,True,Spanish,Mastercard,,Walk-in
de3145a7-f66f-44d1-a8fc-0fb9cddf0453,柳,狄,柳狄@cyberdyne.com,162 0841 5788,CN,Asia Pacific,South Lauren,F,Business,2022-07-06 16:59:30,Silver,SMS,True,Chinese,Visa,,Walk-in
f2ae6119-3ab2-4dfd-a764-96b58b7fad28,Linus,Kruschwitz,lkruschwitz@outlook.com,+49 163 640775,DE,Europe,Kamenz,M,Family,2022-03-27 11:59:06,Non-Member,Email,True,German,American Express,,Website Direct
19319829-d2d3-41f4-8c08-518c017cae6a,Stephanie,Hill,stephanieh@outlook.com,+1 779 800 4864,MX,North America,South Mohammedburgh,F,Group,2024-08-14 11:27:10,Silver,Email,True,English,Mastercard,,Phone Booking
f5d43581-b547-4801-beac-58d20b3aff25,بشرى,الحجار,بشرى_الحجار@gmail.com,+1 443 149 1007,SA,Middle East,Pagemouth,F,Leisure,2020-05-19 03:26:09,Non-Member,Email,True,Arabic,Mastercard,,Phone Booking
af6507bb-dfc9-40ed-9718-1eb76f951a05,Alison,Powell,alisonp@umbrellacorp.com,+1 194 591 6545,MX,North America,Lake Martyn,F,Business,2022-07-08 00:16:06,Basic,Email,True,English,Apple Pay,,Walk-in
3716b7cb-a268-4fda-aa2f-ecd8e2fc905e,Jade,Thomas,jade19@gmail.com,+1 438 836 1605,MX,North America,Joannaville,F,Leisure,2024-03-17 05:20:19,Non-Member,Email,True,English,Mastercard,"Early Check-in, Non-smoking",Walk-in
7be76835-dfe9-4fea-8377-4c3613dd3a75,Abbie,James,ajames@gmail.com,826-648-2236,US,North America,New Patricia,F,Leisure,2024-04-09 00:06:25,Basic,Email,False,English,Mastercard,,Website Direct
5269d71b-aad4-4c2f-98e1-ad18417fd40f,畅,王,畅_王@gmail.com,032 3918 5672,CN,Asia Pacific,South Dennisfort,F,Group,2021-06-09 22:46:21,Silver,SMS,True,Chinese,American Express,,Walk-in
2db5d1c9-bd7c-4146-90b6-927fb36d0d38,Rosie,Talbot,rtalbot@acme.com,+1 476 702 3473,CA,North America,Geraldland,F,Business,2022-08-26 11:09:54,Silver,Email,True,English,Apple Pay,,Walk-in
2e7f2128-8a72-4a2e-835d-e618f551e6e5,상훈,한,상훈22@starkindustries.com,+1 494 921 6000,KR,Asia Pacific,West Amymouth,M,Business,2021-11-05 11:57:50,Platinum,Email,False,Korean,Mastercard,,Phone Booking
7729daa3-b62e-43b9-b1b1-dbfe1bebe241,康弘,加藤,康加藤@gmail.com,+81 633 819 5041,JP,Asia Pacific,New Naomi,M,Business,2021-01-17 06:02:00,Platinum,Email,False,Japanese,Mastercard,,Phone Booking
bfdf2a9e-b823-4555-9147-896ab1c0d97b,Alison,Doherty,alison_doherty@dummycorp.com,+61 444 275 6077,AU,Asia Pacific,New Jodiehaven,F,Business,2021-01-15 18:34:26,Basic,SMS,True,English,Visa,,OTA Referral
57fbc3a6-9546-4d3d-afcc-8da4bad498e9,Hilary,Shah,hilary47@icloud.com,+1 251 965 6833,CA,North America,Bartlettport,F,Business,2024-10-30 23:58:48,Basic,Email,True,English,Visa,,Corporate Contract
baefed61-afc0-464a-b165-d0c25b3d36a2,Hilary,Gallagher,guest@email.com,+1 927 887 8239,CA,North America,Angelaburgh,F,Business,2019-10-29 23:24:48,Gold,Email,True,English,Mastercard,Wheelchair Accessible,Corporate Contract
b8e959f5-8de7-4529-806f-7b85891e2940,Kenneth,Blake,kennethb@gmail.com,+1 642 281 8041,SG,Asia Pacific,Abbottfort,M,Leisure,2023-05-24 17:24:47,Non-Member,SMS,True,English,Visa,Wheelchair Accessible,Website Direct
eaf03139-d8f3-498a-b8c6-aef5246e5356,Harriet,Price,harriet.price@outlook.com,,TH,Asia Pacific,Maureenburgh,F,Leisure,2020-04-02 04:38:00,Non-Member,SMS,True,English,Mastercard,"Wheelchair Accessible, Late Check-out",Corporate Contract
cc57bb6b-ab6c-4674-b9d0-0a23d51fe069,Michelle,Campbell,mcampbell@gmail.com,+1 944 752 6342,CA,North America,West Suzannechester,F,Leisure,2019-02-25 17:33:20,Gold,Email,False,English,Visa,"Early Check-in, High Floor",OTA Referral
d2e5978a-14d6-4db8-a922-497f6b49ab88,Cebrián,Asensio,cebrián_asensio@gmail.com,+1 228 320 5310,ES,Europe,Badajoz,M,Family,2023-07-27 00:52:53,Non-Member,Email,True,Spanish,Visa,High Floor,Walk-in
5f136ea3-94a3-452e-a10e-1fe01e9d82eb,Sian,Holland,sian.holland@outlook.com,,US,North America,Chanshire,F,Family,2022-01-05 01:43:44,Gold,SMS,True,English,Visa,,Corporate Contract
7e84c2e1-41dd-42ed-b274-67f5c9493a9f,Michelle,Smith,michelle_smith@globex.com,+1 817 468 2605,KW,Middle East,Turnerburgh,F,Business,2022-02-07 18:59:25,Silver,Email,False,English,Apple Pay,"High Floor, Early Check-in",Website Direct
3584c510-7535-418e-b7ef-c6f82c54f2ad,Oliver,Collins,test@test.com,+44 8790 207165,GB,Europe,Jeremyview,M,Business,2021-10-26 18:42:50,Basic,Email,True,English,Visa,,Website Direct
c5f43071-d25f-453d-884f-28eabfc3aee1,Frank,Davis,frankd@initech.com,+1 350 766 3052,CA,North America,East Georgiastad,M,Business,2019-09-24 05:00:44,Gold,Email,True,English,Visa,,Corporate Contract
65a786f8-cc1f-40e9-b129-fbd162b7f4fe,Jessica,Preston,jessica_preston@gmail.com,800-937-7613,US,North America,North Clive,F,Leisure,2022-02-06 23:15:05,Basic,Both,True,English,Visa,"High Floor, Non-smoking",Website Direct
a2987bbf-4cae-432a-bc29-434a05264fa2,Terence,Carter,terence.carter@waynecorp.com,+1 280 901 4731,SG,Asia Pacific,Vincentton,M,Business,2024-05-01 22:32:32,Non-Member,Email,True,English,Visa,,Phone Booking
38e474a7-0978-4038-ad42-54d4db63cda3,Marc,Hurst,marc_hurst@gmail.com,+91 249 209 5084,IN,Asia Pacific,Arthurfurt,M,Group,2021-01-05 20:22:52,Silver,Email,True,English,American Express,,OTA Referral
a2c5d346-dd2b-42b6-b745-c3885e0e1c51,Meike,Killer,test@test.com,+49 2611/462649,DE,Europe,Illertissen,F,Leisure,2020-11-23 22:39:06,Platinum,Email,True,German,Visa,,Corporate Contract
675604bb-e1f2-4315-a94d-f419a6d37040,Victoria,Ryan,victoria_ryan@tyrellcorp.com,+1 103 963 6936,CA,North America,North Carolineside,F,Business,2020-06-10 15:11:03,Silver,Email,True,English,Visa,,Walk-in
df639e8a-7087-48e4-bcfd-cfa98e141ac7,千代,渡辺,千代渡@gmail.com,+81 627 613 1728,JP,Asia Pacific,New Frank,F,Leisure,2020-10-03 05:52:41,Silver,SMS,False,Japanese,Visa,,Website Direct
7c718990-39fa-4e60-acdf-e90c8aac61d4,Jose Miguel,Iniesta,jose migueli@gmail.com,+1 315 803 2010,ES,Europe,Guipúzcoa,M,Leisure,2020-07-09 15:08:43,Non-Member,SMS,True,Spanish,American Express,,Website Direct
f4637dfa-a2e2-409b-b9e9-f3b04babe30a,Jacqueline,Read,jacqueline.read@cyberdyne.com,+1 431 492 8814,MX,North America,Lake Gemmatown,F,Business,2021-11-11 07:42:38,Non-Member,SMS,True,English,American Express,,OTA Referral
c8cf6c3a-11ba-491c-8c28-974b86e6d783,Brenda,Hope,brenda39@hotmail.com,(195) 819-0884,US,North America,West Katy,F,Family,2024-07-02 12:56:36,Basic,Email,True,English,Visa,,OTA Referral
4b71828e-7ade-4111-81cd-fd5bda56d689,Yves,Hernandez,yves_hernandez@gmail.com,,FR,Europe,Saint Daniel-la-Forêt,M,Leisure,2021-06-19 04:46:08,Silver,Email,False,French,American Express,,Walk-in
0e64d7bc-edd1-4561-b3bf-4a5d8e756dae,Jemma,Fox,jemma.fox@oscorp.com,+1 186 409 2879,CH,Europe,Joycefurt,F,Business,2023-02-04 16:22:44,Basic,Email,True,English,Apple Pay,,Walk-in
1213ac8f-b59a-41b9-9167-14945b93b244,Paige,Anderson,paigea@gmail.com,+1 517 850 5745,QA,Middle East,West Joshview,F,Business,2020-01-31 00:57:44,Silver,Both,False,English,Visa,,Phone Booking
0b11efc8-9428-4279-ab18-8c31dfadf74e,Jörgen,Salz,jsalz@globex.com,+49 8320/962361,DE,Europe,Burg,M,Business,2022-01-04 04:49:25,Gold,Email,False,German,American Express,,Website Direct
fbbf5358-d1ea-4abd-900d-8fc4133e8ca0,Éric,Martins,émartins@hotmail.com,+33 765 153 7843,FR,Europe,Saint René,M,Business,2023-09-14 05:52:54,Non-Member,SMS,True,French,Mastercard,,Phone Booking
30739f60-a04b-4703-8fb5-92b708cee8f8,Bethany,Gilbert,bethany.gilbert@gmail.com,124-230-0265,US,North America,Port Lauren,F,Leisure,2023-10-30 00:44:03,Non-Member,Email,True,English,PayPal,,Phone Booking
b486590c-e130-41c2-933c-f419a7cb5445,陽子,清水,陽子.清水@acme.com,+81 270 851 2978,JP,Asia Pacific,Port Eleanorborough,F,Business,2024-07-23 15:40:15,Basic,Email,False,Japanese,Mastercard,,Corporate Contract
45b53d96-ce52-4ceb-99e6-376fa267c6d6,Slavko,Jopich,slavko_jopich@gmail.com,+49 709 770167,DE,Europe,Worbis,M,Leisure,2019-12-02 04:01:48,Silver,Email,True,German,Mastercard,,Walk-in
327399c3-12f4-44ca-9005-4c38001cbbbd,Michael,Chambers,michaelc@outlook.com,+91 582 786 5773,IN,Asia Pacific,Wilkinsonfurt,M,Leisure,2022-07-14 00:28:40,Platinum,SMS,True,English,Visa,,Website Direct
14dae692-f133-4b82-9fd2-c35aa272b6b6,Eckhart,Mielcarek,eckhart20@globex.com,+49 6504/394983,DE,Europe,Schwäbisch Hall,M,Business,2019-06-26 06:08:07,Gold,Email,False,German,American Express,,OTA Referral
4d13b9f5-972c-4c99-aabc-45741bb843ff,Connor,Clements,connor64@gmail.com,+1 924 848 9188,CA,North America,Dixonborough,M,Business,2021-12-14 06:52:30,Non-Member,Email,True,English,Mastercard,,Phone Booking
57275add-ce67-4e81-bbeb-a58c9456cb73,Leanne,Higgins,lhiggins@outlook.com,+1 631 665 4480,MX,North America,Gillhaven,F,Leisure,2023-03-10 20:46:12,Non-Member,SMS,True,English,Mastercard,,Walk-in
0d9f34e2-cd13-4459-b48c-ecd88f8a037f,Jacqueline,White,jacquelinew@gmail.com,(271) 996-5156,US,North America,Birdmouth,F,Leisure,2023-07-01 07:10:10,Silver,Both,False,English,American Express,,Phone Booking
9c255d02-318a-4967-b2bf-bb92ee4d26b8,Henry,Shaw,hshaw@starkindustries.com,+1 216 667 8714,NL,Europe,North Beverley,M,Business,2024-04-16 21:30:30,Platinum,Email,False,English,American Express,,Walk-in
8e74d02a-0bcd-477b-9200-d8056017c8df,Jordán,Llorens,jllorens@outlook.com,+1 390 931 4850,ES,Europe,Baleares,M,Leisure,2020-11-19 22:30:15,Non-Member,Email,True,Spanish,American Express,,Walk-in
52ea2f7e-4ea0-4ad8-8677-f5901b402fda,Graeme,Chapman,graeme.chapman@yahoo.com,000-000-0000,MX,North America,South Sarah,M,Leisure,2023-06-20 15:40:47,Non-Member,Email,True,English,Mastercard,High Floor,OTA Referral
da7ebe6a-56ce-4d85-8de7-6c55747b399e,Alan,Tyler,alan57@yahoo.com,+1 383 975 6727,CA,North America,Lake Rachel,M,Leisure,2020-06-04 14:01:18,Non-Member,Email,True,English,American Express,,Corporate Contract
22d40df7-2a53-459e-b85a-a517880165df,Teresa,Bates,guest@email.com,+1 128 952 3957,MX,North America,Hollandbury,F,Family,2024-01-20 17:28:34,Non-Member,Email,True,English,PayPal,,Website Direct
b06549dd-25bf-4a70-8e14-ee89a9f2ed0c,Ravi,da Luz,rda luz@gmail.com,+55 100 696 6161,BR,South America,Port Rosemary,M,Leisure,2022-06-17 08:41:57,Basic,Email,False,Portuguese,Mastercard,,Walk-in
bfdc80f6-f55b-40d8-814b-dd398ee8af9f,Jeremy,Bates,jeremy45@gmail.com,+91 170 272 9537,IN,Asia Pacific,West Frances,M,Leisure,2021-11-10 15:19:11,Silver,Email,True,English,Mastercard,,Website Direct
41702b09-ae1f-4b5f-9206-f0fa67b1982f,Stewart,Brown,stewart.brown@acme.com,+1 937 475 1580,CA,North America,Zoestad,M,Business,2022-07-13 23:22:40,Silver,Email,True,English,Apple Pay,,Corporate Contract
7ae62cad-3c9d-498a-9308-4d6e18fa84f3,Joseph,Jones,joseph_jones@outlook.com,+1 631 943 8188,CA,North America,South Reece,M,Family,2023-07-10 15:28:11,Gold,SMS,True,English,Apple Pay,,OTA Referral
b673d3e1-c9e1-4778-8462-0ddbcaa8e0e2,Maria,Harris,maria42@icloud.com,+1 320 804 7355,CH,Europe,Bellstad,F,Group,2022-05-22 04:44:01,Basic,Email,True,English,American Express,,OTA Referral
c4824557-8a9e-4374-a32b-606bcfec6dab,Gavin,Nash,gavin65@outlook.com,+1 782 600 5886,CH,Europe,Carolineberg,M,Leisure,2022-01-24 10:45:23,Basic,Email,True,English,American Express,,Phone Booking
0de6f561-2bfe-40fd-9917-7177508ba570,慧,陆,慧.陆@gmail.com,796 5222 8488,CN,Asia Pacific,Lyonshaven,F,Leisure,2021-06-07 01:06:06,Basic,Email,False,Chinese,PayPal,,Website Direct
2c6ad0f3-1084-4ec7-9f24-70af635b28ed,Denise,Yates,denisey@outlook.com,+1 553 291 1382,TH,Asia Pacific,Port Sophie,F,Leisure,2021-07-15 23:33:03,Platinum,Email,False,English,Apple Pay,,OTA Referral
a01aae74-7de1-47ce-8f02-e7f88626e1d1,Jennifer,Robinson,jenniferr@gmail.com,271-895-5757,US,North America,Baileyshire,F,Group,2023-04-30 09:46:58,Silver,Email,True,English,Apple Pay,,Corporate Contract
724fd2be-54f3-440f-af96-be67abddb819,Sam,Shah,sam.shah@yahoo.com,2052 972 5030,GB,Europe,New Philip,M,Group,2020-06-07 19:54:10,Basic,Both,False,English,Mastercard,,OTA Referral
284f0372-dad1-499d-bc12-a1e924656d9f,Henri,Poulain,hpoulain@hotmail.com,+33 740 497 9991,FR,Europe,Poulain-la-Forêt,M,Business,2019-04-26 18:53:04,Non-Member,SMS,True,French,Visa,,Website Direct
81afe17b-6071-4a7f-8ef6-22de048e8729,Holly,Hall,holly_hall@starkindustries.com,+1 325 288 1490,MX,North America,North Bethany,F,Business,2023-08-14 07:16:04,Silver,Email,True,English,Mastercard,,Website Direct
53c9fe16-14bd-45bd-8fe2-de28e27fda4e,Kim,Green,kim_green@gmail.com,+1 306 267 8746,CA,North America,East Marcustown,F,Leisure,2020-08-28 00:14:24,Silver,SMS,True,English,PayPal,,Corporate Contract
f68df0ec-ef14-4075-a95f-a4be8a9e2663,Frank,Jarvis,frankj@cyberdyne.com,722-547-6664,US,North America,Kirstyburgh,M,Business,2021-07-30 19:34:59,Basic,SMS,True,English,Visa,,Phone Booking
0fe2a953-ff14-440a-adf1-0cfc9c8fd0bf,Tony,Stokes,tstokes@gmail.com,126-141-9937,US,North America,Lake Ben,M,Leisure,2022-09-16 05:18:56,Silver,SMS,False,English,American Express,,Website Direct
f6d371c2-28e3-438c-a78b-0454bacaab56,Guy,Sullivan,guys@gmail.com,0298 224 3579,GB,Europe,Hazeltown,M,Leisure,2021-09-16 22:23:37,Platinum,Email,True,English,Mastercard,,Phone Booking
8187d27c-ea13-4fda-88cc-d933d4688d29,Claudia,Espejo,cespejo@initech.com,+1 226 800 4903,ES,Europe,Soria,F,Business,2022-01-27 06:45:49,Basic,SMS,False,Spanish,Visa,,Walk-in
6eca6f9f-183d-42fe-b4f0-b987a848e913,Declan,Sanders,dsanders@hotmail.com,(891) 450-1835,US,North America,West Samuelshire,M,Leisure,2019-06-17 22:14:37,Basic,Email,True,English,Visa,,OTA Referral
bb19ee23-baff-491b-a1d1-a7f8ce570c44,Keith,Scott,keith.scott@outlook.com,+1 439 925 5055,SG,Asia Pacific,West Mariaside,M,Leisure,2022-12-24 21:22:46,Gold,Email,True,English,Apple Pay,,Corporate Contract
c3e5e725-252b-46d7-a047-3cec76253100,José,Vargas,josé.vargas@hotmail.com,+55 212 937 4722,BR,South America,Thomashaven,M,Leisure,2023-05-02 11:39:32,Non-Member,SMS,True,Portuguese,Visa,,Walk-in
fe1d2912-34be-4828-9a0b-f599b5b3c592,Jay,Watkins,jay96@acme.com,+1 214 968 9663,MX,North America,Port Janetbury,M,Business,2019-09-06 07:08:26,Platinum,Email,True,English,Mastercard,,Phone Booking
f2e77d85-947e-4824-9299-5da873734757,Carolina,Samele,carolina_samele@gmail.com,+1 895 474 8213,IT,Europe,Melissa,F,Business,2019-08-30 13:04:53,Platinum,SMS,False,Italian,Visa,,Phone Booking
ee9f9583-43ad-42c8-a0ee-8871068e4b95,Marcus,Booth,marcus13@gmail.com,+1 166 212 3809,MX,North America,Mauriceberg,M,Leisure,2024-01-15 17:22:19,Non-Member,Email,True,English,Mastercard,,Website Direct
cb7bf817-fb16-46c8-bb31-6fcfc0d0b08b,Guy,Sinclair,guy61@oscorp.com,+1 151 512 3714,SG,Asia Pacific,Lake Stephenstad,M,Business,2019-04-01 20:35:00,Gold,Email,False,English,Mastercard,,OTA Referral
63d6ab83-fd42-4a4e-8f06-37fca2f7253d,Natalie,Phillips,natalie_phillips@gmail.com,9402 818 5795,GB,Europe,West Jodiemouth,F,Leisure,2022-03-11 14:18:14,Basic,Email,True,English,Visa,,Phone Booking
d4364cb2-9e6f-4de8-a7ad-24d441c79465,Mathew,Richards,mathew11@outlook.com,+1 658 894 6150,NL,Europe,East Aimeeborough,M,Group,2019-01-16 16:31:31,Silver,Email,False,English,Visa,,Corporate Contract
814130a0-d7f3-4f46-bf97-2b0b91f23231,Luisa,Casadei,luisa25@gmail.com,+1 956 888 8850,IT,Europe,Pontepietra,F,Business,2021-12-17 02:17:04,Non-Member,Email,False,Italian,American Express,,Website Direct
439ef27d-9420-4dde-b9fa-3fc60556fd33,Samantha,Watson,samanthaw@outlook.com,641-116-2063,US,North America,Port Melissa,F,Business,2023-03-24 14:16:05,Basic,Email,True,English,Visa,,Corporate Contract
38d74841-1d0a-419b-927e-dbf1d5351599,Kevin,Taylor,kevin.taylor@gmail.com,000-000-0000,CO,South America,South Bryanstad,M,Group,2020-01-06 16:53:22,Gold,Both,True,English,Visa,,OTA Referral
b445fdc0-bb63-4e95-9c32-f2de786e852e,楠,袁,楠93@initech.com,435 6236 2470,CN,Asia Pacific,North Rosieberg,M,Business,2019-06-20 13:06:35,Silver,SMS,True,Chinese,Mastercard,,Walk-in
9426b0b3-8f03-4db7-aa7b-50dcefcd0e5f,Marc,Cameron,marc93@outlook.com,+1 848 844 7341,CH,Europe,Newtonburgh,M,Leisure,2023-02-14 09:38:19,Basic,Email,True,English,Visa,,Website Direct
678541da-7271-4a8d-83ca-abcfcc20acfd,Julia,Lawrence,julial@icloud.com,,MX,North America,Lake Bryan,F,Leisure,2023-08-19 19:35:12,Non-Member,Email,True,English,Apple Pay,,OTA Referral
3dbb98fd-e9f8-46bf-8b4b-2dde384d6113,Hakan,Trapp,hakan71@gmail.com,+49 662 657637,DE,Europe,Pegnitz,M,Leisure,2022-02-19 04:54:24,Non-Member,Email,False,German,Mastercard,,Walk-in
25b4805c-f921-4dad-a75b-7d8db6dda552,Hannah,Thomas,hthomas@starkindustries.com,+1 616 200 4939,NL,Europe,North Aaronhaven,F,Business,2019-02-12 22:32:11,Gold,SMS,True,English,Visa,,OTA Referral
8944b1b2-6b0c-4b62-b6b1-100593caa63e,Francesca,Khan,francesca.khan@yahoo.com,+1 339 338 5977,MX,North America,Evansmouth,F,Group,2021-03-01 13:01:07,Non-Member,Email,False,English,PayPal,,OTA Referral
dc884892-c8ee-4340-a97a-a9f3985b10db,Francis,Hartley,francis.hartley@gmail.com,+1 484 276 4536,MX,North America,Evansbury,M,Leisure,2019-03-06 01:17:34,Non-Member,Email,True,English,Visa,Allergies,Website Direct
1ab0eacf-1d0d-4b28-9cd7-1a55e106db12,Abbie,Thompson,abbie79@oscorp.com,+1 754 566 7103,CA,North America,Lake John,F,Business,2024-11-04 12:09:19,Basic,Email,True,English,Mastercard,,Corporate Contract
00b84df2-4ac3-45da-b402-670976d2de7c,Francesca,Elliott,francesca.elliott@gmail.com,+1 606 981 1786,TH,Asia Pacific,Goodwinhaven,F,Leisure,2024-08-13 14:00:01,Basic,Email,True,English,Visa,,Walk-in
f9792d89-723c-419f-bd46-15fc10e202d8,Jade,French,jade86@gmail.com,+1 873 357 1896,TH,Asia Pacific,North Kathrynview,F,Business,2023-09-26 12:28:46,Silver,Email,True,English,American Express,,Website Direct
9a4f72b7-c037-4e01-aa67-c84fb712ed8f,Diane,Begum,diane5@gmail.com,+1 675 872 7796,TH,Asia Pacific,Bibimouth,F,Business,2020-01-02 02:37:18,Basic,Email,False,English,Mastercard,,Corporate Contract
bcc1f8df-76b6-4c2a-beae-cdeeb8184ec7,Wendy,Porter,wendy39@hotmail.com,+1 995 344 3079,MX,North America,Port Barbaramouth,F,Group,2022-02-01 14:17:50,Non-Member,Both,True,English,American Express,,OTA Referral
87b2ddb7-2890-4a3e-8c0c-1d499e832392,磊,卫,磊.卫@gmail.com,+86 807 0004 600,CN,Asia Pacific,Bennettbury,M,Leisure,2024-03-12 11:21:19,Gold,Both,True,Chinese,Mastercard,High Floor,Phone Booking
09c46ff6-28e1-40e0-97eb-d7c3f0c41f8b,あすか,鈴木,あすか鈴@starkindustries.com,+81 722 532 1961,JP,Asia Pacific,Port Terence,F,Business,2023-03-27 14:16:09,Non-Member,SMS,False,Japanese,Visa,"Non-smoking, High Floor",Website Direct
7c5d91ce-f91a-4e7d-a210-a5a2b88cf220,Debra,Shah,debra_shah@cyberdyne.com,+1 845 520 9681,SG,Asia Pacific,South Conor,F,Business,2023-09-06 04:18:12,Non-Member,Email,True,English,Visa,,Walk-in
3d9c9ee2-e341-4f09-8a66-7933781640a2,Olivia,Howard,oliviah@gmail.com,506-488-6204,US,North America,East Yvonne,F,Leisure,2023-06-27 00:01:49,Non-Member,Email,False,English,Google Pay,,Walk-in
8314f6b3-50d0-40c5-aad7-dfa71642cc78,直樹,吉田,直樹65@gmail.com,+81 508 571 3834,JP,Asia Pacific,Gordonside,M,Leisure,2024-09-21 17:51:47,Non-Member,Email,False,Japanese,Google Pay,"Allergies, Late Check-out",Phone Booking
928f9db2-fa82-4511-a23a-6539d9a40c85,Peter,Stephens,pstephens@gmail.com,+1 104 769 1836,SG,Asia Pacific,Port Gregory,M,Group,2023-06-24 15:50:30,Silver,Email,True,English,Mastercard,,Phone Booking
e6c161d1-afa8-4cd9-8845-4c08e0a7e002,Ashley,Davis,ashleyd@globex.com,+1 289 915 2754,NL,Europe,Georgehaven,M,Business,2021-07-14 02:09:26,Gold,Email,True,English,Visa,"High Floor, Allergies",Phone Booking
1697866f-de9f-4caa-98df-7f115a52860e,Vanessa,Burton,vanessa_burton@gmail.com,+1 902 745 1238,CA,North America,Shahchester,F,Group,2022-11-30 16:53:09,Basic,SMS,True,English,American Express,,Walk-in
e1b2e30b-8052-47aa-8d25-cacb944a03ab,Georgia,Pearce,gpearce@outlook.com,+1 995 684 4891,SE,Europe,Jenkinsfort,F,Family,2019-03-07 07:31:21,Silver,Email,True,English,American Express,,OTA Referral
c3a2bbf7-5c74-4eb5-b3e9-cd61595ce2e0,Lorraine,Green,lorraine.green@gmail.com,+1 936 432 1663,MX,North America,East Sally,F,Leisure,2024-05-29 06:40:07,Silver,Email,False,English,Apple Pay,,OTA Referral
014ea45f-ea2f-4d24-bca5-36cff314cb1b,Gérard,Joubert,gérard21@gmail.com,+33 301 134 2660,FR,Europe,Marchal-les-Bains,M,Business,2020-11-04 11:59:30,Silver,Email,True,French,Mastercard,,Walk-in
6cec9bd1-3c5a-42e9-9345-28be847b4ef3,Richard,Wallis,richard_wallis@gmail.com,+1 888 410 2471,CA,North America,New Carol,M,Family,2024-01-21 19:28:28,Non-Member,Email,True,English,PayPal,,Phone Booking
2bca5ebd-fc90-4b61-b25a-8d112e373d27,Ricky,Stewart,ricky_stewart@gmail.com,+1 668 361 6712,SG,Asia Pacific,Jodieborough,M,Leisure,2020-08-22 09:58:29,Platinum,Email,True,English,American Express,,OTA Referral
2ac2d4ef-583d-47d6-b5d9-7f8d41add6e0,Lesley,Douglas,ldouglas@dummycorp.com,+91 413 678 2704,IN,Asia Pacific,Jamesbury,F,Business,2022-05-16 20:09:28,Silver,Email,True,English,American Express,,OTA Referral
47646bc5-a40a-4e27-abe5-81690960a518,Harry,Barber,harryb@icloud.com,(297) 246-6546,US,North America,East Stuarthaven,M,Leisure,2022-01-27 08:03:21,Non-Member,SMS,False,English,Apple Pay,,OTA Referral
ce240065-3760-4335-a408-0e14fb6fb87c,Justin,Clarke,justin_clarke@hotmail.com,,CH,Europe,South Callumview,M,Leisure,2021-12-22 10:03:53,Non-Member,Email,False,English,Mastercard,"High Floor, Allergies",Walk-in
2305da59-fe5c-4f71-9796-fe6ce117d32f,Jean,Harrison,jean_harrison@outlook.com,+1 751 567 8973,NG,Africa,East Garethview,F,Leisure,2021-11-18 06:06:40,Non-Member,Email,True,English,Visa,,OTA Referral
4be14ac8-4948-4774-9eda-be3eb00919bb,Pierre,Teixeira,pierret@gmail.com,+33 413 564 4545,FR,Europe,Chevalier,M,Group,2020-02-20 17:40:37,Non-Member,Both,True,French,Visa,,Phone Booking
22ab5d3a-48bf-4e7e-96d3-a3e1257927f1,Mary,Farmer,mfarmer@yahoo.com,+1 346 909 8345,SE,Europe,Janetmouth,F,Leisure,2019-09-24 02:24:19,Silver,Email,True,English,Apple Pay,"Wheelchair Accessible, Non-smoking",OTA Referral
35f2086c-4686-4bdb-a695-80cc3a755a71,Sophie,Johnson,sophie65@oscorp.com,+1 698 464 9016,TH,Asia Pacific,Port Josephinestad,F,Business,2019-06-06 14:46:27,Non-Member,SMS,False,English,Visa,Early Check-in,Website Direct
8cdafb89-9199-4b3e-9a85-89fc347abd73,George,Clark,george.clark@gmail.com,+1 116 934 2235,MX,North America,Lake Stevenhaven,M,Leisure,2024-07-10 23:25:20,Silver,SMS,False,English,Mastercard,"Allergies, High Floor",Website Direct
40488a73-f3ab-49b1-9a4d-3f8280a0d598,Iris,Ziegert,iris4@gmail.com,+49 652 358792,DE,Europe,Burg,F,Leisure,2024-06-18 00:18:55,Basic,SMS,False,German,Mastercard,,Walk-in
41e98b12-43fa-4557-9e57-b9cdfd893e3b,Owen,Walker,owen_walker@gmail.com,+44 8710 509577,GB,Europe,Port Jodiefort,M,Leisure,2023-01-19 03:08:19,Basic,Email,False,English,PayPal,,Website Direct
1b320c83-aab4-448d-9ddf-78c8eb54afbf,Leah,Owen,leah_owen@yahoo.com,+1 181 850 3680,NL,Europe,Chapmantown,F,Group,2023-08-29 21:55:21,Basic,Email,True,English,Mastercard,,Corporate Contract
23cdca41-3375-4df5-989e-e864bb03d98d,지원,김,지원_김@hotmail.com,+1 875 612 9512,KR,Asia Pacific,Lloydton,F,Leisure,2020-11-21 15:36:47,Silver,Email,True,Korean,American Express,,Walk-in
17d8ecad-79c7-456f-878d-a866187ffc1c,Julian,Burton,jburton@gmail.com,+1 394 386 2616,SE,Europe,Leannefurt,M,Business,2023-11-28 19:50:23,Non-Member,None,False,English,Mastercard,,Website Direct
590e6169-4f48-4412-9591-348a590e2026,영진,강,영진강@gmail.com,+1 495 226 9691,KR,Asia Pacific,Ahmedstad,M,Leisure,2023-08-08 08:11:19,Non-Member,SMS,True,Korean,Mastercard,,Corporate Contract
6cfbf7e8-2ea7-4640-acb5-1460dc2465c2,Begoña,Saldaña,bsaldaña@gmail.com,+1 756 785 5040,ES,Europe,Soria,F,Leisure,2020-08-27 15:05:22,Basic,SMS,True,Spanish,Mastercard,,Website Direct
d0101e05-14e4-4030-b142-aade53d80b13,Joshua,Roberts,jroberts@acme.com,+91 537 680 8106,IN,Asia Pacific,Parkinsonstad,M,Business,2024-10-11 08:16:55,Non-Member,Email,False,English,Visa,,Website Direct
cd6e7769-e182-4c33-abaa-ad3cd4d86f93,Gail,Barber,gbarber@hotmail.com,+1 768 134 4451,NL,Europe,South Juliashire,F,Leisure,2021-11-14 00:41:32,Gold,Email,False,English,Apple Pay,,Corporate Contract
329bcb68-2c53-4360-9067-5051678f4168,Francis,Fuller,francis_fuller@gmail.com,+1 304 585 9228,MX,North America,New Katy,M,Group,2019-05-05 22:16:34,Silver,Email,True,English,Apple Pay,,Corporate Contract
1f4f676b-62d8-41ec-8c38-dae35cc1ad6c,Adrian,Patberg,adrianp@outlook.com,+49 5501/118698,DE,Europe,Heinsberg,M,Family,2021-08-07 19:35:13,Basic,Email,True,German,PayPal,,Walk-in
a4cd0a4b-2c9e-4592-a98e-cbd308305018,Fiorino,Squarcione,fiorino22@gmail.com,+1 307 448 5794,IT,Europe,Mombarcaro,M,Group,2024-06-02 14:00:57,Non-Member,Email,True,Italian,Visa,,Corporate Contract
30ccbb04-b844-4e56-a3ae-714b67332224,Lewis,Bennett,lewisb@yahoo.com,+1 101 522 8450,MX,North America,Port Clifford,M,Group,2022-03-13 18:48:00,Silver,Email,True,English,Visa,"High Floor, Wheelchair Accessible",Corporate Contract
5fcf59bb-9d65-4bea-85a3-4e3ce2009f44,شاكر,المهيدب,شاكرا@gmail.com,+971 897 150 1185,AE,Middle East,Lake Ameliashire,M,Leisure,2024-05-08 04:10:16,Basic,Email,True,Arabic,Visa,,Phone Booking
b1767f16-3eb6-4d76-817f-dec95b489983,红梅,时,红时@umbrellacorp.com,+86 451 6710 223,CN,Asia Pacific,Banksbury,F,Business,2019-10-28 07:15:39,Non-Member,Email,True,Chinese,Visa,,Walk-in
28ccd13f-9e02-472f-8b50-1c75586a3af2,Dale,Anderson,guest@email.com,+91 648 743 9214,IN,Asia Pacific,Bentleymouth,M,Leisure,2021-08-23 23:38:34,Gold,Email,False,English,Visa,,OTA Referral
8e27642a-65e6-4a4d-a77c-9f751daf8de5,성훈,김,성김@gmail.com,+1 679 372 7207,KR,Asia Pacific,Smithport,M,Group,2022-02-09 23:37:02,Non-Member,Email,False,Korean,Mastercard,Late Check-out,Corporate Contract
10aa0964-d36c-4f60-8f99-6c904ba02544,Toby,Chandler,tobyc@outlook.com,+44 0751 675805,GB,Europe,Seanfort,M,Leisure,2020-11-23 09:56:53,Basic,Email,False,English,Mastercard,,OTA Referral
74b8ae3d-d193-4800-b66e-1668eb0c5456,康弘,井上,康井上@gmail.com,+81 566 363 6534,JP,Asia Pacific,Port Antony,M,Leisure,2023-12-21 04:21:51,Platinum,Email,False,Japanese,American Express,,Website Direct
224ee3f8-ee38-4743-b833-ef7a4c93d833,Charles,Chamberlain,charles3@hotmail.com,+1 645 956 7792,NL,Europe,Lake Julieton,M,Leisure,2020-06-28 07:53:49,Non-Member,Email,True,English,Visa,,Walk-in
2168f5aa-de90-4be4-9e29-009b6e189498,Sebastiano,Florio,sebastianof@hotmail.com,+1 429 596 2010,IT,Europe,Pino Torinese,M,Group,2023-09-13 10:08:58,Silver,Email,False,Italian,PayPal,,Phone Booking
ca264127-5b89-4fbf-861d-f84d3bed5c44,Damian,Warren,damian.warren@outlook.com,+1 538 868 8906,KE,Africa,North Iain,M,Business,2022-10-12 11:30:05,Silver,Email,False,English,Mastercard,,Corporate Contract
b5f851fc-5826-4dad-ac2b-f6dbca34b76c,さゆり,坂本,さ坂本@umbrellacorp.com,+81 170 382 4475,JP,Asia Pacific,Port Henrychester,F,Business,2021-03-12 05:00:51,Basic,Email,True,Japanese,Visa,,Website Direct
1431ae8e-a406-4453-8c74-fd8806b55c82,Thomas,Lee,thomasl@hotmail.com,+1 831 360 7900,CA,North America,North Ruthfurt,M,Group,2021-01-08 05:49:04,Silver,Email,False,English,Apple Pay,Allergies,Website Direct
06ef2112-f48b-4428-9e4e-062a90899946,Charles,Wilson,charles.wilson@acme.com,(919) 574-1313,US,North America,East Benjamin,M,Business,2023-05-04 23:14:48,Basic,SMS,False,English,Visa,"Allergies, Non-smoking",Phone Booking
a54999f0-f79a-4365-9d02-66801c03d3f3,Ainara,Luís,aluís@gmail.com,+1 557 375 5364,ES,Europe,Segovia,F,Group,2024-02-21 09:38:48,Non-Member,SMS,False,Spanish,Mastercard,,Phone Booking
244206de-59ee-4edd-af0c-5af607edfbc5,Kim,Ward,kim_ward@tyrellcorp.com,+1 346 314 2618,EG,Africa,Jonesborough,F,Business,2019-10-08 15:35:07,Basic,Email,False,English,Visa,,OTA Referral
1073b995-040b-44ca-89db-24bc654cc2cd,Graham,Jackson,graham31@example.nl,+1 498 848 8263,NL,Europe,Pottshaven,M,Business,2023-01-27 22:26:02,Non-Member,Email,False,English,American Express,,Website Direct
d27d3a7d-2dbb-4601-9604-35f75bff45fd,Linda,Nicholson,linda.nicholson@outlook.com,+1 584 686 6857,CA,North America,Owenfurt,F,Family,2019-05-06 07:35:11,Basic,SMS,False,English,PayPal,,Walk-in
e2527089-afd8-4979-b722-1018bbd06cbd,Scott,Barrett,scottb@tyrellcorp.com,+61 446 526 8124,AU,Asia Pacific,Julialand,M,Business,2021-12-14 13:06:07,Gold,SMS,True,English,American Express,,Phone Booking
86a133a9-71af-48bb-be64-a3e7f47eb693,Jake,Todd,jake.todd@hotmail.com,+1 512 321 4723,CA,North America,Brownton,M,Family,2023-06-16 03:40:07,Basic,SMS,True,English,American Express,,Walk-in
85b155dc-c475-4d17-b094-d02eb9c40f19,Susan,Freeman,susanf@yahoo.com,+61 482 298 9535,AU,Asia Pacific,East Jay,F,Leisure,2024-03-27 11:33:10,Basic,Email,True,English,Visa,,OTA Referral
7cc6ad68-f2ac-4be6-a95f-d3cce0994a6b,Annunziata,Veltroni,aveltroni@oscorp.com,+1 391 832 3898,IT,Europe,Cerro Al Lambro,F,Business,2024-06-03 21:42:25,Basic,Email,False,Italian,Visa,,Corporate Contract
f4629647-b240-4e8b-a8f9-77e2c1f8ca87,Patrick,Patel,patrick_patel@outlook.com,+1 836 450 8997,MX,North America,East Adam,M,Leisure,2024-03-24 19:49:16,Basic,Email,True,English,Apple Pay,,Website Direct
c1688e2c-484d-48cc-b54e-d5cff8a43d69,Marion,Stokes,mstokes@starkindustries.com,+1 149 107 4870,SE,Europe,Port Josephshire,F,Business,2020-08-16 14:10:07,Silver,Email,True,English,Visa,,Website Direct
b984f577-5aee-4e53-8969-634bfb83fda2,Charlene,Skinner,charlenes@gmail.com,+1 735 602 4437,TH,Asia Pacific,Karenstad,F,Leisure,2019-09-04 14:54:30,Basic,Email,False,English,Mastercard,,Walk-in
e74d2c99-99ab-415f-b492-8a6b100253fe,阳,武,阳.武@gmail.com,+86 589 1538 005,CN,Asia Pacific,Jaynemouth,M,Leisure,2022-10-09 23:17:51,Basic,Email,True,Chinese,Apple Pay,,OTA Referral
a85fe53c-f3f3-43f6-a302-c0e6ea67b1d0,Jennifer,Mitchell,jennifer_mitchell@outlook.com,+1 480 475 3994,CH,Europe,Port Lewis,F,Leisure,2022-08-20 15:11:46,Platinum,Email,True,English,Mastercard,,Walk-in
b95ad631-d9de-4d05-9f89-f713b2202b57,Ben,Stokes,ben13@initech.com,+1 811 418 4904,CA,North America,South Rachael,M,Business,2022-07-26 00:18:51,Non-Member,Email,False,English,Visa,High Floor,Walk-in
b0e773e6-2c32-4a72-b7ce-72e515025a69,Natalie,Davies,ndavies@gmail.com,+44 1718 224876,GB,Europe,Richardsonview,F,Leisure,2019-05-12 14:15:20,Non-Member,Email,False,English,Visa,,Corporate Contract
e6a24e85-fcb6-4a20-b803-1106c2442cd9,Kathryn,Williams,test@test.com,+1 348 629 4059,CA,North America,Port Harry,F,Leisure,2023-02-26 02:13:01,Gold,Email,True,English,Visa,,Corporate Contract
e5b07910-a2fa-42b2-a1eb-1ed6f8b1935b,Margaud,Giraud,margaud.giraud@gmail.com,+33 839 921 9377,FR,Europe,Lebreton-la-Forêt,F,Business,2019-11-25 13:01:35,Platinum,SMS,True,French,Visa,,Website Direct
9ea8ad8e-ceca-4dfb-b253-35c43c286249,Aimee,Riley,ariley@tyrellcorp.com,+61 491 198 5160,AU,Asia Pacific,Port Louis,F,Business,2023-01-10 16:08:19,Basic,Email,True,English,Visa,,OTA Referral
81e43c07-cc44-478a-8ff3-8e0d391403f2,Kerry,Thomas,kthomas@yahoo.com,+1 645 494 6806,MX,North America,West Linda,F,Group,2023-11-11 17:30:45,Non-Member,Email,False,English,Visa,,Corporate Contract
661aa26b-3f2e-410f-89bf-25d76abce452,Katie,Smith,katies@outlook.com,+61 402 313 2643,AU,Asia Pacific,West Robin,F,Leisure,2020-05-20 08:08:32,Gold,Email,False,English,Visa,,Corporate Contract
f7a7c936-15c3-4806-be5e-4deee3b7fdad,Joseph,Johnson,joseph.johnson@gmail.com,+44 5184 628376,GB,Europe,Charleneview,M,Leisure,2023-01-16 19:16:42,Gold,Email,True,English,Mastercard,,Walk-in
0167c378-931d-448b-ba9f-33c87256b342,Stuart,Law,stuart.law@gmail.com,+1 127 351 6295,CH,Europe,Smithstad,M,Leisure,2024-01-14 15:54:50,Non-Member,Email,True,English,American Express,,Corporate Contract
81d0c258-8832-45cf-8e12-83acd6eef2d3,Lorraine,Pinto,lorraine83@yahoo.com,+33 529 360 4173,FR,Europe,Blanc,F,Leisure,2019-06-17 18:19:56,Basic,Email,True,French,Mastercard,,Corporate Contract
6334fa10-9d7e-47e8-a544-383b966cd328,Delia,Boucsein,delia.boucsein@gmail.com,+49 793 327405,DE,Europe,Königs Wusterhausen,F,Leisure,2023-04-21 23:05:56,Silver,Email,True,German,Apple Pay,Late Check-out,Website Direct
111f1450-ae5c-40d1-ae90-3681478785b8,Justin,Sheppard,jsheppard@tyrellcorp.com,+1 751 487 9668,MX,North America,Michellechester,M,Business,2019-02-08 02:43:08,Non-Member,Email,True,English,PayPal,,Website Direct
9dc43292-641a-40f6-b803-ef9bc47d1ae1,Zoe,Martin,zoe_martin@gmail.com,+1 489 603 4282,CH,Europe,Mitchellshire,F,Group,2019-09-23 20:51:28,Gold,Email,True,English,Visa,,Corporate Contract
34402315-a299-45e7-b866-094143fdc782,Marek,Karge,mkarge@globex.com,+49 911 194826,DE,Europe,Kaiserslautern,M,Business,2022-07-22 09:31:07,Silver,Both,False,German,Mastercard,,Website Direct
35e907b8-9fea-4fcb-a522-e76514cb1868,Raymond,Rogers,raymondr@gmail.com,396-446-2025,US,North America,Josephineburgh,M,Business,2024-06-10 07:13:10,Gold,SMS,False,English,Visa,,Walk-in
553a6841-9349-4e2a-9690-9b2e8c7ca515,Concetta,Förster,cförster@hotmail.com,+49 7167/550350,DE,Europe,Weißwasser,F,Leisure,2022-10-20 12:41:56,Silver,Email,False,German,American Express,,Website Direct
0f2be4d9-019d-4e61-b416-7af20393b691,Martyn,Robinson,martynr@gmail.com,+1 292 809 6280,MX,North America,Lake Henrymouth,M,Leisure,2021-08-15 07:11:38,Gold,Email,False,English,Google Pay,,Corporate Contract
f9f89fdd-2f9b-446c-a9c0-d429b8d14d4b,James,Jackson,james2@gmail.com,+1 400 713 8704,CA,North America,Jonesmouth,M,Group,2022-02-14 08:50:51,Non-Member,Both,False,English,Visa,,Phone Booking
d38c81d8-7bf0-480f-aed3-d88b2da969ad,Samantha,Brown,sbrown@gmail.com,+1 968 667 6964,MX,North America,Brettstad,F,Business,2021-10-18 03:48:50,Basic,Email,True,English,Visa,,Website Direct
7db359a8-31c5-4607-841d-a36dee18f6a5,Ronald,Marshall,ronald.marshall@gmail.com,+91 930 841 4867,IN,Asia Pacific,North Hannahside,M,Leisure,2022-10-09 23:09:49,Gold,Email,True,English,Visa,,OTA Referral
5be4a141-2792-4c6f-8f66-06894b4d0d1e,Patrick,Ross,patrick_ross@gmail.com,8367 408 0403,GB,Europe,Fergusonchester,M,Leisure,2019-07-03 01:15:07,Silver,Email,False,English,Visa,,OTA Referral
ad01c9ba-62f7-4af8-af8f-02ea4f290904,Gianna,Oscuro,noemail@provided.com,+1 987 968 7445,IT,Europe,Pozzonovo,F,Business,2021-08-06 05:41:28,Non-Member,Email,True,Italian,Mastercard,,Corporate Contract
a3fc1703-a67b-4299-a633-9af576b791a9,Karl,Schottin,karl40@hotmail.com,+49 9201/665568,DE,Europe,Diepholz,M,Family,2019-03-19 07:13:13,Silver,Email,False,German,Visa,"Late Check-out, Non-smoking",OTA Referral
49bac388-370f-485a-9cf0-589ee3d1b70f,Ellie,Jones,elliej@gmail.com,+1 521 354 2064,CH,Europe,Lesleyton,F,Family,2023-06-21 19:45:15,Basic,SMS,True,English,American Express,"Non-smoking, Wheelchair Accessible",Phone Booking
103a3cc4-ec28-4f3a-9a29-cdbcbe1b5b74,Mathew,Wilson,mathew5@outlook.com,(861) 546-0050,US,North America,Jayton,M,Leisure,2022-06-18 18:10:43,Silver,SMS,True,English,Google Pay,,Phone Booking
382b48d0-0ac1-4654-9b78-ebdd788265f1,Maureen,Duffy,maureen_duffy@gmail.com,+1 833 745 8021,TH,Asia Pacific,West Natalieville,F,Leisure,2022-01-15 20:28:45,Silver,Email,True,English,American Express,,OTA Referral
ab02ff13-580d-4548-9494-d13ead576efe,Elvira,Pincherle,elvira_pincherle@waynecorp.com,+1 972 939 9474,IT,Europe,Ponte Di Nava,F,Business,2020-07-03 07:27:21,Silver,Email,True,Italian,Visa,,Walk-in
b203cf2e-5258-4a97-8e60-7efe54822f64,Lee,Pugh,lee_pugh@gmail.com,+1 988 733 8726,MX,North America,East Neilberg,M,Leisure,2021-08-19 07:14:56,Non-Member,SMS,False,English,Visa,,Website Direct
57eb6651-e378-4401-96dc-7c04c3e6908d,Maria,Taylor,maria12@oscorp.com,+1 951 276 2621,CA,North America,Reeceville,F,Business,2022-12-19 06:15:37,Gold,SMS,True,English,American Express,,Corporate Contract
dd1ae69a-2b00-4d0b-af40-2cb44b0fb9a2,Gerald,McKenzie,gmckenzie@globex.com,650-053-2432,US,North America,Taylorborough,M,Business,2021-11-12 14:04:18,Basic,Email,False,English,Apple Pay,,Walk-in
323db26d-7479-4fc5-aabd-ea1aa74a2f8c,真綾,藤田,真綾藤@outlook.com,+81 555 525 7289,JP,Asia Pacific,Nathanville,F,Group,2022-01-18 01:16:53,Basic,SMS,True,Japanese,Apple Pay,,Walk-in
64bd0ec3-17c3-454f-a6ec-c6cb6ca1c494,Luke,Payne,lukep@outlook.com,+1 103 441 3223,MX,North America,Singhport,M,Leisure,2021-10-25 01:27:31,Silver,None,True,English,Visa,,Walk-in
93b25c8c-88ec-428a-b40c-d2d2293544b6,Pamela,Morgan,pmorgan@initech.com,+61 777 286 8872,AU,Asia Pacific,Thomashaven,F,Business,2022-12-24 14:51:45,Silver,Email,False,English,Mastercard,,OTA Referral
e8d78542-8627-4e6d-99df-ea8fa25305d5,Dylan,Hill,dylan.hill@initech.com,+1 861 569 2967,MX,North America,West Dannychester,M,Business,2019-05-26 06:30:44,Non-Member,Email,True,English,Visa,Allergies,Walk-in
fbddf840-19d6-4a5b-a596-1f1aada5a138,Ben,Robertson,ben.robertson@gmail.com,+1 983 773 7562,CH,Europe,South Rhys,M,Leisure,2019-06-21 04:07:23,Gold,Email,False,English,Visa,,Corporate Contract
3f6fcde0-23a7-46a9-ae75-9772e0e7141f,David,Richardson,david.richardson@gmail.com,+1 917 617 3628,CA,North America,New Janetchester,M,Family,2019-06-30 03:27:55,Platinum,Email,False,English,American Express,,OTA Referral
4006d87d-2d4b-4942-ae54-1f2b66576b35,Lynne,Clements,lynne24@initech.com,+1 767 227 8282,MX,North America,Jonathanhaven,F,Business,2019-11-13 13:44:08,Gold,Email,False,English,Mastercard,,Walk-in
e537aa70-0acb-433c-80b6-4e617b0a939a,Marilyn,Green,marilyn.green@icloud.com,+1 545 340 4874,CH,Europe,Lewisburgh,F,Family,2023-01-16 00:33:18,Silver,Email,True,English,PayPal,,Corporate Contract
7bf58755-887e-4b4c-bb5d-065aeb39a7c6,Ross,White,ross40@icloud.com,+1 486 305 1128,ZA,Africa,East Matthewmouth,M,Leisure,2020-02-18 14:46:00,Silver,Email,True,English,Mastercard,,Corporate Contract
88e9695c-d5af-4dfb-b7e0-7fed7ba761f4,Judith,Cooper,judith_cooper@cyberdyne.com,(619) 666-9198,US,North America,Port Tomhaven,F,Business,2022-01-04 12:34:48,Non-Member,Email,True,English,PayPal,,Walk-in
03b0d0a9-7e34-450f-a4be-9c63756c3f71,Andrea,Stewart,astewart@gmail.com,+1 631 937 3524,CA,North America,Alexchester,F,Leisure,2020-02-15 13:22:26,Non-Member,Email,False,English,American Express,,OTA Referral
e9f7e1e8-03d8-401b-93ef-ab3ddbd8189d,Sylvia,Williams,sylvia1@outlook.com,+1 593 791 9427,CH,Europe,Williamsburgh,F,Group,2024-04-29 15:18:19,Non-Member,SMS,False,English,Google Pay,,Website Direct
1d20bd2c-6ef6-4f7d-adae-8bd051f7662c,Brian,Evans,brian_evans@gmail.com,261-250-5269,US,North America,Juneport,M,Leisure,2020-06-14 17:22:13,Non-Member,Email,True,English,Mastercard,,Walk-in
b763d745-da07-47ef-947b-556abe3e49d2,Lucie,Moreau,luciem@outlook.com,000-000-0000,FR,Europe,Sainte Chantal,F,Leisure,2019-06-06 00:03:16,Gold,SMS,False,French,Visa,,Website Direct
a70a5c06-5678-4913-864a-0f34ddb3b486,Joel,Anderson,joel.anderson@tyrellcorp.com,+1 631 259 3038,CA,North America,Cliveburgh,M,Business,2023-05-11 10:48:59,Basic,SMS,True,English,Mastercard,,Phone Booking
ce2feb9c-6730-4a31-bea1-08a83774f503,Daniel,Rowley,daniel73@globex.com,+1 933 426 6693,SE,Europe,Carolchester,M,Business,2021-12-27 06:30:16,Non-Member,Email,True,English,American Express,,OTA Referral
ee2be5c2-e871-4300-b11a-46c97843724c,Joseph,Wong,josephw@dummycorp.com,+1 146 284 1683,CL,South America,East Roger,M,Business,2020-10-13 16:39:52,Basic,Email,True,English,American Express,,Walk-in
c6528f76-803f-4568-99c9-e933097d0e3a,Susan,Kennedy,susan.kennedy@initech.com,(815) 559-2312,US,North America,Simsmouth,F,Business,2022-10-17 03:44:21,Silver,Email,False,English,PayPal,,Corporate Contract
52ce7779-e44e-4338-8163-cddcdf486150,Arthur,Campbell,arthur44@outlook.com,+1 941 527 7041,CA,North America,East Sara,M,Business,2019-09-17 09:33:07,Non-Member,Both,False,English,Apple Pay,,Corporate Contract
98b8f729-b30b-47a0-8586-bc44c5d64f47,Alessio,Giorgetti,alessio83@gmail.com,+1 845 482 9509,IT,Europe,Coldrano,M,Group,2024-09-08 18:52:16,Non-Member,Email,True,Italian,Visa,,Corporate Contract
57bbe32f-c15e-42ba-8485-e8652bd7219b,Charles,Burns,cburns@gmail.com,+1 359 956 4680,MX,North America,Nicolaport,M,Leisure,2024-04-14 14:54:09,Non-Member,SMS,False,English,American Express,,OTA Referral
3ef6e194-1710-4ca5-90ff-b3517aa02131,Graeme,Lee,graeme73@gmail.com,+1 350 152 8770,CA,North America,Nicholsonville,M,Business,2019-06-19 08:29:36,Basic,Email,False,English,Visa,,Walk-in
dbc0a269-9a88-4e8a-8836-d116d7a2e776,篤司,橋本,篤司_橋本@outlook.com,+81 838 810 9712,JP,Asia Pacific,Baileyview,M,Leisure,2022-05-17 00:57:44,Non-Member,Email,True,Japanese,Visa,,Phone Booking
f5c88d38-e798-4e1b-a973-0f8699e87001,Robert,Pierre,robertp@outlook.com,+33 838 701 9841,FR,Europe,Vallée,M,Group,2023-05-06 07:42:12,Non-Member,Email,False,French,American Express,,OTA Referral
4394ede6-9d84-4af2-835b-06990fe54c44,Kyle,Gough,kyle14@gmail.com,+1 481 631 8475,MX,North America,New Suzanneborough,M,Leisure,2023-11-28 23:29:02,Basic,Email,True,English,American Express,,Corporate Contract
2f32eaa9-e39c-4e26-a036-95e8e8f24d9c,Sam,Forster,samf@outlook.com,+1 472 440 2201,NL,Europe,Port Elliott,M,Leisure,2024-01-31 02:50:13,Silver,SMS,True,English,Visa,,Walk-in
b8d02bfc-b6fa-481a-9dad-961a911465d6,Bradley,Bailey,bradley_bailey@gmail.com,+1 339 391 1641,MX,North America,Lake Billy,M,Leisure,2022-11-08 02:47:44,Non-Member,Email,True,English,American Express,,Walk-in
8bf8e570-48f8-4795-9e18-efbd6543f424,Molly,Holden,molly_holden@icloud.com,+1 578 386 3955,MX,North America,Sandersview,F,Leisure,2023-01-31 11:34:50,Platinum,Both,False,English,Mastercard,,Phone Booking
3d7317bf-fda7-4105-9c3c-a7b4502ec3d4,Annette,Stephenson,astephenson@dummycorp.com,+1 392 760 2306,SE,Europe,Godfreyfurt,F,Business,2023-06-20 22:25:44,Basic,Email,False,English,Mastercard,,Phone Booking
3c6042af-5918-4c06-8a63-fd51538b72d0,Ennio,Luxardo,ennio_luxardo@globex.com,+1 857 902 1353,IT,Europe,Solarolo Rainerio,M,Business,2023-08-22 19:40:30,Silver,SMS,True,Italian,Visa,,OTA Referral
f38076db-2290-4fd5-860e-ce24fef24af2,博,侯,guest@email.com,+86 921 7962 283,CN,Asia Pacific,Brownmouth,M,Business,2021-08-24 07:53:53,Silver,Email,True,Chinese,Mastercard,,Corporate Contract
13f039e8-fe20-410f-b2fb-c98adbc13286,Dawn,Anderson,dawn51@gmail.com,+1 772 482 9919,CA,North America,West Junechester,F,Business,2019-07-11 04:22:44,Silver,SMS,False,English,Visa,,OTA Referral
3ebe0b85-9dd1-41aa-b231-eba3a3f9a3a5,Owen,Byrne,owen86@gmail.com,(210) 597-3519,US,North America,Amyside,M,Leisure,2021-05-21 09:52:06,Silver,Email,False,English,Mastercard,,Website Direct
985ea630-0260-435d-a3d7-066a60848e19,Enzo,Camargo,enzoc@tyrellcorp.com,+55 118 788 3025,BR,South America,Bryanstad,M,Business,2020-02-17 09:21:20,Basic,SMS,False,Portuguese,Mastercard,,Walk-in
01fd558e-cc1d-4325-867a-e427133e9241,Naomi,James,njames@cyberdyne.com,+1 827 860 3505,NL,Europe,Lake Justinbury,F,Business,2024-07-07 03:45:07,Basic,SMS,True,English,Mastercard,,Walk-in
94d80cca-d364-4823-81da-7ccc17431e84,Craig,Chan,craig40@dummycorp.com,+1 262 875 6208,QA,Middle East,Phillipsview,M,Business,2022-06-16 12:14:43,Gold,Email,True,English,PayPal,Early Check-in,Walk-in
e498b5f5-29fe-43c3-a640-12dcb081e57f,Damien,Taylor,damien.taylor@outlook.com,+61 609 971 1850,AU,Asia Pacific,South Carl,M,Leisure,2021-08-31 01:00:23,Non-Member,Email,False,English,Mastercard,,Phone Booking
e42ec0e3-ea87-467f-8a1e-e658dac96392,Eileen,Kirby,eileen_kirby@umbrellacorp.com,030-912-9098,US,North America,Youngland,F,Business,2024-01-08 00:12:51,Non-Member,Email,True,English,Mastercard,,Corporate Contract
41be2e9d-6ce2-4f7f-9271-8d1029e8563b,Billy,Bell,bbell@umbrellacorp.com,+1 777 688 6413,SE,Europe,Marionfort,M,Business,2023-12-17 06:32:37,Basic,Email,True,English,Visa,Early Check-in,OTA Referral
6984788b-5fb2-420e-8d05-7f9da8cce46d,Sylvia,Walters,swalters@gmail.com,+1 443 195 8652,MX,North America,Hannahshire,F,Leisure,2024-03-31 10:57:25,Basic,Email,False,English,Visa,,Website Direct
9ab941e1-4eab-4bc2-8dad-8f893b1076bd,Russell,Dunn,russell11@yahoo.com,+1 578 444 8812,CA,North America,South Shirleyshire,M,Leisure,2022-10-17 11:34:12,Non-Member,SMS,True,English,Mastercard,,OTA Referral
45c882ce-049d-43cf-94a1-76983a531f2d,Cheryl,Jenkins,cherylj@outlook.com,+1 754 550 5701,MX,North America,Juliamouth,F,Leisure,2023-10-05 18:52:45,Basic,Email,False,English,American Express,,OTA Referral
9b4ffa70-a6c1-4344-b8d0-6745c4c96b33,Shane,Douglas,shaned@starkindustries.com,+1 394 434 9580,TH,Asia Pacific,Alexandrachester,M,Business,2022-04-11 23:19:17,Basic,Email,True,English,Visa,,Phone Booking
7ebcbdcf-7444-444f-9b19-3ee3cd6651da,Nadia,Morandini,nadia_morandini@outlook.com,+1 770 405 5725,IT,Europe,Scarlino Scalo,F,Leisure,2023-05-04 05:39:23,Gold,Both,True,Italian,Mastercard,,Website Direct
a4599002-bd2b-4a45-beb2-bcbf36f20dd5,Margarita,Möchlichen,margarita78@outlook.com,+49 905 231173,DE,Europe,Borna,F,Family,2020-11-15 20:13:54,Basic,Email,True,German,Mastercard,,Phone Booking
a3e55e7b-e3d9-414c-b9c1-2526de5bcf11,شيّق,الدباغ,شيّق54@outlook.com,+1 623 774 8951,SA,Middle East,Singhview,M,Family,2022-12-07 16:20:48,Basic,Email,True,Arabic,Google Pay,,OTA Referral
b88d8329-7b14-41a6-8c29-34fd34281778,Julia,Barber,jbarber@gmail.com,+1 256 243 2978,CH,Europe,West Garyfurt,F,Business,2019-06-28 17:26:57,Gold,Email,True,English,Visa,,Website Direct
e681457d-e9d8-4c28-a2c3-22acc0fc89c9,Jacqueline,Watson,jacqueline_watson@yahoo.com,+1 745 465 8477,SE,Europe,North Callumborough,F,Group,2024-11-11 05:59:04,Basic,Email,True,English,American Express,,Walk-in
db055cc4-7fe3-490b-b247-6fa8d370f7f8,Abigail,Bailey,abigailb@outlook.com,+1 285 848 6488,MX,North America,Harrisonmouth,F,Leisure,2024-01-14 13:44:35,Non-Member,Email,False,English,Mastercard,,Phone Booking
54964117-57f3-4a66-8c55-af98e01cc452,Justin,Chamberlain,justinc@oscorp.com,+1 693 572 9010,CA,North America,Suttonberg,M,Business,2021-02-16 17:06:31,Basic,SMS,True,English,Visa,,Corporate Contract
88395310-4410-4db6-8163-6dfbc249c2fd,篤司,中村,篤司_中村@initech.com,+81 655 770 4415,JP,Asia Pacific,Taylorville,M,Business,2023-02-13 18:06:21,Non-Member,Email,True,Japanese,Mastercard,,OTA Referral
47d239b9-a37c-4840-8593-6e4e79e2663e,Terence,Day,terence6@gmail.com,+1 941 805 6017,TH,Asia Pacific,South Olivia,M,Business,2019-04-26 16:22:31,Non-Member,Email,False,English,Visa,,Walk-in
650dcd3e-d6f4-4f01-8cac-124395b8dc12,Jodie,Smith,jsmith@icloud.com,+1 821 180 2655,MX,North America,New Jessica,F,Group,2019-01-13 22:14:42,Silver,Both,False,English,Mastercard,,Website Direct
614ba709-9cb8-46db-bdae-48df4a675935,Gary,Shaw,gshaw@outlook.com,+1 473 151 4316,MX,North America,South Jack,M,Leisure,2023-11-25 21:10:42,Silver,Email,False,English,Visa,,Walk-in
03b074a5-afed-4524-b30c-94f1b0661212,Lynda,Bartlett,lynda78@gmail.com,+1 233 830 8983,CH,Europe,Fionafort,F,Leisure,2019-11-15 21:35:41,Basic,Email,False,English,PayPal,,OTA Referral
75ec722e-7492-4bbd-b2cf-c2b468f14809,Marcio,Rosa,marcio77@gmail.com,+1 774 922 7110,ES,Europe,Córdoba,M,Leisure,2021-12-20 17:43:19,Silver,SMS,True,Spanish,Visa,,Phone Booking
a8f0d8e4-71ac-4a12-a4d5-467e202fbb5a,Oliver,Bentley,oliverb@waynecorp.com,+1 230 786 8393,TH,Asia Pacific,Reecechester,M,Business,2024-04-12 18:34:13,Non-Member,Email,True,English,Mastercard,,Walk-in
93aaa7a4-0f55-4d7e-b364-d1ebc8720318,Charles,Hebert,charlesh@gmail.com,+33 472 718 8437,FR,Europe,Clément-sur-Fernandes,M,Business,2020-11-04 14:06:32,Gold,Email,True,French,Mastercard,,Website Direct
c86b002f-ef37-46da-86d7-a22971c6d1ed,Gareth,Stanley,gareths@tyrellcorp.com,497-007-3621,US,North America,Charlotteport,M,Business,2021-03-22 22:01:29,Non-Member,Email,False,English,Mastercard,,Walk-in
9467497e-cf10-48cc-aa40-272b7465ff6b,Heather,Brown,heather.brown@initech.com,+1 656 684 1994,MX,North America,East Samantha,F,Business,2023-05-11 15:50:44,Basic,SMS,True,English,Apple Pay,,Phone Booking
00738fa0-7a21-4ca5-b3b5-7fb19c42d013,Clémence,Munoz,test@test.com,+33 554 833 9532,FR,Europe,Legros,F,Business,2024-11-12 16:38:02,Silver,Email,True,French,Mastercard,"Allergies, Wheelchair Accessible",Website Direct
064b33af-034e-427f-93fb-82d43eb36753,غيداء,آل جعفر,غيداء36@gmail.com,+1 940 218 9957,SA,Middle East,East Stephenfort,F,Group,2021-01-16 22:07:42,Gold,None,True,Arabic,Apple Pay,,Website Direct
904f149a-f597-4b0b-87df-80408bab73c7,June,Spencer,june15@gmail.com,+1 143 204 9417,MX,North America,Lake Steven,F,Leisure,2021-05-02 07:19:18,Gold,Email,False,English,Apple Pay,,Phone Booking
c7e657b9-711d-4038-a236-ae10ed56c44a,Joe,Rogers,joe.rogers@outlook.com,+1 998 920 4859,MX,North America,Port Christine,M,Family,2024-12-31 02:39:01,Basic,Email,True,English,Visa,,Website Direct
3add78ce-ce84-42e9-a1ef-22038c418dae,宁,向,宁11@yahoo.com,000-000-0000,CN,Asia Pacific,Terenceton,M,Leisure,2022-05-29 11:08:34,Gold,Both,True,Chinese,Mastercard,,Corporate Contract
d16d7f84-0c2b-4c03-9601-88fc54377fdc,Gregory,Bryan,gregory_bryan@gmail.com,+1 361 532 7486,CA,North America,Wellsshire,M,Leisure,2019-11-15 07:57:47,Silver,Email,True,English,PayPal,,Walk-in
2ee57d4d-2e10-42a2-8810-829546a2812e,Étienne,Jacquot,étienne_jacquot@cyberdyne.com,+33 299 176 3560,FR,Europe,RouxVille,M,Business,2024-09-23 21:32:28,Silver,Both,True,French,Mastercard,,Phone Booking
f8b4fad4-6371-482d-9ffb-2f27f26a7c87,Eric,Davies,eric_davies@yahoo.com,+1 181 887 6915,CH,Europe,Williamsfort,M,Business,2022-05-01 18:35:21,Non-Member,Email,True,English,Visa,,Walk-in
4b863978-fe33-4bb5-ba8c-75c2654c4983,Carlo,Cimini,carloc@starkindustries.com,+1 671 771 2017,IT,Europe,Celenza Sul Trigno,M,Business,2023-07-05 04:42:37,Basic,Email,True,Italian,Mastercard,,Website Direct
62a2f50c-9e93-4fcc-9fa9-aa1cbf2836cb,Andrew,Williams,andrew18@hotmail.com,+1 681 634 9921,MX,North America,North Harrietmouth,M,Leisure,2023-05-17 14:17:50,Non-Member,SMS,True,English,Mastercard,,Corporate Contract
461a62e6-a61e-4ecc-94d6-2689563e5b8c,Georgia,Shaw,georgia40@gmail.com,+1 400 843 4748,TH,Asia Pacific,Port Julian,F,Leisure,2022-05-31 14:01:02,Silver,Email,True,English,Mastercard,,Walk-in
415b64a3-dd95-40df-8699-1d1e358f24ba,Ben,Pearson,ben.pearson@gmail.com,+1 140 319 7035,SG,Asia Pacific,Turnerville,M,Business,2020-01-22 20:35:01,Platinum,None,False,English,Visa,,Phone Booking
0ac8ef2d-7901-4f38-82ef-8b02b624d1c4,Santos,Varela,santosv@outlook.com,+1 666 409 3154,AR,South America,North إباءbury,M,Family,2023-10-30 12:58:10,Silver,Email,True,English,Mastercard,,Website Direct
ba39ea17-04e0-49b4-a100-c5bbdf6742fa,Francesca,Taylor,francesca84@gmail.com,+1 951 814 2882,SE,Europe,New Maxhaven,F,Leisure,2021-06-25 11:51:27,Non-Member,SMS,False,English,Visa,,Walk-in
68c22402-edeb-4745-8605-91b6512f8259,우진,김,우진97@outlook.com,+1 626 845 3382,KR,Asia Pacific,South Craigville,M,Leisure,2024-11-12 20:32:01,Gold,SMS,True,Korean,Visa,,Website Direct
8c2977cb-e792-4f4d-984b-08c3268e1db1,Matthew,Owen,noemail@provided.com,(439) 249-6666,US,North America,Lydiahaven,M,Business,2024-08-07 18:01:20,Basic,Email,True,English,Mastercard,,Website Direct
50aeeaed-1736-4f3c-a9f0-2a9e9e5590ab,Rebecca,Lewis,rebecca_lewis@gmail.com,+1 129 644 4468,TH,Asia Pacific,New Marion,F,Leisure,2024-03-31 06:26:38,Basic,Email,True,English,Apple Pay,,Phone Booking
39299550-cf12-4849-86f6-a4bcef44f0d5,Christian,Howe,christian.howe@hotmail.com,+1 707 299 5736,ZA,Africa,West Josephhaven,M,Group,2022-07-11 00:13:53,Non-Member,SMS,False,English,Mastercard,,OTA Referral
9180fde0-e097-4161-ba84-a71cbed3043a,Jessica,Jones,jessica_jones@outlook.com,+1 313 422 1383,NL,Europe,Garrymouth,F,Leisure,2024-02-24 22:45:48,Non-Member,SMS,True,English,Google Pay,,Website Direct
85fff567-1906-487f-b2bf-6ea90d4f6a22,민재,나,민나@gmail.com,+1 486 516 5546,KR,Asia Pacific,Richardborough,M,Family,2019-06-30 08:49:02,Basic,Email,True,Korean,Mastercard,Non-smoking,Website Direct
966f6ab8-20a7-469d-b584-417493b2ec1a,Bradley,Cook,bradley23@icloud.com,+1 225 308 6162,CA,North America,Edwardville,M,Family,2021-11-16 10:08:15,Non-Member,Email,False,English,PayPal,,Website Direct
2130fadb-301d-420c-a3ac-62ca5400525f,Amy,Akhtar,aakhtar@gmail.com,+1 316 267 5266,NL,Europe,Traceyview,F,Group,2019-09-01 13:47:34,Gold,Email,True,English,American Express,,Corporate Contract
af2206de-ac83-4568-ad27-17bba60bab51,翼,山田,翼山@hotmail.com,+81 783 136 5720,JP,Asia Pacific,Jonesberg,M,Leisure,2023-05-03 18:29:43,Non-Member,Email,True,Japanese,Visa,,Walk-in
da6ad275-fcba-4a06-869d-a5fc0ad0b9c1,حمزة,آل مقطة,حمزة11@gmail.com,+971 882 483 3692,AE,Middle East,Harrisonshire,M,Leisure,2022-02-20 13:16:04,Gold,Both,True,Arabic,Visa,,Website Direct
01ddf05f-cfd7-4b4b-8b22-24030b28447d,Kathleen,Reeves,kathleenr@waynecorp.com,(237) 671-6427,US,North America,Alanland,F,Business,2024-03-27 20:23:25,Non-Member,Email,True,English,Mastercard,,Walk-in
fab28a84-9ecc-40bf-a1f9-f0845dd99286,جالا,فصيل,جفصيل@dummycorp.com,+1 671 588 2425,SA,Middle East,Port Heatherville,F,Business,2019-11-04 20:53:18,Basic,Email,False,Arabic,Visa,,Website Direct
f12a9da3-8e1e-4c16-b236-98786e351cd0,Allan,O'Neill,allan3@gmail.com,000-000-0000,CA,North America,Port Mandystad,M,Leisure,2021-04-04 11:33:31,Basic,Email,False,English,Mastercard,"Late Check-out, Wheelchair Accessible",Corporate Contract
a8a09b8d-2b08-432f-9d72-4ce0c295d7e9,Manu,Cervantes,manu.cervantes@gmail.com,+1 930 428 4601,ES,Europe,Granada,M,Group,2020-04-04 01:36:20,Non-Member,Both,True,Spanish,Visa,,Website Direct
a33f94be-27c9-47fc-a112-a9c10e864216,Rita,Henderson,ritah@waynecorp.com,(733) 364-7875,US,North America,Ruthstad,F,Business,2022-07-13 15:47:45,Basic,Email,True,English,Mastercard,,Website Direct
03c58f2d-d816-4554-8d03-ad7da7504d42,Joanne,Ball,joanne_ball@umbrellacorp.com,138-193-4341,US,North America,East Claireshire,F,Business,2024-05-28 23:18:57,Basic,Email,True,English,Visa,,Website Direct
1759b708-e4f0-4a75-b5d2-8991ab97874e,Sara,Rees,sara.rees@gmail.com,824-046-5608,US,North America,East Gillianshire,F,Leisure,2024-10-31 07:41:36,Gold,Email,True,English,Mastercard,,Walk-in
37690034-aeae-4740-9fca-f9c4588dfe52,Donna,Clark,donnac@gmail.com,+1 976 212 2262,SG,Asia Pacific,Claireport,F,Business,2021-03-17 20:11:16,Gold,Email,True,English,American Express,,Phone Booking
8a1eaeb4-79d7-46a9-813e-ec4dfc6b4af8,Lynda,Ryan,lynda.ryan@outlook.com,+1 257 447 9352,CA,North America,Macdonaldfort,F,Family,2022-07-25 16:51:00,Gold,SMS,False,English,Apple Pay,,Walk-in
3a1ee3e5-76dc-4e2b-a02e-815561478ad3,Hazel,Warren,hazel3@gmail.com,+1 152 669 7170,CA,North America,North Amychester,F,Leisure,2020-02-28 05:30:40,Basic,Email,True,English,Mastercard,,Website Direct
5e83dc9e-be08-4498-a98c-6d49d18b07b5,Karl-Werner,Textor,karl-wernert@gmail.com,+49 7926/211704,DE,Europe,Lübz,M,Leisure,2021-10-31 15:23:55,Gold,Email,True,German,PayPal,,OTA Referral
c061a638-759c-4c89-8ef6-08ea9466c985,خاشعة,المشاولة,خاشعة35@example.sa,+1 247 446 7841,SA,Middle East,New Graham,F,Business,2024-10-25 19:05:49,Basic,Email,False,Arabic,Visa,,Website Direct
f4f9fe6f-974b-4bef-88f0-f549c2be6fe7,康弘,高橋,康弘.高橋@initech.com,+81 511 767 1499,JP,Asia Pacific,East Julieberg,M,Business,2024-11-08 20:01:45,Non-Member,Email,True,Japanese,Mastercard,"Wheelchair Accessible, Non-smoking",Phone Booking
409fcc15-2885-4866-8232-b31730ec9773,Gordon,Baker,gordon_baker@waynecorp.com,(033) 507-2005,US,North America,Lake Gary,M,Business,2022-01-11 00:56:28,Silver,SMS,True,English,Mastercard,,Website Direct
56cb0473-0f37-4b1a-978c-af9210a54d81,지훈,이,지훈.이@outlook.com,+1 248 184 8713,KR,Asia Pacific,Butlerborough,M,Leisure,2019-11-08 04:27:08,Basic,SMS,True,Korean,Mastercard,,Website Direct
0fb7e28a-b9b6-4f5e-877d-1be1d9d38b2f,Kelly,Fisher,kfisher@starkindustries.com,(419) 548-2833,US,North America,Conorville,F,Business,2022-06-26 21:42:25,Gold,SMS,False,English,Mastercard,,Walk-in
a06aa294-398f-4a32-95b2-e01f49964543,Elaine,Roberts,elainer@yahoo.com,+1 909 694 9298,KW,Middle East,North Kimberleychester,F,Leisure,2022-05-15 16:26:43,Gold,SMS,True,English,PayPal,"Early Check-in, Wheelchair Accessible",Website Direct
4051b0b3-07d1-496e-9844-b8493ab2521e,Carole,O'Neill,caroleo@gmail.com,+44 2803 920250,GB,Europe,McCarthyhaven,F,Group,2024-05-15 10:03:14,Basic,Both,False,English,Apple Pay,,Website Direct
99fd1018-66c3-4656-8d45-39193638ad6f,중수,류,중수_류@acme.com,+1 485 262 7027,KR,Asia Pacific,Lake Chelsea,M,Business,2019-06-07 12:24:37,Silver,Email,True,Korean,Mastercard,,Corporate Contract
ca4b8cbe-3e9f-4f96-bfe2-b0c14211530b,Frederick,Perry,frederick6@icloud.com,+1 565 708 4193,SG,Asia Pacific,Sharonport,M,Family,2019-11-06 01:33:40,Silver,Email,True,English,Visa,Wheelchair Accessible,Corporate Contract
024b0f98-857a-46f6-90ea-fe39d2faf88b,정남,전,guest@email.com,+1 578 567 6711,KR,Asia Pacific,North Max,M,Business,2019-07-14 13:43:14,Basic,Both,True,Korean,Visa,,Phone Booking
f79c9eb7-8861-4557-8db8-544eb286a155,Annette,Smith,test@test.com,+44 0584 538236,GB,Europe,North Kirstymouth,F,Business,2019-01-31 22:30:03,Basic,Email,True,English,Visa,,Phone Booking
3dd97e5e-aa37-4f25-bc56-7a0dba7bfb57,Judith,Armstrong,judith.armstrong@gmail.com,+1 959 276 3896,MX,North America,Colemouth,F,Leisure,2022-04-10 10:55:23,Non-Member,Email,True,English,Visa,,Corporate Contract
40b16d0e-0158-4601-907b-2dcc92e1342f,Louis,Ward,louis_ward@starkindustries.com,,GB,Europe,North Reece,M,Business,2022-05-03 16:34:18,Gold,None,True,English,Visa,,Corporate Contract
d861bf6e-4626-4acd-95c1-505c6b3a8e66,رمحي,آل بن لافي,رآل بن لافي@gmail.com,+971 891 501 1363,AE,Middle East,North Cameronshire,M,Leisure,2022-09-21 22:14:16,Non-Member,Email,False,Arabic,Visa,,OTA Referral
3ffb118d-b8c2-4f27-96f8-370bfb025074,Tony,Hermann,thermann@oscorp.com,+49 3346/552694,DE,Europe,Feuchtwangen,M,Business,2019-04-23 22:11:28,Non-Member,Email,False,German,American Express,,Phone Booking
5f22c1d9-129d-4cd3-a8c9-4d2bd0d24d51,Karl,Fuller,karl20@gmail.com,+1 726 137 6202,MX,North America,East Elizabethmouth,M,Leisure,2019-09-13 09:09:54,Non-Member,Email,True,English,Mastercard,Late Check-out,Website Direct
c915e7ac-6f0f-412a-a743-3b6c3eff2899,Gilbert,De Sousa,gilbertd@gmail.com,+33 145 530 1031,FR,Europe,Pottier-sur-Mer,M,Leisure,2022-06-06 15:03:29,Non-Member,Email,False,French,Mastercard,,Phone Booking
847a6ec8-e982-4781-af29-43cce39394d0,Cameron,James,cjames@yahoo.com,+1 839 816 1516,SE,Europe,Storeybury,M,Leisure,2023-10-11 09:31:11,Silver,Email,True,English,Visa,,Corporate Contract
75f7dc11-f674-46b3-a357-f094dff51f1e,Giuseppe,Argentero,giuseppea@gmail.com,+1 929 560 1556,IT,Europe,Monza,M,Leisure,2021-01-15 17:24:08,Basic,Email,True,Italian,Mastercard,,Walk-in
20583a14-1e20-4a50-94a7-96512b4bcf79,Adolf,Flantz,test@test.com,+49 393 831658,DE,Europe,Ansbach,M,Leisure,2022-06-14 03:48:29,Silver,SMS,False,German,Visa,,Corporate Contract
fe832247-9c1c-4f2b-bcc1-8ffcfec203a8,Marion,Murphy,marionm@gmail.com,+44 3003 589141,GB,Europe,Harryland,F,Leisure,2023-06-04 18:36:49,Basic,Email,True,English,American Express,,Corporate Contract
0b76a13d-4caf-4cc4-bd85-18ad7e092209,Lisandro,Montesinos,lisandro50@gmail.com,+1 362 886 2879,ES,Europe,Palencia,M,Family,2022-03-02 08:19:34,Gold,SMS,True,Spanish,Visa,,Walk-in
b25e16de-99c2-40d6-8d77-2b10cd44b1a8,Guglielmo,Depero,guglielmo_depero@hotmail.com,+1 647 745 9254,IT,Europe,Pianoscafo,M,Business,2023-11-27 12:03:59,Non-Member,Email,True,Italian,Visa,,Phone Booking
c7976acf-3fae-4c70-abd0-cc366a82fb9d,Michael,Thompson,guest@email.com,+1 930 201 2838,MX,North America,Thomasstad,M,Leisure,2022-02-02 19:54:08,Basic,SMS,True,English,Visa,,Walk-in
1bd3c180-28e3-4949-a940-abb7fc6dd533,Telemaco,Tartaglia,noemail@provided.com,+1 689 708 7437,IT,Europe,Cavallina,M,Leisure,2019-01-27 06:23:31,Platinum,Email,True,Italian,Mastercard,,OTA Referral
400c1514-a9b3-4a96-9f89-b0345a99bb5b,راشد,الراشد,راشد_الراشد@initech.com,+971 772 178 5398,AE,Middle East,East Bethany,M,Business,2019-01-07 01:02:22,Platinum,Both,True,Arabic,Mastercard,,Walk-in
83ed3bb4-5b0d-457f-8c04-bd84e5a490f3,璐,刘,璐_刘@gmail.com,113 0180 7907,CN,Asia Pacific,Shannonmouth,F,Leisure,2021-11-21 00:39:44,Basic,SMS,True,Chinese,Visa,,Phone Booking
e23723cc-eb5d-4152-a569-da1ed44dc03c,Modesta,Belmonte,modesta63@gmail.com,+1 660 536 9234,ES,Europe,Melilla,F,Leisure,2023-08-14 20:45:52,Silver,Email,True,Spanish,Mastercard,,OTA Referral
1e267cc6-99e5-4250-b137-15130f07104f,Amada,Guerra,amada.guerra@gmail.com,+1 831 190 7340,ES,Europe,Cantabria,F,Leisure,2020-01-29 12:55:52,Gold,SMS,True,Spanish,Mastercard,,Corporate Contract
8795577d-2a5a-49aa-9951-59c8dad3ba82,Margot,Kensy,margot67@gmail.com,000-000-0000,DE,Europe,Lübeck,F,Leisure,2019-02-01 02:36:30,Silver,SMS,True,German,Mastercard,,Walk-in
05886512-a455-4003-8e83-24066a8b48c6,Simon,Griffiths,simon67@outlook.com,+1 875 758 5742,CA,North America,New Glennside,M,Leisure,2019-02-24 17:31:54,Silver,Email,True,English,Apple Pay,,Corporate Contract
9549ad04-4d75-4ffa-82b7-cbe5923301f4,Claire,Crawford,ccrawford@hotmail.com,+1 252 500 7128,SE,Europe,East Sian,F,Family,2023-10-05 23:26:58,Basic,Email,True,English,Visa,,Corporate Contract
10362c62-98b1-4b2c-a19d-1e7f772203f2,鑫,杨,鑫杨@example.cn,021 4288 6352,CN,Asia Pacific,Sharpton,M,Business,2019-04-08 10:33:13,Non-Member,Email,False,Chinese,American Express,,Corporate Contract
8f401c30-25a9-426b-9d36-5e19ca01bdce,Conny,Neureuther,cneureuther@outlook.com,+49 536 843089,DE,Europe,Eckernförde,F,Leisure,2021-06-12 10:57:15,Non-Member,Email,True,German,American Express,,Walk-in
05698981-df49-452a-870a-a0c4c2ff3c95,Claire,Murphy,clairem@hotmail.com,+61 277 318 8659,AU,Asia Pacific,Alberttown,F,Leisure,2024-04-26 23:40:06,Basic,Email,True,English,Visa,,OTA Referral
c9266cf7-350e-4665-abb2-5c1e66b4f530,Victoria,Hart,victoria_hart@outlook.com,+1 633 997 7232,SE,Europe,Natashashire,F,Leisure,2019-01-29 03:12:47,Non-Member,Email,True,English,PayPal,,Phone Booking
010096a3-34ae-4ef1-965c-8f23570c2c3b,Dorothy,Moran,dorothy_moran@gmail.com,797-294-4628,US,North America,Lake Justinborough,F,Group,2019-05-18 07:25:33,Basic,Email,True,English,Mastercard,,Walk-in
f2fb6f0c-856d-4dd3-8e20-ebb5306daa2a,Donna,Matthews,dmatthews@yahoo.com,+1 445 318 4954,KE,Africa,South Leannehaven,F,Family,2023-03-13 16:00:17,Basic,Both,True,English,Visa,"High Floor, Allergies",Website Direct
9d3429b9-4fed-45fb-973f-a7be81b62a43,Sylvia,Simmons,sylvias@gmail.com,+1 854 979 2721,ZA,Africa,New Lucy,F,Leisure,2019-04-17 12:43:45,Non-Member,Email,True,English,Visa,,Phone Booking
db0e4a88-d77f-417a-aac1-d772df05a34a,Abbie,Akhtar,abbie77@gmail.com,+1 548 365 1619,CA,North America,West Janetmouth,F,Leisure,2020-01-12 16:20:41,Basic,Email,True,English,Apple Pay,,Website Direct
65650290-7c2f-49a6-a9ad-17400dbef617,Sara,Barnes,sara47@outlook.com,+1 867 564 4257,MX,North America,Aaronview,F,Leisure,2024-09-14 22:22:48,Non-Member,SMS,False,English,Visa,,Website Direct
846c0bae-473c-49ab-8858-293e87e2b634,Karl,Harrison,karl.harrison@cyberdyne.com,+1 797 294 3376,NL,Europe,Talbotberg,M,Business,2019-06-14 00:27:24,Basic,Email,True,English,Visa,,Corporate Contract
a6718914-ada4-4750-8c0d-6f01039c554a,Jeremy,Bull,jeremy99@gmail.com,+61 651 247 9388,AU,Asia Pacific,Kerryburgh,M,Family,2019-09-06 03:49:18,Silver,Email,True,English,PayPal,,Website Direct
e0df4059-1c14-486f-89c6-79ebad866206,مادلين,آل سلطان,مآل سلطان@gmail.com,+1 834 498 6567,SA,Middle East,Carolineburgh,F,Business,2021-11-16 17:24:25,Gold,Email,False,Arabic,Apple Pay,"High Floor, Non-smoking",Website Direct
ecdd8ee4-1951-4edb-995c-9b7a7ddd2ed3,Russell,Iqbal,russelli@yahoo.com,+1 103 171 6724,MX,North America,East Brandon,M,Leisure,2019-12-05 20:45:26,Basic,Email,True,English,Visa,,Phone Booking
5474091c-9619-4a30-8237-4323fdb09e22,Graeme,Price,graeme81@outlook.com,(215) 076-0797,US,North America,Christineshire,M,Family,2020-02-17 14:07:23,Non-Member,Both,True,English,Visa,,Website Direct
1b690b4f-e5de-4fc5-9536-89ec8dd5e1a4,Allan,Cox,allan.cox@globex.com,+1 504 485 4274,NL,Europe,Lake Johnburgh,M,Business,2022-01-27 00:50:25,Basic,Email,True,English,American Express,,Corporate Contract
9ee34932-8387-49ac-80f2-a28eef7c3ff5,さゆり,石川,さゆり.石川@gmail.com,+81 384 541 6250,JP,Asia Pacific,South Philipside,F,Leisure,2024-04-21 02:56:18,Non-Member,SMS,False,Japanese,Visa,,Corporate Contract
ea5e2a01-483a-4b2a-8613-4faef0c602f8,Frances,Wilson,francesw@gmail.com,(649) 732-2966,US,North America,South Oliverstad,F,Group,2019-10-01 12:59:18,Silver,Email,False,English,Visa,,Website Direct
f1acb8d7-d71f-4d24-98c4-f516c4fc6df0,Adèle,Boutin,adèle3@initech.com,+33 436 373 2717,FR,Europe,Pereiradan,F,Business,2019-06-28 22:20:17,Platinum,Email,True,French,Visa,"Allergies, Wheelchair Accessible",Corporate Contract
4975d599-b0e2-469e-9357-43e96aa90ebe,중수,이,중이@initech.com,+1 161 346 2722,KR,Asia Pacific,West Antony,M,Business,2021-09-10 02:51:45,Basic,Email,True,Korean,Google Pay,"High Floor, Late Check-out",Website Direct
60034e29-21ee-4d8c-a8ef-b74b9fae5cbd,Hannelore,Vollbrecht,test@test.com,+49 6513/979686,DE,Europe,Witzenhausen,F,Leisure,2024-06-09 12:24:17,Non-Member,Both,True,German,Visa,,Phone Booking
eddef83b-3e6d-48f1-849b-bac095bfcd61,Calixto,Briones,calixto.briones@gmail.com,+1 531 982 7381,ES,Europe,Guipúzcoa,M,Leisure,2019-09-05 23:19:43,Platinum,SMS,True,Spanish,Visa,,Walk-in
b3f03669-63b4-4708-90f2-b52c219444a0,Martyn,Jones,mjones@outlook.com,+1 411 183 4184,CH,Europe,South Shaneville,M,Leisure,2019-02-08 10:20:53,Silver,Email,False,English,American Express,,Walk-in
06c1591a-44cd-45ea-a025-d900234746b6,Denis,Jones,djones@yahoo.com,471-406-8445,US,North America,Judithfort,M,Business,2024-02-28 09:12:59,Basic,Both,True,English,Visa,,Corporate Contract
e3f08171-354f-44cb-a6bd-982bac590cae,Laura,Chadwick,laura11@outlook.com,+61 954 917 7993,AU,Asia Pacific,East Shaun,F,Leisure,2024-10-23 07:11:01,Silver,SMS,True,English,Visa,,Corporate Contract
7597e592-9f6c-4519-ab63-f19436411b83,Harry,Brown,harry_brown@outlook.com,+1 694 918 6056,CA,North America,Ericshire,M,Business,2022-11-09 15:37:27,Basic,SMS,True,English,Visa,,OTA Referral
f9bb71f9-9e4d-4e85-915a-705337754dd3,Nicholas,Stewart,test@test.com,+1 282 517 4628,SG,Asia Pacific,Pattersonstad,M,Family,2023-05-22 16:56:21,Non-Member,Email,True,English,Visa,,Walk-in
e336aec1-bf1b-41b5-b86c-92bc8fd51f61,Christophe,Jourdan,christophe.jourdan@gmail.com,,FR,Europe,Dijoux,M,Family,2023-08-30 18:15:25,Non-Member,Email,True,French,PayPal,,Walk-in
2833b1df-5a2a-4951-9268-3883471ed212,Rita,Federici,rita81@globex.com,+1 102 459 5261,IT,Europe,Jamiano,F,Business,2020-06-03 22:49:11,Basic,Email,True,Italian,Apple Pay,,Website Direct
57683a2b-c09b-48d6-b317-62f5275415c1,Connor,Moore,cmoore@outlook.com,+1 319 354 2187,CA,North America,Masonport,M,Leisure,2020-10-05 08:22:30,Platinum,Email,False,English,Visa,,Walk-in
b45ca6ea-e33d-45de-95df-0adb3a44d275,Karl,Wilson,karlw@umbrellacorp.com,+1 894 569 7281,MX,North America,West Joelview,M,Business,2023-09-01 07:23:30,Non-Member,Email,True,English,American Express,,Website Direct
b20262c7-1c76-469d-bc83-e51d670e3451,Jordan,Lowe,jordan_lowe@globex.com,542-899-8836,US,North America,Christianton,M,Business,2020-05-13 20:49:52,Non-Member,Email,False,English,Mastercard,,Phone Booking
89f7a3c4-4eac-4caa-925f-085dd6df8843,Connor,Wilson,connor.wilson@gmail.com,+1 672 973 8419,NL,Europe,West Geoffrey,M,Group,2022-12-30 05:33:35,Non-Member,SMS,True,English,Apple Pay,,Walk-in
033e4a9c-6116-4def-bafa-a3f1584583ba,Mohamed,Nicholls,mohamed74@gmail.com,+1 996 908 8008,NL,Europe,Robinchester,M,Leisure,2022-04-13 05:18:50,Basic,Both,False,English,PayPal,,Website Direct
bcd9e318-d190-42dd-b45c-dc03016ef2f2,Abigail,Brown,abigailb@umbrellacorp.com,397-308-6325,US,North America,North Peter,F,Business,2020-09-17 19:58:25,Non-Member,Email,True,English,Mastercard,,Website Direct
a6ce0964-a16e-4522-949b-8521e0725fbe,あすか,山下,あすか山@hotmail.com,+81 151 834 5301,JP,Asia Pacific,East Tracymouth,F,Group,2021-02-01 17:55:08,Silver,Both,True,Japanese,American Express,,Walk-in
f1de7808-3d15-4e65-8f16-baf9e0cdc86c,Adam,Coates,adam98@yahoo.com,+1 605 246 5082,TH,Asia Pacific,Bibibury,M,Leisure,2024-01-16 10:53:14,Basic,Email,True,English,Visa,,Website Direct
3e77bca1-5356-4d3a-99d3-b310be13b8a3,Arthur,Taylor,arthurt@yahoo.com,+1 162 615 9405,CA,North America,Clareside,M,Family,2023-06-10 08:13:53,Silver,Email,False,English,Visa,,Walk-in
4ee20dd4-a8a9-40cb-be41-fc60304160eb,Callum,Reeves,callum_reeves@outlook.com,+44 5815 179385,GB,Europe,Victoriamouth,M,Leisure,2024-06-05 17:12:01,Basic,Email,True,English,Google Pay,,Phone Booking
d0b2c0ec-8341-4901-bf6e-d0634999ea0f,Virginie,Lefort,vlefort@outlook.com,,FR,Europe,Royer,F,Family,2019-02-10 21:56:38,Non-Member,Email,False,French,Mastercard,,Corporate Contract
34dc7da2-937e-4661-8ca1-006ce6e597c6,Janet,Dunn,janet.dunn@outlook.com,+61 635 208 2500,AU,Asia Pacific,Emmaton,F,Group,2024-12-11 06:33:11,Silver,SMS,False,English,Visa,,Corporate Contract
8e526dfd-9ae7-4f14-820d-54a6e3d36569,Manon,Bonnet,manon.bonnet@gmail.com,+33 812 963 9780,FR,Europe,Sainte Maryse,F,Leisure,2022-04-28 17:43:02,Silver,Email,False,French,American Express,,Website Direct
6d6641f7-9c60-4e59-9966-3970818ff64f,Lynne,Blake,lynne25@yahoo.com,(446) 458-7825,US,North America,South Emmaland,F,Leisure,2023-10-20 12:45:30,Non-Member,SMS,False,English,American Express,,Phone Booking
95d2b632-64ad-4ffb-b797-ba45a3372ea9,Georgia,Parker,georgia_parker@outlook.com,+1 974 920 1215,SE,Europe,Lake Naomifurt,F,Leisure,2022-12-10 22:07:48,Gold,Email,True,English,Mastercard,,Corporate Contract
925d45a6-94f9-4908-93ee-fb657d6dfd65,Sophie,Hill,sophie.hill@outlook.com,+1 933 659 1786,TH,Asia Pacific,East Joelside,F,Family,2019-03-17 19:53:42,Non-Member,Both,True,English,PayPal,,OTA Referral
93579825-b443-4d33-8e07-0e883f892209,Tracey,Price,tracey.price@gmail.com,+1 571 621 4471,MX,North America,Ashleighville,F,Leisure,2022-04-30 07:42:09,Basic,Email,True,English,Apple Pay,,Website Direct
560c8449-ed6d-4fa2-a23e-db03a8d815e4,Brandon,Ward,brandon.ward@example.us,124-460-4008,US,North America,Port Margaret,M,Business,2019-10-09 09:56:27,Gold,SMS,True,English,Mastercard,,Walk-in
5740259d-87b2-4bf2-9868-189b6928fb2e,Aaron,Moss,aaron40@outlook.com,6291 533 4841,GB,Europe,New Norman,M,Leisure,2024-03-04 11:43:39,Non-Member,Email,True,English,Visa,,OTA Referral
2ccfe722-b0f6-4179-bfb2-74d679122d21,Robert,Gallet,rgallet@acme.com,+33 365 648 1257,FR,Europe,DupuyBourg,M,Business,2023-05-17 16:11:12,Silver,Email,True,French,Visa,,Walk-in
4886bc63-6c19-4a40-a819-e95be9b9baa4,Remedios,Expósito,remedios_expósito@yahoo.com,+1 112 886 4625,ES,Europe,Lugo,F,Leisure,2021-02-14 14:02:14,Silver,Email,True,Spanish,Visa,,Phone Booking
e89f61ec-8ac1-4997-b31f-c004be8d427b,James,Cook,james47@outlook.com,+1 450 719 1583,NL,Europe,North Naomifurt,M,Leisure,2020-02-15 01:44:03,Basic,Email,True,English,PayPal,,Website Direct
81b1cdcc-123c-4434-b52f-4a95c82f8377,Elliott,Wilkinson,elliott_wilkinson@gmail.com,(817) 935-8197,US,North America,Port Alexander,M,Group,2019-01-24 12:30:58,Non-Member,Email,True,English,Mastercard,,Corporate Contract
719ab386-6ca4-404e-b9c5-d46e68c9107a,Chloe,Matthews,chloem@gmail.com,+1 433 264 9568,MX,North America,North Alex,F,Leisure,2019-03-25 02:54:27,Non-Member,Email,True,English,Visa,,OTA Referral
00cb41b1-0a7f-40cf-ad42-f31059273ecf,Joanne,Potts,joanne21@gmail.com,3913 370 6861,GB,Europe,Craigport,F,Family,2023-04-29 00:56:31,Non-Member,SMS,False,English,Visa,,OTA Referral
76418bac-3323-4d44-a002-03483954facf,Camille,Hervé,camilleh@yahoo.com,+33 177 335 9224,FR,Europe,Boulay,F,Family,2019-10-06 15:39:42,Gold,Email,False,French,Mastercard,,Phone Booking
9ff7812f-fc98-4c43-ad56-2d6e8a793ff1,Victoria,Brown,victoriab@gmail.com,(660) 264-8510,US,North America,Lake Jemmafort,F,Group,2024-07-25 07:19:34,Gold,Email,True,English,American Express,"High Floor, Allergies",OTA Referral
e094f01c-caf4-438f-85d9-78590fbfa88c,Adriana,Capdevila,adriana73@gmail.com,+1 297 811 9522,ES,Europe,Melilla,F,Family,2024-01-20 03:26:29,Non-Member,Email,False,Spanish,Visa,"Non-smoking, Late Check-out",OTA Referral
3b47f535-686d-468b-b9c2-4e2209393af8,Alex,Tucker,atucker@outlook.com,(431) 720-4924,US,North America,Julietown,M,Business,2023-04-18 23:37:45,Basic,SMS,True,English,Visa,,Website Direct
780f377c-96b2-4ce0-b23c-e2e45b03b475,Josephine,Phillips,josephine_phillips@oscorp.com,+1 845 879 7181,CA,North America,Goodwinbury,F,Business,2023-09-14 16:24:23,Non-Member,Email,False,English,Visa,,Website Direct
d8e2db63-ac93-46b7-bac6-bc20a350c713,Gail,Hall,gail.hall@gmail.com,+1 997 631 6131,CH,Europe,Elliottberg,F,Leisure,2024-11-19 15:17:42,Non-Member,Email,True,English,Mastercard,,Website Direct
d30224d8-c6b6-4ac1-84e7-a818152d23ee,Mitchell,Duncan,mitchell27@gmail.com,+1 618 910 2251,MX,North America,Ballview,M,Leisure,2019-07-31 17:21:23,Non-Member,Email,True,English,Mastercard,,Walk-in
953e8705-1c21-4b21-ad18-982e26c6de02,Wendy,Owen,wendy_owen@hotmail.com,+1 677 493 6901,SG,Asia Pacific,South Meganburgh,F,Family,2019-01-13 01:38:26,Basic,Email,False,English,Visa,,Phone Booking
21397b52-a8e4-4af1-b594-cba2e8036ace,Julie,Carter,julie_carter@gmail.com,+1 536 757 4060,CA,North America,Bishopside,F,Leisure,2020-02-27 08:44:25,Gold,SMS,False,English,Apple Pay,,Corporate Contract
b8476090-7ebb-43ae-9971-5192a7ec98a3,Céline,Goncalves,céline.goncalves@waynecorp.com,+33 289 443 7893,FR,Europe,Saint Anneboeuf,F,Business,2023-03-29 16:57:34,Non-Member,Email,False,French,American Express,,Corporate Contract
3c817af3-d796-45ac-a651-7bab06d0adb9,Arthur,Dennis,arthur43@outlook.com,+44 5094 430785,GB,Europe,Hollieville,M,Family,2022-12-30 15:08:38,Non-Member,Both,True,English,Visa,,Website Direct
6c0f10b6-d79a-4f92-b5db-104e33947a5a,Oliver,Cook,oliver_cook@hotmail.com,+1 888 458 5501,CL,South America,South Phillipport,M,Leisure,2020-11-20 23:38:33,Non-Member,Email,False,English,Visa,,Walk-in
724b3757-7d0f-4384-a493-31785d634f91,Rita,Jones,ritaj@initech.com,+1 840 102 2069,CA,North America,North Beverleymouth,F,Business,2024-02-26 23:16:06,Basic,Email,False,English,Visa,,Walk-in
1816f1f6-607b-4ff1-b75c-8fdb6ef5bc7b,Olegario,Salmerón,olegario.salmerón@gmail.com,+1 817 766 5906,ES,Europe,Cuenca,M,Leisure,2023-02-11 13:31:32,Basic,Email,True,Spanish,Visa,,Corporate Contract
1382d4b2-3ace-4501-a40d-14f1efdfdca9,Bernard,Smith,bernard.smith@waynecorp.com,+1 420 955 5946,NL,Europe,New Franktown,M,Business,2020-07-02 20:51:30,Non-Member,SMS,True,English,Visa,,Corporate Contract
c93b5cc5-a827-4d1b-bbe4-96f7c3dbd97e,Donato,Maderna,dmaderna@gmail.com,+1 282 898 6795,IT,Europe,Sabbioncello San Vittore,M,Leisure,2019-07-14 10:18:08,Silver,SMS,True,Italian,Visa,,Phone Booking
4f52b109-cc2f-4f65-ab31-85169d0b32f4,兵,张,兵.张@outlook.com,564 6253 7014,CN,Asia Pacific,Alexanderberg,M,Family,2019-07-10 04:45:48,Gold,Email,True,Chinese,American Express,Allergies,Walk-in
6b1b0ae6-94a9-4285-836c-f97373b117ce,Liam,May,liam39@acme.com,+1 416 695 3285,KE,Africa,North Leonardfort,M,Business,2020-06-12 13:34:47,Non-Member,Email,True,English,American Express,,Website Direct
8b10196a-b3ca-470e-a706-a2721dad4ce5,Andrea,Hill,andreah@cyberdyne.com,+1 367 946 3784,MX,North America,New Jay,F,Business,2020-01-16 18:49:49,Silver,Both,True,English,Visa,,Website Direct
f755ee4c-5fda-4c16-9f36-4f1f024d2180,Lydia,Matthews,lydia.matthews@gmail.com,+91 618 543 8874,IN,Asia Pacific,East Benland,F,Leisure,2021-08-14 23:17:43,Silver,Email,False,English,Visa,,Walk-in
c3a89eb3-70bc-4399-b24e-b53764cb017d,Alice,Hancock,ahancock@outlook.com,+1 165 795 8763,CA,North America,Hayneston,F,Leisure,2022-03-13 12:19:54,Gold,Email,True,English,Mastercard,,Website Direct
3d23d3c6-8b13-47c8-8928-acaea531e5fa,Jade,Martin,jade_martin@gmail.com,+1 779 566 3827,MX,North America,Grahamside,F,Leisure,2019-04-16 17:43:45,Basic,Email,True,English,Visa,Allergies,Phone Booking
d9393606-c986-4a15-ba76-abe4e3990901,Albert,Potter,apotter@hotmail.com,657-298-6805,US,North America,Hayleyfurt,M,Leisure,2022-11-21 18:38:58,Gold,Email,True,English,Mastercard,,Phone Booking
33e33cc9-0da5-4d77-be43-ff7989d224a3,红梅,苗,红梅苗@icloud.com,782 9076 4640,CN,Asia Pacific,West Terryfurt,F,Leisure,2024-06-15 06:18:46,Non-Member,Email,False,Chinese,Mastercard,,Corporate Contract
329dc0cb-9616-41f9-b49e-5ec72a98ff1e,Alix,Verdier,guest@email.com,+33 169 457 8164,FR,Europe,Roger-sur-Briand,F,Business,2023-06-07 04:30:22,Non-Member,SMS,False,French,Visa,"Non-smoking, Wheelchair Accessible",Walk-in
05890b96-d3f3-46e9-a50c-426a8dcb299c,Antonietta,Rosmini,antonietta.rosmini@tyrellcorp.com,+1 800 121 9178,IT,Europe,Comerconi,F,Business,2023-06-12 15:04:21,Silver,Email,True,Italian,American Express,,Walk-in
3c73a7cb-2616-4fa8-b3ef-e7d419873a5e,Gustav,Winkler,gwinkler@gmail.com,+49 9821/075736,DE,Europe,Altötting,M,Business,2019-05-10 04:21:07,Non-Member,Email,True,German,Visa,,OTA Referral
56cef142-f3d9-450c-8b03-9a42e9428261,Dominic,Webb,dwebb@yahoo.com,+1 946 225 9544,ZA,Africa,Port Ronaldland,M,Leisure,2024-04-21 15:56:46,Basic,Email,True,English,American Express,Early Check-in,Walk-in
25a6ab30-45c9-464e-b71a-9b4957831382,Geraldine,Oliver,geraldine_oliver@gmail.com,1940 521 4240,GB,Europe,Melaniemouth,F,Leisure,2022-03-28 05:54:00,Non-Member,Email,True,English,Visa,,Website Direct
c898beed-6e43-4282-ba23-789b2082797d,성진,오,성진99@oscorp.com,+1 521 909 4367,KR,Asia Pacific,New Fiona,M,Business,2022-02-15 14:44:39,Silver,Email,True,Korean,Mastercard,,Walk-in
e6d5e104-cddb-46da-a7d9-2dcc0e31c6aa,Tina,Clarke,tina.clarke@gmail.com,+1 438 253 7341,SE,Europe,New Sara,F,Leisure,2024-05-13 04:29:22,Silver,Email,True,English,Visa,,Walk-in
ee9b0fe6-63b1-4cbf-838d-a35a35e25a7f,Mohammed,Lane,mohammedl@cyberdyne.com,+1 907 171 2723,NL,Europe,Annville,M,Business,2024-08-15 13:42:43,Silver,Email,False,English,Visa,,Corporate Contract
86610ea5-407c-42b0-9938-8ac564b4abca,يارا,آل قصير,يارا_آل قصير@gmail.com,+971 630 636 6489,AE,Middle East,Wrightshire,F,Leisure,2021-08-29 14:41:38,Basic,Email,False,Arabic,Visa,,Phone Booking
f7400726-7ecb-4a3f-bdd8-ccad9b5b4af4,治,森,治森@gmail.com,+81 993 229 4434,JP,Asia Pacific,Antonychester,M,Leisure,2021-04-02 14:32:40,Silver,Email,True,Japanese,Mastercard,,Website Direct
3823b995-2216-4841-81b5-e4091c03c7c4,Wayne,Henderson,whenderson@gmail.com,+1 133 687 4318,SE,Europe,New Joanmouth,M,Leisure,2024-02-27 09:13:27,Non-Member,Email,True,English,Mastercard,,Phone Booking
fdc4143b-d902-4740-8929-6561c53a2fa2,Marcus,Singh,marcus.singh@gmail.com,000-000-0000,US,North America,Stanleyburgh,M,Leisure,2024-01-28 18:12:17,Basic,Email,True,English,Mastercard,,OTA Referral
563722e0-9475-4c9d-b494-dc46133dd04b,Marilyn,Sykes,marilyns@globex.com,(264) 887-4807,US,North America,Bernardtown,F,Business,2022-12-16 10:48:44,Non-Member,SMS,False,English,Mastercard,Wheelchair Accessible,Corporate Contract
72ea565b-2c6e-4e9e-9bb6-5eba57eda269,Sam,Rose,sam.rose@gmail.com,+1 355 698 5240,MX,North America,East Glenburgh,M,Leisure,2024-10-07 14:11:07,Non-Member,Email,True,English,American Express,"Wheelchair Accessible, Non-smoking",Website Direct
35f9567b-6a42-4778-8abf-ca0df1adfcf5,Rachel,Foster,noemail@provided.com,+91 426 543 2020,IN,Asia Pacific,Elaineton,F,Leisure,2024-03-17 01:15:59,Basic,Email,True,English,Visa,,OTA Referral
d748c762-5c1c-4ca3-95e9-1d15857d8338,Damien,Lowe,damien_lowe@outlook.com,4999 342 4567,GB,Europe,Leachstad,M,Business,2024-02-16 16:19:01,Non-Member,Email,True,English,PayPal,,Walk-in
9e19ddae-b681-4819-b00f-5141573abb7b,Leon,Noble,leon_noble@hotmail.com,+1 106 942 2098,CA,North America,South Suzanne,M,Leisure,2022-07-20 23:04:45,Basic,SMS,True,English,Visa,,Walk-in
19780b7b-559c-42fd-841c-466dfe658c11,Marilyn,Fry,marilyn.fry@gmail.com,000-000-0000,SE,Europe,Abbiemouth,F,Leisure,2021-06-10 11:24:19,Gold,SMS,False,English,Mastercard,,OTA Referral
3e9b3cb1-03cb-421d-8df9-57013615702d,은지,김,은김@gmail.com,+1 222 451 6172,KR,Asia Pacific,New Josephine,F,Business,2020-02-16 22:38:39,Non-Member,SMS,False,Korean,Mastercard,,Corporate Contract
b9b7cce4-0bd7-4dcf-9024-f9efd56391ab,Beverley,Lee,beverley_lee@outlook.com,+1 361 373 4788,NL,Europe,Begumtown,F,Leisure,2023-03-16 17:46:18,Silver,Email,True,English,Apple Pay,,Walk-in
c8c1104a-9ba0-4030-86fc-c0c1a610b4b4,유진,류,유진_류@gmail.com,+1 592 109 5493,KR,Asia Pacific,Robertview,F,Group,2019-10-07 06:02:34,Non-Member,None,False,Korean,American Express,,Corporate Contract
05b75e1f-edb8-4f17-998c-bb8fa56e8139,Marion,Smith,msmith@gmail.com,+1 270 480 1935,CH,Europe,Fraserfurt,F,Family,2023-10-09 08:39:43,Platinum,Email,True,English,PayPal,,Website Direct
60a8ae4d-61c5-4a90-8916-466717fdcd8b,聡太郎,長谷川,聡長谷川@gmail.com,+81 667 365 9132,JP,Asia Pacific,Port Callum,M,Leisure,2024-05-26 08:10:54,Basic,Email,True,Japanese,Mastercard,,Walk-in
b485ed25-1798-465c-971e-892dc9b62e96,Massimiliano,Faggiani,mfaggiani@initech.com,+1 657 477 4814,IT,Europe,Messercola,M,Business,2021-08-04 19:49:56,Non-Member,Email,True,Italian,Visa,,Corporate Contract
78091cb3-20f9-46c5-88cd-32cf9e9c15d2,Tracy,Hutchinson,tracy23@yahoo.com,(079) 139-9789,US,North America,Harperport,F,Family,2019-03-20 13:30:24,Platinum,Email,False,English,American Express,,Website Direct
3b5b1c40-e049-4b70-b400-37214ffc8459,June,Patel,june.patel@outlook.com,+61 796 937 2970,AU,Asia Pacific,West Jonathan,F,Group,2019-08-08 17:14:31,Non-Member,Email,True,English,Mastercard,,Website Direct
32e735a6-4803-40fa-8ede-9c70f93dff3b,Samuel,Chapman,samuelc@gmail.com,+1 371 769 6774,CH,Europe,New Nathanfurt,M,Leisure,2021-08-11 07:34:43,Platinum,Email,False,English,Visa,"Allergies, Non-smoking",Corporate Contract
c5c5e088-73b3-46e2-8556-9a03ba1a3375,Mathew,Smith,msmith@gmail.com,+61 933 894 1090,AU,Asia Pacific,South Kyle,M,Leisure,2023-06-28 02:57:00,Non-Member,Email,False,English,Visa,,OTA Referral
b8e54d57-cb27-45d3-9049-f173ae013ebf,Naomi,Yates,naomi.yates@gmail.com,+61 518 199 2481,AU,Asia Pacific,Shahborough,F,Group,2021-11-23 10:28:58,Gold,Email,True,English,Visa,,Walk-in
cd6af287-355a-4e94-a249-79ddcde493bc,Romolo,Caboto,romolo.caboto@icloud.com,+1 513 288 1309,IT,Europe,Collalto,M,Family,2023-01-16 06:18:35,Silver,Email,True,Italian,Visa,,Website Direct
8551eb91-16f3-4266-aa0d-f0eee5020988,Allan,Vincent,allanv@gmail.com,+61 534 681 5296,AU,Asia Pacific,New Antonyberg,M,Group,2024-01-18 18:59:15,Gold,Email,False,English,American Express,,Website Direct
51abf916-9058-42d2-a2c7-c931227ca772,춘자,김,noemail@provided.com,+1 821 872 8969,KR,Asia Pacific,Talbotport,F,Leisure,2020-10-08 12:22:07,Basic,Email,False,Korean,Visa,,Corporate Contract
b851c970-4379-4e41-8bbe-6f01ef147210,Stewart,Shaw,stewart25@umbrellacorp.com,2935 383 0242,GB,Europe,Collierfort,M,Business,2021-01-11 09:36:57,Silver,SMS,True,English,Visa,,Walk-in
e1d067e9-3bb4-4d0b-add1-431d7efb3867,Steven,Collins,steven59@gmail.com,+1 503 521 7439,CA,North America,Murraytown,M,Leisure,2021-07-28 20:09:53,Gold,SMS,True,English,Visa,,Corporate Contract
8f6a8821-5113-414c-b701-163d34b72a45,Dean,West,dean_west@gmail.com,+1 844 621 8250,CH,Europe,Aaronville,M,Leisure,2022-02-08 05:18:24,Gold,Email,True,English,Mastercard,,OTA Referral
2ab2f1c8-bf24-4d82-b9b3-dbdb536d9b45,Imre,Junk,imrej@waynecorp.com,+49 3407/074689,DE,Europe,Bischofswerda,M,Business,2020-06-07 22:44:33,Silver,Email,False,German,Visa,,Corporate Contract
ea535951-82f2-427f-b963-d54c31fc499f,Alexandra,Wood,guest@email.com,+1 221 226 8246,NL,Europe,New Charles,F,Leisure,2022-06-28 05:27:19,Silver,Email,True,English,Visa,"Non-smoking, Wheelchair Accessible",Corporate Contract
8cc6902a-35b8-4ebe-a3ff-d001e87f3cc8,숙자,최,noemail@provided.com,+1 345 164 8943,KR,Asia Pacific,Mauricestad,F,Business,2023-05-15 16:25:44,Non-Member,Both,True,Korean,PayPal,,Website Direct
e7e02dd6-749b-46a7-9ac7-0a87e54b49a5,Neil,Wright,nwright@tyrellcorp.com,+1 820 311 5539,QA,Middle East,Port Joan,M,Business,2024-04-11 04:21:14,Non-Member,SMS,True,English,Visa,,Corporate Contract
4d135268-4cd1-482e-9a60-1aa6227c2448,Pauline,Robinson,pauliner@cyberdyne.com,(160) 618-9329,US,North America,Kerryberg,F,Business,2024-04-01 18:45:05,Non-Member,Email,True,English,Mastercard,,OTA Referral
f1e2e51f-360f-4b0d-b203-046daaf7f85e,Victoria,Holt,victoriah@tyrellcorp.com,+61 405 623 6702,AU,Asia Pacific,Lewisfort,F,Business,2024-01-23 20:31:39,Non-Member,Email,True,English,Visa,,Walk-in
ed0805c3-f7c9-45e7-ad68-6d7e82daaf79,Viviana,Checa,vivianac@acme.com,+1 203 972 1102,ES,Europe,Valladolid,F,Business,2019-06-13 14:29:19,Silver,Email,True,Spanish,Mastercard,"Non-smoking, Late Check-out",Corporate Contract
3e3bacf2-2c2c-4842-bb3b-40be16f1a7e9,Joe,Garner,joe.garner@gmail.com,+1 861 740 7100,TH,Asia Pacific,North Declan,M,Business,2024-06-20 01:50:24,Non-Member,Email,True,English,American Express,,Corporate Contract
828f5bbc-a30d-459d-a97b-a1aa681559db,Nicolas,Traore,nicolas_traore@gmail.com,+33 982 113 5213,FR,Europe,Potier,M,Business,2019-05-28 05:31:16,Gold,SMS,True,French,Mastercard,,Walk-in
d230aede-a89a-4e0a-9c7d-9fb28b714496,Jonathan,Knight,jonathan79@umbrellacorp.com,+1 632 855 1067,SG,Asia Pacific,Kingview,M,Business,2022-07-14 17:25:54,Non-Member,Email,True,English,Visa,,Walk-in
29c40475-b472-4886-b25b-fc9349539e22,Amanda,Taylor,amanda.taylor@umbrellacorp.com,+1 955 916 2504,MX,North America,Port Aimee,F,Business,2024-08-07 00:44:06,Gold,Email,True,English,Mastercard,,OTA Referral
52f2719a-a791-40ce-acfb-beadc716b41e,Jason,Bradley,jason_bradley@gmail.com,+1 462 763 6543,SG,Asia Pacific,Port Bryan,M,Leisure,2019-05-07 11:51:03,Non-Member,Email,True,English,American Express,,OTA Referral
2107d583-c31f-4c55-af55-c2e61f66bde7,Georges,Duval,georges21@outlook.com,+33 297 176 2807,FR,Europe,Sainte Jules,M,Leisure,2022-10-04 15:23:30,Basic,Email,False,French,Visa,,OTA Referral
f4c8a735-2cac-43f3-a7e6-86e443f2718b,Marie,Marshall,mmarshall@gmail.com,+1 404 778 7258,CA,North America,Edwardburgh,F,Leisure,2023-05-23 05:26:24,Silver,Email,True,English,Mastercard,,Walk-in
b0affbab-5af7-4289-a104-93e175b652ba,Jeffrey,Hussain,jeffrey.hussain@gmail.com,+1 178 725 4366,NL,Europe,West Dominicburgh,M,Business,2024-01-03 18:36:09,Basic,Email,True,English,American Express,,Website Direct
8668e7ef-8370-4eb6-b427-534d3879908a,Jason,Roberts,jasonr@hotmail.com,+1 463 626 7389,CA,North America,South Simonland,M,Leisure,2020-07-26 17:27:54,Basic,Email,True,English,Mastercard,,OTA Referral
d4e654ad-4539-4c6a-a89e-eead903003ef,翔太,佐藤,test@test.com,+81 379 872 3076,JP,Asia Pacific,East Hannah,M,Family,2020-08-16 10:55:55,Basic,Email,True,Japanese,Visa,,Website Direct
128e1310-52c3-4302-a8da-a8cba8c6a076,Juan Pablo,Pedro,juan pablo60@gmail.com,+1 450 504 5284,ES,Europe,Córdoba,M,Group,2021-08-25 07:40:48,Basic,Both,False,Spanish,Mastercard,,OTA Referral
cba5c2b9-50d1-45fb-94a3-b8b3c1da5e05,Keith,Birch,keith27@gmail.com,+1 817 474 4455,CH,Europe,Port Debrashire,M,Family,2023-11-09 16:29:26,Basic,Email,False,English,Mastercard,,Website Direct
51bd155f-e73d-4817-a1e5-52d3d534f1de,Sian,Khan,noemail@provided.com,+1 842 372 3365,SG,Asia Pacific,Staceyshire,F,Leisure,2023-09-28 23:16:19,Basic,Email,False,English,American Express,,Walk-in
8d73fabe-246b-485f-8ff3-9f350c4d244f,Helen,Bryan,helen35@cyberdyne.com,+1 683 453 7684,MX,North America,West Eleanor,F,Business,2020-06-05 15:10:49,Silver,Email,True,English,Visa,,Phone Booking
ceb9b01c-9932-4be4-b0e0-0a0ed8b40539,Hugh,Warren,hugh_warren@gmail.com,+1 684 263 6315,TH,Asia Pacific,Perryburgh,M,Leisure,2020-03-02 05:30:44,Gold,Email,True,English,Mastercard,"Non-smoking, Late Check-out",Website Direct
be5f31d1-3b60-46ca-a647-92003e47ae42,Kenneth,Smart,ksmart@starkindustries.com,951-276-8280,US,North America,Houghtonbury,M,Business,2019-03-25 09:16:34,Basic,SMS,True,English,Visa,,Website Direct
340f5aa9-a8f9-49d0-9ee6-6a1405f59f84,七夏,前田,七夏.前田@initech.com,+81 865 336 8022,JP,Asia Pacific,Natashatown,F,Business,2020-06-16 12:25:23,Non-Member,Email,False,Japanese,Mastercard,,Phone Booking
b22d91a3-24b7-4771-90b7-f4100f8f29c4,Lisa,Hilton,lisa53@tyrellcorp.com,+1 662 931 7777,MX,North America,Rosestad,F,Business,2024-07-04 08:25:47,Platinum,SMS,False,English,American Express,,OTA Referral
b6753ad9-c79f-48a7-af11-7477f670ec46,Ellie,Williams,ellie32@gmail.com,+1 981 943 2604,CA,North America,Mollyville,F,Business,2019-07-31 12:42:09,Silver,Email,True,English,Mastercard,,Walk-in
c0843d56-7ed6-4b91-907f-8e9f4bf32171,Kike,Lobo,kike_lobo@gmail.com,+1 642 888 2514,ES,Europe,Soria,M,Leisure,2019-06-27 09:58:04,Non-Member,SMS,False,Spanish,Mastercard,Allergies,Corporate Contract
5e4d1d50-3e23-42e9-85ad-60f4bd998c6e,霞,龙,霞56@icloud.com,+86 727 6629 819,CN,Asia Pacific,New Amystad,F,Family,2021-07-01 12:01:21,Non-Member,SMS,False,Chinese,Mastercard,,Website Direct
bf230d5c-50a0-4ab4-8313-dd5cc04186e7,Carole,Carter,carole.carter@gmail.com,+1 523 892 7866,CA,North America,East Jennifer,F,Group,2022-07-14 12:31:36,Basic,Email,True,English,Visa,,Corporate Contract
8ccf7d9d-9c6f-4919-91cd-864009fa0d16,Judith,Allen,jallen@example.ca,+1 135 846 3811,CA,North America,Lake David,F,Business,2019-10-07 08:35:06,Non-Member,SMS,True,English,Visa,,Corporate Contract
416a0fa8-a658-4fad-b18d-2ee427280509,Rosie,Brown,rosie36@gmail.com,+44 9897 864741,GB,Europe,Jennafurt,F,Business,2022-11-08 16:02:25,Non-Member,Email,False,English,Visa,,Corporate Contract
bc4c69b0-561b-4d3f-8d71-e6ccc1645ffc,Sophie,Cox,sophiec@umbrellacorp.com,+1 780 151 2870,TH,Asia Pacific,Graceland,F,Business,2020-11-02 23:14:18,Non-Member,Email,False,English,Visa,,Walk-in
c48bfa02-8b16-4641-b8c6-3cbab30f7ce8,Joseph,O'Neill,joseph.o'neill@outlook.com,+1 867 926 7755,CA,North America,Rosiefurt,M,Business,2021-01-22 00:31:17,Platinum,SMS,True,English,Mastercard,,Phone Booking
59054ea9-860e-4aae-8ae1-da293cd74a61,Georgia,Taylor,gtaylor@icloud.com,+1 395 534 5707,MX,North America,West Lynnchester,F,Group,2019-03-28 09:12:24,Silver,Email,False,English,Visa,,Walk-in
b97ae624-cc79-490f-8c9f-ddd2846069e8,Geoffrey,Smith,geoffrey.smith@gmail.com,+1 538 535 8790,CA,North America,North Alison,M,Leisure,2023-09-27 19:12:28,Silver,Email,False,English,American Express,,Phone Booking
354eda39-18eb-4455-b3ad-ab8e6c9e02d8,정순,박,정순.박@gmail.com,+1 423 605 8801,KR,Asia Pacific,West Jasminestad,F,Leisure,2020-06-02 22:35:53,Gold,Both,True,Korean,Visa,,Phone Booking
65f2c3a6-e465-4ac0-85ec-c4e156c4620c,Samuel,Marshall,smarshall@outlook.com,+1 434 494 4304,CL,South America,West Valerietown,M,Leisure,2023-11-11 05:45:42,Basic,Email,True,English,Mastercard,"Allergies, High Floor",Website Direct
739d0296-b4fd-44b3-8dd1-6b3bf01e0ae9,محفوظ,العليان,محفوظ_العليان@yahoo.com,+1 247 925 7110,SA,Middle East,New Harriet,M,Family,2019-06-07 22:22:53,Gold,SMS,False,Arabic,Visa,,Website Direct
e1823b76-b717-411c-b606-ea4b2071a608,Tina,Summers,tsummers@outlook.com,+1 858 412 6101,SE,Europe,Mariefort,F,Leisure,2020-05-03 20:58:41,Silver,Email,True,English,Mastercard,,Corporate Contract
4cb41e82-8174-48c0-ae32-7f08a915ca55,Tracy,Day,tracy.day@outlook.com,+1 923 849 7941,NL,Europe,Rogerstad,F,Leisure,2019-02-01 12:00:04,Gold,Email,True,English,Mastercard,,Phone Booking
4c2cb3c9-09ae-4047-af4c-b2a1fcf71f8c,Samantha,Green,sgreen@icloud.com,000-000-0000,SE,Europe,East Annside,F,Family,2022-11-12 15:18:20,Basic,Email,False,English,PayPal,,Website Direct
b22f2c80-c24e-4659-a01e-e23e225bd2ec,رشيد,آل معيض,رشيد.آل معيض@example.sa,+1 242 642 4219,SA,Middle East,Port June,M,Business,2020-08-15 02:51:46,Silver,Email,False,Arabic,Visa,,Website Direct
870be9a5-ba2a-45c9-b382-b584de75da29,Ben,Graham,ben.graham@initech.com,+1 124 639 8704,SG,Asia Pacific,New Adamchester,M,Business,2019-10-04 23:03:34,Silver,Email,True,English,Mastercard,,Website Direct
069da64e-4284-4077-88ed-977f38626ecd,Sean,Parker,sparker@gmail.com,+1 723 703 9118,MX,North America,South Leighbury,M,Business,2023-12-11 07:48:17,Basic,Email,False,English,Visa,,Corporate Contract
3bdfa8f7-566b-4de7-a395-84686f076912,Melanie,Quinn,melanie36@icloud.com,(959) 777-9879,US,North America,Connorberg,F,Leisure,2022-10-25 22:31:36,Silver,Email,False,English,American Express,,Website Direct
ffdfac97-3e69-42f5-b13b-566b72d18f81,Lynn,Robertson,lynn.robertson@hotmail.com,+1 745 926 6769,TH,Asia Pacific,North Holly,F,Leisure,2019-08-14 12:51:31,Basic,Email,False,English,Mastercard,,Phone Booking
d39d57a5-5e9e-42ae-9732-36203ba2d69f,Stephen,Lewis,slewis@initech.com,+1 466 524 7903,CA,North America,North Clare,M,Business,2024-01-22 03:16:00,Non-Member,Email,True,English,Mastercard,,Walk-in
d22e52d2-42c5-4295-aa2a-1ba2da33265c,結衣,山本,guest@email.com,+81 972 917 8684,JP,Asia Pacific,East Dorothy,F,Group,2020-06-23 04:57:54,Basic,Email,False,Japanese,Mastercard,,Corporate Contract
e5c1cb24-eb26-455b-9bda-bdcf39212312,Terry,Hill,thill@yahoo.com,+1 382 768 7732,MX,North America,Jonesfurt,M,Group,2022-12-26 19:36:03,Non-Member,Email,True,English,Visa,,Corporate Contract
ca0af8a6-5d79-478f-837a-21c6bacdaf33,Wayne,Collins,guest@email.com,+1 531 517 3349,CA,North America,Parryborough,M,Leisure,2024-07-22 01:46:03,Basic,Email,False,English,Visa,,OTA Referral
898092e3-f6b9-4a95-9886-c4931b9af31b,翼,小川,翼20@hotmail.com,+81 673 591 9389,JP,Asia Pacific,West Stacey,M,Leisure,2020-01-14 09:47:36,Silver,Email,True,Japanese,Visa,,Corporate Contract
3d1bbb78-4035-4a88-a5af-eaeac2a25575,Bethan,Poole,bethan.poole@gmail.com,(220) 501-2651,US,North America,North Jessica,F,Leisure,2021-12-18 23:59:00,Non-Member,Email,True,English,PayPal,,OTA Referral
f6343ebc-cd5d-4d60-94eb-c53a928db206,Hugh,Wall,hugh_wall@gmail.com,(276) 874-2799,US,North America,West Lynnberg,M,Group,2024-11-20 01:14:46,Non-Member,Email,False,English,Mastercard,,Walk-in
19980d28-0309-4db2-adf2-44e14c56b427,洋,李,洋李@gmail.com,+86 484 4154 005,CN,Asia Pacific,Carolside,M,Family,2022-02-24 07:23:18,Silver,Email,True,Chinese,Visa,,Corporate Contract
dad66ee6-1c83-43c4-88dd-58a23a95b418,Carolyn,Williams,cwilliams@dummycorp.com,+1 793 992 8696,SG,Asia Pacific,North Roy,F,Business,2019-09-20 13:11:33,Gold,Email,True,English,Visa,,Walk-in
70f2a8af-1e49-498b-b2ae-d07df60190a6,Molly,Armstrong,marmstrong@gmail.com,+1 109 658 9752,QA,Middle East,Samport,F,Leisure,2022-09-14 01:37:02,Basic,SMS,True,English,Mastercard,,Website Direct
76c222fb-7ab3-4202-bfda-ccdf771ab9fe,وفاء,آل علي,وفاء_آل علي@gmail.com,+1 534 884 7990,SA,Middle East,South Martynshire,F,Family,2023-05-01 12:26:48,Silver,Email,True,Arabic,American Express,,OTA Referral
9119ddc8-a40b-4c8a-ba99-0d1e30a18a73,Jemma,Gallagher,jgallagher@hotmail.com,+1 102 831 6072,MX,North America,New Paige,F,Business,2021-10-08 20:22:13,Basic,Email,True,English,Mastercard,,Corporate Contract
7ecd079b-614e-4dce-a61c-dd60510f15b4,Dawn,Davies,dawnd@gmail.com,+1 678 865 2492,MX,North America,Hancockfort,F,Business,2019-02-27 04:09:39,Non-Member,None,False,English,Visa,,Phone Booking
37af5051-7318-4d04-83b1-e78c987faf18,عبد الجليل,آل بن لافي,عبد الجليل10@initech.com,+971 277 737 5428,AE,Middle East,North Joan,M,Business,2024-10-02 11:32:53,Non-Member,Email,True,Arabic,Visa,,Corporate Contract
52a9b63c-c523-41fe-99be-ab60ab9c03b1,Paca,Pérez,pacap@outlook.com,,ES,Europe,Zaragoza,F,Family,2024-02-26 17:34:20,Basic,Email,True,Spanish,Mastercard,,Phone Booking
de26012a-b4e4-48d2-b0ed-1dd0fdb7fba4,Abbie,Warner,abbie33@outlook.com,+1 944 430 6429,SG,Asia Pacific,Sylvialand,F,Leisure,2020-07-30 19:42:03,Silver,Email,True,English,Visa,,Phone Booking
520e4b04-fa79-45e7-839e-63d2f75813dc,Pío,Bermudez,pío_bermudez@gmail.com,+1 101 540 4011,ES,Europe,La Coruña,M,Group,2024-10-05 06:58:07,Basic,Both,False,Spanish,Apple Pay,,OTA Referral
f9fbfea7-712d-4f38-a78f-a03990545f47,Joan,Gray,joan.gray@gmail.com,+91 982 589 8917,IN,Asia Pacific,Markberg,F,Group,2019-06-18 06:34:06,Non-Member,Email,True,English,Visa,Late Check-out,OTA Referral
527cdcd8-2580-4e5e-8eae-9bf0bd26a19e,Raymond,Turner,raymond_turner@outlook.com,+1 755 458 9799,SG,Asia Pacific,Smithport,M,Family,2021-01-25 09:31:12,Gold,Both,True,English,American Express,,Walk-in
421b12fa-add8-4ad6-a7ce-dae2446c8858,Rosalia,Dallapé,rosaliad@hotmail.com,+1 907 405 6156,IT,Europe,Cafasse,F,Group,2024-01-30 18:34:31,Silver,SMS,True,Italian,American Express,,Website Direct
d34e0c11-fcf1-4b04-96d0-edd528a9ae5c,Stanley,Benson,stanleyb@globex.com,+91 209 412 4428,IN,Asia Pacific,South Ronaldchester,M,Business,2023-07-11 06:42:57,Basic,Email,True,English,Apple Pay,,Phone Booking
5a486cb9-d8f5-4749-b754-67f0a2dfc499,Cheryl,Walters,cheryl_walters@yahoo.com,+1 947 285 2776,MX,North America,Lake Iainside,F,Leisure,2022-04-29 02:49:55,Basic,Email,False,English,American Express,,Corporate Contract
298fb03c-e0de-4372-8ccf-e526112d0ef3,Kyle,Parsons,kparsons@umbrellacorp.com,4851 742 2988,GB,Europe,Wellsville,M,Business,2024-01-25 16:44:45,Basic,Email,True,English,American Express,,Walk-in
a127f10a-4a0a-496a-bd55-b25d29f9e2f5,Shirley,Patel,shirleyp@outlook.com,+1 558 282 4040,TH,Asia Pacific,Nathanchester,F,Leisure,2022-05-17 23:08:15,Silver,Email,True,English,Mastercard,,Website Direct
4c0afc5e-851a-40c9-b938-f82ee1f090e2,Daniel,Yates,daniel85@yahoo.com,+1 708 841 3549,SG,Asia Pacific,Dianahaven,M,Group,2023-05-08 20:59:02,Basic,Email,False,English,Visa,,Corporate Contract
87a35f40-c438-48ab-8142-ffad0681cb3b,Dennis,Payne,dennis64@gmail.com,+1 314 451 9051,NG,Africa,Port Kieranchester,M,Business,2023-05-02 05:44:41,Basic,Email,True,English,Visa,,Walk-in
c4b5a388-c8f1-4d9d-af9b-579176c54349,نغم,آل الشيخ,نغم.آل الشيخ@outlook.com,+971 269 268 6247,AE,Middle East,Fionachester,F,Family,2019-02-10 02:49:39,Basic,Email,True,Arabic,Visa,,OTA Referral
5ba81c6d-b1a0-497e-825a-ff6622cc67fd,Joanne,Jenkins,jjenkins@outlook.com,+1 115 899 6038,MX,North America,Williamsburgh,F,Leisure,2022-07-09 01:12:52,Non-Member,Email,True,English,Visa,Non-smoking,Phone Booking
1263fe00-28af-4ff8-8d56-69bcb149b138,Sharon,Holmes,sharon.holmes@gmail.com,+1 914 567 3021,CH,Europe,Dixonport,F,Business,2022-01-12 05:19:07,Gold,Email,True,English,Google Pay,Wheelchair Accessible,Website Direct
554eaba3-1281-414c-870c-873e6701c4c0,Ryan,Cook,ryanc@yahoo.com,+1 574 365 9296,NL,Europe,Katherineview,M,Family,2023-10-16 22:05:59,Non-Member,SMS,True,English,Visa,,OTA Referral
dc7d8d91-0a04-462a-b610-33e25e13d8fe,Tina,Edwards,tina74@gmail.com,(487) 512-4392,US,North America,New Elizabeth,F,Leisure,2024-04-09 15:37:17,Basic,Email,True,English,Apple Pay,,Phone Booking
79227ff5-68c6-4fbb-8adf-07a762e866d0,지혜,박,지혜_박@example.kr,+1 257 749 1469,KR,Asia Pacific,Grayburgh,F,Business,2023-05-19 07:29:21,Non-Member,Both,False,Korean,Visa,,Corporate Contract
2211a21e-bea7-4574-a792-2bf5a80c6781,Linda,Curtis,lindac@gmail.com,8380 106 5551,GB,Europe,Smithton,F,Leisure,2023-02-22 18:43:11,Non-Member,Email,True,English,Visa,,Corporate Contract
80c73f04-cf49-4cc8-bd24-a774d1245446,Robert,Rogers,robertr@gmail.com,4519 103 5167,GB,Europe,Jamesview,M,Business,2024-05-21 18:25:13,Basic,Email,False,English,Mastercard,,Phone Booking
4a3e8ab0-e625-4898-a392-4ef27319f048,Sheila,Fox,sheilaf@gmail.com,+1 377 871 8263,SE,Europe,Paulville,F,Leisure,2021-12-05 06:14:13,Silver,Email,True,English,Visa,Allergies,Website Direct
cd7c9e2f-1da2-47ff-b841-4e15eeaecd7b,Bradley,Buckley,bradley.buckley@oscorp.com,685-111-7973,US,North America,Aliland,M,Business,2022-08-16 19:16:59,Non-Member,Email,True,English,Visa,,Website Direct
b90cfb73-ab34-41ff-b4c0-65ae76ae68f1,Gracia,Peiró,gracia_peiró@gmail.com,+1 712 291 5295,ES,Europe,Palencia,F,Group,2020-08-27 04:34:02,Basic,SMS,True,Spanish,Google Pay,,OTA Referral
07111725-009c-4579-8350-034ae9d30a6c,ميار,أبو داوود,ميارأ@gmail.com,+1 533 934 4421,SA,Middle East,East Joanshire,F,Family,2024-11-08 19:16:19,Basic,Email,True,Arabic,Visa,,OTA Referral
0ba449fb-ef99-4738-953f-20c43818ea21,Nicodemo,Aguirre,nicodemo_aguirre@outlook.com,+1 417 420 6468,AR,South America,حسنيhaven,M,Family,2022-11-07 12:37:04,Silver,Email,True,English,American Express,,OTA Referral
5ab31a88-2ba2-4880-9e0c-daa562449240,Nicholas,Green,test@test.com,+1 649 932 9149,NL,Europe,Port Colin,M,Family,2022-01-25 10:15:42,Gold,Email,False,English,American Express,,Phone Booking
fbc84572-66da-4c64-a3fc-23c169b3c5f2,Amanda,Bolton,amanda39@hotmail.com,+1 685 185 2480,NL,Europe,Lake Sharon,F,Leisure,2021-03-04 22:01:35,Gold,Email,False,English,Visa,"Non-smoking, Early Check-in",OTA Referral
dfa481de-cae7-41f4-a185-206b7989a5b0,جلال,الخرافي,جلال.الخرافي@outlook.com,000-000-0000,AE,Middle East,North Craig,M,Leisure,2022-05-04 12:01:43,Basic,Email,False,Arabic,PayPal,,Corporate Contract
bc5852c7-5863-4240-93a4-8d4d20e1a9fb,Brenda,Bailey,bbailey@gmail.com,(955) 731-1117,US,North America,Davidfurt,F,Leisure,2022-08-03 10:32:45,Non-Member,Email,False,English,Mastercard,,OTA Referral
dd4f4cf7-509a-4376-9a62-e64ca63da6e8,Danny,Thompson,dthompson@outlook.com,+1 675 564 3431,CA,North America,Kathrynmouth,M,Leisure,2024-03-28 18:32:08,Non-Member,Email,True,English,Visa,,OTA Referral
88bc3d9e-8376-46f5-aef7-72096e5e9233,Eileen,Lambert,eileenl@yahoo.com,+61 805 881 9885,AU,Asia Pacific,Rosefort,F,Group,2022-06-19 14:20:07,Basic,Email,True,English,Visa,,OTA Referral
5b9ee7f1-4249-4631-bce0-cde71b5a4808,Bruce,Campbell,bcampbell@gmail.com,+1 287 132 6525,CA,North America,North Nicola,M,Group,2020-02-03 23:35:56,Silver,Email,True,English,Mastercard,,Walk-in
7b1aa0aa-707f-408e-9d20-7158d7a52a69,Trevor,Burrows,trevor_burrows@hotmail.com,+1 229 356 1488,SE,Europe,Leeton,M,Family,2024-02-04 23:49:41,Basic,Email,True,English,Google Pay,,Corporate Contract
fd7480a2-7ea3-419f-8758-100debdf8571,裕樹,山本,裕樹.山本@globex.com,+81 759 151 9567,JP,Asia Pacific,South Keithside,M,Business,2022-01-27 20:15:25,Silver,Email,True,Japanese,Visa,,OTA Referral
9c24ab43-87b2-4f17-9172-e52f3f6113be,Scott,Blake,scottb@gmail.com,780-268-9117,US,North America,South Elaine,M,Business,2023-03-08 08:42:24,Non-Member,SMS,False,English,Visa,"Wheelchair Accessible, High Floor",Phone Booking
bd035763-3c3b-4ee1-8e3e-7fb704e3d1a2,Carol,Brown,cbrown@gmail.com,+1 259 971 5132,MX,North America,Clarkehaven,F,Business,2024-05-17 20:13:40,Silver,Email,True,English,Visa,,Walk-in
dbb787d5-ab8e-4bda-b406-5aec69c1a33c,Valentina,Sales,valentina26@icloud.com,+55 584 453 7504,BR,South America,Allenstad,F,Family,2023-07-19 04:50:44,Basic,Email,True,Portuguese,Visa,,Corporate Contract
8c27c75c-f28c-4662-8177-cefd8715ac4a,Mauro,Mascagni,mauro61@yahoo.com,+1 806 443 4288,IT,Europe,Inverno E Monteleone,M,Family,2024-04-01 18:06:40,Basic,Both,True,Italian,Visa,,Corporate Contract
8a752880-a5f0-45e1-892c-dcae67a9ce79,Nathan,Hope,nathanh@outlook.com,+1 894 403 2835,MX,North America,Steeleville,M,Family,2024-12-20 06:33:50,Basic,Email,True,English,Mastercard,,Website Direct
8e147e33-8026-45de-8468-f85789af11f3,Lucy,Lloyd,noemail@provided.com,(662) 944-7446,US,North America,Hallberg,F,Business,2019-09-20 21:20:30,Basic,Email,False,English,Visa,,Walk-in
45619848-16f0-4e17-8542-62c0f9d7217c,Elliot,Wilson,elliot_wilson@outlook.com,+1 987 809 4934,MX,North America,Cherylmouth,M,Leisure,2020-04-05 15:50:10,Silver,Email,False,English,PayPal,"Wheelchair Accessible, High Floor",Website Direct
9ba30b41-34f8-44b1-8f4c-ca9d1ae297c7,Brandon,Davies,brandon_davies@icloud.com,+1 649 755 4223,MX,North America,Lake Roymouth,M,Leisure,2020-08-08 16:31:15,Gold,SMS,True,English,Visa,,OTA Referral
a6d4e546-1e95-4740-9c51-79e7187649dc,Thomas,Evans,tevans@gmail.com,+1 429 667 4745,SE,Europe,Hewittmouth,M,Group,2022-12-29 12:09:54,Basic,SMS,True,English,Mastercard,,Website Direct
185e1f86-8bfa-4dcb-8f0e-acd81cedd0af,Ronald,Summers,ronald_summers@gmail.com,+1 260 264 2636,CA,North America,Daviesmouth,M,Family,2024-03-16 12:26:01,Gold,SMS,False,English,Mastercard,,Website Direct
85a261a8-169c-453c-b5c7-e8c13a62081c,정순,박,정순.박@hotmail.com,+1 937 126 2352,KR,Asia Pacific,Geraldbury,F,Business,2023-04-12 05:26:24,Platinum,Email,True,Korean,Apple Pay,,Corporate Contract
135e326f-0aa6-4cb4-968d-85f0d96a22ce,Brandon,Morgan,bmorgan@outlook.com,,KW,Middle East,Allanton,M,Leisure,2021-01-22 21:24:37,Gold,Email,False,English,Visa,,Phone Booking
c478eb07-89da-4ca1-818e-276c12269cf9,Alix,Pineau,alix33@gmail.com,+33 702 682 8739,FR,Europe,Rocherdan,F,Leisure,2023-12-22 16:52:40,Silver,Email,False,French,Apple Pay,,OTA Referral
1b950221-f3bb-463f-ad78-33053c866e9b,Bryan,Smith,bsmith@outlook.com,524-496-1775,US,North America,Lake Charlene,M,Leisure,2023-09-28 09:24:52,Basic,Email,True,English,Visa,,OTA Referral
52e69cdf-2aa1-44cf-9311-3266db718f44,Connor,Jones,connor32@gmail.com,(697) 319-2040,US,North America,Singhville,M,Leisure,2024-07-31 21:45:09,Silver,Email,True,English,Visa,,Corporate Contract
7682447d-be9e-4a13-b889-920b27bc8206,Jade,Pereira,jade.pereira@waynecorp.com,,BR,South America,Berryshire,F,Business,2022-12-09 04:43:20,Platinum,SMS,True,Portuguese,Visa,,Phone Booking
bb212d4f-c99b-4aee-a729-98f5edb06768,Graham,Ford,graham_ford@gmail.com,+61 855 945 9022,AU,Asia Pacific,Steelemouth,M,Leisure,2023-06-30 00:36:55,Basic,Email,False,English,Apple Pay,,Walk-in
7049333a-7ee0-4db4-b74f-e6c9d8e65b98,Matthieu,Morvan,mmorvan@gmail.com,+33 132 184 8922,FR,Europe,Sainte Daniellenec,M,Leisure,2022-07-04 10:01:28,Silver,Email,True,French,Visa,,Phone Booking
4a18698c-33d6-42b6-b570-b88aa5603cc2,桃子,小林,桃子.小林@gmail.com,+81 503 901 8793,JP,Asia Pacific,West Steven,F,Business,2021-07-31 13:15:41,Silver,Email,True,Japanese,American Express,,Walk-in
8d70e7b3-5c73-4038-baae-fa216910556d,Simon,Bailey,simonb@acme.com,+1 453 846 2659,NL,Europe,East Ann,M,Business,2022-10-29 06:29:08,Non-Member,SMS,True,English,Visa,"Non-smoking, Allergies",Phone Booking
8956f168-fc89-473f-9a75-07ffe5500c7b,Irene,Murray,irenem@umbrellacorp.com,+1 187 884 8570,CO,South America,South Iain,F,Business,2021-09-18 04:34:49,Silver,Email,True,English,Visa,,Website Direct
48108af6-774b-4d2d-8895-9fe3db33d696,云,阎,云_阎@yahoo.com,175 2551 0699,CN,Asia Pacific,Albertmouth,F,Family,2023-12-13 14:06:34,Non-Member,Email,True,Chinese,Visa,,Corporate Contract
e7825f5a-4f0f-4af2-9427-e5c8952c03b8,Dawn,Long,dawn71@hotmail.com,+1 592 735 5113,SE,Europe,Moorehaven,F,Leisure,2022-06-15 04:13:32,Silver,Email,True,English,PayPal,,Corporate Contract
9fa6166b-40e3-4beb-a7bc-c7487cada1d0,Heinz-Josef,Müller,hmüller@gmail.com,+49 422 686391,DE,Europe,Goslar,M,Leisure,2019-02-11 14:17:37,Silver,None,True,German,Visa,,Corporate Contract
8208369b-8638-42d4-9c2f-bbf66c080fb1,Henry,Jones,henry_jones@tyrellcorp.com,+1 574 645 9837,CA,North America,West Karlstad,M,Business,2024-02-27 10:26:18,Non-Member,SMS,True,English,PayPal,,Website Direct
4cc92d35-151b-4e89-91e0-9888e09a8d55,Brett,Baker,guest@email.com,(598) 130-9709,US,North America,West Kate,M,Leisure,2024-09-09 06:10:54,Non-Member,Email,True,English,Mastercard,,Phone Booking
a8609208-f485-4c6f-b644-d8d0f41ff887,정수,이,정수.이@globex.com,+1 252 554 4784,KR,Asia Pacific,West Bradleyfort,M,Business,2022-02-23 11:31:17,Silver,Email,True,Korean,Visa,High Floor,Phone Booking
17437d1f-25bf-4132-b816-9092d062f695,Kimberley,Khan,noemail@provided.com,+1 131 355 3429,CA,North America,Leslieburgh,F,Business,2022-08-10 16:57:45,Basic,Email,False,English,Google Pay,,OTA Referral
0019a1f8-9c6c-4632-8a18-b2e29d133ad2,Liam,Thomas,liam.thomas@gmail.com,+44 5962 314164,GB,Europe,Lisashire,M,Business,2022-09-16 21:05:05,Basic,Email,False,English,American Express,,OTA Referral
e97a8fc7-0ab5-48e1-a91f-a5c3490d5964,Brett,Freeman,brett.freeman@gmail.com,+1 182 454 5089,NL,Europe,Powellfurt,M,Leisure,2024-09-02 11:50:22,Gold,Email,True,English,American Express,,OTA Referral
d11ca52d-36cd-4e87-adc9-f55670b11029,Ruth,Cox,rcox@tyrellcorp.com,+1 373 236 4292,TH,Asia Pacific,Port Ellie,F,Business,2024-06-15 21:03:43,Gold,Email,True,English,American Express,,Walk-in
2f6114dc-92f5-493b-9bc5-83a3c465ec02,Jeffrey,Harris,jeffreyh@outlook.com,+1 918 974 1939,CA,North America,Nelsonchester,M,Leisure,2022-08-21 12:31:17,Platinum,Email,False,English,Mastercard,,Website Direct
7c5c1cff-146e-4740-9074-4090aa6bac99,영진,윤,영진_윤@gmail.com,+1 662 193 8599,KR,Asia Pacific,Owensstad,M,Business,2019-04-14 15:09:57,Platinum,Email,False,Korean,Visa,,Phone Booking
a39dfddb-7c2c-4ae2-bae8-dc784fcbd174,Maureen,Miah,maureen95@gmail.com,+1 174 167 8309,CH,Europe,Brendaview,F,Group,2023-01-10 07:27:38,Basic,Email,False,English,Mastercard,,Corporate Contract
181a227a-3bf1-4937-a1a2-8070fcf3ca86,結衣,山本,結衣山@outlook.com,+81 418 400 6735,JP,Asia Pacific,Russellton,F,Group,2023-09-11 08:57:31,Basic,Email,False,Japanese,Visa,,OTA Referral
7aa73155-bcb9-4d2c-92c2-bea39f2e9d8e,Trevor,Griffiths,trevorg@umbrellacorp.com,+1 307 883 8453,MX,North America,Teresaport,M,Business,2022-09-07 22:33:37,Silver,SMS,True,English,Mastercard,"Non-smoking, Wheelchair Accessible",Corporate Contract
0e46223a-f208-4f23-8d06-c0ecd0db3582,あすか,阿部,あ阿部@waynecorp.com,+81 667 510 7187,JP,Asia Pacific,South Ann,F,Business,2024-08-07 05:24:14,Basic,Email,False,Japanese,Visa,,Corporate Contract
7aa7452b-7865-4067-904e-8be776ac1c7b,Peter,Swift,peter.swift@gmail.com,+1 541 341 1620,CH,Europe,Jackland,M,Leisure,2023-08-12 00:56:59,Non-Member,Email,True,English,Visa,,Corporate Contract
53f21040-c6d6-4a37-87dc-645a46a952c4,英樹,伊藤,英伊藤@oscorp.com,+81 351 831 9284,JP,Asia Pacific,North Shirley,M,Business,2022-06-10 12:22:10,Gold,Email,True,Japanese,Google Pay,,OTA Referral
cc988a19-2635-4845-b851-02fa46ed4f9a,Frithjof,Ditschlerin,frithjofd@gmail.com,+49 193 373541,DE,Europe,Pößneck,M,Leisure,2021-05-29 15:16:17,Basic,Email,False,German,Visa,"High Floor, Wheelchair Accessible",OTA Referral
4dd5967c-6ca0-462d-84d5-96c390a1c891,Yvonne,John,yjohn@umbrellacorp.com,+61 438 752 7337,AU,Asia Pacific,Port Naomi,F,Business,2024-06-12 21:34:28,Basic,SMS,True,English,Visa,,Phone Booking
1aeb4d35-238d-453e-bcf8-41d468ffebf9,Craig,Hall,craig77@yahoo.com,+1 559 614 1626,CA,North America,Port Mauricehaven,M,Group,2023-10-22 14:21:37,Gold,Email,False,English,Visa,,OTA Referral
f26adba9-14e7-4e2f-b62a-5c7c05b9129e,涛,陆,涛_陆@yahoo.com,+86 873 5312 783,CN,Asia Pacific,North Vincentville,M,Leisure,2022-08-17 21:27:10,Platinum,Email,False,Chinese,Apple Pay,,Walk-in
00964b29-0c0e-4af0-b745-de2f3f169dec,Megan,Humphreys,test@test.com,+1 528 282 1234,CA,North America,Lynneview,F,Business,2023-10-05 17:00:36,Basic,Email,False,English,Mastercard,,Website Direct
4525889c-0af0-4755-9e9d-291f62aab4b3,Valerie,Thomas,valerie.thomas@globex.com,+1 837 155 3747,NL,Europe,Nigelhaven,F,Business,2020-11-19 12:51:02,Non-Member,Email,True,English,Visa,,Website Direct
1ac356f0-40cd-4068-afc3-cd67ab0e422a,Angela,Ford,aford@oscorp.com,+1 655 214 5616,MX,North America,West Francesside,F,Business,2019-02-14 01:57:31,Silver,Both,False,English,Visa,,OTA Referral
380ff884-f641-48f8-bdd2-241826cdb6d8,June,Henry,jhenry@cyberdyne.com,+91 237 574 5994,IN,Asia Pacific,North Sandraton,F,Business,2022-09-28 01:27:37,Non-Member,Email,True,English,American Express,,Corporate Contract
5f981176-7fe4-40dc-8566-ac80496315b5,فطين,حجار,فطين.حجار@hotmail.com,+971 467 659 2172,AE,Middle East,Harryfurt,M,Leisure,2019-04-30 00:10:25,Gold,SMS,False,Arabic,Mastercard,"Late Check-out, Wheelchair Accessible",Website Direct
642cd1a6-685f-4bef-adfd-f17882654204,Benjamin,Woods,benjamin_woods@gmail.com,+1 383 340 2373,CA,North America,New Lyndatown,M,Leisure,2024-06-06 06:17:34,Non-Member,SMS,True,English,Mastercard,,Walk-in
cef9ebb5-8ec3-4ab5-85f5-5de84e482c01,Jenna,Quinn,jenna66@outlook.com,953-846-2772,US,North America,Elliemouth,F,Business,2019-05-11 21:55:09,Basic,SMS,True,English,American Express,,OTA Referral
4c071064-14a6-425d-ae2f-347cbf2d03de,Eileen,Roberts,eroberts@cyberdyne.com,+1 213 526 7956,CA,North America,North Jade,F,Business,2021-01-19 10:15:32,Silver,Email,False,English,Mastercard,,Website Direct
94a252bc-a8be-4ca0-aebd-b9f1fcc0f83c,Anthony,Slater,anthony88@dummycorp.com,+1 650 963 3336,CA,North America,New Natashahaven,M,Business,2022-01-28 19:05:45,Silver,Email,True,English,Visa,,Walk-in
270c6a49-b08e-4c6c-b7e8-28dfd2b9f847,Sara,Carter,scarter@gmail.com,+1 727 533 5113,SG,Asia Pacific,Danielhaven,F,Leisure,2024-12-07 15:04:20,Basic,Both,True,English,American Express,Non-smoking,Website Direct
6c49bbbf-026a-471d-944e-37530288c615,Maureen,Smith,maureen.smith@gmail.com,420-258-8822,US,North America,Whitemouth,F,Leisure,2023-10-06 21:07:03,Non-Member,None,False,English,Visa,,OTA Referral
c58f25ad-2c8f-4222-be0d-780f7bbaa9b5,نوري,العليان,noemail@provided.com,+1 875 893 8720,SA,Middle East,Smithshire,M,Business,2022-09-03 13:43:34,Silver,Email,True,Arabic,Visa,,OTA Referral
ed6b7678-c938-434e-a440-86ad6e330fe2,Bethany,Turner,bethany63@outlook.com,(405) 204-4138,US,North America,Lake Callumborough,F,Leisure,2022-10-30 05:01:26,Silver,Email,True,English,PayPal,High Floor,Website Direct
fda92342-84fe-49ca-b7f4-360f62206b8b,Joanne,Knight,joanne.knight@gmail.com,+1 113 481 8113,CA,North America,Paigehaven,F,Leisure,2020-02-25 09:59:13,Silver,Email,False,English,Visa,,Corporate Contract
0ca6da36-1258-4650-ab5f-04a64689ca7d,Lucy,Doyle,lucy.doyle@hotmail.com,+1 402 746 7448,QA,Middle East,Port Matthewshire,F,Leisure,2024-03-23 08:38:42,Basic,Email,True,English,Visa,,Phone Booking
95d73da8-ea6e-4c87-9e12-63ed5ea1f7b6,Russell,Cooper,russell_cooper@gmail.com,+1 814 219 5663,CA,North America,Keithshire,M,Leisure,2022-04-17 05:25:51,Basic,SMS,False,English,American Express,,OTA Referral
2972f288-942c-4fba-a8e5-5b96c9b9b01b,Rebeca,Farré,rebeca24@gmail.com,+1 827 195 3572,AR,South America,حجارport,F,Leisure,2019-11-14 22:52:34,Non-Member,Email,True,English,Mastercard,"Non-smoking, Allergies",Phone Booking
ddba20c7-596e-400e-be2b-24db402a6488,Donald,Richardson,donald28@hotmail.com,+1 187 610 5452,CH,Europe,Port Annamouth,M,Business,2021-02-04 09:03:50,Platinum,Email,False,English,PayPal,,OTA Referral
caa8795d-2362-4e19-90ce-7064b8babdc6,超,刘,超41@outlook.com,668 6029 2258,CN,Asia Pacific,Gillianport,M,Leisure,2020-06-30 23:18:00,Gold,Both,True,Chinese,Visa,,OTA Referral
3fbfedd9-87d8-4013-a3bd-88772c0e4414,Malcolm,Kemp,malcolmk@umbrellacorp.com,(524) 967-4781,US,North America,East Jason,M,Business,2019-01-14 05:08:47,Gold,SMS,True,English,Visa,,Corporate Contract
fdf1e621-3e9b-4566-888b-348872c65997,Sara,Davies,sara_davies@outlook.com,+1 299 834 5777,CA,North America,Jacksonside,F,Group,2019-01-12 01:15:50,Silver,Email,True,English,Visa,High Floor,Corporate Contract
e8c6f0bd-91f4-4ec4-bf10-1cde6068c045,加奈,山田,加奈.山田@gmail.com,+81 661 513 9971,JP,Asia Pacific,Johnsonfurt,F,Leisure,2022-08-11 08:09:34,Basic,Email,True,Japanese,Mastercard,,Walk-in
c4811f8f-4a91-4cd9-97ce-6c7c3aa3f06e,Gretchen,Ziegert,gziegert@hotmail.com,+49 087 182136,DE,Europe,Kulmbach,F,Family,2023-06-30 03:07:45,Basic,Email,True,German,Mastercard,,OTA Referral
9a7ea8bf-cae8-4fb3-8cc9-62fead21ea1a,Helen,Ali,helen.ali@initech.com,(689) 134-0448,US,North America,Port Jasonport,F,Business,2019-02-25 15:26:09,Gold,Email,True,English,PayPal,,OTA Referral
e5c13878-f7a8-4b0f-a52b-868be7727555,Jack,Turner,jack.turner@umbrellacorp.com,+1 228 995 6040,KW,Middle East,Port Melaniebury,M,Business,2022-06-08 16:49:09,Gold,SMS,True,English,Visa,,Corporate Contract
77262a9b-8a8e-4c94-8a68-f26191b7c094,Florian,Hendriks,florianh@gmail.com,+49 0154/414134,DE,Europe,Oranienburg,M,Leisure,2024-05-01 07:50:41,Gold,SMS,False,German,Visa,,Walk-in
d8dd1840-b6ad-4986-ab25-dd82ae35bea7,Nuri,Eimer,noemail@provided.com,+49 311 694185,DE,Europe,Strasburg,M,Leisure,2023-07-23 04:49:46,Silver,Email,True,German,Mastercard,,Phone Booking
1cdfbf94-ad97-41bd-9394-822b76ea21d9,Hildegund,Lehmann,hildegund.lehmann@waynecorp.com,+49 2336/800304,DE,Europe,Bremervörde,F,Business,2020-02-20 06:23:35,Gold,SMS,True,German,American Express,,Phone Booking
3eb3ac6f-984c-40c4-a6e0-d808dc77eba0,Melissa,Jones,melissa29@gmail.com,+61 469 659 9305,AU,Asia Pacific,South Alan,F,Family,2024-05-27 14:54:57,Basic,Email,True,English,Google Pay,,Website Direct
a60b2020-7ecb-497c-a345-d4577b055019,Donald,Bird,donald_bird@tyrellcorp.com,+1 538 927 7620,CA,North America,Heathtown,M,Business,2024-12-25 21:04:27,Non-Member,SMS,False,English,Visa,,Corporate Contract
68232e06-2a24-4720-9ce4-ebfee94751dc,Louis,Lawson,louisl@gmail.com,580-015-3098,US,North America,Nelsonhaven,M,Leisure,2019-01-30 04:21:47,Platinum,Email,True,English,American Express,,Phone Booking
ffbc92ce-e4b9-45f5-9b37-6d90c40be1b4,Simone,Le Goff,simone_le goff@gmail.com,+33 864 714 7442,FR,Europe,Lévêque-la-Forêt,F,Leisure,2023-04-21 10:25:36,Non-Member,None,True,French,Mastercard,"Early Check-in, Allergies",Website Direct
b134150d-357b-4488-9d32-ca9e8af3aabc,Dorothy,Roberts,dorothy_roberts@gmail.com,+1 885 775 1509,CA,North America,North Mohamedbury,F,Leisure,2019-02-15 00:52:21,Non-Member,Email,True,English,Mastercard,,Phone Booking
e049791c-30cf-4e79-a269-f54af4c2701e,晃,西村,晃.西村@oscorp.com,+81 341 726 1878,JP,Asia Pacific,East Bradley,M,Business,2019-05-24 12:47:08,Basic,Email,True,Japanese,Visa,,Phone Booking
23446cf0-4a5b-4824-925b-a259e1e1c64b,Robert,Baum,robert24@yahoo.com,+49 1633/356346,DE,Europe,Wittmund,M,Leisure,2023-06-04 18:36:52,Silver,Email,True,German,Visa,,Website Direct
a9f526d0-0d23-44fa-acfc-bc3c0e72c50b,Leonard,Webb,leonard88@tyrellcorp.com,,SG,Asia Pacific,Glenmouth,M,Business,2021-01-11 01:43:02,Platinum,SMS,True,English,Google Pay,,Phone Booking
f0b27bd3-aa41-44f0-af87-5352b60ae45d,Frank,West,frankw@tyrellcorp.com,+1 619 728 9059,KW,Middle East,New Jodiefort,M,Business,2019-08-07 12:11:24,Basic,Email,True,English,Visa,"Allergies, Late Check-out",Walk-in
97039d08-3b51-4736-bd2e-d9dfbdc1df4b,加奈,高橋,加奈.高橋@gmail.com,+81 799 600 9562,JP,Asia Pacific,Lake Linda,F,Family,2019-11-11 07:52:11,Basic,SMS,True,Japanese,Visa,,Website Direct
d4c14f1d-d127-4b9e-8921-9e12cadfa44a,Dennis,Tucker,dennist@gmail.com,+1 210 185 4754,CO,South America,South Abdul,M,Family,2020-08-23 15:18:56,Non-Member,Email,False,English,Visa,,Corporate Contract
c15f4849-9d24-4b76-894f-8b9d9734738b,Emily,Baldwin,emily.baldwin@tyrellcorp.com,+44 3280 220527,GB,Europe,Port Craig,F,Business,2022-07-03 13:26:23,Silver,SMS,True,English,American Express,,Website Direct
98a72fcc-3bb7-467c-85a2-95f2df62c751,Joseph,Stone,jstone@gmail.com,+1 128 430 6236,CH,Europe,Michaelmouth,M,Leisure,2023-05-12 16:50:37,Silver,Email,True,English,Google Pay,,Phone Booking
4375603a-1e9d-4cd7-8c90-7b9f05469e6b,Alphonse,Guyon,alphonse73@outlook.com,+33 339 453 5278,FR,Europe,Saint Michelleboeuf,M,Business,2020-12-14 06:30:13,Gold,SMS,True,French,PayPal,,OTA Referral
481d8aad-9ac4-4a03-a34e-f71fab6dfd81,坤,吴,坤.吴@hotmail.com,815 7675 8710,CN,Asia Pacific,Port Ruth,M,Leisure,2020-06-09 05:12:16,Non-Member,Email,True,Chinese,Mastercard,,Corporate Contract
836dd301-7b78-4ac6-94c9-d03c35fde730,지현,김,지현김@outlook.com,,KR,Asia Pacific,Patelhaven,F,Leisure,2019-01-21 05:58:41,Non-Member,SMS,True,Korean,Visa,,Website Direct
39ce9efc-ac9a-44e8-b932-1e387836298e,Dean,Davis,dean24@initech.com,+1 157 665 4667,TH,Asia Pacific,New Leigh,M,Business,2022-07-04 06:25:40,Non-Member,Email,True,English,Visa,,Website Direct
4d0fbc48-d1a5-42bc-b505-5fb888966634,Ashley,Dean,ashley.dean@gmail.com,+1 270 374 4475,MX,North America,Shortbury,M,Leisure,2021-05-19 22:03:26,Platinum,Email,False,English,Mastercard,,OTA Referral
0c7903cf-7870-4c02-866e-42226384b62d,Robin,Yates,robin.yates@icloud.com,+1 358 975 2407,TH,Asia Pacific,Paigeberg,M,Leisure,2024-10-11 12:30:38,Gold,Both,True,English,American Express,Wheelchair Accessible,Website Direct
7ec66887-0425-41cd-ac8c-0e94258935c3,Emma,Stoppani,estoppani@yahoo.com,+1 676 678 2456,IT,Europe,Manoppello Stazione,F,Leisure,2019-06-15 08:06:10,Platinum,Both,True,Italian,Google Pay,"Late Check-out, Non-smoking",OTA Referral
8124995d-f517-4912-9b0e-cb48a469349b,Dylan,Adams,dylan.adams@gmail.com,+1 117 589 1431,NL,Europe,Katyville,M,Business,2022-10-26 07:16:47,Non-Member,Email,False,English,Mastercard,,Walk-in
dd24cff5-3f8d-4eca-a679-8961c4c74416,Carl,Williams,carl_williams@icloud.com,+61 804 379 9396,AU,Asia Pacific,North Robin,M,Leisure,2023-02-17 07:40:08,Silver,Email,False,English,PayPal,,Website Direct
432b78e0-60f3-42bd-9f26-450ab3f01e9c,Francisca,Salvà,francisca23@gmail.com,+1 823 685 3932,ES,Europe,La Coruña,F,Business,2023-02-07 22:00:00,Basic,Email,False,Spanish,Google Pay,,Website Direct
52f06519-0b12-4c9a-a09c-122a5729bfb2,Ivan,Pizziol,ivanp@icloud.com,+1 913 997 9146,IT,Europe,Fratte,M,Leisure,2024-10-10 13:08:24,Basic,Email,True,Italian,Mastercard,,Corporate Contract
c29e347a-71e4-4fa5-afc8-cb619a24d801,Lucy,Webster,lucyw@outlook.com,890-130-1509,US,North America,New Hilary,F,Family,2024-01-25 13:05:56,Non-Member,Email,False,English,American Express,"High Floor, Early Check-in",Phone Booking
69a2c047-3d8a-435d-b605-dca268c09c3d,Charlotte,Wall,charlotte.wall@gmail.com,+1 854 888 5123,MX,North America,Port Darrenfurt,F,Group,2022-01-02 10:53:33,Basic,Both,True,English,Mastercard,,OTA Referral
2f081551-a47f-43b2-bed4-0f3207195d0e,Gregory,Hall,gregory.hall@gmail.com,+1 757 179 2469,TH,Asia Pacific,East Melissabury,M,Leisure,2024-06-12 06:01:56,Basic,Email,False,English,American Express,,Walk-in
520fcd93-63e6-4bed-bd8a-38f00895ef89,Jessica,Turner,jessica_turner@gmail.com,+1 866 740 4008,CA,North America,Lake Hollieborough,F,Group,2021-08-12 08:18:35,Basic,Email,False,English,Mastercard,,Corporate Contract
2bdff62c-700d-41dc-95ef-f8f786181a2a,健一,佐藤,健一.佐藤@gmail.com,+81 703 402 6884,JP,Asia Pacific,Carolfurt,M,Leisure,2024-05-22 10:47:40,Non-Member,Email,False,Japanese,American Express,,Walk-in
e8cf76a1-411a-4e0f-9eb9-09204eb4726c,Eva-Marie,Zänker,noemail@provided.com,+49 4473/113223,DE,Europe,Bamberg,F,Leisure,2024-02-06 22:39:54,Basic,Email,False,German,PayPal,,Walk-in
f0892644-8f1b-4f22-93dd-c94055a8dcf7,Leslie,McLean,leslie.mclean@umbrellacorp.com,+1 848 290 5769,CL,South America,Jillberg,M,Business,2024-09-27 23:09:22,Non-Member,SMS,True,English,Visa,,Phone Booking
5a266099-8d14-4e1e-acb3-a7ca909a0f83,Malcolm,Davies,malcolm.davies@outlook.com,907-569-5096,US,North America,Griffinborough,M,Leisure,2020-04-02 07:14:05,Non-Member,Email,True,English,Mastercard,,Phone Booking
5c1b019c-1bda-4441-be3a-e21328d9b311,Sarah,Griffin,sarah_griffin@dummycorp.com,(940) 938-1842,US,North America,West Janetland,F,Business,2023-07-31 02:38:50,Silver,Email,False,English,Visa,,OTA Referral
5a874325-2c2e-4649-b4c1-b1176075b96a,Kyle,Taylor,ktaylor@gmail.com,+1 891 704 3500,EG,Africa,Lisaberg,M,Family,2019-02-01 13:33:45,Silver,Email,True,English,American Express,,OTA Referral
42ad0ce1-2d0f-4928-ad1b-8ff1f284dd0f,Fermín,Mas,fermínm@hotmail.com,+1 316 388 6633,AR,South America,بقشانmouth,M,Leisure,2023-08-30 04:25:19,Non-Member,SMS,True,English,Visa,,Website Direct
99a6ae98-391f-480b-a40b-84e55f56c6a4,裕樹,山口,裕樹山@gmail.com,+81 849 949 7278,JP,Asia Pacific,Thompsonville,M,Family,2022-02-16 20:27:09,Gold,Email,True,Japanese,Mastercard,Late Check-out,Website Direct
d1517496-01c2-4e0a-8146-5f86a56996d5,Chelsea,Lambert,clambert@outlook.com,(975) 202-1899,US,North America,Port Norman,F,Leisure,2019-03-12 18:52:50,Silver,Email,True,English,Mastercard,Allergies,Website Direct
4971f09b-c80f-4657-a4aa-5b9a8524e7e3,Phillip,King,phillip19@hotmail.com,690-377-2645,US,North America,Scottland,M,Leisure,2022-08-24 22:51:09,Gold,SMS,False,English,PayPal,,Walk-in
367cc18c-bdde-4791-b5ad-f50dbfe50eec,Trevor,Richardson,trevor_richardson@outlook.com,+1 144 917 5207,CA,North America,New Lucy,M,Leisure,2024-05-11 03:17:27,Non-Member,Email,True,English,Mastercard,,Website Direct
4735f01e-8536-45ab-92c8-7ee7e1812ef9,Tristán,Luque,tristán_luque@yahoo.com,+1 607 946 1130,AR,South America,آل معيضshire,M,Business,2023-06-20 07:57:56,Silver,Email,True,English,Mastercard,,Corporate Contract
398f9167-2daa-402d-bb90-d63717f23cf4,Leonel,Portero,leonel9@gmail.com,+1 622 250 3752,ES,Europe,Zamora,M,Family,2022-03-26 06:40:49,Silver,SMS,True,Spanish,Visa,,Walk-in
3fae2fca-2583-4a82-88be-2203bd2ba80e,Paige,Green,pgreen@gmail.com,+1 105 145 8335,MX,North America,Lake Beth,F,Leisure,2022-07-10 05:32:46,Basic,SMS,False,English,Visa,,Phone Booking
3ae07d5a-b08c-4515-89f1-6903892b3f08,Charlie,Parkes,charlie34@umbrellacorp.com,+1 394 846 8364,CA,North America,Phillipschester,M,Business,2021-11-04 11:27:38,Silver,Email,False,English,Visa,,OTA Referral
33a6a72f-d224-418a-838a-d81f3acc8f01,Barbara,Hardy,bhardy@tyrellcorp.com,+1 815 293 5842,CH,Europe,West Barryborough,F,Business,2022-03-01 03:09:33,Silver,Email,True,English,Mastercard,,Website Direct
d12febf2-6e65-484b-938e-d6649549b281,Amber,Burns,amber_burns@dummycorp.com,+1 862 331 4968,KW,Middle East,Maryhaven,F,Business,2024-12-06 11:45:27,Silver,Email,True,English,Visa,,Phone Booking
e0f374b3-ba82-45f5-ae2b-fc6ac926b4b3,Laura,Roberts,laura72@gmail.com,,MX,North America,Brownfort,F,Leisure,2021-09-05 07:18:31,Basic,Email,False,English,Visa,,Website Direct
ba1ba525-0d50-40cd-a31a-98dc2d6df3bf,淑英,梁,淑英梁@gmail.com,+86 634 1781 382,CN,Asia Pacific,West Deanton,F,Family,2024-06-30 22:50:23,Non-Member,Email,False,Chinese,Mastercard,,Corporate Contract
dea8bed9-7d2c-451a-8850-1ce8ec839beb,Hazel,Howells,hazel.howells@gmail.com,+1 420 692 1199,CA,North America,Holdenville,F,Leisure,2020-02-02 23:51:26,Platinum,Email,True,English,American Express,,Website Direct
cbf9fe91-6699-4c73-99cc-47eaf63deda9,보람,신,보람.신@gmail.com,+1 825 763 3075,KR,Asia Pacific,New Joe,F,Leisure,2024-02-01 04:22:44,Non-Member,Email,True,Korean,Visa,,OTA Referral
fe446dca-5a70-4c43-b393-d00105f215aa,Patrick,Wilkinson,patrickw@gmail.com,+1 688 170 6103,CA,North America,Holmesfurt,M,Leisure,2020-11-30 15:22:30,Gold,None,False,English,PayPal,,Website Direct
5a6b9c66-61a9-44b0-ba57-cfa9f6f6ebbd,Irene,Richards,irene49@outlook.com,000-000-0000,US,North America,Lake Chloeton,F,Leisure,2023-08-09 04:26:57,Gold,SMS,True,English,Google Pay,,Phone Booking
9f54abb4-f528-4cba-8b97-6d336ee3acd7,Eileen,Phillips,eileen.phillips@outlook.com,3218 753 6751,GB,Europe,Port Joeside,F,Business,2019-07-17 03:23:04,Silver,SMS,True,English,Visa,,Website Direct
d3777dff-8648-4bb9-8c96-dd127b06ab8b,Jean,Mitchell,jean_mitchell@oscorp.com,+1 645 751 3281,CH,Europe,Coxborough,F,Business,2022-09-27 00:32:22,Silver,Email,False,English,Visa,,Corporate Contract
5cfe998d-c597-490c-bf95-639b1a1b3d07,Angela,Farrell,angela28@gmail.com,+1 256 635 7672,MX,North America,Chelseachester,F,Leisure,2020-12-28 07:21:51,Gold,SMS,True,English,Mastercard,,OTA Referral
0525cc24-54fc-419a-901b-0f306fa4d867,Bethan,Dawson,bethan20@outlook.com,(699) 236-8723,US,North America,Fryhaven,F,Group,2024-04-28 15:45:00,Non-Member,Email,True,English,Visa,"Allergies, Wheelchair Accessible",Corporate Contract
83ef6a70-6e98-4921-a698-c310c27848f8,Sheila,Davies,sheila.davies@gmail.com,0897 912 7984,GB,Europe,North Daniel,F,Business,2024-03-23 11:25:15,Non-Member,Email,True,English,Google Pay,,OTA Referral
4802a846-99bf-4c9b-93e6-7cef2f7ef4b3,Douglas,Thomas,dthomas@gmail.com,+1 764 439 5664,MX,North America,Grayview,M,Leisure,2022-01-26 18:51:22,Silver,Email,True,English,Visa,,Corporate Contract
a60ce577-ea13-4bbc-aa21-fff242801f00,Joan,Lane,joan_lane@outlook.com,+1 926 720 7393,MX,North America,East Georgina,F,Leisure,2021-06-19 05:13:37,Non-Member,Email,True,English,American Express,,Phone Booking
8f3afd88-79df-4dfd-8afe-67d9ebb772dc,Michelle,Brown,michelle56@gmail.com,+61 750 102 4918,AU,Asia Pacific,Port Mark,F,Family,2021-07-11 20:22:34,Non-Member,SMS,False,English,Visa,,Corporate Contract
ed5f5186-959f-4c90-a020-b6101289be3a,Frederick,Farrell,frederick1@gmail.com,1927 963 8408,GB,Europe,Lake Shaneborough,M,Family,2019-05-19 10:54:05,Basic,SMS,False,English,Visa,,OTA Referral
374c9d6d-b71c-4530-a578-74bbbda5e35d,Callum,Pritchard,callum8@example.mx,+1 690 966 3301,MX,North America,Vanessaville,M,Business,2019-05-28 11:52:31,Non-Member,SMS,True,English,Mastercard,,Phone Booking
ea7e6453-e7a7-4e53-849e-34976911af26,俊,范,俊范@yahoo.com,874 8441 7081,CN,Asia Pacific,New Claireside,M,Leisure,2019-11-12 07:31:56,Basic,Email,False,Chinese,American Express,,OTA Referral
8923f507-4e37-44f7-985c-951ff7d53797,Lisa,O'Connor,lisao@outlook.com,+1 505 629 7633,MX,North America,Eileenhaven,F,Leisure,2020-08-21 07:55:22,Non-Member,SMS,True,English,Mastercard,,Phone Booking
158d2fcf-9ccd-4f9d-a871-b2229d31f1a8,Stjepan,Steckel,stjepan_steckel@outlook.com,+49 1260/439585,DE,Europe,Hechingen,M,Leisure,2022-05-08 00:43:49,Platinum,Email,True,German,Mastercard,,Walk-in
19817e94-31dc-48f6-a948-b804abf11c96,Bryan,Akhtar,bryan_akhtar@gmail.com,+1 499 868 5805,SE,Europe,North Chelsea,M,Leisure,2023-11-22 16:01:45,Basic,Email,False,English,PayPal,,Walk-in
1c82bc48-2f89-4952-9e00-d45e680962be,Emanuelly,Gonçalves,egonçalves@gmail.com,+55 562 168 8745,BR,South America,Fionachester,F,Leisure,2024-04-08 14:28:41,Non-Member,Email,False,Portuguese,Visa,,Phone Booking
f4d55843-c8e1-4d98-a70d-f13de56d38e1,Irma,Boitani,iboitani@outlook.com,+1 681 253 9022,IT,Europe,Nova Milanese,F,Family,2024-02-07 04:39:00,Non-Member,Both,False,Italian,Mastercard,,OTA Referral
dfe38da5-2b1b-4ddc-80f4-7a5f2ed58e82,Luca,Bellò,luca_bellò@gmail.com,+1 988 907 5945,IT,Europe,Conza Della Campania,M,Leisure,2023-02-19 09:54:39,Non-Member,None,False,Italian,Mastercard,,Corporate Contract
fd9b1930-da61-4da4-9b36-3355aedec6bb,Karen,Davis,karend@hotmail.com,+1 941 963 4313,CA,North America,Angelaburgh,F,Business,2019-05-07 15:18:03,Silver,SMS,False,English,PayPal,,Website Direct
26fa0fe1-4880-4be4-abac-e0f5962b5251,Conor,Lloyd,clloyd@gmail.com,(642) 740-2930,US,North America,Mitchellberg,M,Group,2019-12-04 03:28:04,Silver,SMS,True,English,Visa,,Website Direct
dbd007d7-96bd-479c-bb86-d5ef4e68175b,Maurice,Antoine,maurice_antoine@gmail.com,+33 572 317 1574,FR,Europe,Lefortnec,M,Business,2022-02-24 07:07:25,Basic,Email,True,French,American Express,,Website Direct
8de8741a-1db8-4047-9e94-d6c69cf00e43,Georgia,Collins,georgiac@gmail.com,+1 170 687 5617,MX,North America,Johnsonstad,F,Leisure,2024-05-09 10:53:58,Basic,Email,True,English,Mastercard,Allergies,Website Direct
e5e5030d-fb65-4cba-ad82-fe187aeda033,Jack,Foster,jack.foster@gmail.com,+1 773 880 6355,MX,North America,Shaunhaven,M,Group,2023-02-08 04:20:18,Non-Member,Email,True,English,Visa,"Wheelchair Accessible, Early Check-in",Website Direct
de49a4b9-1402-478c-8ed4-022878e52e78,Jacob,Lewis,jacob63@gmail.com,+1 220 884 7458,CA,North America,Smithburgh,M,Family,2024-08-08 18:25:42,Basic,Email,True,English,Visa,,OTA Referral
d47f3329-cb7c-4e99-b169-62cfb2afacb2,Lawrence,Davis,lawrenced@gmail.com,+1 294 163 4032,MX,North America,South Tom,M,Leisure,2021-12-14 14:15:31,Gold,Email,True,English,Mastercard,,Phone Booking
d5e90964-dc88-4c88-8eed-6bbead424f03,Frank,Cole,frankc@gmail.com,(820) 169-9381,US,North America,Amberfort,M,Leisure,2019-08-20 04:59:59,Silver,Email,True,English,Visa,,OTA Referral
c0dcd9db-95ff-4556-a913-631b0715cfb1,Sean,Jordan,sjordan@outlook.com,+1 790 645 4925,MX,North America,Freemantown,M,Group,2023-10-11 08:41:27,Non-Member,Email,True,English,Visa,,Website Direct
1d2a14c3-e2f1-496a-9ebd-4a97cc04e22d,Olivia,O'Connor,olivia77@outlook.com,+1 637 271 6464,CA,North America,Port Phillipside,F,Leisure,2019-10-22 14:26:13,Gold,SMS,False,English,Mastercard,,Phone Booking
02446c67-8c3a-45ac-9c9d-42abbed98ea9,Roberto,Frescobaldi,rfrescobaldi@tyrellcorp.com,+1 524 591 2467,IT,Europe,San Salvatore Di Fitalia,M,Business,2024-03-11 04:01:13,Silver,Email,False,Italian,Mastercard,,Corporate Contract
830457a3-268f-476b-a0bf-94e75bf5789f,Robin,Riley,robinr@icloud.com,+44 7989 530329,GB,Europe,North Jayne,M,Leisure,2024-04-11 00:06:59,Basic,Email,True,English,Mastercard,Early Check-in,Website Direct
fd14e3e6-f945-4ebc-904b-da67c7f0134c,Lee,Allen,lee_allen@gmail.com,+1 666 833 5131,CA,North America,Port Bryan,M,Business,2021-04-19 09:13:27,Basic,Both,True,English,Visa,,Website Direct
f91c6f6d-7b15-453f-8c32-b2637377af49,Denis,Powell,dpowell@initech.com,7114 148 2458,GB,Europe,New Kellystad,M,Business,2023-03-27 00:24:30,Basic,Email,True,English,Visa,,OTA Referral
1a3da9ed-6e02-4afe-ad0b-12d2c5fcc15b,Clive,Smith,clives@umbrellacorp.com,+1 479 434 5597,QA,Middle East,Gilbertfort,M,Business,2022-09-12 10:31:12,Non-Member,Email,False,English,PayPal,,Walk-in
955f3b78-98f6-48c2-baf0-a45b61c8df46,Geoffrey,Nash,gnash@gmail.com,+1 202 887 6155,CH,Europe,Lake Irene,M,Business,2021-09-17 20:41:00,Silver,Email,False,English,Mastercard,,Corporate Contract
f90b4789-5aab-433f-b39a-fab55471da55,Ronaldo,Colletti,rcolletti@gmail.com,+1 318 427 4416,IT,Europe,Lula,M,Family,2024-01-29 03:50:18,Silver,SMS,True,Italian,Visa,"Non-smoking, Allergies",OTA Referral
c1054255-fab7-4328-a769-59723ea2caff,Olimpia,Mendizábal,omendizábal@gmail.com,+1 345 735 7374,AR,South America,كنانmouth,F,Family,2022-08-04 18:44:37,Basic,Email,True,English,Mastercard,,Website Direct
3c944a28-f808-4b56-816e-74707585546d,Gervasio,Alemany,gervasioa@oscorp.com,+1 174 256 9321,ES,Europe,Vizcaya,M,Business,2021-01-21 20:53:26,Basic,Email,True,Spanish,Mastercard,Late Check-out,Phone Booking
33021670-7b47-4942-bfd8-ebfa74210ff7,Alison,Harris,alisonh@gmail.com,+1 932 242 3503,SE,Europe,East Callum,F,Leisure,2020-08-30 00:24:41,Gold,Email,True,English,Visa,,Walk-in
8f16c2dd-5094-4a35-9dbf-60a058bda0f9,Brian,Pearson,brianp@outlook.com,+91 921 860 3327,IN,Asia Pacific,Port Wayne,M,Leisure,2023-08-20 01:42:19,Silver,Email,True,English,Visa,,Corporate Contract
0c34c153-e842-4b61-9fa8-4429765c56db,红,李,红49@gmail.com,570 5318 8460,CN,Asia Pacific,Williamsbury,F,Leisure,2021-11-02 11:15:57,Basic,SMS,True,Chinese,Mastercard,,Walk-in
0827f271-e02d-48ef-9b10-bde85d662023,Jonathan,Chapman,jonathan.chapman@gmail.com,+1 253 696 5666,CA,North America,Andersonville,M,Leisure,2022-11-15 16:50:36,Basic,SMS,False,English,Visa,,OTA Referral
332dc852-54fd-43a1-a8ff-9e970efccd8c,Beverley,Johnson,beverleyj@gmail.com,+1 949 256 4367,NL,Europe,Kieranberg,F,Group,2021-12-03 06:32:16,Basic,Email,False,English,American Express,,Corporate Contract
0b7d67ff-180f-463e-bf59-dd7776897a6f,David,Mills,david_mills@gmail.com,+1 343 455 2422,CA,North America,Ronaldbury,M,Leisure,2019-07-31 18:34:03,Non-Member,Email,True,English,Visa,,OTA Referral
7714de5f-73f3-4efc-b09d-d6e6dfa4e68f,Sara,Hill,sara_hill@outlook.com,+1 634 882 2363,NL,Europe,Rachelport,F,Business,2023-10-04 10:54:50,Non-Member,Email,True,English,Mastercard,,Walk-in
4676a911-990e-44ea-ad3d-376a0040d571,روعة,حنبولي,روعة_حنبولي@gmail.com,+971 135 640 8234,AE,Middle East,West Claireside,F,Leisure,2020-07-19 19:47:27,Non-Member,Both,True,Arabic,Visa,,Walk-in
d480e2e9-22f9-4887-b573-f2e2858af832,Gerald,Patterson,guest@email.com,+1 731 259 2099,KW,Middle East,Reedtown,M,Leisure,2021-02-20 09:56:33,Non-Member,Both,True,English,American Express,,Walk-in
a18cab7e-c980-4650-8193-d06bd6e3b853,Holger,Rörricht,holger.rörricht@icloud.com,+49 2828/390521,DE,Europe,Rothenburg ob der Tauber,M,Business,2024-07-31 22:34:04,Silver,Email,False,German,Visa,"Non-smoking, Allergies",Corporate Contract
a161fd0c-c7a1-42ca-bdfd-e8f5f86ecbe5,Eric,Boyle,ericb@example.mx,+1 700 632 7549,MX,North America,Lake Justinshire,M,Business,2024-02-19 17:18:21,Basic,SMS,False,English,Apple Pay,,Corporate Contract
90c720bf-21de-4f6c-b577-5b4d7be0a20d,Hilary,Abbott,hilary.abbott@gmail.com,+44 5980 456379,GB,Europe,Wendymouth,F,Business,2022-01-17 11:43:28,Gold,Email,False,English,Google Pay,,Corporate Contract
adef2cc0-2cc5-4506-9eb7-eb6d1b6d9ab4,Diego,Álamo,diego_álamo@oscorp.com,+1 272 918 1963,ES,Europe,La Coruña,M,Business,2021-03-15 03:38:34,Silver,Email,False,Spanish,Visa,,OTA Referral
f1077e8d-4546-44b7-98ec-9035061ac568,James,Simpson,james.simpson@gmail.com,(867) 970-6206,US,North America,New Owen,M,Leisure,2022-10-17 19:58:33,Basic,SMS,False,English,Mastercard,,Website Direct
d620d6a5-492a-464b-9605-1aa946c8c0c9,Dominic,Burton,dominicb@gmail.com,(711) 412-7768,US,North America,North Edward,M,Business,2019-12-11 03:32:06,Non-Member,Email,False,English,American Express,,Walk-in
cb8960a4-65dc-4756-b492-c639b5f85c3b,Charlie,Allen,callen@icloud.com,+1 965 644 7174,CA,North America,Frederickland,M,Business,2022-11-04 01:06:32,Silver,Email,True,English,Mastercard,"High Floor, Wheelchair Accessible",Website Direct
67afc8f9-2b90-4399-8b8e-de870aec8c72,William,Cook,guest@email.com,889-590-6447,US,North America,New Ronald,M,Business,2019-01-02 01:55:49,Non-Member,Email,True,English,Mastercard,,Phone Booking
329c3f46-e445-4fa7-b3cb-ed4766ee7f42,رباح,آل حسين,رباح.آل حسين@gmail.com,+971 266 811 3129,AE,Middle East,West Mathewburgh,M,Leisure,2022-02-21 11:33:05,Gold,Email,True,Arabic,Apple Pay,,Corporate Contract
2ddbcc3e-a2c5-41f7-9fc4-b0d51ee5b72e,Ronald,Carroll,ronald85@gmail.com,+44 3331 975928,GB,Europe,Rossland,M,Leisure,2019-06-13 10:49:37,Basic,Email,True,English,Mastercard,,Website Direct
4bf9aabf-fad5-4952-8acf-7784e196cd4e,Cameron,Barker,cbarker@hotmail.com,+1 999 217 7468,CA,North America,Hopeton,M,Family,2020-07-18 02:42:28,Non-Member,Email,True,English,Google Pay,,Walk-in
c8bde57d-0ce2-4f8a-ab48-9efbb2245fac,Dawn,Shah,dawn.shah@gmail.com,+61 354 821 5515,AU,Asia Pacific,Taylorview,F,Family,2023-06-07 00:05:13,Non-Member,SMS,True,English,Mastercard,,Website Direct
ae0bc8df-3cba-4a5d-a133-1e9d8419e5e9,Paige,Burgess,pburgess@gmail.com,+1 857 757 1476,ZA,Africa,East Maxview,F,Business,2023-01-20 18:40:26,Basic,SMS,True,English,PayPal,,Website Direct
e364d3a2-74c5-46cb-9d6e-3d8aca5c66a9,Gregory,Bond,gregory33@example.mx,+1 742 335 6358,MX,North America,Pricefort,M,Business,2021-01-22 18:48:13,Platinum,Email,True,English,Mastercard,"High Floor, Non-smoking",OTA Referral
b55fef87-6994-43b0-886b-62ad6938109d,Max,Steele,max62@gmail.com,+1 649 360 3530,NL,Europe,Lake Julia,M,Leisure,2019-06-20 08:33:29,Platinum,Email,False,English,Mastercard,,Website Direct
2ac9e6a5-d1b5-4567-921b-f248cba23614,Dylan,Lee,dylanl@cyberdyne.com,+1 335 229 1322,SE,Europe,North Gordon,M,Business,2019-02-13 22:39:20,Non-Member,Email,False,English,Visa,,Corporate Contract
fc1f3a2b-bc5a-4820-b278-2c7bda6ea569,Paul,Bennett,pbennett@gmail.com,+1 632 269 4241,MX,North America,South Luke,M,Business,2023-01-06 09:44:12,Silver,Email,False,English,American Express,,OTA Referral
2ea0488d-ed86-4612-8e82-1dfa94533087,Leon,Lowe,llowe@cyberdyne.com,981-981-7059,US,North America,Tobyshire,M,Business,2021-07-26 19:17:58,Non-Member,Email,False,English,Mastercard,,Website Direct
31d85242-cd8a-402b-b09d-3fe1b0209f97,桂香,曹,桂香.曹@hotmail.com,+86 956 1822 130,CN,Asia Pacific,Lake Daniel,F,Leisure,2024-06-28 19:53:38,Non-Member,Email,False,Chinese,Mastercard,,Walk-in
9105dc81-b8b4-4245-9270-46b6e2847c29,Jodie,Owen,jodie47@gmail.com,8643 952 7772,GB,Europe,Baileychester,F,Leisure,2024-02-15 08:19:31,Silver,Email,True,English,Visa,"Early Check-in, Wheelchair Accessible",Website Direct
3602faac-8c70-4a1f-be26-44ca82ea31a8,Chelsea,Bryan,chelsea.bryan@yahoo.com,+1 728 139 1911,CH,Europe,East Sandra,F,Family,2023-01-12 11:55:56,Gold,Email,True,English,Visa,,Website Direct
a2b364e7-d3ed-4783-8072-ebb237b63e44,Nilda,Espada,nespada@gmail.com,+1 275 946 4888,ES,Europe,Huelva,F,Leisure,2022-01-06 23:11:50,Basic,Email,False,Spanish,Mastercard,,Corporate Contract
2f3398ee-5827-467c-90ce-5989ceb4e808,Maryse,Carpentier,noemail@provided.com,+33 616 231 8818,FR,Europe,Bazin,F,Business,2023-01-09 06:16:24,Non-Member,Email,True,French,Visa,,Phone Booking
0d448d57-da96-4f5a-890f-83099c273a1a,Elaine,Field,elainef@icloud.com,+1 535 497 9950,KW,Middle East,Johnstonberg,F,Group,2024-02-03 21:47:29,Basic,Email,False,English,Visa,,Walk-in
b8dc4f41-5a35-4fb4-9e5b-a44bae6a2260,Wendy,Shepherd,wshepherd@oscorp.com,+1 368 151 1641,MX,North America,Emmabury,F,Business,2020-04-24 19:17:47,Non-Member,Email,True,English,Mastercard,,Website Direct
1ec0a6d0-fbc4-498e-b755-3c34441d3993,Leigh,Edwards,leighe@gmail.com,+1 406 665 3621,SG,Asia Pacific,Daviesberg,M,Group,2022-08-12 14:24:49,Non-Member,Email,True,English,Visa,,OTA Referral
547b07f9-b4f1-48a2-95f1-524a8795f8b2,Ricky,James,rjames@tyrellcorp.com,2030 886 0702,GB,Europe,Owenville,M,Business,2024-05-04 04:19:44,Basic,Email,False,English,Visa,,Website Direct
826cfd17-3b57-4bf0-8667-05e4078271ef,Jack,Wright,jack_wright@gmail.com,+1 806 207 2701,CH,Europe,Taylorfurt,M,Leisure,2024-03-15 02:38:44,Non-Member,Email,True,English,Mastercard,,Corporate Contract
e8cfc46e-719a-4e20-9db5-084f295eb9fa,Iain,Parkinson,iain_parkinson@tyrellcorp.com,+44 2120 198442,GB,Europe,Louiseborough,M,Business,2019-10-15 01:58:39,Non-Member,Both,False,English,Visa,,Corporate Contract
f4c39beb-4891-45a6-b60b-6aa895f58a19,Kayleigh,Jones,kjones@yahoo.com,+1 260 525 1534,KW,Middle East,Singhborough,F,Leisure,2023-12-20 02:56:55,Non-Member,Both,True,English,Visa,,Corporate Contract
4af7e6c7-f1b4-4ac2-ae05-30ebbd7a10eb,Gary,Stephens,gary_stephens@gmail.com,+1 111 212 3648,CA,North America,Dawnfort,M,Business,2024-03-22 17:05:38,Basic,Email,False,English,Visa,,OTA Referral
cae9301e-2b6b-4352-afbf-9870dd75dd7a,Ivan,Hauffer,ivan45@outlook.com,+49 192 976061,DE,Europe,Borna,M,Family,2022-10-02 18:57:08,Silver,Email,False,German,Visa,,OTA Referral
50204219-6da1-4a05-891c-3701c2bc8690,Kimberley,Marsh,kimberley.marsh@cyberdyne.com,000-000-0000,CL,South America,Jennaland,F,Business,2024-03-14 19:45:08,Silver,Email,True,English,Mastercard,,Corporate Contract
a49f4c0b-4e5f-4b7f-8809-df54e99bf86c,Vanessa,Dawson,test@test.com,000-000-0000,SE,Europe,Elliottville,F,Business,2019-01-30 14:07:50,Non-Member,Email,True,English,Mastercard,,OTA Referral
e7da599c-ec15-420a-b76f-3814c7b2ac26,Tina,Hooper,thooper@outlook.com,+1 118 773 8800,MX,North America,Chandlerchester,F,Family,2020-12-13 22:40:11,Silver,Email,True,English,Mastercard,,OTA Referral
dce62dbb-6d0c-488f-8003-2f7f31aae457,Mohamed,Richards,mohamed30@acme.com,+91 279 419 6075,IN,Asia Pacific,Lake Annetteton,M,Business,2020-06-16 14:05:14,Gold,Email,True,English,Visa,"Non-smoking, Early Check-in",Website Direct
8bee153d-f31c-4777-bbc7-f6ea5cd10384,Terence,Price,terence59@yahoo.com,(756) 269-7174,US,North America,South Callumberg,M,Leisure,2024-09-04 19:57:55,Silver,Both,True,English,American Express,,OTA Referral
5fcea4ad-149e-4768-9cc7-40e8013b0666,Valerie,James,vjames@hotmail.com,+1 658 292 9189,CA,North America,Osborneton,F,Leisure,2019-07-12 21:12:33,Non-Member,Email,True,English,Mastercard,,OTA Referral
245124f1-41ac-43ca-b039-51d57fbca314,Alfonso,Amorós,aamorós@gmail.com,+1 838 553 6665,ES,Europe,La Rioja,M,Leisure,2019-03-16 12:00:19,Non-Member,Email,True,Spanish,Google Pay,,Phone Booking
f7f252d3-3ed2-4bbd-9f4d-23aef5cf9dbd,Timothy,Davis,tdavis@outlook.com,+91 602 724 8698,IN,Asia Pacific,West Russell,M,Leisure,2021-09-26 21:44:56,Gold,Email,False,English,Visa,Early Check-in,Phone Booking
f5a47918-32ec-4fa9-832d-4f0d3819c7a0,Christine,Reid,creid@gmail.com,+1 560 922 7755,SG,Asia Pacific,Shaneport,F,Family,2022-01-07 15:17:40,Non-Member,SMS,False,English,Apple Pay,,OTA Referral
53e69803-cb86-4526-9fff-b834b03180d9,تقيّ الدّين,كانو,تقيّ الدّين_كانو@waynecorp.com,+1 773 330 2698,SA,Middle East,Port Leonard,M,Business,2024-01-19 19:55:50,Basic,Email,True,Arabic,Mastercard,,OTA Referral
4171048e-a826-41aa-92bc-ebc425d86a3e,Jacqueline,Samson,jacqueline_samson@gmail.com,+33 802 157 4463,FR,Europe,Leclercq-sur-Joseph,F,Family,2020-11-09 00:56:37,Silver,Email,True,French,Visa,,Website Direct
87feff33-d435-4b8a-b391-9e94937c76c8,Adrian,Holmes,adrian_holmes@starkindustries.com,816-224-9064,US,North America,South Mandy,M,Business,2022-10-26 01:39:07,Gold,SMS,True,English,Visa,,OTA Referral
847179ea-0ff2-415b-82cf-305c5c16e57a,Amy,Phillips,amy.phillips@gmail.com,,QA,Middle East,Daychester,F,Family,2019-04-01 23:59:17,Platinum,None,True,English,American Express,,Corporate Contract
e448fc85-2247-46cc-97ce-8b8039f31678,준서,김,준김@umbrellacorp.com,+1 395 388 4577,KR,Asia Pacific,Port Harrietstad,M,Business,2021-10-20 17:13:59,Non-Member,SMS,True,Korean,Apple Pay,,OTA Referral
99533e57-af16-486b-baf6-82c38a1a6f54,Clifford,Brown,cbrown@example.ca,+1 464 925 5722,CA,North America,Evansville,M,Business,2023-05-25 12:53:52,Silver,Email,False,English,PayPal,,Website Direct
aa865185-6b8c-49a7-a834-c8fa35667d30,Arthur,Watts,arthur.watts@cyberdyne.com,+91 865 247 4757,IN,Asia Pacific,North Martyn,M,Business,2019-03-15 20:15:48,Gold,SMS,True,English,Visa,,OTA Referral
0eb16889-9841-45f0-983e-15b7a7080123,Damian,Lee,damian_lee@icloud.com,+1 483 778 3189,NL,Europe,East Barry,M,Leisure,2021-03-06 12:39:22,Basic,Email,False,English,PayPal,,Website Direct
819f6c20-16c2-4fd4-9dc9-7411a51cb81a,Lisa,Stephenson,lisas@gmail.com,+1 631 896 1370,TH,Asia Pacific,New Kathryn,F,Leisure,2021-01-10 00:50:22,Gold,Email,False,English,PayPal,,Corporate Contract
fdeb3769-847f-457a-8ba8-830eee49ee07,辉,王,noemail@provided.com,969 5685 1342,CN,Asia Pacific,Fraserhaven,M,Leisure,2020-09-12 06:36:10,Gold,Email,False,Chinese,Mastercard,"Non-smoking, Allergies",OTA Referral
528b6f2f-2fe1-4c08-88fb-a6a1d84b27aa,William,Anderson,williama@icloud.com,+1 655 719 2381,CH,Europe,Smithport,M,Family,2020-09-25 10:59:39,Non-Member,Email,True,English,Visa,,Walk-in
768b04a7-bb7c-4904-8d2c-568037f20e8a,Tracey,Wilson,tracey_wilson@gmail.com,(834) 861-2774,US,North America,Thomasberg,F,Leisure,2023-01-19 13:21:19,Basic,Email,False,English,PayPal,"Allergies, Early Check-in",Phone Booking
fd5bf997-4785-44bc-a391-ac5215c828df,Mercedes,Marzorati,mercedesm@outlook.com,+1 374 439 9381,IT,Europe,Cerese,F,Business,2020-02-24 11:30:58,Basic,Email,False,Italian,PayPal,,Walk-in
dabf9832-7ddc-48db-8e78-9497bc198549,David,Taylor,david84@gmail.com,+61 108 879 7262,AU,Asia Pacific,South Jennaberg,M,Business,2023-01-19 23:35:06,Basic,Email,False,English,PayPal,Allergies,Website Direct
4d88d2c2-7eed-4158-a706-30c3a50e0820,Elizabeth,Harrison,elizabeth72@gmail.com,+1 340 238 9412,MX,North America,North Robertshire,F,Group,2020-02-28 07:38:35,Silver,Email,True,English,Mastercard,,Phone Booking
ed57deaa-9d33-4930-abc0-0cff96ebbeca,拓真,伊藤,拓真20@gmail.com,+81 418 254 3062,JP,Asia Pacific,Elliottburgh,M,Leisure,2023-06-13 02:52:45,Basic,Email,True,Japanese,Visa,,Walk-in
fd1c784a-c15a-47ca-87da-a876e33465cb,Mathew,Miller,mathewm@gmail.com,+1 233 805 2884,MX,North America,North Fionaview,M,Leisure,2022-07-05 05:01:16,Gold,Email,True,English,Visa,,Walk-in
eea2ebea-5d1d-46d8-bb97-c83aed66e6a8,杰,沈,杰24@gmail.com,475 7255 9234,CN,Asia Pacific,Wilkinsonberg,M,Leisure,2022-05-30 07:04:08,Non-Member,Email,True,Chinese,American Express,,OTA Referral
5df57551-5789-4afc-8f55-a52aebc135ab,Anna,Edwards,anna23@cyberdyne.com,+44 2819 581984,GB,Europe,Graceborough,F,Business,2020-06-16 13:18:21,Non-Member,Email,True,English,Mastercard,,Corporate Contract
d742216e-c44b-4140-b04f-f203e71fc944,Tina,Goddard,noemail@provided.com,+1 423 487 8236,SG,Asia Pacific,South Margaret,F,Business,2020-08-26 02:23:15,Platinum,Email,True,English,Visa,,Walk-in
99bfcf47-7793-49e5-a42b-4dae5a3d8feb,Robert,Guillaume,rguillaume@outlook.com,+33 429 828 8628,FR,Europe,Merlenec,M,Business,2023-01-04 01:01:10,Non-Member,Email,True,French,Visa,,Corporate Contract
39b396ab-e048-4c78-9444-3db4bda84ab9,Jenna,Roberts,jenna_roberts@gmail.com,+1 725 301 7733,KW,Middle East,North Geraldineview,F,Business,2021-01-07 13:25:04,Gold,Email,True,English,American Express,,Walk-in
d45a35a7-659d-4540-a60d-2e9dd421e2de,Gerald,Pugh,gerald_pugh@globex.com,+1 130 946 3849,SE,Europe,Staceyport,M,Business,2023-11-21 18:35:57,Basic,Email,False,English,Mastercard,,Phone Booking
9e2e9094-4a1f-4443-99e9-5633ea8ec20c,Jordan,Shaw,jordans@hotmail.com,+1 213 532 7253,CO,South America,Leonbury,M,Group,2022-06-23 03:20:04,Basic,Email,True,English,Visa,,OTA Referral
4ce8fb15-5284-4634-b042-06c3a86916f8,Adam,Mills,adam_mills@gmail.com,+44 8009 167882,GB,Europe,Johnsonburgh,M,Family,2023-08-08 02:34:24,Silver,Both,True,English,Mastercard,,Phone Booking
35d96281-653f-4bba-a3fe-99fa57d877fd,Reece,Lloyd,rlloyd@gmail.com,+1 732 448 1266,SE,Europe,Brandonfurt,M,Group,2022-02-18 18:27:41,Non-Member,SMS,False,English,Mastercard,,OTA Referral
8606fc86-8db8-4dfb-92bb-5768611a66fe,Conor,Hopkins,chopkins@gmail.com,+1 690 666 4010,MX,North America,Port Pamela,M,Group,2022-07-18 06:18:57,Basic,Both,True,English,American Express,,Phone Booking
109b2604-701c-484d-bd1c-17e2da49b9a7,Kayleigh,Bates,kbates@gmail.com,+1 932 653 7311,MX,North America,North Tobyburgh,F,Leisure,2020-11-17 01:48:55,Silver,Email,True,English,Visa,,Website Direct
8ae495db-7ec9-4b25-bed6-9b5889ef8c7e,Gary,Davies,gdavies@gmail.com,+1 260 770 8294,CA,North America,East Danielfurt,M,Leisure,2024-10-20 20:08:18,Basic,Email,True,English,Visa,,Walk-in
34fc9a3f-ea58-49fe-bad1-c879a610ed93,Elliott,Jones,ejones@cyberdyne.com,+1 367 766 2028,TH,Asia Pacific,South Francesca,M,Business,2019-07-19 00:39:13,Basic,Email,False,English,Mastercard,,OTA Referral
a51febd6-2f3e-4d23-bbdf-0e5cd8b4e4e2,秀英,张,秀张@example.cn,693 2507 2314,CN,Asia Pacific,Turnbullland,F,Business,2021-02-23 04:39:41,Gold,Email,True,Chinese,Apple Pay,,Website Direct
0518908a-6f3d-4e01-a702-db44643cc8d0,Valerie,Bishop,vbishop@gmail.com,237-474-4088,US,North America,Morganside,F,Business,2023-01-31 15:40:48,Gold,SMS,True,English,American Express,,Corporate Contract
e12eab87-7f28-43d3-82f6-f3ee243d97be,Nicole,Ferreira,nferreira@gmail.com,+55 561 544 3375,BR,South America,West Jacquelineville,F,Leisure,2024-10-20 22:35:50,Basic,Email,True,Portuguese,Visa,,Walk-in
113af697-dbbc-4e8e-aca3-1188682cfb28,翼,長谷川,翼長谷川@outlook.com,+81 831 199 4671,JP,Asia Pacific,Lake Naomiborough,M,Leisure,2021-07-14 15:10:51,Non-Member,Email,True,Japanese,Mastercard,,Phone Booking
3dffdd8b-c817-4aab-96c5-3ebf6822f47b,Leonard,Allen,leonard.allen@gmail.com,(936) 864-3462,US,North America,Chelseaborough,M,Leisure,2022-11-08 05:15:27,Non-Member,Email,True,English,PayPal,,Phone Booking
188560ad-3ac4-4d4a-93ab-cc8040f31652,Debra,Kelly,dkelly@outlook.com,+1 699 113 6530,TH,Asia Pacific,Angelahaven,F,Leisure,2024-10-21 04:21:22,Silver,Email,True,English,Visa,"High Floor, Allergies",Phone Booking
5ad3e3fc-cf58-4788-bd3f-441e6bb41657,Gerard,Francis,gerard.francis@yahoo.com,+1 531 298 7990,NL,Europe,Fletchermouth,M,Leisure,2019-03-12 04:51:25,Non-Member,Email,True,English,Mastercard,,Phone Booking
a01d1a73-3628-4f67-befe-5619eb513756,Stacey,Bailey,stacey.bailey@globex.com,+1 495 144 8475,CA,North America,East Francis,F,Business,2019-01-03 08:00:31,Gold,Email,False,English,Visa,,Walk-in
e4245ea9-ce04-4887-ab49-f973c95b7a15,Michele,Redi,mredi@gmail.com,+1 845 534 8989,IT,Europe,Villanova Marchesana,M,Leisure,2021-08-13 10:42:46,Gold,Email,True,Italian,Visa,,Phone Booking
6f1bc588-cb44-4e19-985b-63c21f27533c,Darren,Moran,dmoran@gmail.com,+1 221 738 8320,CA,North America,East Antonybury,M,Group,2021-04-21 03:59:31,Basic,Email,True,English,Visa,,Phone Booking
1486601b-7990-4e5d-8760-521c4376fc1f,Clifford,Evans,clifford_evans@gmail.com,(778) 235-0059,US,North America,West Robin,M,Leisure,2024-01-26 06:18:12,Non-Member,Email,True,English,PayPal,,Phone Booking
94baf51a-af2e-475a-aa68-3f4a9c2251dc,Olivier,Cohen,olivier.cohen@hotmail.com,,FR,Europe,Lévy,M,Group,2023-05-26 06:31:55,Basic,Email,True,French,PayPal,,Walk-in
e0e10128-dd90-42ac-a843-8b719932225f,Emily,Fuller,emily77@gmail.com,+1 761 495 9594,SE,Europe,Port Ericton,F,Leisure,2022-09-29 02:25:17,Silver,None,True,English,Visa,,Website Direct
7c1cc8a1-7276-4644-86c7-e5491424ae49,Mark,Waters,markw@acme.com,+44 1099 159479,GB,Europe,Amyview,M,Business,2019-11-01 11:03:52,Basic,Email,True,English,Visa,,Phone Booking
fb14a6f3-dba8-4917-8b19-0d1c446ffb6a,Charlie,Pritchard,cpritchard@example.gb,9569 060 5135,GB,Europe,New Marionberg,M,Business,2023-08-02 01:45:13,Basic,Email,True,English,Visa,,Walk-in
3828ea7b-a636-46a8-bf7b-f123699aa487,Antoine,Cordier,antoine.cordier@tyrellcorp.com,+33 235 590 3517,FR,Europe,Marchand-sur-Ribeiro,M,Business,2024-06-24 14:33:49,Non-Member,Email,True,French,Visa,,Website Direct
dac8ac66-b783-4e8d-80d4-3fb56a2ec06b,Amanda,Williams,amanda.williams@outlook.com,+1 226 136 5242,TH,Asia Pacific,Leonardshire,F,Business,2024-09-23 19:07:51,Non-Member,None,True,English,Visa,,Corporate Contract
2cab7859-fb30-474f-93aa-e05ac96fd737,Caroline,Holmes,caroline44@gmail.com,(575) 267-6543,US,North America,Anneport,F,Business,2022-01-19 01:56:14,Silver,SMS,True,English,Apple Pay,,OTA Referral
648cb51f-bbab-4594-9b00-b35a80d2aeb2,Nigel,Matthews,nigel.matthews@waynecorp.com,068-677-0811,US,North America,Deanside,M,Business,2020-06-17 19:06:16,Gold,Email,False,English,Visa,,Website Direct
c2736a50-811a-4a22-8010-7f18130197da,Megan,Hall,megan17@outlook.com,+1 684 424 7792,TH,Asia Pacific,Lake Luke,F,Family,2019-10-29 13:14:28,Gold,Both,False,English,Visa,,Walk-in
49af9091-8715-4c7c-a924-ef09c9293706,Stuart,Jenkins,stuartj@hotmail.com,+1 341 120 4214,MX,North America,Cookeview,M,Leisure,2022-03-08 02:17:03,Platinum,Email,True,English,Mastercard,,OTA Referral
7edc5a11-7dac-4039-b580-e9d1ffa05a7b,Shirley,Atkins,shirley92@cyberdyne.com,+1 967 139 7129,MX,North America,East Josh,F,Business,2023-05-26 07:08:43,Basic,Email,True,English,American Express,,Walk-in
f4117c1a-f83b-495d-939d-20da70ad3a4a,Neil,Bishop,nbishop@gmail.com,+1 660 196 4913,MX,North America,Henryview,M,Family,2023-11-28 18:56:51,Basic,Email,True,English,American Express,,Corporate Contract
7ab5cc57-668f-45fe-a16e-97e03d572948,Dale,Douglas,dale91@icloud.com,+61 281 714 6207,AU,Asia Pacific,West Geraldine,M,Leisure,2024-03-02 20:16:00,Basic,SMS,True,English,Mastercard,,Website Direct
184b5382-9b3b-427c-9084-d99fdab0ffbe,Molly,Willis,mollyw@gmail.com,+1 702 121 2343,EG,Africa,South Melanie,F,Leisure,2020-01-25 03:39:54,Non-Member,None,True,English,Visa,,Corporate Contract
8839f7ac-55b8-45f3-b14a-171fb0956c94,Christine,White,christine_white@oscorp.com,+1 428 117 3758,CA,North America,East Neilland,F,Business,2023-03-01 20:12:43,Basic,Email,True,English,Visa,Wheelchair Accessible,Website Direct
86a41101-1c71-4f5f-b031-490afb9a86b6,Louise,Glover,louise19@example.ca,+1 440 424 7231,CA,North America,East Lesleymouth,F,Business,2020-11-02 20:21:58,Basic,Email,True,English,American Express,Non-smoking,Walk-in
dc287950-a9bf-4a1d-8eb6-bf1dc63da179,Henry,Ali,henry_ali@yahoo.com,+61 267 105 3290,AU,Asia Pacific,North Hollyland,M,Family,2024-07-16 19:58:35,Non-Member,SMS,True,English,Visa,,Phone Booking
c1162c15-fdd5-42f5-b873-a64a7c3c5804,知実,前田,知前田@outlook.com,+81 204 446 7513,JP,Asia Pacific,Jeffreyview,F,Leisure,2024-10-17 03:03:33,Non-Member,Email,True,Japanese,American Express,,Phone Booking
ca1cb754-e723-40ea-8325-b01238fa7d97,Guy,Gordon,guyg@outlook.com,+91 461 436 2987,IN,Asia Pacific,Mortonchester,M,Leisure,2019-12-21 18:11:31,Non-Member,Email,False,English,PayPal,Late Check-out,Phone Booking
dc21dc19-016c-4ecf-85aa-2bbec1bc07b2,Dorothy,Pearson,dorothyp@gmail.com,(805) 786-2885,US,North America,Katybury,F,Business,2022-08-12 09:23:26,Basic,None,False,English,Visa,Non-smoking,Phone Booking
6969f535-fce5-4b0a-90cf-613ca29509ea,경자,오,경자오@gmail.com,+1 575 831 4178,KR,Asia Pacific,North Leonmouth,F,Leisure,2021-11-03 15:04:49,Non-Member,SMS,True,Korean,Visa,,Phone Booking
61ba28e7-d7e0-47a2-80e6-906dd2ce5ba3,Dale,Jackson,dale.jackson@gmail.com,(724) 116-2796,US,North America,West Juliastad,M,Leisure,2024-11-15 10:26:48,Basic,Email,False,English,American Express,,Corporate Contract
9ac3fba1-6ad9-46cc-950a-5dc0f7eddb63,Théodore,Fernandez,tfernandez@umbrellacorp.com,000-000-0000,FR,Europe,Munoz,M,Business,2022-07-07 17:42:38,Silver,Email,True,French,Apple Pay,,Corporate Contract
7ae5570a-4fd0-45e8-83c8-81717f1062c8,Joshua,Davies,joshuad@initech.com,+1 672 377 2443,ZA,Africa,South Lindsey,M,Business,2022-02-25 14:22:57,Silver,SMS,True,English,Visa,"Late Check-out, Non-smoking",Website Direct
53949983-9db0-49f5-9208-371d020ec1a2,Zoe,Brown,zoe_brown@outlook.com,+1 978 246 2092,CH,Europe,Annhaven,F,Leisure,2024-05-31 15:41:34,Basic,Email,True,English,Visa,,OTA Referral
1af87dc3-d4e7-4247-ad03-722911be9dfb,Lucia,Schuster,lucias@gmail.com,+49 907 961703,DE,Europe,Delitzsch,F,Group,2023-09-19 22:56:18,Basic,Both,False,German,American Express,,Website Direct
aeccec85-7005-41ec-896b-42a6494be21d,Danielle,Pope,danielle.pope@gmail.com,(762) 376-8231,US,North America,Lake Ronald,F,Leisure,2024-07-29 19:39:59,Basic,Email,False,English,Mastercard,,Phone Booking
5e6eefd5-50ea-44dc-9124-a6eb7c47c57a,Raymond,West,raymond52@gmail.com,+1 267 282 9072,SG,Asia Pacific,Lake Arthur,M,Leisure,2024-09-11 05:41:36,Non-Member,Email,True,English,PayPal,,Phone Booking
5d87ddc8-a0bc-4313-a87c-4bb5a3852de1,Mitchell,Cameron,mitchellc@gmail.com,+91 675 222 4045,IN,Asia Pacific,Matthewbury,M,Leisure,2022-05-12 03:32:19,Silver,Email,True,English,Mastercard,,Walk-in
faa8ca5a-6b4e-4f72-9991-0033aed4a714,Patrick,Smith,patrick.smith@waynecorp.com,+1 671 746 6655,CH,Europe,East Oliver,M,Business,2022-04-20 00:40:10,Platinum,Email,True,English,PayPal,,Website Direct
01b0d074-5a44-460a-8bb5-db2375e06b76,Harry,Hussain,harryh@gmail.com,433-866-2211,US,North America,Philipmouth,M,Leisure,2024-11-25 07:39:26,Non-Member,SMS,False,English,PayPal,,Phone Booking
cffdf7eb-3015-45bf-8872-af7cc59876d9,Jasmine,Kirby,jasminek@gmail.com,+1 969 701 8961,ZA,Africa,East Jonathanfort,F,Family,2022-07-18 01:42:05,Silver,Email,True,English,Visa,,Walk-in
aec8b26f-0d0c-4f1b-9dfc-76a974961bf4,Karl,Barton,karlb@hotmail.com,+61 326 590 9732,AU,Asia Pacific,Barlowchester,M,Family,2021-06-28 01:00:32,Gold,Email,True,English,Visa,,Website Direct
a9a9a2a0-14d0-41ab-9be9-907c9c5f66d0,Barbara,McLean,barbaram@gmail.com,(464) 679-8229,US,North America,Annahaven,F,Family,2024-01-23 21:13:15,Basic,Email,False,English,Visa,"Allergies, Wheelchair Accessible",Walk-in
22f6c7ab-465f-4dd0-9d64-4359a1785d56,Joan,Hill,joanh@gmail.com,+1 544 789 6417,CA,North America,Howellfort,F,Leisure,2023-01-24 15:50:32,Gold,Email,False,English,Visa,,Website Direct
3a50554f-c972-41f2-95d9-67aeb0844233,Kieran,Adams,kieran.adams@gmail.com,9097 649 6234,GB,Europe,Amandamouth,M,Leisure,2020-07-15 19:01:01,Platinum,SMS,True,English,American Express,,Walk-in
c5f37256-3a63-40cd-8669-9a9a58335f29,Jane,Buckley,jane.buckley@outlook.com,+1 598 549 2583,NL,Europe,Lake Michael,F,Business,2021-09-07 06:59:02,Silver,Email,False,English,Mastercard,,Walk-in
3afa9944-5892-400e-a302-56516d7d5121,Diana,Harvey,diana82@acme.com,+1 170 376 8161,CA,North America,Phillipsmouth,F,Business,2024-09-17 11:58:10,Silver,Email,True,English,Visa,,Website Direct
31522b1f-b478-4174-9a3d-6351ecfc69a1,Jill,Hill,test@test.com,+1 292 446 2786,CA,North America,North Sian,F,Group,2024-10-21 15:35:18,Non-Member,Email,False,English,Mastercard,,Phone Booking
6ce2861c-25d3-49a2-a256-41a4a692053c,龙,李,龙李@gmail.com,857 4260 0500,CN,Asia Pacific,West Gordon,M,Business,2022-08-23 21:57:55,Non-Member,SMS,True,Chinese,Visa,,Walk-in
44e7983b-1a15-4b9d-b1cb-8bb41b4b0c57,Charlene,Baker,cbaker@outlook.com,+1 356 185 3244,CA,North America,North Joshfurt,F,Group,2023-01-20 10:21:30,Silver,Email,True,English,PayPal,,Phone Booking
f268d0f7-bfb9-4ca4-9ca9-564777409fdf,Amber,John,amberj@acme.com,(356) 517-7019,US,North America,North Joshuafort,F,Business,2019-03-08 04:34:02,Silver,Email,True,English,Mastercard,,Phone Booking
7ead3971-990f-48b2-8942-a70db6843205,Alan,Brown,alan52@initech.com,+1 500 133 8284,SE,Europe,South Valerie,M,Business,2022-05-31 06:53:28,Basic,Email,True,English,American Express,,Website Direct
de4c321a-3f3a-4024-8fbb-ef11c2bef088,舞,中村,舞88@outlook.com,+81 528 160 5688,JP,Asia Pacific,New Gavinland,F,Leisure,2019-01-07 05:20:21,Gold,Email,False,Japanese,Visa,,Website Direct
c9dd90b9-3ba1-48ab-99b3-a41853c7c520,Jennifer,Clarke,jennifer.clarke@outlook.com,139-090-6068,US,North America,Lake Robinport,F,Leisure,2020-09-23 01:19:24,Non-Member,SMS,True,English,Visa,,Corporate Contract
d00879aa-1385-4647-807b-60409a15a0aa,건우,이,건우_이@umbrellacorp.com,+1 490 819 7916,KR,Asia Pacific,Mohamedbury,M,Business,2023-09-25 19:19:43,Silver,SMS,False,Korean,Google Pay,,Phone Booking
74292a9b-bd80-4f91-9030-945f4fab4689,Abigail,Jenkins,abigail96@gmail.com,(914) 133-1306,US,North America,East Sylviaburgh,F,Leisure,2020-01-09 21:24:35,Basic,Email,True,English,Mastercard,,Walk-in
ab8ef428-d0ba-46f2-b784-de6b818726eb,Stacey,Khan,stacey_khan@gmail.com,+61 710 731 1081,AU,Asia Pacific,South Stewart,F,Leisure,2022-06-13 00:44:32,Basic,SMS,True,English,American Express,"Late Check-out, Early Check-in",OTA Referral
7a8a0abd-a89f-4eb2-816c-a874e7e40309,Patrick,Wilson,pwilson@tyrellcorp.com,+1 677 988 4901,SG,Asia Pacific,Harriston,M,Business,2020-03-17 09:54:58,Silver,SMS,True,English,Mastercard,,Website Direct
d36d753c-714d-4829-9092-800d30bc1fb4,Mandy,Singh,mandy_singh@gmail.com,+1 481 142 5940,NL,Europe,Port Leah,F,Leisure,2020-02-06 08:37:08,Non-Member,Email,False,English,Visa,"Late Check-out, Non-smoking",Corporate Contract
82f1f8f4-d3e4-425a-a6fb-8ced72995e52,ريّان,الدباغ,ريّان_الدباغ@gmail.com,+971 353 994 4744,AE,Middle East,New Nicole,M,Family,2022-12-08 21:27:13,Silver,Email,True,Arabic,Mastercard,,Phone Booking
2ba0d7e6-937a-4609-84d5-b357a32af7e0,Marliese,Franke,mfranke@icloud.com,+49 749 663845,DE,Europe,Griesbach Rottal,F,Business,2023-07-05 03:02:37,Basic,SMS,False,German,Visa,"Late Check-out, Allergies",Corporate Contract
499f3059-047e-4dad-9789-29d783e08bc7,Sarah,Baker,noemail@provided.com,+1 802 161 4294,MX,North America,Watkinsmouth,F,Family,2021-07-04 00:47:59,Silver,Email,True,English,American Express,,Phone Booking
7528e031-d1b5-4e3d-8541-b27273f32d3b,영철,차,영철.차@outlook.com,+1 853 936 1685,KR,Asia Pacific,Ruthfort,M,Leisure,2019-02-03 21:52:10,Gold,Email,True,Korean,American Express,,Walk-in
01fde9cb-e7f0-4271-8fdf-03c320883cdf,بتلاء,آل حسين,بتلاء.آل حسين@yahoo.com,+1 659 625 9793,SA,Middle East,Christianstad,F,Leisure,2024-06-17 18:52:27,Basic,Both,False,Arabic,American Express,,Walk-in
89f8534f-9d62-4757-8dad-f8814b38162a,Debra,Jones,debra_jones@hotmail.com,+1 433 607 7702,CA,North America,West Patrick,F,Family,2024-11-13 08:23:43,Basic,SMS,False,English,Google Pay,,Website Direct
08b4c9e9-2796-4271-a646-9cd959035251,Charles,Moran,charlesm@acme.com,+1 721 796 8301,KE,Africa,Smithmouth,M,Business,2022-08-09 19:07:13,Gold,Both,True,English,PayPal,,OTA Referral
27ac25da-40cf-4c58-8703-42711553f1a8,Barry,Bull,barry65@gmail.com,+61 757 246 4700,AU,Asia Pacific,Daviesmouth,M,Family,2019-12-16 10:59:29,Non-Member,SMS,True,English,Mastercard,,OTA Referral
da3c6548-fa76-48a3-91e6-5abc4585123a,Julia,Allan,juliaa@gmail.com,+1 306 164 5059,CA,North America,North Jessica,F,Family,2022-08-24 08:11:42,Basic,SMS,True,English,Mastercard,,Walk-in
57a20107-8eda-456a-be88-9db9385a69fb,Lawrence,Thompson,lawrence_thompson@gmail.com,154-801-6828,US,North America,North Suzanne,M,Family,2022-02-23 18:10:59,Non-Member,Email,True,English,Visa,,Walk-in
3203ed60-e32d-4bdb-b5dd-495037cf051e,Robert,Harrison,robert49@gmail.com,+1 345 147 7623,TH,Asia Pacific,Port Stanley,M,Leisure,2024-12-13 05:04:47,Gold,Email,True,English,Visa,,Corporate Contract
c27823a7-cbba-4f6d-8717-da91fccddb6f,Kevin,Hill,kevin.hill@gmail.com,+61 288 629 7929,AU,Asia Pacific,West Carly,M,Group,2019-12-15 02:06:42,Non-Member,Email,True,English,American Express,,Phone Booking
3111120d-d24f-49c7-8fa6-9a5444daa158,Mohammad,Jones,mjones@yahoo.com,+1 911 188 8730,MX,North America,Williamsburgh,M,Family,2019-10-02 07:05:18,Gold,SMS,True,English,Mastercard,,OTA Referral
d42ba6f8-1a71-4175-9471-58b6ff9af881,Amber,Atkinson,ambera@gmail.com,+1 585 346 4400,MX,North America,East Carly,F,Family,2020-10-21 07:45:59,Basic,Email,True,English,Mastercard,"High Floor, Allergies",Phone Booking
55c8b44b-9ffa-43ce-afc3-fa42c5795290,Elenore,Lehmann,elenore.lehmann@gmail.com,+49 9047/175175,DE,Europe,Meppen,F,Leisure,2022-07-31 17:36:29,Basic,SMS,False,German,Mastercard,,Walk-in
fd9a09d2-d3ef-4ae0-ac9d-a3c14db00992,彬,李,彬55@gmail.com,+86 488 3183 595,CN,Asia Pacific,Port Samshire,M,Family,2020-10-31 09:10:36,Non-Member,Email,True,Chinese,Mastercard,,OTA Referral
0cccc744-f36a-496f-86e0-ee1e59617db3,Katherine,Walton,kwalton@acme.com,+61 422 894 6552,AU,Asia Pacific,Thomasburgh,F,Business,2022-01-12 19:03:04,Basic,SMS,False,English,PayPal,,OTA Referral
1b38b611-c976-4b6b-9fbe-816c2f1dab86,Carolyn,Bishop,carolyn5@gmail.com,(625) 859-4777,US,North America,Port Nathanshire,F,Leisure,2023-09-04 03:22:06,Non-Member,Email,True,English,Mastercard,,Corporate Contract
d82b3077-3da9-4542-817e-484245b62222,Douglas,Jones,douglas_jones@outlook.com,+1 192 612 5377,SG,Asia Pacific,Port Louiseland,M,Leisure,2023-02-25 16:56:31,Non-Member,Email,True,English,American Express,,OTA Referral
20777c69-3a50-438b-93d0-5839a34bdcc8,Paul,Roberts,paul.roberts@yahoo.com,+1 301 551 4952,TH,Asia Pacific,Fisherville,M,Leisure,2019-07-01 23:00:05,Basic,Email,True,English,Mastercard,,OTA Referral
aeb37afc-e371-49f3-9db8-62ff6c71e41e,Marian,Turnbull,marian.turnbull@yahoo.com,+1 372 166 9754,CA,North America,Port Steven,F,Leisure,2024-02-25 18:29:09,Basic,Email,True,English,Apple Pay,,Website Direct
7e230309-d30d-4612-9630-139830a2d3e3,Phillip,Harding,philliph@outlook.com,768-505-3211,US,North America,North Elliottmouth,M,Leisure,2021-03-16 07:47:48,Silver,Email,False,English,Mastercard,,Phone Booking
a9643d52-df1b-41a0-9fb5-012981956e3d,Kathryn,Watson,kathryn_watson@starkindustries.com,+1 934 573 5917,CA,North America,New Alexanderside,F,Business,2020-02-28 06:24:30,Basic,Email,True,English,Visa,,OTA Referral
c9117999-233c-40b6-9a30-f7b6a30c2eca,Julian,Collins,julianc@hotmail.com,+1 558 345 8343,MX,North America,Port Julian,M,Leisure,2023-06-08 06:59:52,Non-Member,Email,True,English,Mastercard,,OTA Referral
a56e6db7-b6db-4954-8337-a5d766dcf79b,Lesley,Lynch,guest@email.com,(874) 382-6404,US,North America,North Aliceburgh,F,Leisure,2022-12-04 20:05:00,Silver,None,True,English,Visa,,Website Direct
09ebd7ae-a113-4f64-a9d0-b0c0a5e453c4,Armando,Gualandi,agualandi@gmail.com,+1 676 600 9624,IT,Europe,San Vito Al Torre,M,Group,2019-01-16 21:01:14,Platinum,Email,True,Italian,Mastercard,,OTA Referral
24d4515a-4af8-4972-8977-ce79d027943d,Luke,Mason,luke56@gmail.com,+1 450 860 2683,CA,North America,East Adamview,M,Business,2019-11-05 00:46:02,Gold,Both,True,English,Mastercard,,Phone Booking
d3bb3a44-4f32-43cd-9831-5e4db0c36144,John,Sykes,john_sykes@yahoo.com,+1 839 719 2700,SG,Asia Pacific,South Geraldfurt,M,Leisure,2020-08-02 08:21:22,Silver,Email,True,English,Visa,"Wheelchair Accessible, Allergies",Website Direct
3a036a7a-673e-4be1-bbe6-0ca8a59575ef,桂花,萧,桂花萧@gmail.com,759 2934 7235,CN,Asia Pacific,South Annebury,F,Family,2021-09-17 04:12:47,Silver,Email,True,Chinese,Mastercard,,Phone Booking
1f80e348-e4f5-4e7b-ba5e-b91c2d5253d5,Kelly,Peters,kelly.peters@hotmail.com,000-000-0000,SG,Asia Pacific,Donnaport,F,Leisure,2019-08-31 14:21:01,Silver,Email,True,English,American Express,,Website Direct
dd3f23f7-fc3e-4b4e-8b2d-1e47abe6e11f,兵,白,兵白@gmail.com,462 3019 5661,CN,Asia Pacific,Melissaside,M,Leisure,2021-03-25 06:31:08,Platinum,Email,False,Chinese,American Express,,Walk-in
6b2c7845-63ca-49b9-9cf6-e580ddb56f88,Hollie,Ali,hollie_ali@icloud.com,+1 629 814 2919,MX,North America,Owenhaven,F,Group,2021-04-02 22:31:08,Silver,Email,True,English,Visa,Non-smoking,Phone Booking
109d658c-1aaa-4a36-a168-4b08bc9561c7,Frederick,Price,fprice@globex.com,+1 686 815 7418,NG,Africa,North Suzannechester,M,Business,2022-03-08 00:03:21,Basic,Email,True,English,Mastercard,,Corporate Contract
5f83d08c-a024-43c1-a83c-bb74be4f3fda,Karl,Gill,karl.gill@outlook.com,+1 206 915 9288,CH,Europe,North Maureen,M,Leisure,2021-06-10 15:19:21,Non-Member,Email,True,English,Visa,,Corporate Contract
484fa994-9fdb-44f9-9313-5dfcbc35d7f3,Alan,Thomas,alan92@hotmail.com,+1 198 180 9250,MX,North America,Garethfurt,M,Leisure,2023-12-19 02:55:42,Gold,Email,False,English,Visa,,Walk-in
b70788c0-dbaa-4fc4-a27d-a7a05537ec07,Megan,Jones,mjones@gmail.com,+1 189 186 2697,SG,Asia Pacific,Grayfurt,F,Leisure,2023-06-09 18:59:04,Platinum,SMS,True,English,American Express,,Corporate Contract
7bac89dd-a534-4971-89bd-2ca063623db1,Debra,Nicholls,debra.nicholls@gmail.com,+1 142 116 5117,CH,Europe,Williamsborough,F,Leisure,2019-04-30 18:12:09,Basic,Email,True,English,Visa,,Walk-in
81644f08-f963-44a4-9305-85fdf7046362,建华,陈,建华_陈@oscorp.com,+86 554 3427 510,CN,Asia Pacific,West Hollie,M,Business,2024-03-19 08:48:27,Silver,Email,False,Chinese,Visa,,Website Direct
e93dd25d-6573-427a-8820-18d6fad6f00d,翼,山本,翼山@cyberdyne.com,+81 160 365 5727,JP,Asia Pacific,West Fionaview,M,Business,2022-10-02 13:45:17,Platinum,Email,True,Japanese,Visa,,OTA Referral
1a528899-aa89-4164-a247-313200994160,Leah,Perkins,leah.perkins@outlook.com,+1 761 797 5028,CA,North America,New Donaldfort,F,Leisure,2020-09-06 17:02:27,Silver,Email,True,English,Visa,"High Floor, Wheelchair Accessible",Phone Booking
afe935c7-b9fb-4b73-943e-379d2cae4941,英樹,佐藤,英樹_佐藤@gmail.com,+81 794 113 4599,JP,Asia Pacific,South Marcus,M,Leisure,2021-02-25 00:31:00,Platinum,SMS,False,Japanese,Apple Pay,,Website Direct
e2da18ad-932f-473f-84d0-649593991ab4,لتين,بقشان,لبقشان@hotmail.com,+971 802 927 5388,AE,Middle East,Port Jeffreystad,F,Business,2024-06-10 20:14:22,Silver,SMS,False,Arabic,Apple Pay,,Corporate Contract
7f3e4d38-57cc-4bb6-bd5d-a68222cd9ae4,David,Wyatt,david_wyatt@gmail.com,+1 311 846 5089,CL,South America,Catherinechester,M,Family,2020-11-21 17:31:20,Basic,Email,True,English,Mastercard,,OTA Referral
ae57259a-c74d-42e2-b178-23f90294bfd1,Rhys,Armstrong,rhys47@gmail.com,+61 631 357 6852,AU,Asia Pacific,Hilarytown,M,Leisure,2022-05-05 19:20:02,Basic,Both,True,English,Visa,,Walk-in
ca65495a-f7df-456e-975a-931f006b868f,Alcides,Bilbao,alcides88@gmail.com,+1 931 167 2416,AR,South America,East ملهم,M,Business,2021-06-30 15:25:03,Non-Member,Email,False,English,Mastercard,,OTA Referral
e1cde40f-3732-44d8-8c9a-0071b4c62f12,Brian,Harrison,brian_harrison@cyberdyne.com,640-177-4506,US,North America,Port Grahamport,M,Business,2022-06-28 00:29:24,Gold,SMS,False,English,Visa,,OTA Referral
ce439812-ae26-4e36-8093-67cccb323ee4,Thomas,Tucker,thomast@hotmail.com,+1 146 565 4956,TH,Asia Pacific,West Debra,M,Leisure,2023-03-11 15:53:42,Non-Member,SMS,True,English,Visa,,Corporate Contract
1bb86bcd-c8c1-47d8-a98b-c24454ce912a,Claire,Ryan,cryan@outlook.com,+91 205 925 8220,IN,Asia Pacific,Marianstad,F,Leisure,2022-06-13 18:33:02,Platinum,Email,True,English,Visa,,Phone Booking
f257a165-8d0c-4165-b7a4-a69da0099858,Rosario,Palau,rosario.palau@gmail.com,+1 391 242 3212,ES,Europe,Palencia,M,Family,2019-03-22 04:18:36,Silver,Email,True,Spanish,Mastercard,,Walk-in
ebc41445-5729-4513-b551-fed545ae1957,서연,김,서연김@globex.com,+1 917 297 1326,KR,Asia Pacific,Lesleyville,F,Business,2024-07-12 18:47:34,Platinum,Email,False,Korean,Apple Pay,,Website Direct
ff6553e4-74ad-4c60-bd61-92d0f2a7e1b5,Jake,Hudson,jake.hudson@icloud.com,,TH,Asia Pacific,New Deanchester,M,Leisure,2024-05-06 22:32:50,Silver,Both,False,English,Mastercard,,Phone Booking
04e11d33-84be-490d-8a38-a3a2a1cf3ba5,Leonard,Mills,leonard.mills@initech.com,+91 179 153 5917,IN,Asia Pacific,Crossside,M,Business,2023-10-30 15:22:26,Basic,Both,False,English,American Express,,Walk-in
023e1890-f7ff-4708-91e1-5b691843fde3,Luis,Villegas,lvillegas@outlook.com,+1 617 891 3104,ES,Europe,Santa Cruz de Tenerife,M,Leisure,2019-06-08 02:45:48,Silver,Email,True,Spanish,Visa,,Corporate Contract
dd8f526a-ec64-461b-8c40-b990975f4aca,Bernard,Kennedy,bernard_kennedy@yahoo.com,+1 707 676 8660,CA,North America,Collinsview,M,Leisure,2020-02-28 12:21:25,Basic,None,False,English,Visa,,OTA Referral
7c64ba05-0ab3-4434-8bd4-b0d0bd9091b2,Paula,Gibson,paula.gibson@gmail.com,+1 455 321 4506,SE,Europe,Lake Angelafort,F,Leisure,2022-02-26 11:01:41,Gold,Email,True,English,Visa,,Phone Booking
f309e647-6e22-4f4f-bec0-4f232d86264f,지연,류,지연류@gmail.com,+1 991 354 7374,KR,Asia Pacific,Lake Donaldville,F,Leisure,2021-07-02 12:06:06,Gold,SMS,True,Korean,Mastercard,,Corporate Contract
2117cff3-a9c8-4c8d-9656-8ac88f7033d2,Agathe,Hörle,agathe_hörle@tyrellcorp.com,+49 919 899720,DE,Europe,Augsburg,F,Business,2019-12-09 04:32:30,Silver,Both,True,German,Mastercard,,Corporate Contract
f5b241d2-df84-41f0-aeff-619b465624ff,Sara,Ryan,sara8@yahoo.com,+1 863 284 7515,QA,Middle East,Readstad,F,Leisure,2022-04-06 17:46:55,Basic,Email,True,English,Visa,"Wheelchair Accessible, Allergies",Corporate Contract
7b80f7dd-ec27-4673-9bc1-b4dd4712f72f,红霞,薛,guest@email.com,+86 816 3264 479,CN,Asia Pacific,Deanshire,M,Leisure,2019-06-06 10:07:06,Basic,Email,False,Chinese,Mastercard,,Walk-in
b3c2d961-9418-4f25-917a-b7d59197c29b,Timothy,Thomas,timothy68@outlook.com,+1 869 528 8893,CH,Europe,Lake Stephenshire,M,Business,2023-12-01 22:26:45,Basic,Email,True,English,Visa,,OTA Referral
418862fd-40b6-4519-9d12-ed9c42b63059,Amaro,Mateo,amaro.mateo@globex.com,+1 231 280 8691,ES,Europe,Guadalajara,M,Business,2021-04-05 23:47:56,Non-Member,Email,True,Spanish,PayPal,"Wheelchair Accessible, Late Check-out",Phone Booking
3e57af58-292e-4e62-bb67-36084de945da,Louise,Wade,louise1@yahoo.com,+1 324 166 3740,CA,North America,New Stacey,F,Leisure,2023-06-28 22:22:18,Non-Member,Email,True,English,Visa,,Phone Booking
5686668c-4ee3-49ce-b2da-7e3398fa066c,Kyle,Dawson,kyle_dawson@outlook.com,+1 918 713 7288,MX,North America,South Abigail,M,Leisure,2021-12-08 00:01:05,Basic,SMS,False,English,Apple Pay,,Phone Booking
1e8e2a16-aae8-4fc1-a53c-0324078eb9fd,Roy,Taylor,roy.taylor@gmail.com,+1 745 426 2978,MX,North America,Lake Rhysville,M,Leisure,2022-05-07 17:28:08,Silver,Email,False,English,Mastercard,,Walk-in
046749de-e817-420e-8c9c-15d9fe0531ac,Declan,Arnold,declan.arnold@icloud.com,+1 893 712 3833,MX,North America,South Neil,M,Group,2020-12-28 00:44:09,Silver,Email,True,English,Mastercard,,Website Direct
bcdb43f4-27ce-4708-86b9-17d82f285bcc,Derek,Hilton,dhilton@yahoo.com,+1 789 442 3454,CA,North America,New Jamie,M,Business,2024-02-01 00:58:16,Basic,Email,True,English,Visa,,Phone Booking
dfc1b6ab-275b-41fc-87a8-9aeb40407102,William,Nolan,william.nolan@starkindustries.com,+1 723 661 4137,CA,North America,Clairetown,M,Business,2021-03-04 18:45:38,Basic,SMS,True,English,Visa,,Website Direct
7cd855c8-4b9a-4059-bbc1-8be0683812f1,結衣,鈴木,結鈴木@gmail.com,+81 547 703 7403,JP,Asia Pacific,Lake Shirleytown,F,Business,2022-06-04 23:38:05,Silver,SMS,False,Japanese,Visa,,Walk-in
0c6ca15c-576c-4ba1-8191-3ec167bcb42e,Danielle,Jones,djones@icloud.com,+91 563 961 1078,IN,Asia Pacific,Gordonton,F,Business,2022-01-12 23:25:11,Silver,Both,True,English,PayPal,,Website Direct
4603cf18-1d9f-4124-85ea-60e1e46b810d,Jamie,Kelly,jamie.kelly@outlook.com,+1 544 616 7954,NL,Europe,Watsonville,M,Family,2023-02-23 08:36:14,Non-Member,Email,True,English,American Express,,Website Direct
cca4d1bc-8358-4ea0-ab64-c0df47cf15ca,Sally,Howell,showell@hotmail.com,(244) 555-8173,US,North America,Ritabury,F,Leisure,2023-04-06 06:59:31,Non-Member,Email,True,English,Mastercard,,Phone Booking
641e5a9a-6c81-4b7f-844d-9567c29cbab8,Kirsty,Ward,kward@waynecorp.com,+1 953 915 8380,MX,North America,Hollowayland,F,Business,2022-06-22 18:30:31,Basic,Email,True,English,American Express,,Corporate Contract
9feaaf71-4137-4bc0-bb8c-382c20d1d5a9,Dale,Akhtar,dale.akhtar@gmail.com,798-898-3361,US,North America,New Kayleigh,M,Group,2020-10-17 10:34:08,Non-Member,SMS,True,English,Mastercard,,Website Direct
85762eb7-3bb5-4995-95a0-fd98f3bdcd74,Neil,Pratt,neil.pratt@gmail.com,+1 979 951 3044,KW,Middle East,Port Jason,M,Family,2020-03-31 07:48:40,Silver,Email,True,English,Mastercard,,OTA Referral
01848c85-4e5a-4b15-9d57-f8b7e2c7fccb,Richard,Harding,rharding@yahoo.com,319-881-4531,US,North America,New Julianfort,M,Leisure,2022-05-01 20:54:25,Gold,Email,False,English,American Express,,OTA Referral
06f7cc6f-60df-4dc0-aa27-4d753fe5665a,Rita,Crawford,rita67@starkindustries.com,+1 872 981 7734,MX,North America,Baileychester,F,Business,2019-07-27 08:52:58,Platinum,Both,True,English,Visa,,Phone Booking
8a38da8c-48d1-4701-8e5e-072e684c3610,Charlene,Williams,charlene.williams@gmail.com,+1 959 734 9238,NG,Africa,West Jenna,F,Leisure,2022-08-06 12:05:14,Silver,Both,True,English,Google Pay,,Phone Booking
7771c944-50c7-423d-900d-215515b60fc1,香織,石井,香織94@yahoo.com,+81 959 548 5249,JP,Asia Pacific,West Anthony,F,Group,2022-11-23 09:59:41,Non-Member,Both,True,Japanese,Visa,,OTA Referral
1ac0c9a0-3579-4954-845f-cc6463a1f6e3,Norman,Whitehouse,norman70@gmail.com,+91 407 808 7490,IN,Asia Pacific,Margaretbury,M,Family,2024-10-07 13:11:09,Basic,Email,True,English,Visa,,Website Direct
01036e5a-814c-4556-bb01-97b233de6008,红霞,陈,红陈@icloud.com,000-000-0000,CN,Asia Pacific,Turnerstad,M,Leisure,2022-06-18 14:13:53,Gold,SMS,True,Chinese,Visa,,OTA Referral
b3c3e019-dade-491d-af31-7d8871a00aaa,영호,이,영호.이@gmail.com,+1 198 387 6579,KR,Asia Pacific,Mohammedchester,M,Business,2023-01-31 19:30:14,Non-Member,SMS,True,Korean,Visa,,Walk-in
7b3645b7-c949-44b3-923a-dc6cbdc1f27b,Maureen,Lowe,maureen_lowe@gmail.com,+61 837 257 7748,AU,Asia Pacific,Palmerport,F,Family,2020-12-28 21:45:31,Platinum,Both,True,English,Visa,,Phone Booking
98f6a608-7f73-42ec-ba85-c54bba1ef1ae,Alexander,Blake,alexander60@outlook.com,+1 284 615 7245,NL,Europe,Timothyhaven,M,Family,2019-10-30 07:21:14,Non-Member,Email,True,English,Mastercard,,Website Direct
cfd8add6-4872-428d-a2b0-953450334a13,Toby,Evans,tevans@outlook.com,(559) 695-5700,US,North America,Port Lorraine,M,Leisure,2021-11-21 09:20:07,Basic,Email,False,English,American Express,,Website Direct
4697715a-e065-4110-9e38-8089169940f3,Lynn,Cunningham,lynnc@acme.com,+1 713 250 7028,MX,North America,New Francis,F,Business,2022-04-12 17:45:19,Platinum,Both,False,English,Mastercard,,Walk-in
b103d0c1-c4c6-4888-9712-9f8dca33df17,Cloe,Montesinos,cloe_montesinos@initech.com,+1 334 128 2073,ES,Europe,Valencia,F,Business,2024-08-23 16:18:56,Basic,Email,False,Spanish,Visa,,Walk-in
5b0f6557-4f81-45ab-90dc-db64fd9b2f73,Beth,Smith,beth.smith@cyberdyne.com,+1 669 681 3494,MX,North America,Clivebury,F,Business,2024-11-11 12:59:40,Basic,SMS,False,English,Visa,,Walk-in
8cb04bcc-40b8-42ee-8613-0ffcca4e45de,Karen,Hughes,khughes@outlook.com,+61 908 983 1283,AU,Asia Pacific,East Dylanville,F,Leisure,2022-11-24 07:56:46,Basic,Email,False,English,Visa,,Website Direct
4641eecf-a016-469f-83f9-78f602f53517,Sarah,Morris,sarah_morris@yahoo.com,+91 277 907 1379,IN,Asia Pacific,Phillipstown,F,Leisure,2019-08-28 12:42:43,Silver,Email,False,English,Mastercard,,OTA Referral
ba46a436-ebc7-4317-9328-58b07ca6ce7b,Patrick,Allen,patrick.allen@hotmail.com,+1 378 996 1646,NL,Europe,Glenville,M,Business,2024-05-11 14:50:17,Non-Member,Email,True,English,Mastercard,,Walk-in
bb52efe0-daaf-4df6-898f-7162c2d21763,Sam,Hughes,guest@email.com,+1 695 735 4299,NL,Europe,South Mollyberg,M,Group,2021-01-10 07:58:50,Gold,SMS,True,English,Mastercard,,Phone Booking
c57d7113-bf26-44c6-816b-5d660c6b4ef9,Anto,Carsten,anto14@outlook.com,+49 196 022894,DE,Europe,Sangerhausen,M,Leisure,2020-06-27 15:42:36,Gold,Email,False,German,Visa,,Website Direct
247c397e-4ed3-4f43-b558-87da163e8784,Justin,Jones,justin_jones@initech.com,+1 219 636 1436,CA,North America,Lake Hollymouth,M,Business,2023-02-14 04:04:48,Basic,None,False,English,American Express,,Walk-in
b90fa131-c055-4c7f-b0ad-361246aa48d5,Kayleigh,Rose,krose@gmail.com,+1 204 632 8426,MX,North America,East Shaun,F,Family,2024-06-22 11:45:40,Basic,Email,True,English,Visa,,Corporate Contract
68f1c9e1-3f52-4e47-9ba7-9946d7d5eca4,Edward,Jackson,edward8@gmail.com,+1 836 223 6572,CH,Europe,Smithborough,M,Leisure,2019-12-01 23:42:36,Gold,Email,True,English,American Express,,Walk-in
b984171c-051b-4d22-9f86-05f799ee0f3c,Joanna,Hamilton,joanna.hamilton@outlook.com,(913) 106-0220,US,North America,Reecefurt,F,Family,2021-09-22 07:44:10,Gold,Both,True,English,Visa,,Website Direct
ef998ffb-9fa0-4e73-a7da-63a5cefae4bb,Wolf,Thies,wolf.thies@gmail.com,000-000-0000,DE,Europe,Bernburg,M,Leisure,2023-08-03 16:19:34,Basic,SMS,True,German,Visa,,Website Direct
af017146-52cb-487f-9051-b0ee6eaf6f89,Suzanne,Murphy,suzanne_murphy@gmail.com,+1 305 152 4534,MX,North America,West Lauraland,F,Family,2022-03-21 20:57:06,Platinum,Email,False,English,Visa,,OTA Referral
f75abbf2-3672-4ff2-8723-c2da2e3143bb,Jeremy,Williams,jeremy97@waynecorp.com,+1 322 422 9843,NL,Europe,Birchport,M,Business,2019-10-01 09:47:42,Basic,SMS,True,English,American Express,,Phone Booking
62e0d19b-b88f-4f69-b922-10db3c14a370,Barry,Chadwick,barry52@icloud.com,+61 520 751 6267,AU,Asia Pacific,Port Joshport,M,Business,2022-10-19 11:50:05,Non-Member,SMS,True,English,Google Pay,,Website Direct
0f9c1f65-a898-4e47-ad51-cfa80999b3e4,Laura,Robinson,laura.robinson@gmail.com,+1 560 654 3908,CA,North America,Port Staceyfort,F,Group,2020-01-13 13:41:22,Non-Member,Email,False,English,Mastercard,,Corporate Contract
5d262d32-05b2-40b7-a3c2-abeda214e1d1,舞,田中,舞.田中@icloud.com,+81 851 680 8698,JP,Asia Pacific,Trevorberg,F,Leisure,2019-02-12 13:30:11,Silver,Email,False,Japanese,Visa,,Phone Booking
256fec8c-8991-4e99-81fc-353d4d400847,Nicholas,Jackson,nicholas50@gmail.com,+1 651 385 8253,TH,Asia Pacific,Leetown,M,Business,2023-03-06 15:09:15,Basic,Email,True,English,Visa,Wheelchair Accessible,Website Direct
390ca431-6034-49ad-9624-c8ee90a8bd1b,Jane,Newton,janen@gmail.com,+61 194 511 7663,AU,Asia Pacific,Hannahstad,F,Leisure,2019-11-19 04:00:30,Gold,Email,True,English,Mastercard,,Corporate Contract
3be8827b-7494-4bb5-97c3-c34390f248dd,Jennifer,Brown,jennifer.brown@hotmail.com,+1 463 723 5105,KW,Middle East,West Christine,F,Family,2020-01-09 15:51:02,Non-Member,Email,True,English,Mastercard,,Walk-in
0ef2c7db-b31b-476c-8fa6-83e3150a9750,Aaron,Johnson,aaron77@outlook.com,000-000-0000,MX,North America,South Tracyside,M,Business,2024-05-02 09:53:28,Platinum,SMS,True,English,Visa,,OTA Referral
6ce6af2f-0949-42c6-a982-cd94e8e99d08,Anna,Ryan,anna.ryan@outlook.com,+1 899 114 3713,NL,Europe,Port Kimberley,F,Business,2020-09-24 01:59:03,Platinum,Email,False,English,Mastercard,,OTA Referral
5b8d668c-e795-482a-8961-dbd26b0ee619,Margaret,Tessier,mtessier@hotmail.com,+33 174 987 5709,FR,Europe,Lagarde,F,Business,2023-10-23 11:35:22,Silver,Email,False,French,Visa,,Corporate Contract
c630d7ec-fbc2-47cd-9b1d-e3ad1d240e3e,Marion,Wright,marion36@yahoo.com,+1 149 497 5548,SG,Asia Pacific,Graychester,F,Leisure,2023-01-28 22:13:41,Basic,SMS,True,English,Mastercard,,OTA Referral
3cdc2616-dff7-465a-bd88-86688d995a38,Gareth,Wade,garethw@tyrellcorp.com,(740) 986-5339,US,North America,Normanburgh,M,Business,2022-12-07 22:33:51,Silver,Both,True,English,Visa,,Phone Booking
9e957b9a-5f86-48c8-8027-50e8de58aa95,Victor,Pope,victorp@gmail.com,+1 239 596 8542,NL,Europe,Begumberg,M,Family,2019-05-02 22:45:48,Gold,Email,False,English,PayPal,,Phone Booking
0c6c9282-73cf-48aa-937a-df8220af9f50,Karen,Preston,karen_preston@gmail.com,(363) 081-0370,US,North America,Douglasberg,F,Group,2019-10-22 16:38:49,Gold,Email,True,English,Mastercard,,Website Direct
4187ef3a-47b8-43c6-98ef-4fd287a10b3f,Keith,Chan,keith_chan@acme.com,+1 898 348 1980,TH,Asia Pacific,Taylorberg,M,Business,2020-05-06 03:12:51,Silver,Email,True,English,Visa,,Phone Booking
4ec43ce1-3595-4d30-90d9-7b3cc8475e99,Bernard,Williamson,bernard.williamson@globex.com,+1 765 820 3227,CL,South America,Abdultown,M,Business,2024-12-16 04:46:51,Non-Member,SMS,True,English,Mastercard,,Phone Booking
d5ec1e34-04c2-4fdf-96bc-c1a812e9db23,Lara,García,lara.garcía@gmail.com,+1 756 960 7976,ES,Europe,La Rioja,F,Family,2023-09-22 02:24:15,Non-Member,SMS,True,Spanish,Mastercard,,Corporate Contract
d908e56a-5725-4bfd-b9ae-791f5b5ae96a,David,Jones,david36@icloud.com,+91 896 590 7028,IN,Asia Pacific,New Kim,M,Leisure,2021-05-03 10:07:08,Basic,Email,False,English,Visa,"Late Check-out, Allergies",Phone Booking
042cd964-255d-4142-af33-204ae3d049a5,Georgia,Morris,georgia26@tyrellcorp.com,,CA,North America,Colemanshire,F,Business,2024-06-11 11:37:11,Basic,Email,False,English,Mastercard,,OTA Referral
79fc1602-bea6-4e34-a0a1-e12df52258b0,Diane,Wall,dianew@gmail.com,+1 692 648 1749,MX,North America,North Nicole,F,Leisure,2024-02-03 05:20:35,Silver,Email,False,English,Mastercard,,Website Direct
58380513-6a13-4967-9a31-9166fd8bb5e9,Michèle,Roussel,michèle.roussel@outlook.com,+33 821 589 1172,FR,Europe,RobertVille,F,Leisure,2024-06-13 01:00:05,Basic,Email,True,French,Visa,,Website Direct
343d4a72-5c3e-49ed-a426-4371e522b450,Nathan,Jones,njones@icloud.com,+1 257 964 7138,KW,Middle East,West Leslie,M,Business,2023-12-22 11:10:22,Silver,Email,True,English,Visa,,Website Direct
6fca2df9-3d62-4ae9-a147-4c3eba253ac0,Megan,Bailey,megan_bailey@gmail.com,+1 108 735 1459,MX,North America,South Stuart,F,Leisure,2023-02-21 21:51:19,Non-Member,SMS,False,English,Mastercard,,Corporate Contract
9a4c044a-ffb5-4299-8eac-93f62f232650,Ronald,Hughes,ronald.hughes@cyberdyne.com,+1 235 774 5776,MX,North America,Stephanieburgh,M,Business,2022-07-01 22:57:09,Basic,SMS,True,English,American Express,,Phone Booking
1f6eb909-477a-44ce-98d2-a0cce9b629d6,Colin,Green,colin_green@yahoo.com,+1 321 409 6514,SG,Asia Pacific,North Jenna,M,Leisure,2023-09-14 09:29:55,Basic,Email,True,English,Mastercard,,Walk-in
51ae7cf4-bb2f-4e71-b263-b18ddae05e8f,Emily,Owen,emily.owen@yahoo.com,+1 709 454 2370,SG,Asia Pacific,New Jaynechester,F,Leisure,2023-11-09 20:33:00,Non-Member,Email,True,English,American Express,,Walk-in
29187759-c536-4819-86ec-05847c237c3f,영철,이,영철.이@icloud.com,+1 413 931 7884,KR,Asia Pacific,Palmerberg,M,Leisure,2021-05-12 18:56:22,Basic,Email,True,Korean,Mastercard,,OTA Referral
c3e3acc2-3c7f-489a-b041-fc6a422540f3,Rachael,Holmes,rachael_holmes@hotmail.com,+91 412 731 6789,IN,Asia Pacific,Nixonbury,F,Business,2021-04-01 19:51:29,Gold,SMS,True,English,Mastercard,,Walk-in
d1173998-b3f5-44bd-bf44-b087a4f31446,Yvonne,Campbell,yvonnec@outlook.com,141-626-2445,US,North America,West Toby,F,Leisure,2024-03-13 10:45:36,Non-Member,Email,False,English,Visa,"High Floor, Allergies",OTA Referral
080e49e7-5d7a-40be-83a2-f531d5f44ea9,Geoffrey,Flynn,geoffreyf@gmail.com,(638) 208-3026,US,North America,Williamschester,M,Leisure,2022-01-14 05:32:47,Gold,Email,True,English,Visa,,OTA Referral
28b0209e-d672-414f-8f7d-25391aa5bfba,Jonathan,Edwards,jonathane@initech.com,+91 367 883 8467,IN,Asia Pacific,Lake Claireport,M,Business,2022-07-13 15:35:57,Silver,Email,True,English,Mastercard,,Phone Booking
ccfe9366-0315-494b-9066-2eaba88d0c5b,Harry,West,harry_west@waynecorp.com,+1 150 792 2192,MX,North America,Byrnefort,M,Business,2022-10-28 00:14:07,Silver,Email,True,English,Mastercard,,Website Direct
f0fb731b-6694-4d67-b986-279cc9412646,Jamie,Ferguson,jferguson@gmail.com,+1 874 491 7871,MX,North America,Lawrencemouth,M,Family,2022-07-07 11:05:06,Basic,Email,True,English,Mastercard,,Walk-in
0da8cf76-0531-4c25-ae9e-237c95c0f104,Dietmar,Beer,dietmar_beer@icloud.com,+49 2144/489795,DE,Europe,Gransee,M,Business,2022-01-31 04:47:10,Basic,SMS,True,German,Mastercard,,OTA Referral
554ea814-ec70-487c-a346-d6964c313064,Kerry,Jones,kerry.jones@yahoo.com,(644) 069-7403,US,North America,Clementsshire,F,Leisure,2019-01-17 19:05:34,Silver,Email,True,English,American Express,"Wheelchair Accessible, Early Check-in",Corporate Contract
fe582555-ae8d-4f4c-861c-f00a0d7623ff,Duncan,Edwards,duncan_edwards@gmail.com,+1 530 163 2488,CH,Europe,South Sarahbury,M,Leisure,2021-11-16 12:42:07,Non-Member,Email,False,English,Apple Pay,,Website Direct
ba9c81c9-a77f-4053-9d1a-61a3731ec4fc,Emma,Perry,emma47@gmail.com,+61 697 737 1626,AU,Asia Pacific,East Rita,F,Group,2023-03-01 06:51:28,Basic,Both,True,English,Visa,,Phone Booking
60f7c53f-ca91-46ca-aace-8d013a136b84,Bertrand,Guyot,bertrandg@outlook.com,+33 118 825 8914,FR,Europe,Sainte Frédéricnec,M,Business,2023-05-18 23:53:04,Basic,Email,False,French,Visa,,OTA Referral
d2a7601f-e536-458f-a826-1c295df8326c,Joshua,Smith,joshua_smith@gmail.com,+1 443 413 2436,TH,Asia Pacific,Christianfort,M,Family,2021-09-24 12:06:19,Platinum,Both,False,English,Visa,,Walk-in
1f550a3a-3109-4d1b-95e6-74b2c56bc63d,Ezequiel,Crespo,ezequiel_crespo@outlook.com,+1 780 392 9274,ES,Europe,Valencia,M,Leisure,2020-04-01 08:03:12,Silver,Email,True,Spanish,Apple Pay,,Website Direct
6e57caf1-a1d6-4570-9abd-42e7164b2030,Amelia,Hayes,test@test.com,+61 649 118 2892,AU,Asia Pacific,East Rita,F,Business,2024-12-20 23:47:16,Silver,Email,True,English,PayPal,Non-smoking,Phone Booking
03598bc5-5fb2-49cf-8ab4-8fd767aa8fcf,Hilary,Jones,hilary_jones@icloud.com,000-000-0000,US,North America,Port Richardshire,F,Business,2019-01-03 20:12:02,Non-Member,Email,True,English,Mastercard,,Phone Booking
6407156b-2045-46da-b89e-da6ca1af1f3d,주원,고,주원83@hotmail.com,+1 344 622 3688,KR,Asia Pacific,East Rachaelfurt,M,Family,2020-10-19 15:09:05,Gold,Email,True,Korean,Visa,,Phone Booking
0cd60760-1c39-48ee-a9c9-b868f5cd3127,Toby,Willis,toby3@gmail.com,+1 674 224 8858,SE,Europe,Phillipmouth,M,Leisure,2020-02-16 21:07:06,Basic,Both,False,English,Visa,,Website Direct
dfb985b9-e05a-49a2-895c-c9c6964b992f,Lindsey,Harvey,lharvey@yahoo.com,+1 860 946 8066,NL,Europe,Gillianchester,F,Leisure,2022-10-28 07:17:11,Basic,Email,True,English,Visa,,Website Direct
c8892967-f6aa-4777-84df-dc6d5aa992a4,Laurent,Thibault,laurent_thibault@icloud.com,+33 124 644 7812,FR,Europe,Sainte Christellenec,M,Group,2024-06-09 17:58:38,Non-Member,Email,False,French,Mastercard,,Website Direct
48324e3e-a5cc-4dcb-92cb-e09d86e6c912,Georgia,Robson,georgiar@hotmail.com,+61 637 173 2118,AU,Asia Pacific,East Sandrachester,F,Leisure,2022-11-26 01:24:10,Basic,Email,False,English,American Express,,Corporate Contract
ea9b544b-ac66-4923-8c1d-0f317812a38d,Frederick,Chambers,frederick66@gmail.com,+1 213 638 6571,CH,Europe,South Laura,M,Family,2022-05-02 18:20:05,Non-Member,Email,True,English,Mastercard,,OTA Referral
0f39cc09-a409-4db4-aef0-6403f1a7b6cc,Joyce,Robinson,jrobinson@example.se,+1 873 449 5843,SE,Europe,East George,F,Business,2022-02-08 01:45:24,Silver,Email,True,English,Apple Pay,,OTA Referral
58551e87-f07f-422d-af70-31d8d6bb525d,Clive,Wheeler,cwheeler@oscorp.com,+1 880 302 6424,EG,Africa,North Johnmouth,M,Business,2021-11-06 23:46:35,Gold,Email,True,English,American Express,,Walk-in
ab02c283-48ee-4b13-82fd-ebdff2537aac,Elizabeth,Miller,elizabethm@tyrellcorp.com,+1 744 193 7067,SG,Asia Pacific,South Bethanland,F,Business,2024-02-19 17:29:24,Basic,Email,True,English,Visa,,OTA Referral
9bd29e88-9ab8-4988-b9d1-7b35e847e8a6,Carolyn,Roberts,test@test.com,+1 206 298 1028,CA,North America,West Abdulberg,F,Leisure,2023-05-23 09:11:31,Basic,Email,True,English,Mastercard,,Corporate Contract
c0d12f5b-2e38-4eba-b03b-f299a0905adb,Olivia,Hill,olivia55@outlook.com,+1 281 654 8836,MX,North America,West Christian,F,Business,2024-05-06 17:16:39,Silver,SMS,True,English,Mastercard,,Corporate Contract
b714f5ff-a582-4a96-923f-65bec177ffca,지영,정,지영.정@outlook.com,+1 925 253 7360,KR,Asia Pacific,Lake Melissaland,F,Leisure,2020-02-24 01:17:56,Basic,Email,False,Korean,Visa,,Phone Booking
050e25e2-7ea5-4f4b-ab69-cc8471da708f,فضل,آل الشيخ,فضل80@umbrellacorp.com,+971 703 780 2217,AE,Middle East,Johnsonburgh,M,Business,2023-02-26 06:01:11,Basic,Email,False,Arabic,Visa,,Website Direct
7763fd15-053c-4c06-8de5-b70828e29288,Damian,Jones,damian_jones@acme.com,+1 350 591 6750,EG,Africa,Bethmouth,M,Business,2019-05-28 05:54:21,Basic,SMS,True,English,Apple Pay,,Website Direct
5d4e3ec1-4abe-4d4f-81a9-5b33a8df4751,Benjamin,Nixon,benjamin_nixon@outlook.com,+1 461 436 4177,CO,South America,Dianeborough,M,Family,2024-01-27 20:16:47,Non-Member,Email,True,English,American Express,,Corporate Contract
547feb9a-aaf6-4396-a58e-22aaed7ff15b,Hannah,Jones,hannahj@gmail.com,+1 830 981 1395,MX,North America,Johnsonland,F,Family,2023-10-04 13:11:58,Silver,Both,False,English,American Express,,Corporate Contract
ae2ed0d5-fcea-48ae-b81c-2f0520abaaec,Roger,Wood,rwood@gmail.com,+1 431 863 4971,MX,North America,Arnoldhaven,M,Family,2022-05-08 03:51:22,Non-Member,Both,True,English,American Express,,Walk-in
6c889140-20bd-4098-b941-b6aa352f2a3d,Melania,Marini,melaniam@yahoo.com,+1 937 141 2329,IT,Europe,Albano Di Lucania,F,Leisure,2022-05-03 06:03:50,Basic,Email,False,Italian,American Express,,Corporate Contract
be997d3f-3771-47b6-a634-745d294f9401,Joshua,Jones,joshua47@gmail.com,,MX,North America,Lake Marie,M,Group,2020-10-16 06:21:20,Non-Member,Email,True,English,American Express,,Website Direct
f71ad819-662c-46be-857b-c7494055645b,ريمان,شربتلي,رشربتلي@gmail.com,+971 570 187 7324,AE,Middle East,Howardmouth,F,Leisure,2022-03-09 10:21:40,Non-Member,Email,True,Arabic,Visa,,OTA Referral
485d5c29-8f77-4870-aca3-2f55618ab633,Stanley,Hope,stanley69@gmail.com,+91 212 184 1066,IN,Asia Pacific,South Jessica,M,Group,2019-06-02 13:19:24,Non-Member,Email,True,English,Visa,,Phone Booking
4bff7a07-9be5-44da-aa18-7e767df3a348,Patrick,Godard,patrickg@gmail.com,+33 865 225 4474,FR,Europe,Dias,M,Leisure,2022-05-16 15:13:45,Gold,Email,False,French,Visa,,Corporate Contract
92db9e77-2494-4e68-acb6-c5dc45e9239e,Filippa,Gigli,filippa.gigli@hotmail.com,+1 926 330 9985,IT,Europe,Le Bagnese San Giusto,F,Leisure,2019-05-17 11:33:31,Basic,Email,False,Italian,Visa,,Website Direct
4f92c43b-6cf8-47bf-a3b9-4b50eee15a32,Pamela,Bond,pamela75@yahoo.com,+1 911 197 4112,KE,Africa,Markburgh,F,Leisure,2023-12-09 10:21:18,Non-Member,SMS,False,English,Mastercard,,Website Direct
0c134693-b1d1-4688-a9eb-bb84d8c9f4a2,Daniel,Lambert,daniel.lambert@gmail.com,+1 962 590 4898,SG,Asia Pacific,Lake Carly,M,Family,2019-11-07 11:49:59,Non-Member,SMS,True,English,Visa,,OTA Referral
b5611555-f853-4d28-9ffd-c0a085b9e966,Nathan,Miller,nathan.miller@gmail.com,+1 928 601 9870,TH,Asia Pacific,Lake Annette,M,Leisure,2024-01-08 12:14:43,Basic,Email,False,English,PayPal,Non-smoking,Corporate Contract
a86a0d0b-6d10-4042-89f1-33b4cd80d8ba,승현,고,승현.고@icloud.com,+1 633 751 9028,KR,Asia Pacific,Port Elliottburgh,M,Family,2019-10-14 07:26:12,Non-Member,Email,False,Korean,Mastercard,,OTA Referral
74d4afb9-bd32-409d-916b-4082a03df690,Zoe,Newton,zoe.newton@dummycorp.com,,MX,North America,Gardnerbury,F,Business,2022-04-23 21:01:07,Basic,Email,True,English,Visa,,OTA Referral
ef3631e8-ca13-4cb9-a753-ba626f7d24dd,Owen,Whitehouse,owen_whitehouse@gmail.com,753-208-8972,US,North America,South Emma,M,Leisure,2019-09-30 04:16:47,Silver,Email,False,English,Mastercard,,Website Direct
32da0894-4fa8-42d4-9ac4-10674a7f28a5,Barbara,Geisler,barbara.geisler@outlook.com,+49 250 928437,DE,Europe,München,F,Business,2019-09-12 00:25:00,Platinum,Email,True,German,Mastercard,,Corporate Contract
565653e0-3be8-485a-87e2-08b3281c62ad,Rafa,Ojeda,rafa_ojeda@gmail.com,+1 879 879 4841,AR,South America,South لوليا,M,Leisure,2024-09-08 00:54:32,Non-Member,Email,False,English,Mastercard,,Walk-in
522df8c4-acd1-41ca-adf0-15b0b1b85366,Mohammed,Douglas,guest@email.com,+1 280 355 1014,NL,Europe,North Lawrencebury,M,Family,2020-11-30 14:14:49,Silver,Email,True,English,Visa,,Corporate Contract
62831a57-c5d8-47fc-83e2-a99af9a7d2a2,Alan,Walker,alan87@outlook.com,+1 932 280 8589,SE,Europe,Port Josh,M,Leisure,2019-06-26 10:15:31,Non-Member,Email,True,English,Visa,,Corporate Contract
2863a06f-8056-4cde-b7b8-c0542fc72dd2,Norman,Fletcher,norman33@gmail.com,+1 373 888 2878,MX,North America,East Martinstad,M,Group,2024-11-04 17:06:55,Silver,Email,False,English,American Express,,Corporate Contract
4659ea30-a7f1-434b-b640-41020fd3ade1,Jonathan,Savage,jonathan35@gmail.com,331-897-0885,US,North America,Chambersmouth,M,Leisure,2020-06-08 22:38:40,Basic,Email,False,English,Google Pay,,OTA Referral
cab72416-b332-4203-b30f-58f6e656cbcd,Roberto,Alboni,robertoa@starkindustries.com,+1 165 149 1506,IT,Europe,San Martino Di Castrozza,M,Business,2021-01-20 20:38:35,Gold,Email,True,Italian,Apple Pay,,Corporate Contract
73e8eb12-a498-4050-a0f4-6cac597a34c6,Lynda,Allen,lynda43@globex.com,+1 582 240 1614,CA,North America,East Geoffreytown,F,Business,2019-07-08 21:36:56,Non-Member,Email,False,English,Visa,,Website Direct
315b1dec-ae15-4433-93da-8a512dbc7bd5,Durante,Errani,derrani@icloud.com,+1 402 274 2543,IT,Europe,Lajen,M,Leisure,2023-12-13 13:58:10,Gold,Email,False,Italian,Visa,,Website Direct
314ead46-d1f4-4f47-978b-29ba17f64caa,Abril,Yáñez,abril66@outlook.com,+1 962 691 5687,AR,South America,East ليث,F,Family,2020-01-13 04:54:20,Gold,Email,True,English,Mastercard,,Walk-in
6713e1ec-86d7-46ab-9655-c640643c3cec,Terry,Williamson,twilliamson@cyberdyne.com,+1 164 645 7811,TH,Asia Pacific,Port Josephine,M,Business,2020-01-20 08:36:19,Non-Member,Email,True,English,Visa,,Walk-in
6bf3631f-6d16-493d-950b-4fc73360f5d9,Elisa,Codina,ecodina@yahoo.com,+1 834 905 8127,AR,South America,الدباغville,F,Leisure,2024-06-07 10:12:37,Non-Member,Email,True,English,Google Pay,,OTA Referral
04bbfa36-f409-4279-901d-6d4e39a81537,Malcolm,Brown,malcolmb@gmail.com,+1 909 810 6137,CA,North America,West Josephchester,M,Leisure,2024-02-24 08:53:24,Non-Member,SMS,True,English,Visa,,OTA Referral
e1d9cace-e9fe-42d2-97e7-d46c254ca23e,Reece,Cooke,reece_cooke@yahoo.com,+1 869 797 5063,MX,North America,Armstrongshire,M,Leisure,2020-07-02 19:44:21,Gold,Both,True,English,Mastercard,,Phone Booking
67609e19-8f97-4658-af40-17136d189a51,Shaun,Roberts,sroberts@gmail.com,+1 196 176 1230,NL,Europe,Lindafurt,M,Family,2022-04-27 10:16:59,Gold,Email,True,English,Apple Pay,,Corporate Contract
053caeda-c686-41c5-a757-0f70875acb74,Elaine,Fraser,efraser@cyberdyne.com,+1 698 885 3807,CA,North America,New Carolberg,F,Business,2024-05-10 21:17:14,Basic,Both,True,English,Visa,,Walk-in
2a8c6fef-b6fd-4b39-90d0-7f105afd2610,Natasha,Williams,natasha62@dummycorp.com,+1 573 321 4085,KW,Middle East,South Bethan,F,Business,2024-06-08 06:10:42,Basic,Email,True,English,Google Pay,,Website Direct
6b182948-1310-412a-83e2-98de644acf74,Gerard,Robson,gerard_robson@gmail.com,+1 152 893 3418,NL,Europe,West Janeland,M,Leisure,2021-02-01 10:38:22,Non-Member,Email,True,English,Mastercard,,OTA Referral
b08e313b-df6f-418e-85dc-00b9bb4087dd,Pedro Henrique,Sousa,pedro henrique40@gmail.com,000-000-0000,BR,South America,South Lindachester,M,Leisure,2022-05-26 15:57:02,Non-Member,Email,True,Portuguese,Mastercard,"Allergies, Late Check-out",Walk-in
4da85cfc-0e37-429f-9c51-3697d8ccff83,小红,安,小红_安@gmail.com,449 1851 1707,CN,Asia Pacific,West Kim,F,Business,2022-02-21 04:02:48,Non-Member,None,True,Chinese,Visa,"Allergies, Wheelchair Accessible",Website Direct
9bb649cd-a623-4225-8267-a71e890c157a,Bryan,Evans,bryane@gmail.com,,IN,Asia Pacific,East Kelly,M,Leisure,2023-01-28 21:55:18,Gold,Email,True,English,Visa,,OTA Referral
b1559680-12f7-4bdd-815a-1e60486541b4,Damian,Evans,damian.evans@gmail.com,+91 778 697 8622,IN,Asia Pacific,New Stanley,M,Leisure,2023-08-14 06:29:53,Basic,Email,True,English,Apple Pay,,Walk-in
5a44f724-c3e3-4d55-b02c-d64274027782,Darío,Villanueva,daríov@gmail.com,+1 207 615 6169,ES,Europe,Tarragona,M,Family,2024-09-18 18:43:37,Non-Member,Email,True,Spanish,Mastercard,"High Floor, Early Check-in",OTA Referral
58b551c6-1e0e-4c77-b066-2d15a2f35f48,Frank,Jones,fjones@gmail.com,2189 586 2966,GB,Europe,New Robinberg,M,Leisure,2022-01-27 11:37:43,Platinum,SMS,True,English,American Express,,Website Direct
32b4ec77-fac5-4e13-97d3-7285996d865a,Lee,Forster,lee_forster@globex.com,+1 958 358 7346,CH,Europe,Duncantown,M,Business,2023-02-12 00:52:06,Non-Member,SMS,True,English,Visa,,Corporate Contract
3e2f9c2e-aee0-4515-ab14-658fac37718f,Lorraine,Walton,lorrainew@gmail.com,+1 301 994 7125,NL,Europe,New Kerry,F,Leisure,2020-06-15 23:58:44,Basic,Email,True,English,Visa,,OTA Referral
30828c83-e86b-4e5d-8107-f54ddd6e57af,海燕,乔,海燕乔@gmail.com,044 9016 2031,CN,Asia Pacific,Yvonnefurt,F,Leisure,2019-09-01 16:33:32,Basic,Email,True,Chinese,American Express,,Website Direct
305a7f36-8928-435c-8130-b583e401d96f,Vilma,Ferreras,vilmaf@tyrellcorp.com,+1 267 294 6132,ES,Europe,Ávila,F,Business,2024-09-17 00:42:14,Basic,Email,True,Spanish,Apple Pay,,OTA Referral
f5900edc-d27d-457d-9ace-97e9ab6c517c,진호,최,진호51@gmail.com,+1 451 892 4996,KR,Asia Pacific,Lake Joanna,M,Leisure,2020-07-16 09:13:36,Non-Member,SMS,False,Korean,Visa,,Walk-in
afc27010-c233-474d-ba30-a34292673057,Allan,Smith,asmith@gmail.com,+1 824 435 6185,KW,Middle East,Port Christine,M,Group,2019-08-12 19:11:40,Silver,SMS,False,English,American Express,,Website Direct
d7732267-399a-499a-ab9b-1da55d9a46f1,Tracey,Moore,tracey.moore@gmail.com,466-306-5891,US,North America,Taylorstad,F,Leisure,2021-07-13 03:23:13,Basic,SMS,True,English,Mastercard,,Walk-in
96cce794-d386-4815-a779-92b67b574c28,Katie,McDonald,kmcdonald@gmail.com,+1 416 129 7352,NL,Europe,New Jane,F,Leisure,2021-06-28 16:01:11,Platinum,SMS,True,English,Visa,,Walk-in
571015af-dc0c-423e-a1da-d9e2eec7b4ff,Cameron,Hughes,cameron.hughes@gmail.com,+1 714 707 9422,MX,North America,New Joseph,M,Leisure,2024-10-10 21:11:46,Non-Member,SMS,False,English,American Express,,Website Direct
382306ea-f58e-4fde-b6dc-744e1782261f,Maurice,Williams,maurice.williams@gmail.com,+1 148 165 5971,CL,South America,Port Samland,M,Leisure,2023-11-22 07:17:43,Basic,SMS,False,English,Mastercard,,OTA Referral
efd1ff78-7856-48da-9345-bf73b0337e2e,Gerard,Swift,gswift@example.sg,+1 260 274 7029,SG,Asia Pacific,East Charlesborough,M,Business,2020-11-03 22:42:47,Non-Member,Email,True,English,Visa,"Late Check-out, Non-smoking",OTA Referral
ac7021f4-b752-4fad-b0c5-f39b878530cc,Rebecca,Whitehead,rebecca35@gmail.com,+91 941 168 8273,IN,Asia Pacific,Paulabury,F,Leisure,2019-02-18 09:24:37,Silver,Email,True,English,Mastercard,,Walk-in
1be1ed27-d316-4415-9fba-86f3ba4afa52,Victor,Norman,victorn@yahoo.com,(061) 696-2134,US,North America,New Jill,M,Leisure,2020-12-06 07:28:10,Platinum,Email,True,English,Visa,,Website Direct
0dfe9ab3-0ddd-4a72-9569-e3d99c123694,Leslie,Thompson,leslie_thompson@outlook.com,+1 328 902 8438,MX,North America,Andrewsborough,M,Family,2020-10-29 13:43:03,Basic,Email,False,English,Mastercard,,Walk-in
e416f6ff-8a26-4c7a-ba63-878ddd4cd542,Georgia,George,georgia95@gmail.com,+1 701 875 4160,CA,North America,Declanbury,F,Business,2022-01-16 08:41:42,Gold,SMS,True,English,Visa,,Website Direct
4843a217-9667-4200-839d-36a133674b18,Valerie,Winter,valeriew@hotmail.com,+1 507 816 7426,NL,Europe,Jackmouth,F,Business,2023-02-06 21:10:19,Non-Member,Email,True,English,American Express,,Phone Booking
802c42c6-ba22-4a68-ba06-2df66a85b54d,Garry,Jones,gjones@dummycorp.com,+61 131 659 2751,AU,Asia Pacific,Ashleybury,M,Business,2019-04-11 19:28:07,Basic,Email,True,English,Mastercard,,Website Direct
803855fb-4c4c-4dae-b222-97b8e8fd3774,Gavin,Taylor,gavint@gmail.com,+1 845 886 8787,SE,Europe,South Samanthatown,M,Family,2022-02-03 18:05:19,Platinum,Email,True,English,Visa,,OTA Referral
38ec044b-f8e7-4918-acd6-568c929a2501,Max,George,maxg@outlook.com,7487 785 7484,GB,Europe,North Louise,M,Group,2020-01-26 14:45:40,Silver,Email,False,English,Visa,,Corporate Contract
0fe9612f-efb5-4563-959d-b4f5e403e03e,Paul,Gregory,paulg@waynecorp.com,+1 286 939 6376,CA,North America,Hughberg,M,Business,2019-03-20 02:35:12,Gold,SMS,True,English,Visa,High Floor,Website Direct
e5a6b531-b3e5-4b8b-a2f4-880787ecd46c,Louise,Henry,louise_henry@initech.com,+33 737 328 9329,FR,Europe,Lecomte,F,Business,2020-07-28 08:42:47,Platinum,Email,True,French,Mastercard,,Corporate Contract
710dc425-9bbd-4a0d-a379-91cecd53fdbc,Daniel,Hardy,dhardy@yahoo.com,408-284-9606,US,North America,New Carolyn,M,Business,2019-12-17 17:03:03,Basic,Email,False,English,Apple Pay,,Corporate Contract
2276f6ff-fe9c-4536-870d-279c78739677,Olivia,Lee,olivia_lee@gmail.com,+1 231 984 4466,CA,North America,West Paul,F,Business,2023-12-07 22:57:30,Non-Member,Email,False,English,Visa,,Corporate Contract
852ea6c5-8c89-43ca-b6e8-d64bc9e3b8cf,Sebastian,Rörricht,sebastian27@gmail.com,+49 5321/008767,DE,Europe,Kassel,M,Family,2019-01-25 04:56:17,Basic,Email,True,German,Apple Pay,,Phone Booking
b8d1444c-f431-442a-9404-fbf9d49783a1,Claire,Wade,claire_wade@gmail.com,+1 170 352 4241,CA,North America,Josephineborough,F,Leisure,2023-04-27 05:44:44,Non-Member,Email,True,English,Google Pay,,Phone Booking
8dbb5d5d-8e20-4c77-a678-ca229652e5f9,Lynne,Potter,lynne.potter@globex.com,+44 9971 807650,GB,Europe,Normanmouth,F,Business,2021-10-10 03:50:08,Platinum,Both,True,English,Mastercard,"Late Check-out, High Floor",OTA Referral
5498aa88-dab2-4652-a616-e28b70f06ef8,涼平,佐々木,涼平佐@example.jp,+81 339 939 6184,JP,Asia Pacific,Geoffreytown,M,Business,2023-10-27 01:28:08,Basic,Email,False,Japanese,Visa,,Phone Booking
4c5c5e7d-386f-4416-949d-ecfe9b23cd9a,Ciríaco,Alberto,ciríaco.alberto@cyberdyne.com,+1 732 173 8707,AR,South America,East شكري,M,Business,2022-06-01 09:42:31,Basic,Both,False,English,Mastercard,,Corporate Contract
abb70825-fba7-49b1-a2c5-2bf9adf011e1,Reece,Burton,reece57@yahoo.com,450-017-0260,US,North America,McDonaldshire,M,Family,2023-08-06 18:16:31,Basic,SMS,True,English,Visa,,Corporate Contract
d3ff8a3a-1867-4bdc-be78-72bbf0a0a675,拓真,鈴木,拓鈴木@gmail.com,+81 130 903 5166,JP,Asia Pacific,East Waynemouth,M,Group,2021-08-14 21:43:45,Basic,Email,True,Japanese,Mastercard,,Walk-in
7746034b-1ea9-4c88-85e9-17166b6071e4,Edward,Chapman,edward_chapman@gmail.com,121-671-8103,US,North America,Kingmouth,M,Leisure,2022-07-09 16:54:45,Silver,Both,True,English,Mastercard,Allergies,OTA Referral
f3c398a3-6c58-4a8d-a02d-8b22bad1a0c8,Stanley,Dickinson,stanley78@outlook.com,200-252-1285,US,North America,North Frederickview,M,Leisure,2024-12-11 02:41:47,Basic,Email,False,English,Visa,,Walk-in
3e43aa4d-bcc4-4738-9265-8207435b177a,Trevor,Phillips,trevor_phillips@gmail.com,371-265-5664,US,North America,North John,M,Leisure,2019-09-01 05:18:06,Basic,Email,True,English,Mastercard,,OTA Referral
76a4a2ee-3e2d-4d95-91d0-c2ad77e8d1f5,Nathan,Grant,nathang@gmail.com,+1 877 197 1485,CH,Europe,South Kim,M,Business,2019-03-15 17:25:53,Platinum,Email,True,English,PayPal,,Phone Booking
cb8848e0-b72a-4a07-a8a1-1bd289cb2757,Chelsea,O'Sullivan,chelsea.o'sullivan@waynecorp.com,(027) 030-9088,US,North America,South Mitchellhaven,F,Business,2019-03-01 17:38:18,Silver,Email,True,English,Mastercard,,Walk-in
baa78167-aaf1-434b-aa59-4aa7aa138021,Francis,Fisher,francis.fisher@outlook.com,+1 818 416 7356,MX,North America,Smithtown,M,Business,2019-02-25 09:32:06,Basic,Email,False,English,American Express,,Walk-in
a593c465-bd72-4f90-a7d1-f55a8ebec250,Clifford,Patel,cliffordp@globex.com,+91 261 906 7233,IN,Asia Pacific,South Denise,M,Business,2023-03-11 18:55:54,Basic,Email,True,English,Visa,,OTA Referral
2a9dc85e-6cfe-4568-8b4f-b7bdb5b5a569,Gerald,Morgan,geraldm@hotmail.com,+1 764 119 4483,NL,Europe,New Jordan,M,Business,2021-03-31 13:01:05,Non-Member,Email,True,English,Mastercard,,Walk-in
f3157dea-f775-46c5-8793-9022eeaaf060,Scott,Allen,sallen@gmail.com,+1 707 198 7716,CA,North America,Matthewstad,M,Leisure,2019-03-24 13:10:50,Gold,Email,True,English,Apple Pay,,Corporate Contract
41f0a7e7-4b83-41db-8c24-3b18e80f1995,Andrea,Willis,andrea59@gmail.com,,CA,North America,Gregoryhaven,F,Business,2021-02-23 14:50:52,Basic,Email,False,English,PayPal,,Corporate Contract
181c2c74-b8a6-4552-8ada-a3a660219e04,Serafina,Iacovelli,serafina.iacovelli@yahoo.com,+1 360 483 4120,IT,Europe,Giaveno,F,Leisure,2022-08-14 11:22:23,Gold,SMS,False,Italian,American Express,,Phone Booking
7fe71734-1230-4495-a781-eb1634d31944,Colin,Mason,colin26@yahoo.com,+1 943 149 8687,TH,Asia Pacific,East Joelview,M,Business,2023-07-10 07:54:03,Silver,Email,False,English,American Express,,Walk-in
2b8603e4-1760-4a88-a2f4-42e01e6e8a5f,Vlado,Junken,vlado32@starkindustries.com,+49 7258/899409,DE,Europe,Rothenburg ob der Tauber,M,Business,2022-02-03 16:51:30,Basic,Email,True,German,American Express,,Walk-in
853ae4f8-6887-401a-a31e-c231c5bef3b0,정수,박,정수.박@outlook.com,+1 730 171 2202,KR,Asia Pacific,Emilyland,M,Family,2024-02-03 23:37:16,Non-Member,Email,False,Korean,Mastercard,,Walk-in
40523ea2-6582-41cf-997c-c22ea9fbb2f7,상훈,백,상훈_백@gmail.com,+1 514 958 4195,KR,Asia Pacific,Williamsbury,M,Leisure,2021-05-12 00:26:16,Silver,None,True,Korean,Visa,,Corporate Contract
16d55e90-38ef-4fe4-9417-9c75bc9ce208,Jill,Lambert,jill89@umbrellacorp.com,+91 666 204 6482,IN,Asia Pacific,Owentown,F,Business,2021-06-22 02:46:19,Silver,SMS,False,English,Apple Pay,,OTA Referral
e962a2f4-1159-4494-9d8f-af868bd302be,Jodie,Reid,jodie.reid@outlook.com,+1 800 465 6895,TH,Asia Pacific,Alicemouth,F,Group,2019-05-27 05:35:50,Basic,Email,True,English,PayPal,,Walk-in
17192c43-b96e-4450-b1fb-fc60ccd6821a,Anna,Miller,annam@gmail.com,144-107-1487,US,North America,North Helen,F,Leisure,2022-06-07 10:46:17,Basic,Email,False,English,Apple Pay,,OTA Referral
88f68e9b-e0ec-4e78-bb7b-4c65d1e230a0,Aaron,Gray,aaron13@outlook.com,+44 2665 850908,GB,Europe,Lake Mauriceborough,M,Leisure,2023-06-10 16:43:09,Silver,Email,True,English,American Express,,Corporate Contract
71076b0b-c929-48b7-b0b6-42ee8d5829bb,Marc,Hunt,marc_hunt@outlook.com,+91 590 280 7883,IN,Asia Pacific,Joannaview,M,Business,2023-06-28 05:20:49,Basic,Email,True,English,Google Pay,,Phone Booking
7741a86c-94ce-400e-9040-59ab8213bb87,Bradley,Scott,bradley.scott@oscorp.com,+1 899 821 1840,NG,Africa,Whiteburgh,M,Business,2022-06-27 15:21:25,Gold,Email,False,English,Visa,,OTA Referral
00027a11-8df3-490e-a3b2-ecf21954f111,Guiomar,Galan,guiomar_galan@dummycorp.com,+1 276 566 4106,ES,Europe,Soria,F,Business,2020-06-09 22:22:12,Basic,Email,True,Spanish,Visa,,OTA Referral
041db14f-bd0b-4f98-b7a2-e28a094312fc,Cameron,Rose,cameron93@gmail.com,+1 262 460 5388,CH,Europe,South Lesleyborough,M,Leisure,2024-04-18 00:06:46,Non-Member,Email,True,English,Mastercard,"Late Check-out, Non-smoking",Walk-in
72958279-cbc1-4ac1-aa57-8533c4be9a34,Arthur,Gibbons,arthurg@yahoo.com,058-323-5377,US,North America,South Victormouth,M,Family,2022-12-26 10:24:58,Basic,Email,False,English,Apple Pay,,Corporate Contract
360caa0e-8196-429c-9574-aadd5a2516d4,George,Cook,george_cook@gmail.com,+1 668 529 8891,SG,Asia Pacific,North Billy,M,Group,2019-11-02 15:34:58,Platinum,Both,False,English,Visa,,Phone Booking
f4f938b3-eae5-4aae-9d13-1cfeb66a3fa6,Molly,Horton,molly77@gmail.com,+1 385 140 5390,CA,North America,West Brian,F,Leisure,2020-07-23 02:05:50,Silver,Email,False,English,Visa,,OTA Referral
6d435ce5-0a0a-4a86-ba5c-64ba74fdf2fc,Natasha,Hurst,natasha.hurst@gmail.com,316-356-3633,US,North America,New Jamesmouth,F,Leisure,2024-06-01 13:56:05,Non-Member,None,True,English,American Express,,Walk-in
9910c2f2-970f-4f2e-b9e7-db4e769ee987,Joan,Kennedy,joan28@hotmail.com,0771 413 1684,GB,Europe,Leanneside,F,Leisure,2020-08-09 03:18:48,Silver,SMS,True,English,Visa,"Late Check-out, High Floor",Phone Booking
6799ff89-976d-4054-9c48-75d65a1e130b,Valerie,Wilson,valeriew@gmail.com,+1 248 300 6269,CA,North America,West Elizabeth,F,Leisure,2024-12-30 20:30:37,Silver,Email,False,English,Visa,,Phone Booking
cf7874a2-4a5d-466b-84a8-c355bfe5ccbb,Steven,Ward,stevenw@gmail.com,+91 477 229 8689,IN,Asia Pacific,Lake Francesstad,M,Business,2022-07-07 09:59:01,Gold,SMS,True,English,Mastercard,,Corporate Contract
f9681ffe-e7c1-478e-92b9-0568a82c00fa,Ioannis,Kitzmann,noemail@provided.com,+49 570 565946,DE,Europe,Luckenwalde,M,Business,2024-01-19 06:09:05,Basic,SMS,True,German,Mastercard,"Allergies, Early Check-in",Phone Booking
86e4823b-4f7e-425a-baf4-a35cc50350e2,Victoria,Davidson,vdavidson@hotmail.com,+1 956 991 8652,EG,Africa,Port Eleanor,F,Leisure,2022-10-29 10:59:07,Basic,Email,False,English,Mastercard,,OTA Referral
c7442dea-5325-4ad1-aaa5-c87b75c5bdf5,Antony,Moore,antony_moore@icloud.com,+1 411 919 1700,QA,Middle East,Brownstad,M,Business,2020-01-22 05:38:40,Non-Member,Email,True,English,Mastercard,,Website Direct
4d2d96da-cd30-4f34-8dc2-721445e769de,Francesca,Taylor,francesca_taylor@gmail.com,+1 308 676 3058,MX,North America,West Lynneton,F,Leisure,2024-03-14 20:19:27,Non-Member,Email,False,English,American Express,,Website Direct
d7845e4e-7543-4ad9-9416-6711f21c086e,零,山下,零.山下@tyrellcorp.com,+81 380 494 3295,JP,Asia Pacific,Julianside,M,Business,2024-07-27 03:26:30,Non-Member,Email,False,Japanese,Mastercard,,Corporate Contract
938a98f4-40c2-4e49-8b39-b34ece25c378,James,Burrows,james.burrows@gmail.com,+1 254 285 5742,NL,Europe,East Justinberg,M,Business,2022-11-09 11:20:42,Basic,Email,True,English,Mastercard,,Corporate Contract
2c63b151-b754-4e02-b2c3-aeaae2078560,Eric,Lawrence,eric.lawrence@gmail.com,+1 871 810 1572,SE,Europe,Joycefurt,M,Business,2020-08-26 16:37:44,Basic,Email,True,English,American Express,,Walk-in
853e9e9b-2c52-441f-bdcf-a3879135d414,Dylan,Davis,dylan_davis@gmail.com,(136) 792-1887,US,North America,North Aimee,M,Family,2020-04-21 22:34:35,Basic,SMS,False,English,American Express,,Corporate Contract
a7a24c3b-54c8-440c-9c3a-8d5e30246628,준호,문,guest@email.com,+1 390 436 8931,KR,Asia Pacific,Cunninghamside,M,Family,2024-03-24 03:42:22,Non-Member,Email,False,Korean,Visa,,OTA Referral
f2080e6c-3daf-4e23-8401-e772bb2d99e9,Mitchell,Moran,mitchell.moran@oscorp.com,(221) 027-1330,US,North America,Michelleside,M,Business,2019-06-17 17:43:12,Gold,SMS,True,English,Visa,,Phone Booking
eab159d8-69cc-40ba-95da-c978c6b82e26,Joe,Clayton,joe37@gmail.com,+1 270 775 9299,MX,North America,East Elliott,M,Leisure,2019-10-12 21:29:44,Non-Member,Email,True,English,Mastercard,Allergies,Corporate Contract
48ed1cc3-a332-4e5b-9283-47ff4dfc2292,Brett,Fox,bfox@gmail.com,+1 126 372 3857,NL,Europe,South Jeremyburgh,M,Family,2022-01-15 06:05:52,Silver,Email,False,English,Visa,"Early Check-in, High Floor",OTA Referral
bee465e5-a8e9-4245-affe-f7592a48afdc,Iain,Wilkins,iain_wilkins@gmail.com,+1 249 804 6201,CO,South America,Clarkmouth,M,Business,2023-01-23 00:28:04,Silver,SMS,True,English,American Express,,Phone Booking
57e550d9-c181-4aba-ad55-8b463a414a54,Owen,Thomson,owent@gmail.com,+1 142 249 4295,CL,South America,Vincentborough,M,Leisure,2022-04-10 04:43:54,Silver,Email,False,English,American Express,,Website Direct
a0d18b76-b5ae-4ca3-b66a-c8855f89fe0c,Stacey,Green,stacey.green@gmail.com,+1 168 198 3009,CA,North America,East Olivermouth,F,Group,2021-01-05 01:02:01,Basic,Email,False,English,PayPal,Wheelchair Accessible,Website Direct
9ec9783f-2ce7-4234-8174-9b275e07f801,Francesca,Anderson,francesca_anderson@gmail.com,+91 121 813 5873,IN,Asia Pacific,Marionburgh,F,Business,2020-09-28 17:51:51,Basic,Email,True,English,Visa,,Corporate Contract
78ab960c-892c-4b41-be5e-00adc760e86a,Kevin,Hughes,kevin_hughes@outlook.com,+1 359 514 3694,SG,Asia Pacific,Jamesside,M,Leisure,2024-05-14 07:31:43,Silver,Email,True,English,Google Pay,,Walk-in
77abdf93-c0df-4d3b-adb0-49ded26a9c57,Terence,Jones,terencej@outlook.com,+1 822 211 8939,CA,North America,Jonesside,M,Leisure,2020-10-22 07:32:57,Platinum,Email,False,English,Visa,,Walk-in
7b4c3bd2-5059-415b-ad24-ad22980bfc4c,Sharon,Adams,sharon_adams@gmail.com,+1 713 680 3580,NL,Europe,East Allanberg,F,Leisure,2023-06-29 09:09:32,Non-Member,None,True,English,Mastercard,,Walk-in
ee51919b-fe77-477d-837c-fbfc8b4c40f1,Glen,Bailey,glen_bailey@acme.com,+1 373 396 8793,SE,Europe,New Hazel,M,Business,2023-06-22 00:16:22,Silver,Email,False,English,Visa,,Phone Booking
b0883756-d8d0-46b0-9e67-805ce977a36e,Jonathan,Booth,jonathan2@example.ca,+1 258 713 5515,CA,North America,New Chloeview,M,Business,2023-08-21 19:38:54,Basic,Email,True,English,Visa,,OTA Referral
4512913a-4e09-4b83-89b8-433ff7fcf0f8,Dale,Parker,dale.parker@hotmail.com,+1 410 628 3116,CH,Europe,Lake Carlfurt,M,Leisure,2023-02-06 23:19:45,Basic,Email,True,English,Apple Pay,,Corporate Contract
cb94c398-2dbd-4269-b239-40d12e8103ce,Tina,Smith,tina59@hotmail.com,+61 421 436 8143,AU,Asia Pacific,Smithtown,F,Business,2023-08-13 07:53:53,Silver,Email,True,English,Apple Pay,,Walk-in
26c2ed75-49e4-4d77-9884-d1ecddd3c803,지혜,김,지혜김@gmail.com,+1 259 599 6682,KR,Asia Pacific,Anthonyfort,F,Group,2019-12-30 23:38:46,Platinum,Email,True,Korean,Mastercard,"Non-smoking, Early Check-in",OTA Referral
e055399c-d199-4891-8291-e543604371a0,Gregory,Osborne,gregoryo@oscorp.com,+1 351 943 5003,TH,Asia Pacific,Margaretview,M,Business,2022-02-16 16:51:44,Silver,Email,True,English,American Express,,Walk-in
b0d3c733-417c-40b4-88a2-e66b69ca45e9,준혁,김,준혁_김@acme.com,+1 757 182 3164,KR,Asia Pacific,Greenfort,M,Business,2022-11-10 07:16:34,Basic,SMS,True,Korean,Apple Pay,,Website Direct
807b68ee-6908-4474-8e6b-a204d7c6cc69,Lynn,Bennett,lynn19@outlook.com,+1 740 704 4889,SE,Europe,Josephland,F,Business,2023-06-30 09:49:57,Basic,Email,False,English,Visa,,Website Direct
f0014cfb-6627-4ee5-84f6-fce9413a1131,Kimberley,Burns,kburns@gmail.com,+1 844 407 3030,NL,Europe,Albertstad,F,Business,2024-01-25 17:41:26,Silver,Email,False,English,Apple Pay,,Website Direct
479ef36a-0210-4dbe-b639-bf701eb358fe,Natasha,Watson,natasha.watson@gmail.com,+61 396 342 8527,AU,Asia Pacific,Lake Sally,F,Leisure,2022-07-24 11:39:08,Platinum,SMS,True,English,American Express,,Corporate Contract
d1d7d92b-f41e-447b-bd5e-0de80df78874,Kirsty,Rowley,kirsty.rowley@icloud.com,+1 360 914 3839,SE,Europe,Grahamhaven,F,Group,2020-10-14 06:00:51,Silver,Email,False,English,Visa,"Allergies, Late Check-out",OTA Referral
4ca0276b-4407-4ed1-b755-19c2f57e6f3f,Matthieu,Klein,matthieu99@outlook.com,+33 963 796 6024,FR,Europe,Saint Nicolas,M,Leisure,2020-05-08 15:02:18,Basic,Email,True,French,Visa,,Walk-in
51c33882-0d6c-4d3b-97b7-3b01cfbb7cc2,英樹,佐藤,英佐藤@acme.com,+81 920 250 5580,JP,Asia Pacific,Elliottport,M,Business,2023-03-18 06:34:01,Non-Member,Email,True,Japanese,Mastercard,,Walk-in
4674ed0f-ca8d-446b-91ea-1c314bdad96d,Rita,Cooper,rita42@gmail.com,+61 255 912 2684,AU,Asia Pacific,Millerfurt,F,Leisure,2024-12-18 14:22:15,Basic,SMS,True,English,Visa,,Website Direct
af5443f2-2f24-4ca8-8c13-71dd7483177f,Gabriela,Henschel,gabriela_henschel@gmail.com,+49 828 592327,DE,Europe,Beilngries,F,Group,2024-12-28 08:15:57,Silver,Both,False,German,Apple Pay,,Website Direct
c32b8b64-0699-4bfc-b6b8-eb3712769c95,Scott,Oliver,scott_oliver@gmail.com,+1 846 569 8367,SG,Asia Pacific,New Guyland,M,Family,2023-12-29 17:45:00,Silver,Email,True,English,Mastercard,,Corporate Contract
c19cebe6-e980-427f-8b90-0aeba3607468,Deborah,Begum,dbegum@outlook.com,+1 231 457 8860,SE,Europe,Hendersonport,F,Family,2023-02-19 20:52:47,Silver,Email,False,English,Mastercard,Wheelchair Accessible,Website Direct
3debe8d3-772d-4cad-a682-3425664e8b7f,Harriet,Nicholson,harriet.nicholson@outlook.com,+1 978 622 7445,SE,Europe,Wilkinsonhaven,F,Leisure,2021-04-27 15:26:52,Silver,Email,True,English,Mastercard,,OTA Referral
c186da5b-7156-4f0c-bbd4-a91b80919253,Catherine,Dean,catherined@gmail.com,+1 790 549 6865,MX,North America,South Katherinefort,F,Leisure,2020-09-10 11:23:28,Non-Member,Email,True,English,PayPal,,Website Direct
bfbb90b1-a322-4bad-bfdc-588a2ed96944,Nicole,King,nicolek@outlook.com,+1 454 381 6127,MX,North America,Sarafort,F,Leisure,2024-02-11 19:54:22,Basic,Email,False,English,Visa,,Website Direct
99269c1e-663a-42f9-9cd1-b01f01608aed,晃,佐藤,晃佐藤@oscorp.com,,JP,Asia Pacific,Clareview,M,Business,2024-11-16 05:31:13,Gold,Email,True,Japanese,American Express,,Corporate Contract
a94d4916-9e0e-4246-946e-e73f4aa528df,淳,佐藤,淳佐@gmail.com,+81 711 577 2629,JP,Asia Pacific,Lake Anne,M,Family,2023-02-27 19:57:39,Basic,Email,True,Japanese,Mastercard,,Phone Booking
b9cdf62e-2391-46e8-ae19-1de7a5a9c711,Arthur,Read,arthur_read@gmail.com,(069) 517-1716,US,North America,Port Rachael,M,Leisure,2019-10-06 12:51:03,Non-Member,Email,False,English,Visa,,Corporate Contract
fc52c22e-1716-47ce-8c9b-26395c3d256b,Gemma,Harding,gemmah@initech.com,392-533-7981,US,North America,New Bradleymouth,F,Business,2024-03-11 01:45:41,Non-Member,Email,True,English,Visa,,Phone Booking
21129b0f-4355-4bd6-8d6c-97315338e514,Jacqueline,Carroll,jacqueline57@icloud.com,+1 867 476 1993,TH,Asia Pacific,West Lauratown,F,Group,2024-10-03 16:01:07,Silver,Email,False,English,Apple Pay,,OTA Referral
58765f60-3a24-49b0-ba2a-ddb6973cc051,Diedrich,Dussen van,diedrich_dussen van@dummycorp.com,+49 4445/797667,DE,Europe,Merseburg,M,Business,2019-06-07 05:10:17,Basic,Email,True,German,Mastercard,,Walk-in
268f4816-b59a-4148-9ec2-e25d4400ba72,Denise,Gray,dgray@gmail.com,+1 429 602 9099,CA,North America,Carolberg,F,Family,2021-12-15 09:33:29,Gold,Email,True,English,PayPal,,Website Direct
5f32db93-6d72-40a4-8026-f70b40667f8d,Mitchell,Taylor,mitchell.taylor@outlook.com,+44 7387 363328,GB,Europe,Lake Rhys,M,Family,2021-10-13 18:24:40,Platinum,Email,False,English,Visa,,OTA Referral
837d24a3-a177-49ea-849d-63a095008acd,Barry,Richards,barryr@starkindustries.com,+1 818 627 6894,EG,Africa,East Janiceport,M,Business,2020-11-18 23:10:38,Non-Member,Email,False,English,Visa,,Walk-in
3310c562-88d8-46e9-b098-ec7fc61df5e1,Charles,Hussain,charlesh@gmail.com,(839) 910-9536,US,North America,East Terryland,M,Family,2024-06-18 09:07:46,Basic,Email,False,English,Visa,,Corporate Contract
e056d17d-cd05-4b3b-9aa5-e16b11fdd6bf,Glen,Wilson,gwilson@icloud.com,+1 846 774 9814,NL,Europe,Rhysmouth,M,Leisure,2022-11-06 17:46:23,Platinum,Email,True,English,Mastercard,,Phone Booking
6d082bdb-29c0-42f4-942f-8333f21af0c1,Gordon,Ferguson,gferguson@outlook.com,+1 871 460 2810,MX,North America,Woodport,M,Leisure,2022-12-27 18:18:52,Silver,Email,True,English,Visa,,OTA Referral
0073e32e-db54-4aaa-a068-326e6a83b892,우진,박,우진6@example.kr,+1 278 196 1842,KR,Asia Pacific,Lake Luke,M,Business,2019-07-11 06:19:36,Silver,Email,True,Korean,Visa,,Walk-in
9326e057-836d-4afa-834b-0931a178479a,Bryan,Collins,bryan_collins@outlook.com,+1 518 457 3784,CA,North America,Lake Leonard,M,Leisure,2022-02-17 10:16:45,Silver,Email,False,English,Visa,,Phone Booking
573331d5-6684-426c-900d-c9509251c460,Alexander,Williams,alexanderw@outlook.com,+1 230 662 3948,SG,Asia Pacific,West Harrybury,M,Leisure,2023-05-23 06:22:17,Basic,Email,False,English,American Express,,Corporate Contract
b103940e-f4fb-4162-81bc-708ad0d122f0,Josh,Dunn,jdunn@starkindustries.com,+61 711 104 5321,AU,Asia Pacific,South Iainton,M,Business,2021-09-03 05:11:10,Silver,Email,False,English,Google Pay,,OTA Referral
c2da189e-e985-453b-9641-fde8b996bc0b,Emma,Atkinson,emma91@yahoo.com,(600) 115-0293,US,North America,New Sylviaton,F,Family,2021-04-02 16:00:44,Basic,Email,False,English,Visa,,OTA Referral
3cba90e9-23b8-49d9-8616-f27eea4816ac,Donna,Randazzo,donnar@gmail.com,+1 533 535 4162,IT,Europe,Santa Lucia Di Battipaglia,F,Leisure,2021-01-12 01:43:47,Basic,SMS,True,Italian,American Express,"Early Check-in, Allergies",Walk-in
a8277410-a1a7-46c4-b27c-0d138be94a3b,Grégoire,Guyot,grégoireg@hotmail.com,+33 381 400 7177,FR,Europe,HamelBourg,M,Family,2021-07-23 19:45:18,Basic,Email,False,French,American Express,,Corporate Contract
c42a413a-5ce6-4f07-a8bf-fc0bcf035dba,Howard,Moore,howard45@gmail.com,+1 856 600 1534,MX,North America,New Thomas,M,Leisure,2023-05-29 17:35:43,Non-Member,Email,True,English,Visa,,Corporate Contract
1ffad109-fe62-4b1d-b3d4-c053d106c057,Gerard,Green,gerardg@initech.com,+91 704 575 6628,IN,Asia Pacific,Joanneland,M,Business,2020-02-12 18:18:03,Basic,SMS,True,English,Visa,,OTA Referral
cd4477dc-9bd5-456b-89b1-8f48ed58665d,Marion,Jones,marion_jones@dummycorp.com,+1 565 339 6621,CA,North America,Port Jane,F,Business,2021-04-27 00:39:34,Silver,SMS,True,English,Mastercard,,OTA Referral
de5079c9-e897-40b8-8347-7f693ead895f,裕美子,伊藤,裕美子87@oscorp.com,,JP,Asia Pacific,West Patricia,F,Business,2021-11-16 07:47:56,Gold,Email,False,Japanese,PayPal,,Walk-in
f00f7067-747f-4e9c-85af-37cd04294908,Edward,Waters,guest@email.com,+1 435 684 3580,CA,North America,Tinashire,M,Business,2019-03-26 21:40:20,Silver,Email,True,English,PayPal,,Walk-in
2f91da90-7a6a-4c82-8cb1-eabff516de50,Lorraine,O'Brien,lorraineo@gmail.com,+1 109 349 6655,TH,Asia Pacific,Baileyfort,F,Leisure,2023-09-02 17:55:41,Non-Member,Email,True,English,Mastercard,,Website Direct
a2365385-dd3f-4d7e-bd4c-fa3f5627ff5d,Peter,Cross,pcross@yahoo.com,+1 446 974 6915,CA,North America,North Sara,M,Business,2022-04-20 10:51:29,Non-Member,Email,False,English,Visa,,Corporate Contract
5e98d5d1-0e50-4a2b-a69f-074362b174ea,Patricia,Daniels,pdaniels@outlook.com,+1 625 858 4604,MX,North America,Lake Stanleymouth,F,Group,2022-11-05 08:33:11,Silver,SMS,False,English,American Express,,Corporate Contract
25e5a58e-d50a-479f-ad84-0cddc94c3139,William,Giles,williamg@gmail.com,+1 259 689 9686,CA,North America,East Lee,M,Leisure,2021-02-20 10:36:07,Silver,Email,False,English,Visa,,Phone Booking
b451a38c-8e6b-4615-a9f7-e004786fd4e2,Charlotte,Stone,charlotte31@globex.com,149-518-9526,US,North America,Port Garethbury,F,Business,2021-11-29 20:48:29,Basic,SMS,True,English,American Express,,Corporate Contract
d7f46c07-c3f7-4353-887b-9980ca46e60d,Terry,Bird,terry71@tyrellcorp.com,+1 984 767 5463,CL,South America,West Frank,M,Business,2024-07-21 23:52:43,Gold,Both,True,English,American Express,,Corporate Contract
587e4d0f-ed64-4990-be84-e6f6c5e1385b,Marie,Harris,marie_harris@gmail.com,+1 513 386 4021,MX,North America,West Glenview,F,Family,2021-09-24 21:09:38,Basic,SMS,True,English,Mastercard,,Corporate Contract
c03f95b4-50ec-4b48-b830-fa39594fdd7a,Harro,Kohl,harrok@umbrellacorp.com,+49 0161/193098,DE,Europe,Erkelenz,M,Business,2022-05-02 10:00:47,Basic,SMS,False,German,Mastercard,"Non-smoking, Wheelchair Accessible",Website Direct
44ccde51-f6dc-4c2b-8f61-60ea4f79c03c,Brandon,Campbell,bcampbell@waynecorp.com,+1 823 766 1241,KW,Middle East,Ashleighshire,M,Business,2022-02-17 09:43:01,Gold,Email,True,English,Mastercard,,OTA Referral
4b1f794e-bdb1-4e39-9ad6-9993f5adaa28,Vincent,White,vincentw@cyberdyne.com,+1 967 193 4598,CA,North America,Joshport,M,Business,2020-12-23 14:20:05,Non-Member,Both,True,English,Visa,,Phone Booking
b3526cfc-1fa3-44e5-9091-799244129d99,Sharon,Macdonald,smacdonald@example.za,+1 705 681 4578,ZA,Africa,North Max,F,Business,2023-07-26 04:47:03,Silver,Email,True,English,Visa,"High Floor, Non-smoking",Phone Booking
7ea5a601-2956-47dc-bc01-d6324b37e864,Joseph,Briggs,joseph_briggs@icloud.com,+1 905 763 6045,MX,North America,Stuartton,M,Leisure,2019-07-18 02:34:53,Silver,Email,False,English,Apple Pay,,Corporate Contract
fc733f40-6091-47b3-8e11-650a5bff46e9,Denise,Patel,dpatel@outlook.com,+1 410 766 1380,MX,North America,Smithville,F,Leisure,2024-07-06 17:23:56,Non-Member,Email,True,English,Visa,,OTA Referral
251eff03-c666-4e25-9a13-883b48b1a2f6,Pamela,Brown,pamela17@umbrellacorp.com,+1 493 103 7316,CA,North America,Lake Teresafurt,F,Business,2020-01-14 22:50:07,Silver,Email,False,English,Visa,,Website Direct
aedd7217-634b-4fa2-8f07-64c359f08f8f,Nicholas,Richards,nrichards@outlook.com,+1 532 609 8387,MX,North America,Ryanhaven,M,Family,2021-02-04 13:17:52,Silver,SMS,False,English,Mastercard,,Corporate Contract
40767eb1-47b8-4c7d-a226-4f0c6b1fc3e5,Simon,Long,slong@outlook.com,+1 314 332 5693,CO,South America,West Albert,M,Group,2023-02-23 22:35:10,Basic,Both,True,English,Mastercard,"Non-smoking, Allergies",Walk-in
13a36178-b5ba-4cce-be42-af796e23f8f8,Lydia,Riley,lydiar@gmail.com,+44 1794 779189,GB,Europe,Port Jameston,F,Business,2023-05-23 23:19:53,Basic,Email,True,English,Apple Pay,"Wheelchair Accessible, Late Check-out",Phone Booking
1ecd9e8f-4ac2-45f9-a4f2-ef1cfcf00fff,Dorothy,Poole,dpoole@gmail.com,+1 535 301 3808,CH,Europe,North Kate,F,Leisure,2023-09-23 09:57:33,Non-Member,Email,False,English,Visa,,Website Direct
323b90fa-c7c1-404d-97f6-94b67db6090c,Carol,Davis,carold@gmail.com,(416) 194-3183,US,North America,Lake Gail,F,Leisure,2019-06-24 20:48:45,Silver,Email,False,English,Mastercard,,Phone Booking
799ad771-ab09-4a6c-a7de-bf4c2dae4a2a,Judith,Hill,jhill@gmail.com,+1 978 456 6244,NL,Europe,Lake Laurafurt,F,Family,2021-05-17 20:36:00,Non-Member,Email,False,English,Mastercard,,Corporate Contract
cd3b88ba-0c14-45d5-bc9c-3090cb433c2b,玉梅,宋,玉梅.宋@outlook.com,+86 691 6306 795,CN,Asia Pacific,Chapmanburgh,F,Leisure,2019-05-02 03:29:14,Platinum,SMS,True,Chinese,Mastercard,,OTA Referral
3b512dc4-0d8b-490d-8f30-ef544e714efa,Michaela,Pölitz,michaela_pölitz@hotmail.com,+49 482 971360,DE,Europe,Lüneburg,F,Leisure,2023-05-26 20:56:45,Gold,SMS,True,German,American Express,,Walk-in
6e2d2803-b7be-4364-81f3-ebb846beb7e6,Francesca,Sanders,fsanders@gmail.com,+1 842 989 8856,SG,Asia Pacific,Mohammadville,F,Leisure,2024-10-13 01:17:23,Non-Member,Email,True,English,American Express,,Walk-in
a71728bc-10c8-44f2-b820-a02c007df641,亮,胡,亮_胡@gmail.com,612 5961 1962,CN,Asia Pacific,Port Geoffrey,M,Leisure,2022-10-11 12:28:54,Basic,Email,False,Chinese,Visa,,Walk-in
71c6ffbb-2111-4f5e-a53f-4cb256ed9e59,Timothy,Wilson,timothy57@outlook.com,+1 388 787 6715,SE,Europe,Dennisfurt,M,Group,2021-12-01 20:48:35,Non-Member,Email,True,English,Visa,,Website Direct
f0f8db64-c538-451e-8a31-8a9ead29d226,Iain,Griffiths,iain_griffiths@hotmail.com,+1 936 642 9713,MX,North America,Andrewburgh,M,Business,2020-08-12 12:00:24,Platinum,Email,True,English,Visa,,Website Direct
fa1a2071-04c9-4503-8d29-2356dbd6b9cd,Frank,Mason,frank46@gmail.com,+44 2472 007403,GB,Europe,North Ross,M,Leisure,2023-04-28 20:58:40,Basic,Email,False,English,Visa,,Phone Booking
e7232de4-834c-40ac-8df2-a5edcb9282d6,Nathan,Freeman,nathanf@yahoo.com,+1 971 600 4893,TH,Asia Pacific,New Raymond,M,Group,2024-01-16 04:56:10,Non-Member,Email,True,English,Mastercard,,OTA Referral
4b3503c8-0694-4d91-8cc5-854a682a407d,Connor,Fitzgerald,connor.fitzgerald@gmail.com,+1 809 273 2778,CH,Europe,East Caroline,M,Group,2023-10-07 05:37:02,Silver,Email,True,English,Visa,,OTA Referral
1bd15b7f-e6ce-4618-9c24-1b21b89adfc1,Edward,Smith,edward.smith@gmail.com,+1 461 305 6818,TH,Asia Pacific,Port Conorville,M,Leisure,2024-10-18 08:40:51,Silver,Email,False,English,Visa,,OTA Referral
1cd971cb-4339-462e-bac8-70f5bffaf3a4,Iris,Maza,iris_maza@gmail.com,+1 710 763 8502,ES,Europe,Las Palmas,F,Business,2023-09-17 10:49:43,Basic,Email,True,Spanish,Mastercard,,Website Direct
7235772c-3ae3-488e-9898-2492ba4392df,Hayley,Smith,hayleys@dummycorp.com,+1 777 353 5052,SE,Europe,Lake Denise,F,Business,2023-09-21 20:48:38,Non-Member,Email,False,English,Visa,,Corporate Contract
e8ce71c0-b3ad-4dde-ade0-9260f3eff1f7,Andrée,Gillet,andrée86@gmail.com,+33 682 454 4762,FR,Europe,Bouvet-sur-Auger,F,Leisure,2022-05-24 11:59:21,Basic,SMS,False,French,Visa,,Phone Booking
39529786-85f2-4740-8602-a62afac9ac7e,Douglas,Taylor,douglas29@umbrellacorp.com,+1 687 231 9633,NL,Europe,Port Gregoryfort,M,Business,2021-04-23 21:28:35,Non-Member,SMS,True,English,Mastercard,,Walk-in
d459b8e8-475b-46ff-8dc1-6d8943f41f43,Philip,Townsend,philipt@hotmail.com,+91 800 446 2866,IN,Asia Pacific,Huntberg,M,Leisure,2020-07-10 23:53:24,Basic,Email,True,English,Visa,,Website Direct
6b4e4f56-3436-40be-bafd-c4b4fa7f61eb,Mary,Chapman,mary41@globex.com,679-745-6486,US,North America,Lambertmouth,F,Business,2019-03-28 17:52:53,Silver,Email,True,English,Visa,,Website Direct
808aba21-cd77-4f65-9965-45d07d02e806,Vitor Gabriel,Nunes,vitor gabrieln@example.br,+55 532 721 9528,BR,South America,Leanneshire,M,Business,2019-07-11 04:29:11,Platinum,Email,True,Portuguese,Mastercard,,Walk-in
9453c13b-1d46-4783-8d3c-a1af917102d7,Götz,Schottin,götz44@gmail.com,000-000-0000,DE,Europe,Bautzen,M,Business,2024-11-11 23:36:49,Basic,Email,False,German,Visa,,Website Direct
170cd88d-22e5-4eec-a64f-bd26c5cabf01,Harri,Holt,harri_holt@gmail.com,+49 9463/702584,DE,Europe,Artern,M,Leisure,2022-10-10 20:42:48,Silver,Email,True,German,Visa,,Corporate Contract
a8b4fcc7-9609-49db-a5f4-cd835207eef2,Elliot,Gordon,elliot_gordon@gmail.com,(117) 042-2938,US,North America,South Dianaburgh,M,Group,2020-11-25 07:39:46,Non-Member,Both,True,English,Visa,,OTA Referral
663073e8-2e8c-42d0-8f0f-efef12efa14a,Grace,Shaw,grace84@gmail.com,000-000-0000,MX,North America,Bradleymouth,F,Leisure,2024-12-23 11:40:07,Gold,Email,True,English,Mastercard,,Walk-in
acf8f358-2206-4aae-82a4-7088937564a8,Gregory,Ball,gregory25@icloud.com,+1 436 295 6813,CH,Europe,Garyborough,M,Business,2019-08-23 19:24:06,Basic,Email,False,English,Visa,,Website Direct
a807af04-dd35-4532-84e3-c847bb6e442e,현준,김,현준17@waynecorp.com,+1 505 261 9137,KR,Asia Pacific,South Billy,M,Business,2024-10-07 23:43:26,Non-Member,Email,False,Korean,Visa,,Walk-in
810ba4e7-a48e-4c53-a2df-a16ddabefc81,Abdul,Richards,abdul_richards@gmail.com,+1 379 882 3837,MX,North America,West Ashleyshire,M,Family,2019-06-23 03:56:37,Non-Member,None,False,English,American Express,,OTA Referral
7576632c-e46e-445d-884a-8470afd9d53c,Trini,Benitez,tbenitez@gmail.com,+1 954 692 1586,AR,South America,Lake لطوف,F,Leisure,2021-04-14 02:11:26,Silver,Email,False,English,Apple Pay,,Website Direct
c3b90e7a-04fc-40b2-ac3b-00b52e889873,Katie,Hill,katie_hill@hotmail.com,+1 481 811 7581,CL,South America,Paigechester,F,Family,2024-06-03 13:19:05,Basic,Email,False,English,Mastercard,,Corporate Contract
0e9da378-e6a0-417c-adce-813127a94742,Megan,Harris,mharris@icloud.com,(705) 631-1028,US,North America,Gemmahaven,F,Family,2022-08-04 19:40:18,Gold,SMS,True,English,American Express,,OTA Referral
ed049cd3-964d-47fb-8245-07788e663f87,刚,李,刚.李@oscorp.com,993 5439 9773,CN,Asia Pacific,New Julie,M,Business,2020-06-12 22:48:23,Platinum,Email,True,Chinese,Visa,,Corporate Contract
cfcaacd7-b333-47a5-aceb-959e499ec5d6,علاء الدّين,آل محمد بن علي بن جماز,علاء الدّين.آل محمد بن علي بن جماز@umbrellacorp.com,+1 427 498 8426,SA,Middle East,East Donald,M,Business,2023-07-11 16:44:12,Basic,SMS,True,Arabic,Mastercard,,Corporate Contract
75697a47-f928-4337-9d77-8c54fa7eb387,Hilary,Thomas,hilary4@hotmail.com,+1 747 252 9794,SE,Europe,Lake Mathew,F,Family,2020-04-26 18:12:07,Silver,Email,True,English,Visa,,Phone Booking
c59ae3bc-b635-440e-8dc6-9a6709fb3bbc,Émilie,Bonneau,ébonneau@initech.com,+33 159 640 7418,FR,Europe,Gomes-les-Bains,F,Business,2022-03-23 17:41:33,Non-Member,Email,False,French,Mastercard,,Website Direct
e30bb9d0-a33f-4b21-9456-0269ba507216,영길,류,영길_류@gmail.com,+1 922 292 3553,KR,Asia Pacific,New Petermouth,M,Leisure,2024-11-03 09:56:41,Non-Member,Email,False,Korean,Visa,,Phone Booking
4e0bb345-345f-4937-877d-95b5c75ca2c8,Denis,Muller,denism@gmail.com,+33 455 100 8622,FR,Europe,Clément,M,Group,2024-08-09 10:25:24,Non-Member,Email,True,French,Mastercard,,Corporate Contract
78d5748c-31a2-4228-9c7e-339ade976cb4,知実,小林,知実_小林@gmail.com,+81 728 145 1492,JP,Asia Pacific,Sinclairstad,F,Family,2020-08-03 23:57:15,Platinum,Email,True,Japanese,Mastercard,,OTA Referral
6657ef50-71c0-4aa9-a135-dff7247fb6a6,Alex,Wood,awood@gmail.com,+1 880 618 6650,CA,North America,East Hannahshire,M,Leisure,2019-06-25 02:41:08,Non-Member,Email,True,English,Visa,,Corporate Contract
d8d5b901-f7cf-4a2a-b6fa-336497ae3bb5,Joseph,Smith,joseph_smith@icloud.com,+61 274 167 7700,AU,Asia Pacific,Lake Rossberg,M,Business,2023-09-27 08:34:26,Platinum,Email,False,English,Mastercard,,Website Direct
a980761f-5682-4069-bfb5-a60e3bfc6d6b,Melanie,Morris,melaniem@gmail.com,+1 753 492 5453,CA,North America,Daviesside,F,Leisure,2019-04-14 02:43:51,Basic,Both,True,English,Visa,Early Check-in,Website Direct
202ac278-3b3a-4b40-9afd-18dee34250ca,Filippo,Weiß,filippo.weiß@gmail.com,+49 196 303201,DE,Europe,Greifswald,M,Leisure,2022-01-17 10:00:41,Silver,SMS,True,German,Mastercard,,Phone Booking
501decf5-a8cd-4c35-a483-9b78f7aea2cd,Hilary,Godfrey,guest@email.com,(057) 654-3791,US,North America,Simontown,F,Family,2024-12-17 21:39:48,Basic,Email,False,English,Google Pay,,OTA Referral
71cc7a1f-7b09-4b33-94db-03e2257bad42,Brenda,Jones,brenda44@outlook.com,000-000-0000,QA,Middle East,Kellyview,F,Leisure,2022-04-11 04:03:41,Silver,SMS,True,English,Mastercard,,OTA Referral
84e18508-5091-4294-b9a7-6ea17502f229,莹,周,test@test.com,377 9058 5074,CN,Asia Pacific,Dixonburgh,F,Leisure,2021-06-19 18:39:11,Basic,Email,True,Chinese,Visa,,OTA Referral
e7766e29-833a-4dec-ad11-51d6ebce9ab3,Mohamed,Harvey,mharvey@globex.com,+61 538 824 4767,AU,Asia Pacific,West Sylviahaven,M,Business,2019-07-21 19:03:32,Gold,Email,True,English,Visa,,Phone Booking
f6dcd3c6-c319-4be1-8b8a-f65e5bbadb70,Carole,Walker,carole_walker@yahoo.com,+1 189 879 1865,CO,South America,Woodmouth,F,Leisure,2024-10-20 11:21:35,Basic,Email,False,English,Mastercard,,Website Direct
9556bb5a-e37a-42b3-9776-aa22ed64650a,숙자,박,숙자_박@gmail.com,+1 295 382 1578,KR,Asia Pacific,North Rita,F,Leisure,2024-10-14 06:10:07,Basic,Email,True,Korean,Visa,,Corporate Contract
a35acc33-5a9e-4842-919a-a8710d4bae75,Herminia,Bayón,herminiab@gmail.com,+1 299 708 7233,ES,Europe,Tarragona,F,Leisure,2024-12-07 07:37:51,Basic,Email,True,Spanish,Visa,,Corporate Contract
ae5cb183-ef08-4ff4-b88a-d9b898ea290e,Kevin,Wood,test@test.com,+1 157 237 4277,CH,Europe,Hunttown,M,Business,2022-06-28 14:21:08,Silver,Email,False,English,Visa,,Phone Booking
618aad6d-9536-4e62-a1c4-c787a9957d20,Brenda,Holden,brenda.holden@initech.com,(081) 417-3507,US,North America,North Georgiatown,F,Business,2019-03-28 04:15:25,Non-Member,SMS,False,English,Visa,,OTA Referral
c9fa4c4a-1129-4e9c-b4ee-c5e8a9227b9e,Clive,Carter,clive51@gmail.com,+1 809 521 5103,CA,North America,North Kenneth,M,Leisure,2021-09-08 17:41:11,Gold,Email,True,English,Apple Pay,Allergies,Phone Booking
80823cab-68fe-4776-8d11-f440cba7fc62,تمام,الشايع,تماما@gmail.com,+1 183 747 4796,SA,Middle East,Lake Michelleton,F,Leisure,2019-03-26 07:39:09,Non-Member,SMS,True,Arabic,American Express,,Corporate Contract
7794f2bd-1346-4285-9cfd-ce3507a2e883,Beverley,Graham,beverley89@gmail.com,+1 479 111 7085,SE,Europe,Howardtown,F,Leisure,2020-12-10 05:16:27,Platinum,SMS,True,English,Visa,,Phone Booking
2ba651b6-7775-4c7b-8c06-a6ac67c5a173,Tom,Adams,tadams@gmail.com,(132) 408-3594,US,North America,Dianeberg,M,Family,2023-04-17 21:49:46,Basic,Email,True,English,Mastercard,,Walk-in
9a0c9fc9-6f9a-4e17-9c5c-5aa7c7fa3204,Martine,Richard,martine.richard@gmail.com,+33 520 915 4682,FR,Europe,Mathieu-sur-Allard,F,Leisure,2019-03-20 01:33:19,Basic,Email,False,French,Visa,,Website Direct
5676928f-0cac-4ec5-863a-c435e4f8da93,정수,하,정하@gmail.com,+1 261 930 1784,KR,Asia Pacific,Mitchellhaven,M,Leisure,2020-06-11 07:04:50,Gold,Email,False,Korean,Mastercard,,Walk-in
7ceca21a-7c66-420e-b6f4-5951d7831e3b,和也,佐藤,和佐藤@acme.com,+81 778 771 4282,JP,Asia Pacific,Daviesstad,M,Business,2020-12-20 13:48:53,Non-Member,Both,True,Japanese,Visa,,Website Direct
0b5eee4b-a326-441b-9203-d20c06553231,Clare,Clarke,clare7@gmail.com,+1 746 772 5457,CA,North America,South Sara,F,Leisure,2022-08-28 15:28:15,Silver,Email,False,English,Mastercard,"Early Check-in, Allergies",Walk-in
d3f65548-24fc-4788-a84f-61ca0911e516,Nicholas,Knowles,nicholas88@globex.com,+1 994 282 4337,CA,North America,West Rachel,M,Business,2023-12-04 03:48:03,Basic,None,True,English,Mastercard,,Walk-in
bf13b246-7044-4802-8167-c955f8c185ee,María Jesús,Fabregat,maría jesús_fabregat@gmail.com,+1 627 181 9599,ES,Europe,Melilla,F,Group,2022-09-23 01:39:43,Gold,Email,True,Spanish,Mastercard,,Corporate Contract
befb9c6c-37cc-4ccc-965e-032b043c8507,Georgia,White,georgia.white@hotmail.com,+1 418 440 3092,CA,North America,New Charlie,F,Leisure,2019-12-24 10:40:21,Silver,Email,False,English,Visa,,Phone Booking
01ee0fbb-78df-4548-86b4-c4e4da04e181,Abigail,King,abigail_king@hotmail.com,+1 936 268 6004,SG,Asia Pacific,Williamburgh,F,Leisure,2024-11-01 20:21:22,Non-Member,Email,True,English,Mastercard,,OTA Referral
b374918f-8bdc-4418-9186-3cfe5ebbd679,Sam,Mason,sam_mason@gmail.com,+1 363 273 8836,CA,North America,South Trevor,M,Leisure,2024-11-22 11:11:38,Non-Member,Email,False,English,Visa,Non-smoking,OTA Referral
80af2eb1-58c8-4aba-a36e-de76f477cf14,Russell,Turner,rturner@example.ca,+1 533 381 6828,CA,North America,Stewartton,M,Business,2022-01-17 02:32:03,Gold,Email,True,English,Mastercard,,OTA Referral
3b17c3ec-6dcf-4794-bb1b-84a2acaa45e5,Hollie,King,hking@gmail.com,(814) 641-0599,US,North America,East Dalehaven,F,Family,2019-07-26 12:41:01,Basic,Email,True,English,Apple Pay,,Walk-in
c46defd2-a519-43a4-b152-51227993fac3,Alison,Hargreaves,noemail@provided.com,9912 113 1159,GB,Europe,New Annetteborough,F,Leisure,2019-07-04 06:31:15,Silver,Email,False,English,Google Pay,,Website Direct
604668a4-7f29-4c1e-b694-cbd5558c23f7,Asunción,Pacheco,asunción.pacheco@yahoo.com,+1 666 518 9844,ES,Europe,Melilla,F,Leisure,2022-04-10 12:25:41,Platinum,Email,True,Spanish,Visa,,OTA Referral
71f50619-66bc-491e-b08b-008161bf64fd,Jake,Miller,jake_miller@yahoo.com,309-130-1279,US,North America,Port Laura,M,Family,2024-11-16 11:40:21,Non-Member,Email,True,English,Visa,,Website Direct
63628e27-7e11-4991-8b46-a36e54dac3b6,Mathew,Williams,mathew_williams@waynecorp.com,+1 736 330 9090,SE,Europe,Lake Albertchester,M,Business,2022-04-16 02:09:09,Silver,Email,True,English,American Express,,Walk-in
7430b5de-6082-436f-b40f-4d65093185e3,Lino,Quesada,lquesada@gmail.com,+1 835 410 8579,ES,Europe,Badajoz,M,Leisure,2022-10-23 16:49:22,Basic,Both,False,Spanish,Visa,"Late Check-out, High Floor",OTA Referral
01fbf589-be81-4e1e-b4c1-0d68fa9a6474,Barbara,Monti,bmonti@acme.com,+1 960 584 4549,IT,Europe,Caorle,F,Business,2021-12-06 12:57:39,Basic,Email,True,Italian,Visa,,Walk-in
1410b518-b87a-4df6-9880-70c473404034,Gemma,Green,gemma.green@yahoo.com,+1 504 138 7520,CH,Europe,Lake Wayneville,F,Family,2021-05-24 14:49:02,Basic,Email,True,English,Visa,,Phone Booking
46a03009-9a8b-4296-9d5b-e632cf32106c,瑞,何,瑞何@gmail.com,017 8090 7857,CN,Asia Pacific,Collinsmouth,M,Leisure,2024-06-22 17:28:38,Non-Member,SMS,False,Chinese,Apple Pay,,Website Direct
70398d9c-9c23-452e-b879-882c1761b71d,Lawrence,Stewart,lawrence90@gmail.com,+91 600 118 6888,IN,Asia Pacific,Davisfort,M,Business,2024-06-13 01:02:45,Silver,Email,True,English,American Express,,Website Direct
6805236c-6cc6-4320-af7e-fb3ed6645c8a,Pauline,Collins,guest@email.com,+1 735 580 1343,SG,Asia Pacific,Port Colinchester,F,Leisure,2020-08-26 03:19:37,Silver,Email,True,English,Visa,,Walk-in
7aad447f-7ae3-47ff-8c22-c5ae0a5eb735,Naomi,Jones,njones@gmail.com,(385) 576-7194,US,North America,South Wayne,F,Leisure,2023-07-20 07:46:26,Non-Member,Email,True,English,Apple Pay,,Website Direct
b7217ea4-009b-4061-9e7b-0ac406bf5c8d,Sean,Edwards,sedwards@yahoo.com,(961) 124-8539,US,North America,Brownton,M,Leisure,2024-11-15 22:59:03,Non-Member,Email,True,English,Google Pay,,Walk-in
3416de52-e485-47d6-9b2c-33dc76abf75a,Susan,Stephenson,sstephenson@gmail.com,(656) 699-2345,US,North America,Katherineton,F,Leisure,2019-01-14 13:50:24,Basic,SMS,False,English,Visa,,Corporate Contract
33c0d54f-5eab-41f3-8590-b0a820e25722,Gavin,Clarke,gavin_clarke@globex.com,+1 314 519 9328,NL,Europe,Lake Sandraburgh,M,Business,2022-07-15 03:03:22,Silver,Email,False,English,American Express,,Website Direct
5619d2cc-5551-48a0-aa10-9f16bf73c147,Martin,Dixon,mdixon@outlook.com,299-811-8575,US,North America,Port Dennis,M,Leisure,2020-08-26 08:36:47,Basic,Email,True,English,Apple Pay,,Walk-in
6e71ecd1-eabf-464d-9c31-f8c7e174ac84,Maria,Swift,maria.swift@gmail.com,+61 897 119 9398,AU,Asia Pacific,Mitchellton,F,Leisure,2024-11-22 17:57:05,Non-Member,Email,True,English,Visa,,OTA Referral
e40a249d-a2b1-4c78-a875-2f16bf19c899,Connor,Palmer,connor43@dummycorp.com,+1 948 596 6050,CA,North America,Elliotland,M,Business,2023-10-25 20:31:12,Non-Member,Email,True,English,Mastercard,"Early Check-in, Non-smoking",Phone Booking
a2f9f778-00a4-418b-9418-865786f67508,Jessica,Booth,jessica_booth@gmail.com,(001) 525-0894,US,North America,Waltonview,F,Business,2024-06-03 00:32:38,Basic,SMS,True,English,American Express,,Walk-in
5a943cbb-6ab5-4cb2-8622-6d82561069be,Mohammad,Ellis,mohammad35@gmail.com,+1 160 949 3727,CA,North America,West Antony,M,Leisure,2019-02-03 09:29:05,Silver,Email,False,English,Visa,"Non-smoking, Early Check-in",Walk-in
cc42b0bb-c021-480f-82ea-4793b3cc8ac2,Yvonne,Payne,ypayne@outlook.com,+1 691 249 3735,CH,Europe,Bakerland,F,Business,2020-03-26 08:40:30,Silver,Email,True,English,Mastercard,,Corporate Contract
c77d2cda-3f34-41db-8ab4-19f93860cbe7,Mohamed,Pritchard,mohamed64@outlook.com,+1 538 979 1832,EG,Africa,East Benjaminborough,M,Leisure,2019-11-30 20:45:15,Platinum,Email,False,English,Mastercard,,OTA Referral
255f418e-106f-47ee-b66d-b4c53758a314,Duncan,Burke,duncan96@hotmail.com,(567) 231-3255,US,North America,Lake Tom,M,Business,2021-02-11 08:20:00,Platinum,Email,False,English,Visa,,Website Direct
62d50da4-289c-4b99-a443-3a929ad999be,Karola,Dehmel,karola_dehmel@acme.com,+49 4424/400188,DE,Europe,Zeulenroda,F,Business,2021-06-22 18:55:43,Basic,Email,True,German,American Express,,OTA Referral
970ff013-04fe-4c33-a2b4-d0ffef4a2ab5,Geoffrey,Holmes,geoffreyh@gmail.com,+1 891 395 1528,SE,Europe,Carterview,M,Business,2024-01-30 05:48:48,Non-Member,SMS,True,English,Visa,,Website Direct
1ec8a5f1-7d3c-44d8-bbef-499cfb420e18,경숙,심,경숙_심@icloud.com,+1 348 656 6704,KR,Asia Pacific,East Jason,F,Group,2023-05-09 18:07:13,Silver,SMS,True,Korean,Visa,,Phone Booking
d942d56a-e74a-4767-a0f9-37ce650edfdd,Brian,Poole,brian.poole@yahoo.com,+1 326 871 1702,NL,Europe,Lake Dylanshire,M,Leisure,2022-07-05 13:05:52,Silver,Email,True,English,Visa,,Corporate Contract
3014977c-8cbb-476d-8d78-e73c979ab9ae,篤司,鈴木,篤司鈴@starkindustries.com,+81 332 938 7850,JP,Asia Pacific,Port Christian,M,Business,2023-06-29 03:21:33,Non-Member,Email,True,Japanese,American Express,,Walk-in
7bc3f790-f50c-49d3-b31b-8de800df6e35,Alex,Simpson,asimpson@outlook.com,+61 942 501 6741,AU,Asia Pacific,Murphystad,M,Leisure,2022-05-12 10:55:24,Gold,SMS,True,English,Mastercard,Allergies,Website Direct
537ce96d-5921-49c0-9173-240680cfa602,ناردين,المهنا,ناردين11@gmail.com,+1 239 280 8381,SA,Middle East,Rosemaryhaven,F,Leisure,2024-11-03 07:37:17,Silver,SMS,False,Arabic,Visa,"Late Check-out, Non-smoking",Corporate Contract
e08bba8a-b36e-4432-8bb6-73c1b3cc7c72,Annette,Turner,annette.turner@yahoo.com,+1 395 109 2905,KE,Africa,South Pamelastad,F,Leisure,2023-03-11 02:24:03,Basic,Email,False,English,Mastercard,,Corporate Contract
04c2f9a8-1968-48ff-bafd-3459089833fc,Jeremy,Ward,jward@gmail.com,(516) 280-5165,US,North America,New Pamelaside,M,Leisure,2022-08-08 18:19:11,Non-Member,Email,True,English,Visa,,Walk-in
4a2f9c34-6b36-4025-b59f-1b06be792c45,Douglas,Hall,douglas_hall@gmail.com,+1 141 599 6913,MX,North America,Wongfort,M,Business,2023-03-21 15:02:37,Basic,Email,True,English,Visa,,Website Direct
6f20967e-af9b-45bd-94ca-2938af918cc2,Ronald,Bradley,ronald51@gmail.com,+1 101 690 8317,SG,Asia Pacific,Judithstad,M,Family,2021-02-05 18:13:28,Platinum,SMS,True,English,Visa,,Phone Booking
6468b747-c244-4676-bf8a-ddcadeb0d813,Julia,Burns,julia6@hotmail.com,+1 751 140 2340,NL,Europe,Jaynestad,F,Leisure,2021-05-14 16:20:53,Silver,Email,False,English,Visa,,Phone Booking
c5090864-f23e-4c9c-80db-e4f4d5477730,Hilary,White,hilary92@gmail.com,+1 618 953 6262,CA,North America,Maytown,F,Business,2019-08-15 22:51:28,Basic,SMS,False,English,Apple Pay,,Phone Booking
3afbc661-7ecc-420b-b0e5-67b02b591fab,Olivia,Alexander,olivia.alexander@gmail.com,+1 504 517 7250,NL,Europe,Gibbonsview,F,Group,2023-10-16 00:48:59,Basic,Email,True,English,American Express,,Phone Booking
cb46f62a-fe12-42d5-a066-fb16baca157a,想,崔,想崔@outlook.com,,CN,Asia Pacific,Joannafort,M,Leisure,2021-07-14 04:29:13,Platinum,Email,False,Chinese,Visa,,Website Direct
08c20926-e158-46e1-9879-28b0704e0b3a,Antonie,Berger,aberger@hotmail.com,+49 0037/967842,DE,Europe,Ebern,F,Group,2019-05-17 12:58:26,Basic,Email,True,German,Visa,,OTA Referral
455ef7cf-989d-4f94-ab10-f9dd9e400a98,Antony,Fitzgerald,antony.fitzgerald@outlook.com,4913 971 5633,GB,Europe,West Grahamtown,M,Leisure,2024-10-25 19:13:55,Basic,Email,True,English,Visa,,Phone Booking
75d6ce09-721d-436b-82f3-4b5dbf93f737,William,Bourdon,wbourdon@outlook.com,+33 641 458 3914,FR,Europe,Peron,M,Group,2023-07-17 08:11:23,Basic,Email,True,French,Mastercard,,Website Direct
2ed92d3c-66dc-4451-b199-61468c67c31e,Giuliano,Pergolesi,giulianop@tyrellcorp.com,+1 838 498 1755,IT,Europe,Candia Canavese,M,Business,2024-10-02 03:47:01,Basic,Email,True,Italian,PayPal,,Walk-in
dd33fde1-aa10-4304-80b2-9272abf59ff4,Kelly,Thomson,kelly.thomson@gmail.com,+1 130 725 4711,CH,Europe,West Peterstad,F,Business,2021-09-26 00:14:43,Silver,Email,True,English,Mastercard,,OTA Referral
adb4959d-3755-489f-a862-236d1ebcc9e0,Fernando,Salom,fernandos@example.es,+1 684 177 5209,ES,Europe,Salamanca,M,Business,2021-10-15 06:30:54,Basic,Email,True,Spanish,Mastercard,,Website Direct
d0fcf1ff-f7db-4760-a1db-9c56ceffb6cc,Jessica,Reynolds,jessica.reynolds@initech.com,+61 296 540 1960,AU,Asia Pacific,Turnerton,F,Business,2024-05-14 06:20:04,Non-Member,SMS,False,English,Visa,,OTA Referral
bdf0a604-dd39-449e-85f1-d5c00760a19f,Danielle,McKenzie,danielle82@gmail.com,+1 572 377 9389,MX,North America,Baileyfurt,F,Group,2021-09-28 21:31:49,Silver,Both,False,English,PayPal,,Website Direct
e90a1d1d-b890-4a72-b844-d4a59f11ae98,Michelle,Burrows,michelle.burrows@gmail.com,+44 8499 352258,GB,Europe,Lake Andrewview,F,Leisure,2022-04-17 12:15:17,Gold,SMS,True,English,Mastercard,,OTA Referral
6dc849e9-3e87-4d58-9734-9f8aed84209f,Heather,Evans,heather46@hotmail.com,+61 577 551 2428,AU,Asia Pacific,Port Leonard,F,Business,2024-04-30 15:49:52,Silver,Email,False,English,Apple Pay,,Website Direct
88bbf008-cfe2-4b02-b669-4b3cf94bfebc,Josefa,Redondo,jredondo@tyrellcorp.com,+1 865 687 6385,ES,Europe,Valencia,F,Business,2024-01-19 17:56:21,Silver,Email,False,Spanish,American Express,,Walk-in
59140de2-5f1e-4386-b157-8a77355a9b31,Geoffrey,Griffiths,guest@email.com,+91 376 436 1723,IN,Asia Pacific,South Hollie,M,Family,2022-12-02 11:24:13,Platinum,Email,True,English,American Express,"Allergies, High Floor",OTA Referral
4e694991-524a-4e21-b5af-ef53a6c5b0da,Gavin,Watson,gavinw@outlook.com,+61 493 692 7386,AU,Asia Pacific,East Damienmouth,M,Leisure,2020-11-01 03:03:42,Silver,SMS,True,English,American Express,,Walk-in
efbb699a-9cc4-41da-9601-06a79200693f,Donna,Watson,donna21@outlook.com,+1 600 384 3454,MX,North America,Burgessview,F,Leisure,2023-05-25 11:08:16,Non-Member,Both,True,English,American Express,,OTA Referral
548f69cc-2ec2-4f51-8b11-2e588e07f50c,Leslie,Price,leslie.price@gmail.com,+1 631 129 1334,NL,Europe,Ameliaberg,M,Business,2022-01-31 02:28:23,Silver,Email,True,English,Visa,,Walk-in
c65fa06b-ef22-4b3c-b615-517f5295aa7d,Jill,Pearson,jill_pearson@outlook.com,+1 690 394 4941,TH,Asia Pacific,O'Donnellbury,F,Leisure,2019-02-05 09:43:17,Gold,Email,False,English,Mastercard,,Corporate Contract
6cd11402-3548-4cb9-8ce2-642900282c5d,Joshua,Turner,joshua_turner@umbrellacorp.com,+91 824 753 5220,IN,Asia Pacific,Woodtown,M,Business,2021-05-27 09:55:02,Non-Member,Email,False,English,Mastercard,,Website Direct
8898cd0e-5dec-4b10-aebf-1026a6faba1b,Mathew,Wright,mathew40@umbrellacorp.com,+1 384 366 3087,TH,Asia Pacific,East Pamelaberg,M,Business,2022-03-10 03:17:10,Silver,Email,False,English,American Express,,OTA Referral
6b1af52c-49b3-459b-bc66-1b570f15ccbb,Wayne,Hall,wayneh@gmail.com,000-000-0000,US,North America,West Shirleyhaven,M,Leisure,2022-12-20 23:08:24,Basic,Email,True,English,Visa,,Corporate Contract
aebc2bce-1fec-4ca1-b2ae-a0f7e206a0de,Kate,Lee,katel@outlook.com,(690) 101-7002,US,North America,West Clive,F,Leisure,2021-10-21 14:12:14,Gold,Email,True,English,American Express,,Walk-in
9a64b609-383a-49b1-8993-f61d766eddc4,Virgilio,Zampa,noemail@provided.com,+1 126 641 6690,IT,Europe,Ponte Chiasso,M,Leisure,2021-12-12 04:40:12,Silver,Email,True,Italian,Mastercard,,Phone Booking
5de41260-bc97-410f-ada5-bab53cde460a,Sara,Gibson,sara_gibson@gmail.com,+1 331 482 3992,NL,Europe,Jameschester,F,Family,2023-01-19 12:49:55,Silver,SMS,True,English,Mastercard,,OTA Referral
b8493bc6-c658-4094-bbc9-3a92e7a659db,淳,山田,淳_山田@tyrellcorp.com,+81 406 825 3739,JP,Asia Pacific,North Sian,M,Business,2023-10-26 04:34:36,Non-Member,Email,True,Japanese,Mastercard,Allergies,OTA Referral
5b0888c4-42fa-41bd-9e29-19abeb1e7517,Donna,Wilson,donnaw@hotmail.com,+1 690 633 3030,MX,North America,Roseview,F,Leisure,2023-07-29 12:40:44,Non-Member,Email,True,English,American Express,,OTA Referral
207f7fd4-a941-48ad-a9bc-a67600334e6d,Sylvia,Edwards,sylvia40@gmail.com,+1 917 153 9582,MX,North America,Cherylport,F,Leisure,2019-02-03 17:36:33,Silver,Email,True,English,Mastercard,,Phone Booking
626aae54-0d84-4298-8bcd-afef0166e9bf,지후,곽,지후곽@yahoo.com,+1 174 391 7697,KR,Asia Pacific,East Vincentbury,M,Leisure,2024-06-19 11:48:59,Gold,Email,False,Korean,Mastercard,,Walk-in
414b9568-2152-4a78-a398-71651f70866f,Judith,Parsons,judith22@starkindustries.com,+1 772 616 2039,MX,North America,Allenside,F,Business,2024-07-10 18:24:41,Basic,SMS,False,English,Mastercard,,OTA Referral
5dc65872-f519-425f-be0f-41de311a2d76,Philip,Hopkins,guest@email.com,+61 634 908 2719,AU,Asia Pacific,Lake Declan,M,Business,2019-04-09 10:46:28,Non-Member,Email,False,English,Visa,Early Check-in,Website Direct
a6ca8e7f-54b6-419b-a13a-88cae4852386,Harriet,Baker,harriet.baker@oscorp.com,(149) 823-6189,US,North America,New Paul,F,Business,2019-04-29 11:09:47,Basic,SMS,True,English,Visa,,Phone Booking
1ce4e42e-3151-425c-b8ec-316d4d08ceb5,Waldtraut,Trommler,waldtraut91@outlook.com,+49 384 001412,DE,Europe,Brandenburg,F,Leisure,2023-06-07 03:03:56,Non-Member,Email,False,German,Mastercard,,Website Direct
ada0ad50-51ed-4a85-bdd0-4a0d015319ea,Laura,West,laura.west@initech.com,333-066-5860,US,North America,Lake Staceymouth,F,Business,2022-01-26 11:28:16,Basic,Email,True,English,American Express,,OTA Referral
ec15c8eb-c16b-4181-9de2-f876b8e9429b,Jonathan,Palmer,jonathan.palmer@waynecorp.com,+1 860 399 3531,MX,North America,South Christopher,M,Business,2020-09-16 13:19:30,Silver,SMS,False,English,Apple Pay,,Walk-in
6ee13bc9-310a-4c97-9e6f-3e907856bd19,建华,董,建董@outlook.com,256 9977 2884,CN,Asia Pacific,West Hayley,M,Leisure,2023-10-27 01:18:03,Basic,Email,True,Chinese,Visa,,Website Direct
49eba994-33bb-4cb4-8a6e-4eca75636625,Harald,Seifert,harald.seifert@gmail.com,+49 6967/170045,DE,Europe,Großenhain,M,Leisure,2024-02-25 05:55:24,Basic,Email,True,German,Visa,"Wheelchair Accessible, Late Check-out",Website Direct
96a21893-54a9-4d0e-bd0e-023f824a321b,Antony,Smith,guest@email.com,+1 482 695 2651,MX,North America,Thomaschester,M,Business,2020-10-15 05:02:10,Non-Member,Email,True,English,Mastercard,,Phone Booking
77cad38f-65cb-4051-a4ff-466bf0f16a5f,Douglas,Parker,dparker@gmail.com,+1 942 734 3616,CA,North America,Robinsonside,M,Leisure,2022-10-04 11:42:24,Gold,SMS,False,English,Mastercard,,OTA Referral
22b29316-28f6-4231-aee7-cb0a84336d54,Shannon,Howell,shannon_howell@starkindustries.com,+1 138 166 9917,CH,Europe,Arthurview,F,Business,2024-06-25 14:57:50,Gold,Email,True,English,Mastercard,,Phone Booking
575d6d0c-29de-4a0a-a028-780987806e70,Dennis,Smith,dennis.smith@gmail.com,+61 216 596 9061,AU,Asia Pacific,Newmanton,M,Family,2021-02-27 04:55:24,Silver,Email,False,English,Visa,,OTA Referral
77090538-c1e4-4dc4-9b6a-1baf7c881759,Michelle,Lacombe,mlacombe@tyrellcorp.com,+33 288 455 2926,FR,Europe,David,F,Business,2021-07-26 09:56:28,Silver,Email,True,French,Visa,,Corporate Contract
8bbff3af-93f1-4a50-8ddf-e2fdc8eaebbf,Wendy,Cook,wcook@yahoo.com,+91 838 889 9363,IN,Asia Pacific,North Alison,F,Leisure,2021-11-24 21:31:39,Gold,Email,True,English,Apple Pay,,Corporate Contract
8b01af0d-bcd4-4a7b-989a-ef662de98a8b,Guy,De Sousa,guy_de sousa@gmail.com,+33 404 427 8582,FR,Europe,Sainte Arnaude,M,Business,2019-11-12 22:58:24,Basic,Email,True,French,Visa,"Late Check-out, High Floor",Walk-in
fa3fbfe2-d73a-4f62-97f7-4eceb9423dba,Denis,Bowen,denis29@gmail.com,+1 316 686 3410,CA,North America,New Lesley,M,Leisure,2022-04-12 04:40:42,Gold,SMS,True,English,Google Pay,,Phone Booking
d531ce3c-21ca-4462-bbd3-a67b056995b4,Jacob,Singh,jacob_singh@yahoo.com,+1 660 791 2772,KW,Middle East,Pooleborough,M,Business,2019-02-17 06:39:26,Non-Member,Email,False,English,Visa,,Phone Booking
99b6924d-b4b7-4a0e-bec0-bcbd7a9b4419,보람,이,보이@yahoo.com,+1 693 586 9275,KR,Asia Pacific,Port Gavin,F,Business,2023-08-25 19:03:26,Silver,Email,True,Korean,Mastercard,,OTA Referral
ed342bc2-f3cf-40c7-83ab-b3f7b26979be,Samantha,Parker,sparker@icloud.com,+1 936 922 5231,CO,South America,Jamesland,F,Family,2023-05-22 10:00:01,Non-Member,Email,True,English,Mastercard,,OTA Referral
793018b3-5e68-4e2a-9c88-d5642a406d67,بوران,آل حسين,noemail@provided.com,+1 376 379 8108,SA,Middle East,Martynview,F,Leisure,2019-04-08 01:11:54,Silver,Both,True,Arabic,Mastercard,,Phone Booking
0a0b1711-84b0-4ee1-a9cc-e89e12ae0fce,Kevin,Walker,kevinw@outlook.com,+61 557 250 5986,AU,Asia Pacific,West Patriciamouth,M,Business,2022-06-29 05:59:14,Non-Member,Email,True,English,Visa,"Late Check-out, Wheelchair Accessible",Corporate Contract
c1ec28ac-a774-4edb-9e34-8a80290854f1,Marcantonio,Palumbo,marcantonio_palumbo@starkindustries.com,+1 565 562 4643,IT,Europe,Spezzano Della Sila,M,Business,2024-07-11 02:19:21,Non-Member,Email,True,Italian,Visa,,Corporate Contract
3512acf7-9676-4904-9f46-cc94afa1a4f5,Megan,Kirby,megan_kirby@starkindustries.com,+91 355 545 4842,IN,Asia Pacific,Mathewview,F,Business,2020-12-31 02:11:31,Gold,Email,True,English,Mastercard,,Phone Booking
34ac3bf9-3088-45b0-a848-837f0adc19fe,민지,박,민지_박@icloud.com,+1 230 231 4720,KR,Asia Pacific,South Duncan,F,Leisure,2024-06-04 18:04:31,Non-Member,Email,True,Korean,Mastercard,,Website Direct
76e999ba-b7ad-4104-8d82-179246cc5c40,Alfonso,Radisch,alfonso42@starkindustries.com,+49 7285/300457,DE,Europe,Sangerhausen,M,Business,2023-01-31 04:14:57,Non-Member,Email,True,German,Visa,,Website Direct
40f225e3-929a-4488-a7f8-e6d1aa58f8ab,Stewart,Butler,stewart.butler@icloud.com,+1 221 715 8084,MX,North America,Lake Brenda,M,Leisure,2024-12-06 19:34:11,Non-Member,SMS,False,English,Visa,,OTA Referral
42e6f6b9-e6fb-4013-a3c6-df7ad2d17fc3,Roy,Stanley,roy.stanley@gmail.com,+1 632 986 2938,MX,North America,West Maria,M,Leisure,2021-11-25 03:42:21,Non-Member,Email,True,English,Visa,,Website Direct
defdcbe4-4200-45b0-8f80-8daa635aca23,Victoria,Pratesi,victoria.pratesi@gmail.com,+1 901 213 7472,IT,Europe,Giardina Gallotti,F,Business,2022-03-31 11:20:43,Non-Member,Email,False,Italian,Apple Pay,,Corporate Contract
51113a1f-def8-4b4c-8c86-7c4d6fa9cb53,Maureen,Scott,maureens@gmail.com,+1 488 266 2538,MX,North America,North Benjaminchester,F,Leisure,2019-01-05 18:18:15,Non-Member,Email,False,English,PayPal,,Corporate Contract
3674c4d8-2258-4b45-ab07-823de7447357,Leon,Dunn,ldunn@yahoo.com,+1 912 401 7016,KW,Middle East,Robertschester,M,Family,2021-03-21 17:52:54,Gold,Email,False,English,American Express,,Website Direct
c7df925e-c29c-4b83-b48a-d27216a0d2ff,Danny,French,dfrench@gmail.com,+1 641 996 4258,SE,Europe,East Olivia,M,Business,2019-01-14 07:23:52,Gold,SMS,True,English,PayPal,,Phone Booking
75aa43f8-579d-405d-bb3d-9a5f51ef4702,欢,王,欢王@gmail.com,523 9317 1737,CN,Asia Pacific,Port Tomhaven,M,Leisure,2019-05-06 23:59:31,Non-Member,Email,True,Chinese,Visa,,OTA Referral
e39fca87-4756-4fef-b1ed-03807bd6d3c2,Martín,Jaén,martín_jaén@gmail.com,+1 483 162 4275,ES,Europe,Melilla,M,Family,2020-12-30 16:26:49,Silver,Email,True,Spanish,Visa,,Walk-in
6bc23443-a9a2-4c28-a0c5-4ad798bd60f1,Malcolm,Williams,malcolm.williams@gmail.com,+1 465 209 2346,KW,Middle East,Ianmouth,M,Business,2023-04-19 14:46:21,Non-Member,SMS,False,English,Visa,,OTA Referral
6b2b33fe-5947-4027-a691-2bf1945c6317,Alexander,Bell,abell@outlook.com,+91 383 165 8455,IN,Asia Pacific,Parkerberg,M,Family,2022-03-24 11:07:34,Basic,Email,False,English,American Express,,OTA Referral
f5c45384-20bb-4dc4-b841-82f8efb7a5bc,Janet,Greenwood,janetg@hotmail.com,+1 151 146 1172,MX,North America,North Edward,F,Family,2024-08-27 14:48:40,Basic,Email,True,English,Mastercard,"Allergies, Early Check-in",Corporate Contract
14fd52d3-6c7a-4e30-9d6d-c513f9c42786,Martin,Roche,martin57@oscorp.com,+33 947 108 1493,FR,Europe,Saint Isabelle-la-Forêt,M,Business,2023-01-25 17:47:34,Gold,Email,True,French,Mastercard,,Website Direct
0c7d1a34-b2e5-4005-8d37-defbad0ec93c,桂珍,柏,桂珍柏@gmail.com,984 3646 0649,CN,Asia Pacific,Morleyton,F,Family,2024-12-27 08:20:46,Basic,Email,True,Chinese,Mastercard,Early Check-in,Phone Booking
f6f813f1-7158-4e31-8cb6-5969de1c676b,Greco,Bernini,greco_bernini@waynecorp.com,+1 699 426 5913,IT,Europe,Susa,M,Business,2020-09-23 07:59:51,Silver,Email,True,Italian,American Express,,Corporate Contract
4821f80e-6384-49d0-8785-78fcfc02a919,Yvonne,Holmes,noemail@provided.com,644-086-4806,US,North America,Janiceborough,F,Group,2019-10-04 21:02:22,Non-Member,Email,True,English,Visa,,Walk-in
f6311a4e-3239-41a9-ad3c-757d777051fd,재현,김,재현김@icloud.com,+1 663 149 2053,KR,Asia Pacific,West Malcolm,M,Leisure,2022-05-02 13:00:57,Silver,Email,True,Korean,Apple Pay,,Corporate Contract
f5e8e6af-69b0-42fa-a984-3fb8507b8268,Helen,Watkins,hwatkins@tyrellcorp.com,+91 365 571 5120,IN,Asia Pacific,Parkinsontown,F,Business,2022-06-15 04:03:47,Basic,Email,True,English,American Express,,OTA Referral
6c6333c8-997d-4b5c-a8a5-7f3fd62adbba,Robert,Garnier,robert86@outlook.com,+33 871 179 2215,FR,Europe,Rolland,M,Leisure,2022-08-06 18:19:47,Gold,Email,False,French,American Express,,Corporate Contract
dbbf394d-cab7-4a78-8800-3bb547b6a9dc,Carl,Hughes,carlh@hotmail.com,+61 412 474 8866,AU,Asia Pacific,Amandaberg,M,Group,2022-05-12 08:58:13,Gold,SMS,True,English,Mastercard,,Corporate Contract
253c6f56-36bf-48d9-a1c8-00c686168047,Oliver,Parker,oparker@example.mx,+1 666 438 1031,MX,North America,Russellfort,M,Business,2023-04-13 10:09:00,Silver,Both,False,English,PayPal,,OTA Referral
c0e572fd-5859-474a-abb3-e289eb497479,結衣,鈴木,結衣89@outlook.com,+81 722 637 2289,JP,Asia Pacific,North Lesley,F,Family,2021-02-19 14:08:45,Basic,SMS,True,Japanese,Google Pay,,Corporate Contract
19351b0e-f305-4da5-b8a2-dba252a3f0e8,Emma,Smith,emma_smith@outlook.com,+1 642 409 2713,NL,Europe,Woodstad,F,Group,2019-04-18 17:16:54,Silver,Email,True,English,Visa,,Walk-in
b6f09a21-a723-48a5-8b31-951988f46ffb,Callum,Goodwin,callum_goodwin@gmail.com,+91 209 934 6174,IN,Asia Pacific,Arnoldton,M,Leisure,2023-08-18 20:59:58,Silver,Email,True,English,Mastercard,,OTA Referral
a589e0aa-0c26-4780-af54-e30713e16812,Jacqueline,Allen,jacquelinea@example.ca,+1 859 708 5319,CA,North America,Jacobberg,F,Business,2019-11-24 12:47:10,Basic,SMS,True,English,Visa,"Allergies, Wheelchair Accessible",OTA Referral
cce8701b-d94a-4e65-a37b-59078ab449c8,Fiona,Moore,fiona_moore@acme.com,+1 412 566 9032,CA,North America,Jakeborough,F,Business,2022-08-06 15:54:16,Non-Member,Both,True,English,Visa,,Phone Booking
1ee19f0e-f7fd-490c-88a7-7bc366f473f7,Samuel,Jones,samuel_jones@gmail.com,+1 947 397 5006,CA,North America,West Terryland,M,Leisure,2023-04-20 07:55:00,Non-Member,SMS,True,English,American Express,,Walk-in
e1b88be0-167c-4f39-9bf2-462eed59d7a2,지민,이,지민26@gmail.com,+1 900 532 1871,KR,Asia Pacific,Carlyland,F,Business,2019-05-22 21:41:23,Non-Member,SMS,False,Korean,Visa,,Website Direct
8b1779a9-50e1-4e18-9e18-58fbb183eeb0,Phillip,Barlow,phillipb@waynecorp.com,000-000-0000,SE,Europe,Port Glenfurt,M,Business,2020-02-12 06:20:22,Non-Member,Email,True,English,Visa,,Website Direct
24dbb034-e1e1-419b-9e83-8b355bb2b03b,Sarah,Brown,sarah_brown@yahoo.com,+1 629 220 8725,SE,Europe,South Jademouth,F,Leisure,2020-02-20 04:32:51,Basic,Email,False,English,Visa,,Walk-in
9611f6bc-e85b-4e6c-807a-58336c01d977,Jonathan,Summers,jonathan.summers@gmail.com,+1 273 815 8160,CH,Europe,Katiefurt,M,Leisure,2023-03-06 06:18:23,Non-Member,SMS,False,English,Apple Pay,,Walk-in
9f0cf901-bf01-4ced-870b-7dad5c8e5202,Lynn,Goddard,lynn46@gmail.com,+91 319 295 4663,IN,Asia Pacific,Marcburgh,F,Leisure,2021-02-22 06:45:36,Basic,Email,False,English,PayPal,,OTA Referral
4848f488-8455-4dff-9424-76b82034a4be,Cheryl,Morris,cherylm@dummycorp.com,+1 604 511 5568,CA,North America,North Russell,F,Business,2021-05-15 03:19:46,Basic,Email,True,English,Visa,,Phone Booking
8a19bcce-ea7d-4b1b-8037-6c3c119ca3a0,Jean,Slater,jeans@outlook.com,+1 444 294 5957,MX,North America,Port Louis,F,Business,2019-03-26 11:30:23,Basic,Email,True,English,Visa,,Phone Booking
71c85cb3-d5cd-4b4f-ab61-6db1ca08f899,John,Browne,john61@hotmail.com,+44 9368 096897,GB,Europe,East Bethanybury,M,Business,2022-02-17 01:16:56,Platinum,Email,False,English,Apple Pay,,Website Direct
98e45825-4005-43b1-803d-133c3b6753d8,Terry,Gibbs,terry92@yahoo.com,+1 245 524 6843,CH,Europe,Joneschester,M,Group,2019-10-09 12:37:05,Platinum,SMS,False,English,Visa,,Corporate Contract
7e170195-00f5-4dc3-b65b-5087d396b023,Tony,Davis,noemail@provided.com,+61 292 481 6433,AU,Asia Pacific,East Oliver,M,Business,2019-06-11 05:05:44,Basic,SMS,True,English,Mastercard,,Walk-in
2cb66d75-8336-4847-9cad-4ef05f7ee99d,Jessica,Evans,jessicae@gmail.com,+44 7609 970355,GB,Europe,Kingburgh,F,Family,2024-12-29 02:27:17,Basic,SMS,True,English,Mastercard,,Phone Booking
59cd1050-66c6-40db-b2d6-94f074703341,Ian,Ward,ianw@gmail.com,+1 267 288 2383,SE,Europe,Port Jessicabury,M,Leisure,2019-11-19 14:26:59,Silver,Email,True,English,Visa,,Website Direct
6a9f0a1c-c0de-4729-baf9-15bbf7cdf453,Elliot,Thomson,elliot.thomson@dummycorp.com,+1 877 107 3587,CA,North America,Chapmanborough,M,Business,2021-05-12 00:15:47,Silver,Email,True,English,Google Pay,,Corporate Contract
9d408523-326d-4b45-9d95-50c313b07e39,Colin,Clark,colinc@gmail.com,+1 891 169 3531,KW,Middle East,Simpsonton,M,Leisure,2024-03-11 19:51:57,Silver,SMS,False,English,Visa,,Walk-in
7eb3ede0-a518-40d4-801c-c3bf7bd56337,Martin,Collins,mcollins@gmail.com,000-000-0000,CH,Europe,Wrightport,M,Leisure,2023-10-05 14:44:57,Silver,Email,False,English,Mastercard,,OTA Referral
cf2dd27d-765e-4377-833f-7015f2f8d7a5,Louise,Harper,louiseh@gmail.com,+1 125 410 6142,CA,North America,South John,F,Business,2021-06-15 00:29:50,Gold,Email,True,English,Mastercard,"High Floor, Allergies",Walk-in
ccb6b515-d444-4d41-bed5-1be7fbabce80,Howard,Smith,howard.smith@oscorp.com,+1 712 510 5432,CH,Europe,Christopherborough,M,Business,2019-09-27 12:06:46,Non-Member,Email,False,English,Visa,,Website Direct
cd4e5189-be40-4efd-b7ea-255d8650f057,Debra,Barber,debra.barber@outlook.com,+1 428 734 6343,CL,South America,North Darren,F,Leisure,2023-08-03 23:26:23,Non-Member,Email,True,English,American Express,,Corporate Contract
3eee5894-c713-4c19-8d95-242ac119dac0,Jodie,Whittaker,jodie.whittaker@cyberdyne.com,+1 940 245 3401,MX,North America,Edwardmouth,F,Business,2019-04-17 07:18:51,Gold,Email,True,English,Visa,Allergies,Corporate Contract
70f82c0e-e818-4730-81c1-d0e077cd388d,Gregory,Adams,gregory56@gmail.com,+1 164 795 5314,QA,Middle East,Elliefurt,M,Leisure,2019-08-23 06:18:34,Basic,SMS,True,English,Mastercard,,OTA Referral
0f378a94-255f-4aa3-8d85-e6fdfa623f26,Stuart,Newman,snewman@gmail.com,+1 492 326 8131,MX,North America,Dunnland,M,Leisure,2023-10-03 15:55:00,Non-Member,Email,True,English,Visa,,Corporate Contract
6cd4c770-9a35-45e2-800f-cc863f172ebc,Bernard,Dean,bernard88@gmail.com,+1 501 970 4868,CA,North America,North Natalieberg,M,Leisure,2024-02-05 04:46:19,Silver,Email,True,English,Visa,,OTA Referral
1695d32f-58bc-4888-bd26-644df81a541d,Glenn,Wood,glenn46@outlook.com,(657) 091-1547,US,North America,North Lee,M,Leisure,2022-06-18 11:45:57,Silver,Email,False,English,Visa,,Phone Booking
2bb9c7af-79f4-4b75-ac83-117d64172321,Timm,Sorgatz,timm7@umbrellacorp.com,+49 3684/038071,DE,Europe,Konstanz,M,Business,2022-07-14 21:23:24,Basic,SMS,True,German,Mastercard,,OTA Referral
e616db9b-5264-4350-a6f2-c5578991f61e,Dale,Shepherd,dshepherd@gmail.com,+1 863 819 2193,KW,Middle East,West Jessica,M,Leisure,2023-07-02 16:14:38,Non-Member,Email,False,English,PayPal,,OTA Referral
d8e854bb-1642-4e6c-bbc2-e4e81dff32b7,Keith,Carter,keith54@gmail.com,(698) 240-9945,US,North America,Bentleyburgh,M,Leisure,2019-11-03 13:26:37,Non-Member,Both,True,English,Visa,Allergies,Corporate Contract
52aa1fc9-a5a3-4217-bfe6-e64c7a7441dd,Kimberley,Jones,kimberley60@outlook.com,+61 669 213 1037,AU,Asia Pacific,Macdonaldfort,F,Group,2024-02-05 23:00:27,Non-Member,Email,True,English,Apple Pay,,OTA Referral
72daa431-0923-4630-beaf-b0df407e09c2,Kristiane,Harloff,kristiane18@gmail.com,+49 692 159188,DE,Europe,Hünfeld,F,Business,2024-09-09 10:00:31,Basic,SMS,True,German,PayPal,,Website Direct
06e9f804-76c6-4aa0-a6eb-b87fe5c89231,Teófilo,Figuerola,tfiguerola@hotmail.com,+1 552 573 6909,ES,Europe,León,M,Business,2024-05-15 11:16:10,Basic,Email,True,Spanish,Visa,"Early Check-in, Late Check-out",Walk-in
ebc08bbc-d87a-48f7-9ac0-693dcaf43426,숙자,김,숙김@gmail.com,+1 536 911 1536,KR,Asia Pacific,Scottstad,F,Family,2019-05-09 00:34:28,Silver,Both,True,Korean,PayPal,,OTA Referral
d6314663-699a-4045-a3f0-f6d51ad42db0,Daniel,Gilbert,danielg@gmail.com,+61 381 577 3480,AU,Asia Pacific,Davidsonbury,M,Family,2019-07-08 07:08:09,Non-Member,Email,False,English,Visa,,OTA Referral
17f3fa7c-f1e8-4ade-aab3-3ade202eba7d,Beth,Patel,beth_patel@umbrellacorp.com,+1 260 831 5474,MX,North America,Lake Grace,F,Business,2023-01-04 17:32:57,Basic,Email,True,English,Visa,,Phone Booking
f35f0a4f-94e7-4c94-9e07-7a5eff9c4c09,Lorraine,Hutchinson,lorraineh@yahoo.com,+1 156 313 6470,CA,North America,Leesberg,F,Leisure,2019-04-12 22:05:22,Basic,SMS,False,English,Mastercard,High Floor,Phone Booking
88c840db-647c-4670-a33e-3753d2e972db,Giacobbe,Poerio,giacobbe.poerio@gmail.com,+1 959 657 7574,IT,Europe,Boccioleto,M,Leisure,2022-10-16 05:29:07,Silver,Email,True,Italian,Mastercard,,Walk-in
bb89ce6c-8233-41e7-afb5-1ca8f507d08e,Glen,Hall,glen69@outlook.com,+1 733 154 6285,NL,Europe,South Sam,M,Family,2019-04-16 17:34:54,Silver,SMS,True,English,Visa,,Walk-in
5eef1bbc-cd46-432f-b300-7820503463c2,Victor,Jones,victor_jones@outlook.com,+1 167 727 1730,QA,Middle East,East Hazelfort,M,Leisure,2023-02-16 08:03:04,Non-Member,Email,False,English,Visa,,Phone Booking
687dd0e9-bf9e-4c26-9a49-91295ccfdf13,Shannon,Stone,shannons@gmail.com,+1 109 383 3546,SE,Europe,Lake Josephshire,F,Group,2022-03-16 13:28:40,Non-Member,Both,True,English,Mastercard,,Walk-in
3a59236f-9c6b-4d72-bb6a-aaab04e6138a,Victoria,Anderson,noemail@provided.com,+91 557 412 1481,IN,Asia Pacific,Lake Rhys,F,Business,2020-09-04 20:56:26,Basic,Email,True,English,Mastercard,,Website Direct
f1203426-b3ff-42ff-9bbd-c48f0cdcfe70,康弘,加藤,康弘加@waynecorp.com,+81 971 290 1877,JP,Asia Pacific,New Albertport,M,Business,2023-01-18 10:35:30,Silver,SMS,True,Japanese,Visa,,OTA Referral
ce802e3e-6db6-40fa-a15c-5d0a57d7b36f,Sophie,Thorpe,sophiet@gmail.com,+1 268 206 9142,MX,North America,New Bruceside,F,Leisure,2023-10-29 01:27:34,Silver,Email,True,English,PayPal,,Phone Booking
535a932b-1a39-4fb0-91e8-cf21cc8bbb34,Max,Taylor,max_taylor@gmail.com,+1 692 323 3078,MX,North America,Thompsontown,M,Leisure,2023-03-23 11:34:45,Basic,Email,False,English,PayPal,,Phone Booking
c6b853ba-a155-4b39-9fd3-a7d25800fde7,준서,김,준서_김@gmail.com,+1 485 375 8750,KR,Asia Pacific,Marymouth,M,Leisure,2020-02-14 10:21:32,Basic,SMS,True,Korean,Google Pay,,Walk-in
19859c9b-688e-4808-82e4-9d26f0bf52b8,Cristina,Agostinelli,cristina.agostinelli@gmail.com,+1 586 421 3446,IT,Europe,Salurn,F,Leisure,2024-02-28 00:29:49,Basic,Email,True,Italian,Visa,,Website Direct
8d3a5560-a1ed-4cdb-aeeb-23cbc3c790ee,Glen,Webster,glen_webster@umbrellacorp.com,+1 253 687 7429,MX,North America,East Joelside,M,Business,2022-03-17 12:21:41,Non-Member,Both,False,English,Apple Pay,"High Floor, Late Check-out",OTA Referral
51d67a8f-8c7b-4a9c-bdd8-9a808673019a,Rhys,McCarthy,rhys_mccarthy@gmail.com,+1 154 924 4257,SG,Asia Pacific,Mitchellland,M,Family,2023-07-05 02:27:40,Platinum,Email,True,English,PayPal,,Website Direct
61dfdf3f-5282-4a98-90e9-ec1316eb2f87,Donna,Davies,donna49@oscorp.com,+1 799 828 8224,CA,North America,Lydiamouth,F,Business,2022-05-12 03:58:44,Platinum,SMS,True,English,Visa,"Allergies, Early Check-in",Corporate Contract
7b058214-4dff-4bba-80fe-b71a56c4342a,Patrick,James,pjames@outlook.com,(856) 848-4212,US,North America,Denisborough,M,Leisure,2024-09-02 21:55:38,Non-Member,Email,True,English,Visa,,Website Direct
57736df4-87ab-420d-a195-41e7eb7d6d1a,María Jesús,Isern,misern@gmail.com,+1 706 689 9298,ES,Europe,Palencia,F,Leisure,2022-12-23 03:05:29,Gold,Email,True,Spanish,Visa,,Corporate Contract
55910c51-1f1c-447e-82de-22f79975d31c,Hazel,Williams,hwilliams@cyberdyne.com,+1 659 390 9242,MX,North America,West Brett,F,Business,2020-09-28 04:27:51,Gold,Both,True,English,Visa,Wheelchair Accessible,Website Direct
48df3cb8-2d6c-43ea-87a3-17401a8e749c,Frank,O'Neill,noemail@provided.com,+1 174 892 3049,NL,Europe,South Thomas,M,Business,2020-05-20 09:34:45,Silver,None,True,English,Visa,,Website Direct
81c48b7e-6a76-4062-8508-dd63cd82b2c6,Hayley,Humphreys,hhumphreys@umbrellacorp.com,+1 570 532 7389,CA,North America,West Jayville,F,Business,2023-06-22 10:01:08,Basic,Email,True,English,American Express,,OTA Referral
41ab96c0-ac98-42bc-aed5-85bb3e6e3961,بوران,الشايع,بوران27@icloud.com,+1 513 706 3833,SA,Middle East,South Stewart,F,Family,2024-08-10 15:57:07,Basic,Email,True,Arabic,Mastercard,,Website Direct
9d1c0045-daf2-4c86-ad5d-950425ebf01a,성수,김,성김@gmail.com,+1 603 944 4379,KR,Asia Pacific,Aimeeburgh,M,Family,2020-08-19 08:58:05,Gold,Email,False,Korean,Visa,,Walk-in
abcb9f98-dc24-42a0-80dd-671b96761a2f,Beth,Barber,beth_barber@gmail.com,+1 192 424 2210,TH,Asia Pacific,Frankburgh,F,Family,2024-10-22 06:26:23,Gold,SMS,True,English,Mastercard,,Website Direct
19349bbf-43fb-4408-a99b-af223d68e048,Bernard,Baxter,bernardb@dummycorp.com,+1 980 344 7108,CA,North America,Arnoldborough,M,Business,2021-01-14 20:26:26,Silver,Both,False,English,Google Pay,,OTA Referral
fa338ba9-543d-4eee-b6dd-b82f0d2f4335,Kieran,Thompson,kieran.thompson@outlook.com,+1 611 682 4989,MX,North America,Akhtarville,M,Group,2022-03-30 15:45:33,Basic,Email,True,English,Mastercard,,Website Direct
b3c6f356-0288-4689-8cca-0efad36b8a7f,Eileen,Hancock,ehancock@gmail.com,+1 544 198 6788,CH,Europe,Katherinetown,F,Business,2022-03-21 07:57:24,Non-Member,Email,False,English,Apple Pay,"Allergies, Non-smoking",OTA Referral
e40b95b7-fec6-434e-ad52-4303edb30da9,Kimberley,Lucas,klucas@outlook.com,+1 364 609 6432,CH,Europe,East Wayne,F,Family,2022-09-07 00:03:43,Silver,SMS,True,English,Mastercard,,OTA Referral
3ce4aad6-a0ab-404f-b4be-f8a89bb44406,Edeltrud,Pohl,epohl@outlook.com,+49 3147/726412,DE,Europe,Herford,F,Family,2022-01-21 00:32:35,Basic,Email,False,German,PayPal,,Website Direct
ebe502f8-c809-48e9-9d7e-477b69b33df6,Hilary,Farrell,hilary.farrell@hotmail.com,+1 700 840 3519,CA,North America,Julianbury,F,Business,2021-11-05 19:07:48,Gold,Email,True,English,Visa,,Website Direct
7777cc8b-094f-4f5e-b9ec-75fd2ff1540d,裕太,太田,裕太_太田@gmail.com,+81 867 743 5341,JP,Asia Pacific,Henryton,M,Family,2024-10-01 23:54:32,Gold,Email,False,Japanese,Apple Pay,"Early Check-in, Wheelchair Accessible",Corporate Contract
9f71cb95-1ab4-4e08-8f63-22a7e7a7096c,Natalie,Norton,natalie4@gmail.com,+1 481 844 9500,SE,Europe,Cameronburgh,F,Leisure,2024-01-06 19:21:08,Silver,Email,False,English,Apple Pay,,Corporate Contract
b9dacb88-3f1b-448a-8b09-e7b796c82487,Douglas,Read,dread@outlook.com,(818) 640-8472,US,North America,Robinsonview,M,Leisure,2024-05-16 00:47:27,Basic,Both,True,English,Mastercard,"Early Check-in, Wheelchair Accessible",Walk-in
87018724-8969-45e0-9418-c3887e18ccba,عبد الغفّار,آل حسين,عبد الغفّار_آل حسين@globex.com,+1 204 182 8374,SA,Middle East,Lake Trevorhaven,M,Business,2022-09-30 21:36:15,Silver,Email,True,Arabic,Google Pay,,Phone Booking
1f247eb8-66c1-4927-9307-1bb0c1ff3890,شادن,آل رفيع,شادن_آل رفيع@globex.com,+1 693 701 6154,SA,Middle East,Victoriastad,F,Business,2022-11-10 05:21:16,Platinum,Email,True,Arabic,Visa,,Website Direct
ee4c4a3e-ab65-439e-a6a9-6e74b318802b,Brian,McCarthy,bmccarthy@umbrellacorp.com,+1 238 979 7507,CO,South America,Port Shanechester,M,Business,2019-06-11 11:01:21,Platinum,Email,False,English,Visa,,OTA Referral
2d41f801-6c95-4c62-834b-ee250a8deed3,Abdul,Fowler,afowler@oscorp.com,+1 213 397 2983,MX,North America,Jacquelinemouth,M,Business,2024-10-13 22:33:02,Gold,Email,True,English,Visa,,OTA Referral
e974c778-935e-45e5-a034-25c514406a23,Georges,Bourdon,georges.bourdon@hotmail.com,+33 395 887 2257,FR,Europe,Fleury,M,Business,2023-11-29 07:09:10,Non-Member,SMS,True,French,Visa,,Walk-in
80c4c6b0-c01e-4f0c-9849-ddd7312b75b2,Alexander,Howarth,alexander.howarth@dummycorp.com,+1 602 671 7487,MX,North America,Thompsonshire,M,Business,2024-02-02 14:54:11,Basic,None,False,English,Mastercard,,Walk-in
a9b0a690-a19c-40c2-91a7-73914a0068d8,Gerald,Chapman,gchapman@outlook.com,+91 113 216 1963,IN,Asia Pacific,East Charles,M,Family,2022-12-07 08:54:15,Gold,Email,True,English,Google Pay,,Phone Booking
89ce9bfc-b01d-4f12-9f1c-d11f53aabbbb,雷,李,雷.李@globex.com,096 2687 9190,CN,Asia Pacific,Bakerfurt,M,Business,2021-02-06 09:35:21,Basic,Email,True,Chinese,American Express,,OTA Referral
2c7fe7e5-43ee-483c-abe1-3e8ffc8f5818,Kim,Holt,kim.holt@gmail.com,(843) 388-4110,US,North America,Hayleytown,F,Group,2022-01-25 05:23:49,Basic,SMS,True,English,Visa,,Website Direct
78dfd84d-aa7b-4f2a-a60f-dc736d081a5e,Brandon,Smith,brandon.smith@tyrellcorp.com,+1 338 250 1741,KW,Middle East,Barbarahaven,M,Business,2019-11-04 18:20:18,Platinum,Email,False,English,Mastercard,,Phone Booking
8f9d4703-61da-41cd-9229-56b1b9c39fdd,Victor,Shaw,victor35@gmail.com,,US,North America,East Michaelmouth,M,Leisure,2024-05-02 17:44:16,Non-Member,Email,True,English,Visa,,Walk-in
385adc99-34dd-4a41-acef-7093afe77b91,سعدي,آل الشيخ,سعدي.آل الشيخ@yahoo.com,+1 976 537 1810,SA,Middle East,Justinville,M,Leisure,2022-07-10 20:55:26,Basic,SMS,True,Arabic,PayPal,,Website Direct
a1278301-fd44-4631-81fd-c1158f55ce13,Borja,Cerdán,borjac@starkindustries.com,+1 238 574 4978,ES,Europe,Valencia,M,Business,2022-05-12 14:50:49,Silver,Email,True,Spanish,American Express,,Website Direct
6b8db82f-4353-48c7-932d-a68e202534c3,Kathleen,Marshall,test@test.com,+1 342 842 4113,CA,North America,Lake Guy,F,Group,2021-11-28 09:42:30,Silver,Email,True,English,Visa,,Corporate Contract
7527be40-b249-4edf-8bcb-10df3f8d4859,Bernard,Cook,bernard_cook@outlook.com,+1 507 553 7089,SG,Asia Pacific,Beverleyside,M,Family,2022-08-21 02:19:59,Non-Member,Email,False,English,Visa,,Walk-in
84f62ed5-9e55-4e81-adf3-f07125df002b,Tiziano,Anichini,tizianoa@gmail.com,+1 512 971 3751,IT,Europe,Cervicati,M,Family,2023-07-02 19:33:18,Non-Member,SMS,False,Italian,Visa,,Walk-in
8a0d06b8-c93d-4b6d-ba02-14d71db5b498,예지,김,예지.김@outlook.com,+1 526 459 7621,KR,Asia Pacific,Woodfurt,F,Leisure,2024-01-24 09:20:28,Non-Member,Email,False,Korean,Mastercard,,OTA Referral
1547aa38-445c-4e1f-ae2c-75e5b53e4ac6,Rhys,Roberts,rhys_roberts@gmail.com,+1 295 815 7202,QA,Middle East,New Julia,M,Leisure,2024-04-13 11:18:58,Non-Member,SMS,True,English,Visa,,Walk-in
5e5bc108-e16b-4bd7-bc5c-101a2e7b2c25,Alex,Williams,alexw@outlook.com,+1 693 333 6789,SE,Europe,Jameston,M,Group,2024-10-28 08:26:12,Non-Member,Both,False,English,PayPal,,Corporate Contract
cfd7ac82-30c8-43c9-b59b-d485047789f0,Ronald,Hughes,test@test.com,372-346-4607,US,North America,Ryanmouth,M,Leisure,2024-11-06 04:21:53,Non-Member,Email,True,English,Mastercard,,OTA Referral
e5edf242-dd69-4d61-b425-ed288ea8f9fe,Julia,Evans,juliae@gmail.com,+1 437 902 4533,EG,Africa,Kaurberg,F,Business,2021-03-31 05:35:29,Non-Member,SMS,True,English,American Express,,Walk-in
eae621ba-ca58-48f3-8925-c758ddff7448,Leon,Rogers,leon74@outlook.com,+1 215 746 6121,MX,North America,New Leonchester,M,Leisure,2019-05-15 22:26:46,Platinum,Email,True,English,Mastercard,,Walk-in
59d496dc-21ca-41c4-9889-c8dfc583816f,Samuel,Wilkinson,samuelw@gmail.com,,CA,North America,Walkerside,M,Leisure,2024-10-27 20:09:15,Gold,Email,True,English,Visa,,Website Direct
6cb0fd83-bd2c-4c48-9a38-65da8dcbf76e,Pavel,Sauer,guest@email.com,+49 327 910100,DE,Europe,Germersheim,M,Leisure,2020-05-03 14:04:16,Basic,Email,True,German,Visa,,Corporate Contract
ecfb30c5-9ca3-46a0-824b-9cd3c1102e0d,Vinzenz,Stolze,vinzenzs@gmail.com,+49 5392/098986,DE,Europe,Senftenberg,M,Leisure,2023-08-10 12:10:14,Silver,Both,False,German,Mastercard,,Phone Booking
0284c01f-2936-4f05-8165-eaa44e69b685,Priscila,Terrón,priscila.terrón@gmail.com,+1 453 853 9206,ES,Europe,Vizcaya,F,Group,2024-06-29 06:45:49,Basic,Email,False,Spanish,Visa,,OTA Referral
deee799b-8b74-4bc0-a6b0-c5e7bb15b5db,Katy,Brookes,kbrookes@icloud.com,+1 346 111 5998,CA,North America,Jenkinsburgh,F,Leisure,2019-04-17 17:50:49,Non-Member,Email,True,English,Visa,,Website Direct
a131140b-5975-452d-868a-80bab07f8782,افتكار,مهنا,افتكار_مهنا@outlook.com,+1 894 342 3840,SA,Middle East,West Yvonne,F,Group,2021-12-11 22:15:38,Gold,Email,False,Arabic,American Express,,OTA Referral
5808840a-39fe-45f9-95dc-e7efeada55fe,Jeanne,Renaud,jeanne_renaud@tyrellcorp.com,+33 617 592 2429,FR,Europe,Sainte Manonnec,F,Business,2023-09-04 20:00:29,Silver,Email,False,French,Visa,Late Check-out,Website Direct
05073ab2-9b5c-4d35-86c6-16ecd811fc91,Marcus,Fisher,marcus.fisher@gmail.com,+1 485 949 3305,CA,North America,West Helenshire,M,Business,2019-03-07 16:17:51,Silver,Email,False,English,Apple Pay,,OTA Referral
9d4033e9-5f9e-42c3-a37b-37ed6507231c,Maria,Giulietti,maria.giulietti@icloud.com,+1 231 768 7086,IT,Europe,San Fantino,F,Business,2019-02-20 16:43:58,Basic,Both,True,Italian,Visa,,Walk-in
b9e7a6c8-837d-4a9f-8c26-b68391a2309e,Charlene,Richardson,charlene.richardson@oscorp.com,+1 946 637 6128,TH,Asia Pacific,Jonesfort,F,Business,2022-07-26 15:04:02,Silver,Email,True,English,American Express,,Walk-in
d5e0c845-cbb4-439e-af33-b52d178f079f,Brian,Hewitt,brian41@outlook.com,+1 628 903 1356,CA,North America,Trevorside,M,Leisure,2023-06-16 04:05:45,Non-Member,Email,True,English,Visa,"Late Check-out, Allergies",Phone Booking
559e7cb6-1764-411e-a4a8-358b088e1acf,Billy,Shaw,billy36@gmail.com,455-477-2510,US,North America,Georgiaton,M,Family,2022-08-17 17:26:49,Gold,None,True,English,American Express,,Website Direct
8d75f057-097c-4fb0-97a3-eb2e775f1907,Ronald,Thompson,ronald_thompson@gmail.com,+1 700 932 5834,CH,Europe,Lake Maxborough,M,Family,2020-09-18 21:32:50,Gold,Email,True,English,Mastercard,,Website Direct
4a28c36f-f672-4f05-ad5b-34f7356c9e78,Joe,Carr,joe_carr@initech.com,212-164-7951,US,North America,West Christopher,M,Business,2019-05-16 16:53:40,Silver,Email,True,English,Visa,,Walk-in
896d2855-d878-4a28-ab4a-7b23f5481e7e,Hazel,Boyle,hboyle@gmail.com,+1 499 685 4673,CL,South America,Deborahmouth,F,Leisure,2020-02-21 20:35:29,Silver,SMS,True,English,PayPal,,Website Direct
f3172816-c60f-496e-8115-06f70197b4e7,Clifford,Bryant,cbryant@yahoo.com,+1 999 610 7433,NL,Europe,Marsdenton,M,Group,2021-09-19 10:33:33,Gold,Email,True,English,Google Pay,,Phone Booking
4bc9cfaa-8187-4c46-a96f-ae479e4135f9,Michelle,Young,michelley@outlook.com,+1 547 857 5399,MX,North America,New Charlenebury,F,Leisure,2024-05-19 17:08:22,Silver,Email,True,English,Visa,,Website Direct
cf5a40d2-59aa-4df8-894c-4fbce14df1ca,Jordan,Anderson,test@test.com,+1 972 965 4253,MX,North America,Kayleighchester,M,Leisure,2021-03-13 04:57:13,Platinum,Email,False,English,Mastercard,"Late Check-out, Non-smoking",Phone Booking
20f22154-a975-4e3d-8eb1-0f5c36981d03,Angela,Hunter,ahunter@example.ca,+1 481 339 2114,CA,North America,Lake Simon,F,Business,2022-01-13 13:27:36,Silver,SMS,True,English,Mastercard,,Website Direct
d75fd9d2-0d1c-4841-b4c2-b144f18af87a,William,Forster,william.forster@waynecorp.com,+1 406 223 8687,CA,North America,New Margaret,M,Business,2020-11-18 09:24:55,Basic,Email,True,English,Mastercard,,Corporate Contract
c715c712-430e-401d-b0f3-f7fdc5db9e77,Brian,Mellor,brianm@gmail.com,+1 494 552 7804,SG,Asia Pacific,North Nicholas,M,Leisure,2020-11-20 09:09:08,Gold,Email,True,English,Visa,,Walk-in
83252a17-0dec-4a57-9583-86aca5fdc9bd,Jacob,Graham,noemail@provided.com,+1 815 254 9145,MX,North America,New Abigail,M,Leisure,2020-01-25 14:43:47,Non-Member,Email,False,English,Google Pay,,OTA Referral
213ba445-afd8-494a-858a-1dd58f4d86b6,莹,卢,莹_卢@outlook.com,261 3756 3337,CN,Asia Pacific,Port Lynn,F,Leisure,2020-12-07 03:52:35,Non-Member,Email,True,Chinese,Mastercard,,Walk-in
2d46c6c2-0044-48a4-8a16-3fe8f396f25c,Daniel,Warren,danielw@gmail.com,+1 361 446 3653,MX,North America,Jenkinsburgh,M,Leisure,2023-02-12 20:04:30,Basic,SMS,True,English,Visa,,Phone Booking
a57021b4-76ff-454f-aa5a-ef414e2f02c3,Robin,Noble,test@test.com,+1 337 645 1876,CA,North America,West Kieranstad,M,Leisure,2023-05-04 03:57:11,Silver,Email,False,English,Visa,,Website Direct
d9e66b23-8f6c-49a9-85ea-8545d5637381,Amanda,Evans,aevans@globex.com,+1 482 598 1286,CA,North America,Williamsstad,F,Business,2021-12-15 21:19:30,Silver,Email,True,English,Mastercard,Non-smoking,Phone Booking
ec60e818-af11-4ee1-a8a4-151cc623c8cf,军,李,军.李@outlook.com,+86 787 0753 679,CN,Asia Pacific,West Debrachester,M,Business,2021-05-12 20:49:56,Non-Member,Email,True,Chinese,Visa,,Walk-in
788b7c66-4cd3-449a-acee-82a236e4e825,Gerard,Smith,gerard31@yahoo.com,+1 613 962 1316,MX,North America,Carlbury,M,Family,2022-01-22 03:15:26,Gold,Email,False,English,Visa,,Website Direct
fce190ed-a89d-4ee4-8274-848d49b8cb6e,Alexander,Hayes,alexander.hayes@gmail.com,(155) 896-3526,US,North America,New Charlottefurt,M,Family,2023-01-22 09:58:24,Silver,Email,False,English,Mastercard,,OTA Referral
15a6fe05-be90-430a-98ec-d1c12d3a33bf,Karl-Ludwig,Schmiedecke,karl-ludwig57@outlook.com,+49 302 934375,DE,Europe,Sangerhausen,M,Leisure,2020-01-22 19:47:08,Gold,Email,False,German,Visa,,OTA Referral
304333d6-79de-41db-a25b-632791406a07,Jacob,Jones,jjones@gmail.com,+1 647 589 5459,CA,North America,Lake Mauricestad,M,Family,2020-12-19 11:57:16,Silver,Email,False,English,Visa,,OTA Referral
c8186d0b-2535-4871-beaa-993cdec788a0,Tracy,Kelly,tracyk@outlook.com,+1 611 120 9281,MX,North America,Darrenstad,F,Leisure,2022-08-26 19:48:37,Gold,Email,True,English,Visa,,Corporate Contract
11304c7d-327b-48b8-b8c2-76122ef53028,Gerald,Harding,geraldh@gmail.com,+1 819 415 6046,CA,North America,Lake Elliott,M,Business,2021-11-20 19:17:34,Non-Member,Email,False,English,Visa,,Website Direct
841d5c58-80cb-454c-9550-0857869c1e29,Janet,Wallis,janet.wallis@outlook.com,4696 016 1370,GB,Europe,North Tinaview,F,Leisure,2021-02-25 03:51:08,Gold,Email,True,English,Mastercard,,Corporate Contract
55a37dd8-9607-4d15-89a2-a870914f03aa,Dennis,Mann,dmann@outlook.com,+1 264 418 9015,SE,Europe,Hannahberg,M,Family,2024-05-04 13:04:51,Silver,SMS,False,English,Visa,Wheelchair Accessible,Phone Booking
420f5d14-866d-46e3-a13d-6d4b0379a501,Ross,Lewis,ross_lewis@outlook.com,+91 422 877 4276,IN,Asia Pacific,South Harryview,M,Family,2023-06-10 15:22:42,Non-Member,Email,False,English,Mastercard,,Phone Booking
9ece2745-46ea-4f24-9ed7-760c2cc4b268,Danielle,Carr,danielle32@outlook.com,+61 156 620 2674,AU,Asia Pacific,Lake Dylanview,F,Group,2023-10-04 16:55:14,Basic,Email,False,English,Visa,,Corporate Contract
5d4ac3bc-54bb-47ec-ac47-d8a48371f787,Susan,Holt,susan_holt@gmail.com,+1 642 104 8208,MX,North America,Bennettton,F,Leisure,2023-09-04 16:45:22,Non-Member,Email,True,English,PayPal,,OTA Referral
7bc9f457-b746-4c50-a871-6b07973a8dc1,拓真,渡辺,拓真渡@waynecorp.com,+81 521 408 7437,JP,Asia Pacific,Kevinhaven,M,Business,2022-09-26 15:27:32,Non-Member,Email,False,Japanese,Visa,,OTA Referral
93e1717d-69fa-4960-a432-f2b63a868715,Vincent,Knight,vincent78@outlook.com,+1 627 129 9348,MX,North America,Lake Kathleenbury,M,Leisure,2020-03-15 04:13:10,Non-Member,Email,False,English,Apple Pay,,Phone Booking
58c189e2-6b64-4610-846f-7e2748d07b6f,Elizabeth,Bennett,elizabeth.bennett@yahoo.com,+1 343 913 7805,MX,North America,New Patrick,F,Group,2023-12-17 06:59:15,Basic,Email,True,English,American Express,"Wheelchair Accessible, Early Check-in",Phone Booking
89193d36-8721-4848-89dd-fec8c907ecb7,旭,萧,旭.萧@gmail.com,468 7741 8603,CN,Asia Pacific,Woodsside,M,Leisure,2019-05-27 00:34:03,Silver,Email,False,Chinese,Visa,,Corporate Contract
1a13830a-e554-4155-97ba-21150effc0ca,Klaus-Jürgen,Wilmsen,kwilmsen@gmail.com,+49 341 980038,DE,Europe,Chemnitz,M,Leisure,2023-11-03 00:54:10,Basic,Email,True,German,Visa,,OTA Referral
2ae53a5e-c6a8-437f-945a-986aadbfb82c,Aaron,Lewis,aaronl@gmail.com,+1 846 180 7480,SE,Europe,Joneshaven,M,Leisure,2022-01-16 21:57:22,Silver,Email,True,English,Mastercard,,Phone Booking
1e4d4eac-b1db-4bf3-858b-a8fa09220e8c,Brandon,Woods,brandon.woods@yahoo.com,+61 650 655 7740,AU,Asia Pacific,Lake Karenland,M,Group,2021-10-18 03:41:20,Non-Member,Email,True,English,Visa,,Phone Booking
d8059f9f-45d6-4bc2-8c0a-1d6c2d89ed9f,Shirley,Young,shirleyy@gmail.com,+1 833 516 6509,NL,Europe,North Lee,F,Leisure,2020-12-23 21:34:03,Gold,Email,True,English,Visa,,Corporate Contract
2676fc63-91ef-4389-a79b-98807ed9fbe3,Kirsty,Taylor,kirsty_taylor@initech.com,+61 938 794 1775,AU,Asia Pacific,East Lauren,F,Business,2024-02-02 13:38:23,Basic,SMS,False,English,Apple Pay,,Phone Booking
5fe7e92b-0f19-4b0d-ad50-075868db0fdb,Jeffrey,Green,jeffrey_green@globex.com,3146 341 4413,GB,Europe,Geoffreychester,M,Business,2024-07-02 22:49:48,Basic,Email,True,English,Mastercard,,Walk-in
8c48112c-fba5-4f89-a83e-4f3b1988ec0f,Christopher,Thomas,christopher_thomas@gmail.com,+1 707 199 8918,SE,Europe,Jeanburgh,M,Leisure,2024-01-26 11:11:31,Basic,Email,True,English,American Express,,Walk-in
dc18be25-bc77-4bf8-b6a4-ce427d08072f,Trevor,Lee,tlee@gmail.com,+61 962 273 4424,AU,Asia Pacific,West Amystad,M,Leisure,2022-02-06 10:05:55,Gold,Email,True,English,American Express,,Walk-in
9c0310e0-733b-40b3-af9c-7b0e4b28dd87,Ruth,Benson,ruth_benson@hotmail.com,+1 669 601 2345,CA,North America,Danielfort,F,Family,2023-11-18 02:15:06,Basic,Email,True,English,Visa,,Phone Booking
967acc28-68f1-4e4b-b80f-1ba97680fdf3,Natasha,Jackson,natasha_jackson@gmail.com,+1 569 617 5789,SE,Europe,East Josephhaven,F,Family,2019-11-04 18:08:26,Basic,Email,True,English,Visa,,Corporate Contract
68835a07-2037-4ede-9a9e-831f0de0fa19,Brett,Fuller,bfuller@initech.com,+1 198 439 1846,CL,South America,South Camerontown,M,Business,2019-09-28 17:49:15,Gold,SMS,True,English,Visa,,Phone Booking
7ea3c99c-7806-40e4-89c5-71a2053812f5,Iain,Holt,iain.holt@gmail.com,+1 268 393 9140,CA,North America,North Patriciahaven,M,Leisure,2024-06-12 00:08:10,Basic,Email,True,English,Visa,,Corporate Contract
5eee02b0-a399-4e84-b6d6-997d9a073dfb,Harry,Jones,harry34@tyrellcorp.com,709-024-7581,US,North America,Lake Janiceside,M,Business,2019-09-18 04:54:21,Silver,Email,True,English,Visa,,Corporate Contract
2bf11000-18b2-42fd-9673-38549f4b3c89,Tina,Ingram,tingram@gmail.com,+1 482 128 1260,NL,Europe,Port Patricia,F,Leisure,2021-04-17 02:30:05,Platinum,Email,True,English,Visa,,Website Direct
8d093895-e1e3-4203-b9ed-ae6a57b14da6,Roy,Ford,rford@gmail.com,+1 493 612 2398,TH,Asia Pacific,West Lesleyfurt,M,Group,2021-06-20 02:49:33,Non-Member,Email,True,English,Visa,,Phone Booking
e2726282-a328-42a6-8886-ceb55a207d5f,Catherine,Martin,catherine_martin@globex.com,+91 695 346 1793,IN,Asia Pacific,Fitzgeraldton,F,Business,2023-08-22 13:30:30,Basic,SMS,True,English,Google Pay,,Phone Booking
5e2ef713-8d11-4306-9208-cefd235b4097,Albert,Johnson,albert.johnson@starkindustries.com,508-221-5335,US,North America,East Rosie,M,Business,2024-05-09 17:00:32,Basic,Email,True,English,Mastercard,,Corporate Contract
8f3388f0-bf16-48b2-9c7a-eb46df835d67,さゆり,佐藤,さゆり佐@outlook.com,+81 570 187 5558,JP,Asia Pacific,Port Elizabeth,F,Family,2021-01-19 19:20:03,Platinum,Both,True,Japanese,Mastercard,,Corporate Contract
f8666294-cc1c-4456-b31e-c00124740e6e,Terry,Young,tyoung@outlook.com,+1 197 331 2230,CA,North America,Port Chelseamouth,M,Business,2020-11-08 01:59:04,Gold,Email,False,English,Mastercard,,Corporate Contract
42917018-5e2f-45f4-9855-19a454521152,Nicholas,Macdonald,nicholas5@gmail.com,000-000-0000,MX,North America,West Jordanhaven,M,Family,2020-01-08 08:48:56,Silver,Email,False,English,Visa,,OTA Referral
1f2d1526-89d0-4041-8ce4-e5255f36f39b,Jennifer,Dickinson,jennifer_dickinson@yahoo.com,217-450-1211,US,North America,Watkinsport,F,Leisure,2024-01-26 20:13:12,Non-Member,SMS,True,English,Mastercard,,Walk-in
48b7a01e-600e-4fbe-92f2-bc360da82487,Lynda,Brown,lyndab@starkindustries.com,+91 750 963 1342,IN,Asia Pacific,Amberville,F,Business,2019-01-10 01:52:42,Gold,Email,False,English,Visa,,Website Direct
f4cac944-af84-4de7-9660-82a3fa255c54,Jason,Reeves,jason.reeves@gmail.com,7163 618 0441,GB,Europe,New Brett,M,Leisure,2024-06-18 14:54:50,Gold,SMS,True,English,PayPal,,Corporate Contract
625f42e0-9a24-4ed4-802c-e3ddbc886bfb,Arnulfo,Donati,arnulfod@yahoo.com,+1 537 369 1126,IT,Europe,Oncino,M,Group,2023-09-12 08:59:51,Basic,Email,True,Italian,Visa,,Website Direct
d4f7b23e-5545-4056-a73c-02607630b217,صدر الدّين,آل خضير,صدر الدّين92@hotmail.com,+971 160 571 2869,AE,Middle East,North Kevin,M,Leisure,2022-01-24 17:00:26,Basic,Email,True,Arabic,Mastercard,,Walk-in
3345dfe5-fb63-4a74-a6ad-07ce99c792d2,Burkard,Hornig,burkard.hornig@outlook.com,+49 8956/416222,DE,Europe,Brilon,M,Leisure,2024-07-23 09:30:21,Platinum,None,True,German,American Express,,Walk-in
f798b9c4-cb2b-4541-9d0b-fed2c33c282f,Gianluca,Mancini,gianluca.mancini@dummycorp.com,+1 909 721 6526,IT,Europe,Bagnoli Irpino,M,Business,2023-04-13 13:09:32,Silver,Email,True,Italian,Visa,,Corporate Contract
87cec93e-8531-4470-b4d0-b49c0ac7a7b0,結衣,村上,結村上@starkindustries.com,+81 664 507 5041,JP,Asia Pacific,Juneville,F,Business,2024-03-28 17:59:11,Silver,SMS,False,Japanese,PayPal,,Walk-in
7cc80370-fd39-4ea1-9f8a-64d43cdde406,Lorraine,Carpenter,lorraine.carpenter@gmail.com,+1 275 767 5344,MX,North America,West Hollie,F,Leisure,2020-10-24 03:24:39,Non-Member,Email,False,English,Visa,,Corporate Contract
ddfe6415-ef26-4542-9bd4-480d4856fec3,영철,문,영문@gmail.com,+1 509 331 2494,KR,Asia Pacific,Baileyborough,M,Business,2024-01-08 21:31:54,Non-Member,Email,True,Korean,PayPal,,Walk-in
936b6edf-e78b-4f9c-a2f3-0b9b4d3cc68c,Lesley,Barnett,lesley.barnett@gmail.com,2043 434 9728,GB,Europe,North Neil,F,Family,2020-09-02 13:53:49,Gold,Email,True,English,Visa,Allergies,Corporate Contract
62b5ed65-fc0e-4349-ac99-a1bcb676e45c,Jodie,Lawson,jodiel@outlook.com,+44 3901 796670,GB,Europe,South Suzanneport,F,Leisure,2023-04-02 21:03:22,Non-Member,Both,False,English,Visa,,Website Direct
85126378-a081-48f0-b928-f2606b230915,Ben,Butler,ben15@cyberdyne.com,+61 206 924 7434,AU,Asia Pacific,Adamland,M,Business,2024-03-19 20:00:25,Non-Member,Email,True,English,Apple Pay,,Phone Booking
1e647e90-9134-4467-af8e-0d2c351d06bd,Maggie,Bègue,mbègue@yahoo.com,+33 538 658 8014,FR,Europe,Andre,F,Leisure,2022-02-06 10:00:49,Gold,Email,True,French,PayPal,,Website Direct
b0631bb3-361b-4620-9146-8e6743bb7740,Joshua,Greenwood,jgreenwood@gmail.com,+1 314 264 3754,MX,North America,Irenebury,M,Leisure,2019-08-05 06:50:37,Silver,Email,False,English,Mastercard,,Walk-in
e40d9d47-db5c-447c-acb0-6a681185d388,Mandy,Jones,mandy_jones@hotmail.com,+1 778 342 4403,CA,North America,Thomasview,F,Family,2022-05-26 14:24:28,Silver,Email,False,English,Mastercard,,Corporate Contract
80b15643-72ac-4027-b699-e4db6283d929,Paul,Hutchinson,paul.hutchinson@gmail.com,+61 206 138 4600,AU,Asia Pacific,Lake Jakebury,M,Leisure,2023-10-26 06:11:55,Silver,SMS,True,English,Visa,,Walk-in
65e0ab0d-30dd-41ed-b170-9e4b9f4ab1ef,Catherine,Saunders,catherines@gmail.com,+1 667 972 7867,SG,Asia Pacific,Rebeccabury,F,Leisure,2020-01-09 11:04:20,Basic,Email,True,English,Visa,,OTA Referral
fe171be3-57be-400c-8564-665925ec5bc2,Leah,Thompson,leaht@gmail.com,+1 355 350 4172,QA,Middle East,Russellside,F,Family,2020-07-09 09:59:02,Basic,SMS,False,English,Visa,,Walk-in
6289a969-9bd8-42d7-9628-93f74b029f6a,Colin,Richards,colin_richards@gmail.com,(783) 531-6288,US,North America,North Scottbury,M,Leisure,2020-07-14 11:37:28,Basic,Email,True,English,Visa,"Early Check-in, High Floor",OTA Referral
3a338fbb-47e2-45fb-93ca-51f802d8d9ff,Achim,Nohlmans,achim_nohlmans@yahoo.com,+49 4652/618453,DE,Europe,Pinneberg,M,Family,2023-01-16 11:23:24,Basic,Email,True,German,Mastercard,,Corporate Contract
30729fc4-7314-4987-94e8-e9581ec325d5,José,Pozuelo,josé_pozuelo@gmail.com,+1 935 981 5430,ES,Europe,Albacete,F,Leisure,2023-09-16 08:27:30,Basic,Email,True,Spanish,Mastercard,,Walk-in
7c5c2388-2f08-4d95-92ae-25c3eac72345,Garry,Harper,garryh@icloud.com,+1 767 458 8564,MX,North America,Campbellfort,M,Leisure,2020-11-30 12:18:44,Basic,Email,False,English,Visa,,Corporate Contract
75131aaf-d2c2-4493-bfdd-749e89769be9,Charlene,Lawrence,charlene56@gmail.com,+1 354 867 6228,CA,North America,Lake Shane,F,Leisure,2024-11-13 01:21:01,Non-Member,Email,True,English,Visa,"Early Check-in, High Floor",OTA Referral
3b7ba28c-f104-4d22-a202-8a4be88c6b16,Elliot,Bartlett,elliot_bartlett@gmail.com,+1 636 948 3623,SE,Europe,South Deanland,M,Leisure,2022-09-21 21:34:13,Non-Member,Email,True,English,Apple Pay,"Non-smoking, Late Check-out",OTA Referral
3b7cb4c1-bb45-4859-a07b-cafd43978e45,Nicole,Murphy,nicole82@oscorp.com,+1 124 563 3476,QA,Middle East,South Carolynborough,F,Business,2022-01-27 16:46:12,Gold,Email,True,English,Visa,,Phone Booking
911632f2-8e89-4c68-bdfd-d6bd74f67e1b,荣,马,荣.马@acme.com,346 2338 8088,CN,Asia Pacific,Lake Harrietbury,F,Business,2023-08-03 15:39:35,Gold,Both,False,Chinese,Visa,"High Floor, Early Check-in",Walk-in
7a29126c-52fb-487c-93fd-3749854c3e56,Max,Walsh,max71@gmail.com,+61 222 790 5999,AU,Asia Pacific,Bethanyton,M,Group,2024-02-29 03:48:52,Silver,Email,False,English,Visa,,OTA Referral
3c90d167-e868-4ea2-a323-0794d4ebd9f8,Fiamma,Soffici,fsoffici@starkindustries.com,+1 823 671 5479,IT,Europe,Scauri,F,Business,2022-10-13 23:01:53,Silver,Email,True,Italian,Visa,,Walk-in
c09f2fd5-0c26-4ef9-8437-fd001d830da7,은서,강,은서.강@icloud.com,+1 176 725 1881,KR,Asia Pacific,Mohamedshire,F,Business,2022-03-11 07:03:12,Basic,Email,True,Korean,Mastercard,,Walk-in
5bbc5f33-760e-49dc-a2e4-f0edec8f7fad,Clare,Davidson,cdavidson@gmail.com,+1 195 417 3773,CH,Europe,South Albertberg,F,Group,2020-06-30 15:40:32,Basic,SMS,True,English,Mastercard,,Walk-in
415b1936-02a1-48e5-883c-6fdbf8b4bd6f,Robert,Vaughan,robert_vaughan@gmail.com,9002 631 1159,GB,Europe,East Jackhaven,M,Leisure,2020-11-22 10:22:38,Basic,Email,False,English,American Express,,Phone Booking
00f38652-e9d4-4c71-b603-d0d1cc0c32f9,丹丹,陆,丹丹陆@yahoo.com,,CN,Asia Pacific,Newtonland,F,Leisure,2019-05-26 18:34:26,Non-Member,Email,True,Chinese,Mastercard,,OTA Referral
db1228ed-1aaa-40e9-b2dc-ee3ac3ba2647,Plinio,Castellanos,plinio.castellanos@oscorp.com,+1 519 838 2412,ES,Europe,Córdoba,M,Business,2023-05-16 10:58:35,Non-Member,Email,True,Spanish,Mastercard,,Phone Booking
a4bace25-35f2-45e8-b21c-cc15d2d0ff18,Chelsea,Rogers,chelsea60@gmail.com,+1 914 548 8020,CH,Europe,Wilsonhaven,F,Group,2023-01-08 11:37:19,Non-Member,Email,True,English,Visa,,Website Direct
56671a4b-2121-4a97-b821-c8d08a1dbac9,Shannon,Cox,shannon.cox@globex.com,+1 405 352 8008,CA,North America,New Henry,F,Business,2020-09-14 03:29:04,Silver,Email,False,English,Visa,Wheelchair Accessible,Website Direct
71de66cc-76e9-4de5-9006-3dc4c782edfc,Lorraine,Randall,test@test.com,+1 145 152 6725,MX,North America,North Alanshire,F,Leisure,2019-02-05 20:52:59,Basic,Email,False,English,Visa,Allergies,Walk-in
e2f6cffb-fe40-4c01-a9ba-343ed56e2d05,성수,배,성수_배@outlook.com,+1 962 596 3977,KR,Asia Pacific,Thomasmouth,M,Group,2019-09-05 21:27:58,Gold,Email,True,Korean,Mastercard,,Phone Booking
98bb6b2f-895f-44a0-b2a9-f10c74fab118,Leon,Gray,leon.gray@cyberdyne.com,+1 230 492 4189,CA,North America,West Jayneland,M,Business,2021-10-22 12:36:10,Silver,Email,True,English,Visa,,Walk-in
bd420ba2-a1f6-4680-af29-2a466db9c5f7,Josh,Murray,josh4@dummycorp.com,(867) 947-3973,US,North America,North Natasha,M,Business,2024-03-29 05:32:15,Non-Member,SMS,False,English,Apple Pay,,Website Direct
1014c97f-6ffe-4a62-84f8-be08d67921e6,洁,田,洁田@gmail.com,278 3313 5767,CN,Asia Pacific,Billyberg,F,Leisure,2022-05-17 07:12:27,Platinum,SMS,False,Chinese,Mastercard,Wheelchair Accessible,Website Direct
0522e34e-22ef-4ae6-b812-1fcde7fb0793,Edward,Wright,edward_wright@icloud.com,+1 988 795 4247,SE,Europe,East Juneview,M,Family,2022-06-11 16:40:09,Basic,Email,True,English,American Express,,OTA Referral
37397ade-e768-47e8-9161-80133d849eec,Danielle,Perkins,dperkins@umbrellacorp.com,+1 597 266 1456,TH,Asia Pacific,Mollytown,F,Business,2023-05-10 11:41:00,Basic,SMS,True,English,Visa,,Walk-in
b7ce3580-0cb1-4528-a6f0-9ef6cdebfa02,Natalie,Wall,natalie_wall@outlook.com,198-719-5348,US,North America,New Conorbury,F,Leisure,2019-12-29 18:03:03,Basic,SMS,True,English,Visa,,Walk-in
85b112f3-2bf4-4f53-a287-b647c134a4b6,Patrick,Harvey,pharvey@gmail.com,(442) 677-2712,US,North America,Rosieview,M,Business,2024-08-21 20:00:38,Basic,SMS,False,English,Mastercard,,OTA Referral
b77872f1-b436-4773-aad7-a38afce107d4,Elizabeth,Bishop,elizabethb@outlook.com,+1 265 781 8647,SE,Europe,East Kirstybury,F,Leisure,2023-07-22 12:24:47,Basic,Email,True,English,PayPal,,Walk-in
5d8ba0bc-fc6b-4275-9bd3-b1000df16511,Rosie,Collins,rosiec@outlook.com,+1 463 310 2238,MX,North America,Port Ben,F,Leisure,2020-01-26 19:49:07,Platinum,Email,True,English,Visa,,Phone Booking
0977c779-a1fb-4ffa-ad43-8f242323e4fe,Dean,Perry,deanp@gmail.com,+91 895 892 9761,IN,Asia Pacific,Jayport,M,Leisure,2019-01-19 08:14:23,Gold,Email,True,English,Mastercard,,Phone Booking
87b6a554-df9a-4807-92ae-e9ebafbfe18b,Diane,Roberts,droberts@oscorp.com,+1 520 313 9402,NL,Europe,New Elliot,F,Business,2022-04-18 16:45:08,Non-Member,Email,True,English,Visa,Late Check-out,Corporate Contract
006fda2c-cf8b-4e21-b1ad-38cb4d8d8ef9,Dennis,Hall,dennish@gmail.com,+1 988 328 1031,SG,Asia Pacific,McCarthyton,M,Leisure,2022-07-16 19:09:43,Gold,SMS,True,English,Google Pay,,Corporate Contract
e08206a9-39af-4120-aa4c-4aa002584dc9,康弘,藤原,康弘.藤原@globex.com,+81 567 837 5168,JP,Asia Pacific,West Rosemarychester,M,Business,2022-12-16 20:00:31,Non-Member,Email,False,Japanese,American Express,,OTA Referral
4ad74ac7-05e9-4bf8-ad80-0429fc226002,Teresa,Hayes,teresa_hayes@yahoo.com,+1 127 746 8558,CA,North America,East Abigail,F,Leisure,2023-06-01 10:51:46,Non-Member,Both,False,English,Visa,,OTA Referral
9578dcc1-2308-4093-a54d-d302352a73a6,Lauren,Thompson,lauren_thompson@gmail.com,+1 451 699 7453,CH,Europe,Huntburgh,F,Leisure,2019-07-17 05:00:36,Silver,Email,False,English,Visa,,OTA Referral
c30b4bd8-97e5-4413-839b-2402caa1ceff,Maxi,Barral,mbarral@gmail.com,+1 288 607 2061,ES,Europe,Guipúzcoa,F,Business,2022-11-25 21:09:02,Gold,Both,True,Spanish,American Express,,Phone Booking
48d61e1b-729f-4b98-ad0a-c12cf9c926fe,Heinz-Werner,Seifert,heinz-werners@oscorp.com,+49 8164/205332,DE,Europe,Kyritz,M,Business,2022-01-31 04:34:02,Silver,SMS,True,German,Mastercard,,Website Direct
7e903da1-0eb6-4517-b76c-1d881f55a16e,Ronald,Chamberlain,ronald.chamberlain@hotmail.com,+1 397 902 4564,SE,Europe,Atkinsbury,M,Leisure,2021-08-15 18:08:03,Silver,Email,False,English,Mastercard,"High Floor, Early Check-in",Phone Booking
bd0696a1-0835-4205-ac17-cb0327a5d3d9,Patrick,Tomlinson,patrick.tomlinson@gmail.com,+1 468 458 4973,MX,North America,Andersonside,M,Leisure,2021-10-09 09:02:52,Non-Member,Email,True,English,Mastercard,,Walk-in
d960ec4e-ff12-44a7-904a-5b69216caa30,Rodolfo,Bernat,rodolfob@gmail.com,+1 719 509 6320,ES,Europe,Valencia,M,Leisure,2021-07-09 15:08:11,Platinum,Email,False,Spanish,Visa,,Corporate Contract
f8c52d83-89fa-4069-b13d-f0365427510a,Ryan,Dale,rdale@icloud.com,+1 115 279 2422,CA,North America,West Olivia,M,Leisure,2020-09-30 05:43:32,Silver,Email,True,English,Visa,,Walk-in
2bc2b6a0-a07e-4481-b5fb-c6e8a2ae8ffb,Damian,Williams,damianw@yahoo.com,+1 784 254 8278,CH,Europe,South Jayne,M,Leisure,2022-04-23 08:34:57,Platinum,Email,False,English,Google Pay,,Phone Booking
3c8a5af5-39d5-4e4c-a927-970fe187f5df,병철,박,병박@icloud.com,+1 166 709 2546,KR,Asia Pacific,Smithmouth,M,Family,2020-09-15 17:31:01,Non-Member,Email,False,Korean,Mastercard,"Late Check-out, Wheelchair Accessible",Walk-in
1f535b25-b942-4ef8-b64e-c7f5ac132f33,Simon,Day,simon.day@gmail.com,+1 154 265 6144,NL,Europe,Port Jeremymouth,M,Family,2019-11-07 14:42:25,Gold,Email,True,English,Mastercard,,Website Direct
20276571-7b15-47b6-b375-eca405341d07,Maurice,Edwards,maurice83@outlook.com,+1 719 260 4227,TH,Asia Pacific,North Hollymouth,M,Leisure,2024-11-14 08:06:22,Non-Member,SMS,False,English,Mastercard,,Corporate Contract
f268a601-d2ca-4f7d-a2bc-42642efc6b44,미영,노,미영.노@gmail.com,+1 341 805 8230,KR,Asia Pacific,East Brenda,F,Leisure,2022-11-26 01:44:26,Basic,Email,True,Korean,American Express,,Website Direct
d4a0b65f-f3bd-4146-9a16-fa37f8c1e004,Philip,Adams,padams@cyberdyne.com,+91 763 502 6218,IN,Asia Pacific,New Katy,M,Business,2021-05-24 13:42:39,Non-Member,Email,False,English,Apple Pay,,Corporate Contract
f9c875eb-5a26-48b0-a808-e4b027916871,Frank,Adams,franka@gmail.com,454-132-3357,US,North America,Robertsport,M,Leisure,2023-03-12 09:41:38,Gold,Email,True,English,Visa,,Website Direct
7d38de40-b5f7-4cfa-b531-9660e1c50d5a,桂荣,梁,桂梁@icloud.com,+86 420 6487 914,CN,Asia Pacific,Katybury,F,Leisure,2019-08-26 00:47:29,Basic,Email,True,Chinese,Visa,,OTA Referral
f70d6f16-79a9-4bce-89ce-c11e1248e672,Naomi,Lucas,naomi33@initech.com,+1 603 824 3877,CA,North America,East Simonburgh,F,Business,2022-08-04 11:26:54,Basic,Email,True,English,Visa,,Walk-in
96ff533f-efdf-4441-a825-f8e2748c2331,Edward,Richardson,edward_richardson@gmail.com,+1 842 899 2825,CH,Europe,Chelseaside,M,Family,2022-11-22 14:58:36,Platinum,Email,True,English,Mastercard,,Walk-in
c6d68739-da9b-4607-8e76-60637d751e18,Ben,Connor,ben27@globex.com,+1 559 310 9309,SG,Asia Pacific,New Gillian,M,Business,2022-07-22 03:53:16,Non-Member,Email,True,English,Mastercard,,Website Direct
b8adb8b2-02f3-42b5-bece-368be211194b,建,李,建_李@dummycorp.com,+86 294 7578 606,CN,Asia Pacific,South Kenneth,M,Business,2022-07-15 12:00:02,Silver,Email,False,Chinese,Apple Pay,,Walk-in
29579e50-3b52-424f-ad24-a94803849fc9,Dylan,Vincent,dylan.vincent@gmail.com,+1 612 876 7181,MX,North America,Abdulview,M,Leisure,2021-08-11 07:33:01,Non-Member,SMS,False,English,PayPal,"Early Check-in, Non-smoking",OTA Referral
e835ec90-eb3f-4789-bdd4-2bfc8cb6913a,Victoria,Williams,victoria_williams@hotmail.com,+1 178 564 7553,SE,Europe,West Gregory,F,Leisure,2024-05-08 05:36:21,Non-Member,Email,False,English,Visa,"Allergies, Late Check-out",Walk-in
8a076484-9208-419f-810a-50a2280e2ee4,Eric,Hall,eric_hall@outlook.com,3435 477 2580,GB,Europe,Rosieland,M,Business,2023-03-19 14:01:35,Basic,Email,True,English,Visa,,Corporate Contract
5f68bcbb-feab-4c84-bf7e-7651f85b5de7,Linda,Thomas,linda_thomas@yahoo.com,+44 5320 735706,GB,Europe,North Jemma,F,Business,2022-07-14 11:24:37,Silver,Email,True,English,Mastercard,Wheelchair Accessible,Website Direct
8f0d29be-d66e-4ef3-9ec1-649e7f659840,Marion,Clark,marion.clark@outlook.com,+1 315 739 2101,CH,Europe,Lake Dannychester,F,Family,2019-09-15 13:13:56,Gold,Email,False,English,Visa,,OTA Referral
2704a1e7-06c1-4605-b39f-373b143edb02,Mohammad,Harper,mohammad79@gmail.com,+1 991 411 5922,CA,North America,West Adrian,M,Leisure,2024-10-20 11:54:02,Non-Member,SMS,True,English,Mastercard,High Floor,Corporate Contract
5b2ee052-2a3c-4d50-b006-a02c411ae479,Laura,Robinson,test@test.com,471-562-0313,US,North America,Suzanneville,F,Business,2024-12-03 15:03:43,Silver,Email,True,English,Mastercard,,Website Direct
bd1c3080-2d46-4c9e-913e-648753340154,숙자,송,숙자.송@outlook.com,+1 497 324 1609,KR,Asia Pacific,Robinville,F,Business,2020-04-30 13:51:28,Platinum,Email,False,Korean,Mastercard,,Website Direct
72d50a6d-838a-4586-bb76-5135c134ffbf,Stanley,Price,stanley_price@yahoo.com,+1 864 329 8146,TH,Asia Pacific,East Anneshire,M,Business,2019-05-20 04:49:32,Gold,SMS,True,English,Visa,,Corporate Contract
b6e1bd28-6f80-4d5f-a8c6-581974d56722,Thibault,Paul,tpaul@outlook.com,+33 135 785 2387,FR,Europe,Blanc,M,Leisure,2021-02-24 08:39:34,Gold,Email,True,French,Mastercard,,Corporate Contract
db347ab0-96ed-493b-afa0-997da59bbc4d,Anna,Rose,anna.rose@gmail.com,+61 941 855 6572,AU,Asia Pacific,Mannhaven,F,Family,2022-06-06 23:00:41,Basic,Email,False,English,Mastercard,,Phone Booking
ef806428-9261-4745-83d3-66e31d3c742b,Jamie,Todd,jamiet@starkindustries.com,+1 385 964 6060,CH,Europe,East Paigeland,M,Business,2022-12-15 05:21:42,Silver,Email,True,English,Visa,,Website Direct
643d081e-eae0-435a-9e0d-21498f1e6536,Rosie,Cooper,rosie.cooper@umbrellacorp.com,+1 181 845 3667,SG,Asia Pacific,Lake Guyhaven,F,Business,2022-09-22 04:51:20,Platinum,SMS,False,English,Visa,,Corporate Contract
b25e80f6-5052-444d-a5b1-bc3e8044830b,Eileen,Johnson,eileen_johnson@gmail.com,000-000-0000,US,North America,North Victorchester,F,Leisure,2024-05-17 13:50:59,Basic,SMS,True,English,Mastercard,,Website Direct
82cf5e6d-5a81-47d6-90c4-fff61322c857,Elaine,Edwards,noemail@provided.com,761-755-1867,US,North America,New Stephen,F,Business,2021-04-05 00:42:03,Non-Member,Email,True,English,Google Pay,,Walk-in
b4e73c8e-8959-46b5-a13c-e32386d95b57,Ermanno,Marino,ermannom@gmail.com,+1 835 943 1675,IT,Europe,Moline,M,Leisure,2024-09-06 03:55:56,Non-Member,Email,False,Italian,Mastercard,,Corporate Contract
3e85932f-9129-46ba-bf17-017dbb14fc8d,Glen,Miller,gmiller@starkindustries.com,(636) 406-1295,US,North America,Jonathanfurt,M,Business,2019-06-26 18:41:58,Non-Member,Email,True,English,Visa,,Corporate Contract
3b4dc8d1-cb19-479d-b43e-cf030f445734,Joshua,Newton,joshua_newton@yahoo.com,+1 627 575 3534,TH,Asia Pacific,North Glennstad,M,Business,2022-02-01 13:23:24,Non-Member,SMS,True,English,Visa,,OTA Referral
d582b128-7b86-4af3-a8ad-c38675caf5d6,Encarnita,Borja,eborja@waynecorp.com,+1 166 471 3613,ES,Europe,Huelva,F,Business,2020-06-02 06:33:12,Silver,Email,True,Spanish,Mastercard,,Phone Booking
4d1bab07-0b9e-47f3-8ecc-e010c455c23c,Steven,Hill,stevenh@gmail.com,+1 951 836 3459,MX,North America,Bradleychester,M,Leisure,2020-01-03 04:27:03,Basic,Email,False,English,Visa,,Corporate Contract
154c4ec5-aa99-4671-847c-0c43d4eef39a,René,Cordier,rené.cordier@gmail.com,+33 207 106 8195,FR,Europe,Gros,M,Leisure,2020-10-24 20:10:42,Gold,Email,False,French,Mastercard,,Corporate Contract
b3c4180e-da46-4500-80c1-7c611a7cfcb5,Roger,Bennett,roger36@waynecorp.com,+1 818 539 4226,QA,Middle East,Mollyview,M,Business,2019-07-05 02:22:50,Non-Member,SMS,False,English,American Express,,OTA Referral
31c9debf-c5ce-4b57-9e6d-8c8419714390,서연,최,서연61@hotmail.com,+1 668 724 4344,KR,Asia Pacific,East Tomshire,F,Family,2021-01-16 06:11:40,Non-Member,Email,True,Korean,Mastercard,,Corporate Contract
1a8da6e0-6b59-42fe-9592-b4c7fb188d84,فضل,شربتلي,فضل.شربتلي@gmail.com,+971 915 614 7279,AE,Middle East,Burrowsberg,M,Leisure,2024-06-27 02:20:12,Basic,Email,False,Arabic,Visa,,Website Direct
bbd4c461-188b-4474-b554-7b415c51d800,Gordon,Miller,gmiller@icloud.com,+1 285 828 4340,MX,North America,Adrianchester,M,Family,2019-09-01 00:44:46,Silver,Email,True,English,Visa,,Website Direct
ac702876-00fc-4f9e-8a31-5ac29ee4ee23,裕樹,山田,裕樹.山田@icloud.com,+81 278 279 3810,JP,Asia Pacific,Miahside,M,Group,2019-04-20 17:37:50,Silver,Email,True,Japanese,Mastercard,Wheelchair Accessible,Phone Booking
7f27b97d-c015-4a19-933b-ccb029abfef3,Zoraida,Acevedo,zoraida2@gmail.com,+1 803 674 6490,ES,Europe,Baleares,F,Leisure,2022-04-30 19:04:06,Non-Member,SMS,False,Spanish,Mastercard,,OTA Referral
2164ed3d-668e-4a6f-85e7-f010d6b1b9ac,Damian,Campbell,dcampbell@gmail.com,+1 780 798 2398,MX,North America,Wallmouth,M,Leisure,2024-09-09 21:30:10,Basic,Email,True,English,Visa,,Corporate Contract
dafa36c3-4a57-46fe-980d-7668d2e398cc,Alison,Murphy,amurphy@hotmail.com,+1 162 824 4192,MX,North America,South Gavinburgh,F,Leisure,2022-02-20 08:01:40,Non-Member,Email,True,English,Mastercard,,Corporate Contract
10b66d9f-4554-4468-8888-abe0a3cd6fa3,Maria,Mills,mariam@starkindustries.com,+1 202 515 2553,MX,North America,West Helen,F,Business,2020-11-27 06:12:03,Basic,Email,True,English,Visa,,Corporate Contract
0079b95b-800b-44fa-a8ee-1b1f1bcd50ce,Haroldo,Peral,haroldo1@gmail.com,+1 500 626 4068,ES,Europe,Navarra,M,Leisure,2020-12-05 10:42:47,Basic,Email,False,Spanish,Mastercard,,OTA Referral
861daa5d-50c6-4563-87ee-fbe62cae488b,Frederick,Jones,frederick.jones@gmail.com,+1 210 601 9647,CA,North America,South Charles,M,Leisure,2020-08-26 03:32:02,Silver,Email,True,English,Visa,,Website Direct
53ca9672-799e-42c9-8fcc-ba726167a5e3,Andrea,Farmer,andrea43@yahoo.com,+1 100 171 4942,MX,North America,Simmonsborough,F,Group,2020-01-09 01:04:49,Non-Member,Email,True,English,American Express,,Website Direct
a712f241-7e59-46d6-aef6-cd907f27dcf7,Jacob,Burgess,jacob33@hotmail.com,+1 317 148 3959,MX,North America,Ashleyhaven,M,Leisure,2023-08-19 01:55:38,Non-Member,SMS,True,English,Visa,,Website Direct
ec49caed-f06d-4276-8100-69de9cee61f8,Sara,Marshall,smarshall@initech.com,+1 805 423 1061,CA,North America,New Karl,F,Business,2024-06-26 05:26:17,Silver,Email,True,English,Visa,,Website Direct
1dac1d52-a276-4642-940e-efaa9b29be82,Étienne,Jacquot,étienne_jacquot@globex.com,+33 999 538 3976,FR,Europe,Paris,M,Business,2020-07-27 12:19:05,Silver,Email,False,French,American Express,,Website Direct
46529524-1df5-4023-bca2-9df4416cbe54,Maggie,Guillaume,mguillaume@gmail.com,+33 980 719 9904,FR,Europe,Morvan,F,Group,2020-08-25 02:56:48,Silver,Both,False,French,Visa,Wheelchair Accessible,OTA Referral
620e2b7a-aebf-419e-90fb-9b54eeae3b8b,Gavin,King,gavin14@outlook.com,(994) 979-9807,US,North America,Charlenechester,M,Family,2023-05-06 03:24:24,Non-Member,Email,False,English,Mastercard,,Corporate Contract
f52b2b93-3f3b-41a3-babc-64e151c32e8e,Claire,Mason,clairem@starkindustries.com,(773) 654-4824,US,North America,Fisherside,F,Business,2019-03-22 22:22:46,Gold,SMS,True,English,American Express,,Corporate Contract
ab754fe5-3034-46a6-9297-0807a9f83ee7,雪,周,雪.周@hotmail.com,929 6170 9315,CN,Asia Pacific,East Nicholas,F,Leisure,2022-06-22 04:52:36,Gold,SMS,True,Chinese,Visa,,OTA Referral
c1197d4b-6d3e-446c-8545-23f12f29aec6,لاما,العقيل,لالعقيل@acme.com,000-000-0000,AE,Middle East,Bibiberg,F,Business,2022-01-12 00:12:20,Non-Member,Both,False,Arabic,Mastercard,,Corporate Contract
fc377e26-3c28-4b77-b71d-0f5218e8eb57,Patrick,Connolly,patrick_connolly@outlook.com,+1 664 804 3816,NG,Africa,Cliffordfort,M,Business,2021-08-19 07:41:32,Silver,Email,False,English,Visa,,Walk-in
688f9ba9-9a84-4dfb-a859-5c41c4f4a1f6,Damian,Jones,djones@cyberdyne.com,+1 177 570 3616,MX,North America,Davieschester,M,Business,2021-01-07 07:02:40,Gold,Email,True,English,Visa,,OTA Referral
f15a2e82-ab3d-4387-9806-026d79cbc43b,Elliott,Williams,elliott.williams@gmail.com,+91 863 694 2309,IN,Asia Pacific,Leonardshire,M,Leisure,2022-01-09 14:21:25,Non-Member,Email,True,English,American Express,,Phone Booking
b6457cbf-1032-4cfe-8933-196ddc1caee8,Sharon,Vincent,sharon.vincent@globex.com,+61 954 819 4285,AU,Asia Pacific,Gavinborough,F,Business,2019-10-07 22:27:34,Basic,Both,False,English,Visa,,OTA Referral
844148f6-336a-47c4-88ed-44ead8b1a885,أغاريد,الجابر,أغاريدا@yahoo.com,+1 719 127 1606,SA,Middle East,Nataliehaven,F,Leisure,2022-11-09 09:34:39,Silver,Email,True,Arabic,Visa,,Phone Booking
59f951bb-b211-4295-8887-a4d7d2871edd,Arthur,Dean,adean@outlook.com,+61 633 275 6253,AU,Asia Pacific,West Sallytown,M,Leisure,2019-04-16 10:32:11,Non-Member,Email,False,English,Apple Pay,,Website Direct
29609527-1690-4560-af34-d156b0938af5,Joyce,Fry,joyce.fry@yahoo.com,+1 392 529 1794,MX,North America,Lake Chloe,F,Group,2024-09-01 04:55:35,Non-Member,SMS,False,English,Mastercard,,Walk-in
27260347-fec2-48dd-9dda-abacf8429f09,Lee,Robertson,lee_robertson@globex.com,641-402-4212,US,North America,West Joanmouth,M,Business,2024-03-25 13:59:12,Non-Member,Email,True,English,Google Pay,,OTA Referral
359f6f72-7611-4b83-9de7-dd997d03a1f1,Brian,Stephenson,brian_stephenson@yahoo.com,(587) 915-5349,US,North America,Port Darren,M,Leisure,2021-01-27 01:10:56,Basic,SMS,False,English,Mastercard,,OTA Referral
9a070576-784f-4bdc-b2ba-6c1e3cd4a97e,Marc,Green,marc.green@gmail.com,+1 203 793 5047,MX,North America,Richardtown,M,Leisure,2023-10-14 19:14:27,Non-Member,Email,True,English,Visa,,Phone Booking
98691cf7-8b8e-4bde-8d04-18b9ef4cd2dd,Victor,Baker,victor46@acme.com,+1 590 948 1083,CA,North America,West Harryside,M,Business,2019-10-29 22:48:11,Basic,SMS,False,English,Visa,,Phone Booking
90319620-0420-45bd-b63f-1e35678c70a3,Rolando,Badoer,rolandob@tyrellcorp.com,+1 866 382 6313,IT,Europe,Pozzaglio Ed Uniti,M,Business,2021-05-11 13:49:24,Non-Member,Email,True,Italian,Visa,,OTA Referral
d5623447-183b-47a8-a93d-94f522be70fe,Suzanne,Robertson,srobertson@gmail.com,+1 504 496 7227,CA,North America,Terryfurt,F,Leisure,2020-11-13 15:34:46,Silver,Email,True,English,Visa,,OTA Referral
155ae713-7e4c-4c6b-b00c-ea5f5daf202b,Maureen,Sanders,msanders@gmail.com,+1 126 290 7237,CA,North America,Deniseside,F,Leisure,2019-10-08 20:23:11,Non-Member,SMS,False,English,Visa,Allergies,Walk-in
456f6c83-dd39-4453-82c6-a1f88c50bdf4,Jack,Bennett,jackb@waynecorp.com,+1 681 811 4074,MX,North America,West Kimberley,M,Business,2019-11-26 12:47:14,Non-Member,Email,True,English,Visa,,Website Direct
b704dadc-0a33-4b91-89bb-9e0e262394ad,Jacob,Burrows,jacob.burrows@waynecorp.com,(494) 266-0946,US,North America,Rogermouth,M,Business,2021-01-18 07:33:25,Non-Member,SMS,True,English,Visa,,OTA Referral
b658e3af-f924-42d5-a206-cea91de19681,Sylvie,Meyer,smeyer@tyrellcorp.com,+33 138 408 7852,FR,Europe,Carondan,F,Business,2023-05-30 04:43:11,Platinum,SMS,False,French,Google Pay,,Website Direct
b45c6619-ec38-4206-97a0-15006c0ea567,رحيب,الراشد,رحيبا@example.sa,+1 690 103 1222,SA,Middle East,Jonathanberg,M,Business,2020-10-04 03:26:45,Basic,Both,True,Arabic,Mastercard,,OTA Referral
01376960-a06d-4ebb-999d-ae1368236f18,صنديد,الجفالي,صالجفالي@gmail.com,+971 719 750 4956,AE,Middle East,West Douglasbury,M,Leisure,2019-03-18 04:34:03,Non-Member,Email,True,Arabic,American Express,,Phone Booking
8c243099-8ae5-4f34-8eab-446a9db38f6f,Kathleen,Moore,kathleenm@umbrellacorp.com,+1 683 761 5317,CA,North America,Nelsontown,F,Business,2023-03-20 05:52:54,Basic,Email,False,English,Mastercard,,Phone Booking
a942f723-f356-4c3a-b08d-1eebbb026a8e,Naomi,Williams,nwilliams@hotmail.com,+1 947 581 2618,CA,North America,Davisfort,F,Leisure,2020-10-12 15:11:58,Silver,Email,False,English,Visa,,Website Direct
7a1edd05-c72b-48ea-b7ef-dc33c8daec07,Martin,Ellis,martin_ellis@gmail.com,+1 256 923 3216,MX,North America,South Adamland,M,Leisure,2022-09-25 05:22:58,Non-Member,Email,True,English,Mastercard,Non-smoking,OTA Referral
cd7eff59-49e3-4ac4-a0e5-ec180f4830a0,Paige,Thompson,paige.thompson@outlook.com,+1 103 951 4351,CA,North America,Lake Heather,F,Business,2024-03-01 16:10:04,Gold,Email,True,English,PayPal,,OTA Referral
fff1357a-5b82-4a75-9361-b276e13836db,Pamela,Walton,pamela.walton@gmail.com,+1 314 421 8807,TH,Asia Pacific,Potterburgh,F,Leisure,2019-07-22 05:04:52,Gold,SMS,False,English,Visa,,Website Direct
2415ed22-c533-47b3-9b9c-d93f68f37923,George,Byrne,georgeb@hotmail.com,9018 841 8139,GB,Europe,Meganborough,M,Leisure,2021-11-07 02:35:08,Non-Member,Both,True,English,Visa,,Walk-in
afa38c1a-dc0d-4704-952e-fd855dfa80a6,直樹,井上,直樹.井上@gmail.com,+81 510 415 1409,JP,Asia Pacific,Josephside,M,Leisure,2019-05-25 04:27:18,Basic,Email,True,Japanese,Mastercard,,Walk-in
319d5b9f-9099-4400-9d43-fe40f86f62fb,Heather,Tyler,htyler@gmail.com,+1 602 798 9417,CA,North America,Tomlinsonborough,F,Leisure,2021-08-11 17:21:08,Basic,Email,True,English,Visa,,Phone Booking
162491d9-7e08-4b74-af9e-b4cd041111d0,Jessica,Williams,jessica34@gmail.com,+1 276 320 2013,NG,Africa,Lake Martintown,F,Family,2022-10-22 21:20:29,Silver,Email,False,English,Apple Pay,,OTA Referral
076ffb8f-9d9e-4fde-9478-77ad4d202999,Arthur,Faure,arthur.faure@hotmail.com,+33 336 204 9339,FR,Europe,Aubry,M,Leisure,2024-05-17 18:41:37,Non-Member,SMS,True,French,Apple Pay,,OTA Referral
4b3619d4-daae-4e94-89da-ff8d16d972ec,Karl,Rogers,karlr@cyberdyne.com,982-278-3057,US,North America,East Hayley,M,Business,2020-08-24 12:45:07,Non-Member,SMS,False,English,Visa,"Wheelchair Accessible, Allergies",Website Direct
3631d13a-caca-4dee-a273-e5eeca733843,Douglas,Todd,douglast@gmail.com,,MX,North America,Patriciamouth,M,Group,2021-09-25 09:41:10,Non-Member,Email,True,English,Mastercard,,Phone Booking
30411077-f24a-4c8e-9ce9-ba6219641026,Douglas,Hayes,douglas.hayes@gmail.com,+1 650 961 4091,CA,North America,New Dennischester,M,Business,2019-07-12 15:30:23,Silver,SMS,False,English,Mastercard,,Walk-in
f0ea3dc1-cfe5-4f36-988a-fae398238847,Phillip,Smith,psmith@cyberdyne.com,686-370-8018,US,North America,Lake Alex,M,Business,2023-03-01 02:36:26,Non-Member,Both,True,English,Visa,,Walk-in
e7a71215-8a72-47f1-886f-76fadea68004,Dawn,Crawford,dcrawford@waynecorp.com,460-283-3808,US,North America,North Owenton,F,Business,2023-01-05 12:09:47,Non-Member,Email,False,English,Visa,,OTA Referral
3a917896-e96a-42a9-9f3e-7ddf3ac47341,洋介,吉田,洋介_吉田@gmail.com,+81 333 404 5601,JP,Asia Pacific,Burgessville,M,Leisure,2022-08-12 22:04:16,Basic,Email,False,Japanese,Visa,,Phone Booking
9c3d1c7c-8041-4160-b94c-412c228b686a,Ross,Jones,ross_jones@yahoo.com,(832) 035-8488,US,North America,East Annette,M,Leisure,2024-03-27 04:31:27,Non-Member,Both,True,English,Mastercard,,Website Direct
b293f28d-231e-4ce5-871d-d062fa0ecac9,Graham,Brooks,graham69@gmail.com,+1 873 399 2186,CH,Europe,Fordstad,M,Leisure,2021-11-28 23:22:31,Silver,Email,False,English,Mastercard,,Corporate Contract
23e9db9e-1c53-4dff-9bc2-80a33cb30d02,あすか,小林,あすか_小林@outlook.com,+81 935 646 9275,JP,Asia Pacific,East Francis,F,Leisure,2024-11-09 05:28:20,Silver,Email,True,Japanese,American Express,,Corporate Contract
3081737c-b94d-476b-bafa-0f2eeec2ce76,Dorita,Barrios,dbarrios@gmail.com,+1 829 891 8018,AR,South America,North سيّدmouth,F,Family,2022-07-18 17:02:18,Non-Member,SMS,True,English,Mastercard,,Corporate Contract
984bd861-d144-4ed3-b985-eb655a9508e0,Nadia,Murialdo,nmurialdo@outlook.com,+1 866 350 8014,IT,Europe,Castellanza,F,Family,2024-05-28 03:49:03,Non-Member,Email,True,Italian,American Express,,Walk-in
eea489aa-fc76-4c1c-b18e-54c3b85fe180,Sally,Jones,sally_jones@dummycorp.com,+1 313 999 3180,NL,Europe,Josephland,F,Business,2021-09-22 03:44:29,Gold,Email,True,English,Visa,High Floor,Walk-in
8ca85c46-2441-49c5-a4d8-37dad30a17df,Donna,Wilkinson,donnaw@outlook.com,+1 580 901 9832,CA,North America,East Louisfort,F,Leisure,2023-08-22 01:19:56,Non-Member,SMS,True,English,Mastercard,,OTA Referral
56ca7220-89b9-4a6e-9e84-134817cdf7c8,Eveline,Hesse,evelineh@gmail.com,+49 772 160543,DE,Europe,Stuttgart,F,Leisure,2019-06-22 08:44:23,Gold,Email,True,German,Visa,,OTA Referral
ea7abafb-d18d-4b36-9144-f3a49eabffae,Marc,Bull,marc43@starkindustries.com,+61 994 448 2418,AU,Asia Pacific,North Catherinemouth,M,Business,2022-08-31 05:16:42,Basic,SMS,False,English,Visa,Wheelchair Accessible,Website Direct
fb0032b0-fada-415d-a8a6-afcbcf4d6c8b,Nicholas,Heath,nicholas90@outlook.com,+1 849 236 2199,TH,Asia Pacific,Newmanside,M,Leisure,2023-07-18 06:48:10,Silver,Email,False,English,Mastercard,,Walk-in
5e158fd1-92ce-4d60-8b88-5086797145c1,Raymond,Long,raymondl@gmail.com,(763) 084-7133,US,North America,Robinland,M,Leisure,2019-10-05 08:03:09,Non-Member,Email,True,English,Mastercard,,OTA Referral
68f2a747-a9e5-4c30-929b-7846745705f2,Hollie,Harvey,hollie.harvey@waynecorp.com,+1 323 348 3157,SE,Europe,Lake Amelia,F,Business,2019-04-03 19:42:57,Platinum,Email,True,English,Visa,,Corporate Contract
e936ae24-66b0-411d-b8fc-a12ef3d74e2b,Donald,Martin,donald.martin@hotmail.com,+1 207 552 4879,NL,Europe,Ahmedhaven,M,Business,2024-12-02 05:00:36,Non-Member,Email,True,English,Visa,,Website Direct
52c1b4a2-6f0a-4d25-9b68-12d987c43e30,수민,이,수이@yahoo.com,+1 869 569 9190,KR,Asia Pacific,West Samantha,F,Business,2021-01-11 12:32:43,Platinum,Email,False,Korean,Apple Pay,,Phone Booking
1bb5428d-ed63-469e-8299-8508c37648b2,Jay,Jones,jay53@gmail.com,+1 136 362 2043,NL,Europe,East Richard,M,Leisure,2019-05-30 02:32:20,Silver,Email,False,English,Visa,Wheelchair Accessible,Walk-in
8bc3851d-eb2c-48b1-979e-79bd773d6b98,예은,배,예은84@acme.com,+1 806 682 5348,KR,Asia Pacific,Claireburgh,F,Business,2020-07-15 09:41:31,Silver,SMS,False,Korean,Mastercard,,Corporate Contract
9eb4f69a-dac7-4507-935d-09a00bbffa4f,Rosalina,Jordá,rosalina.jordá@gmail.com,+1 874 703 1007,AR,South America,آل عواضton,F,Family,2024-02-28 09:52:59,Basic,Email,True,English,PayPal,,Phone Booking
898fb93b-7bdf-43f6-b16e-5bf4be850348,ميرا,الخرافي,ميراا@outlook.com,+971 744 382 5096,AE,Middle East,Lake Michelleburgh,F,Leisure,2022-09-26 15:51:26,Silver,Email,False,Arabic,Visa,,Walk-in
63a6fefe-220d-4af0-85aa-1c6470875e33,Jack,Walker,jack83@gmail.com,5028 646 2418,GB,Europe,Smithberg,M,Leisure,2024-06-22 05:07:16,Silver,SMS,True,English,Visa,,Walk-in
89afb744-2d40-491c-8bd1-34f594671d20,Shaun,Gill,sgill@icloud.com,283-196-6699,US,North America,Janiceberg,M,Family,2022-08-20 19:10:41,Silver,SMS,True,English,PayPal,,OTA Referral
b7c31d2e-aee8-4bcf-aa83-623f81cb934d,Hannah,Armstrong,guest@email.com,(800) 939-1152,US,North America,Frymouth,F,Business,2023-07-03 08:20:05,Silver,Email,True,English,Mastercard,,Corporate Contract
dc159912-6427-4b6e-87a2-3e5c46facfca,Shirley,Sanderson,shirley_sanderson@acme.com,+1 311 902 6531,CA,North America,Fisherview,F,Business,2020-07-24 17:21:49,Basic,None,False,English,Visa,,Corporate Contract
6d59ec41-3a43-440c-a497-9e756c85ad25,Tony,Wright,tony.wright@hotmail.com,+1 425 304 9233,SG,Asia Pacific,Donnaside,M,Leisure,2023-02-04 11:17:22,Silver,Email,True,English,Visa,,Website Direct
2dc56f98-b04d-4695-801f-ea06e4b6298d,Robert,Clark,robertc@gmail.com,(194) 172-2190,US,North America,Fionaberg,M,Family,2020-10-27 08:52:32,Platinum,Email,True,English,Visa,,Walk-in
269df98d-ef0a-4535-a9ed-7caa2144077e,Arthur,Cooke,arthurc@gmail.com,+1 796 751 7088,SG,Asia Pacific,Lake Tina,M,Business,2020-10-27 10:53:20,Basic,SMS,False,English,Visa,,OTA Referral
98cdc814-7d34-4345-b807-0f77728f421e,Bryan,Norman,bryan23@gmail.com,7863 287 6879,GB,Europe,Georgiashire,M,Leisure,2019-03-07 02:54:29,Basic,Email,True,English,Visa,"Late Check-out, Wheelchair Accessible",Website Direct
f5419811-392f-451d-8460-042a84acd362,Jill,Kelly,jill62@gmail.com,+1 230 635 3415,MX,North America,North Janice,F,Group,2021-09-13 11:22:20,Silver,Both,False,English,Visa,,OTA Referral
40a9d86a-c642-41dd-9559-d5816c569508,진우,김,진우_김@yahoo.com,+1 650 228 1220,KR,Asia Pacific,Saundersshire,M,Leisure,2020-01-14 02:13:54,Silver,Both,False,Korean,Mastercard,,Website Direct
1274f1d0-5374-4393-b360-9cd21c8a8364,Custodia,Losa,custodia_losa@outlook.com,+1 102 899 3526,ES,Europe,Sevilla,F,Group,2022-09-23 01:06:28,Non-Member,SMS,True,Spanish,Google Pay,,Website Direct
42301c0c-ae4e-4f18-8312-a02b429a4578,Elisa,Heydrich,elisah@gmail.com,+49 1718/418726,DE,Europe,Luckenwalde,F,Leisure,2021-06-04 20:13:52,Silver,Email,True,German,PayPal,,OTA Referral
9a024e9c-3753-4b0b-bda8-c0903722ac5f,Lutz,Wilmsen,lutzw@globex.com,+49 8607/812771,DE,Europe,Stadtroda,M,Business,2019-06-04 03:22:58,Non-Member,SMS,True,German,Visa,,Walk-in
8f30b148-a00b-4eb7-bed8-dde965185f81,智也,石川,智也.石川@gmail.com,+81 244 744 3887,JP,Asia Pacific,North Grace,M,Leisure,2020-10-26 14:45:19,Platinum,SMS,True,Japanese,Mastercard,,Corporate Contract
0e5ef6b8-3457-403d-b388-01545b2e43b8,Natasha,Armstrong,natasha_armstrong@umbrellacorp.com,+1 466 346 2020,CA,North America,Port Ianville,F,Business,2022-06-20 04:46:03,Non-Member,Email,False,English,American Express,,Walk-in
eccdf2d7-afd8-47af-93e4-ae07b12cd18f,雪,徐,雪徐@gmail.com,058 6005 9973,CN,Asia Pacific,East Stephenland,F,Leisure,2024-02-14 09:08:16,Basic,Email,True,Chinese,Visa,Late Check-out,OTA Referral
b445b432-355c-47cc-9261-2efcde1927f5,Cebrián,Carreras,cebriánc@gmail.com,+1 746 633 3380,ES,Europe,Guadalajara,M,Leisure,2020-09-13 10:28:45,Platinum,Both,True,Spanish,PayPal,,OTA Referral
e940c4fe-a43a-4b67-a6cf-5d205ed77b1a,Albert,Hughes,alberth@outlook.com,067-369-1675,US,North America,Port Diana,M,Leisure,2022-02-04 07:41:18,Basic,Email,True,English,PayPal,,OTA Referral
a6590e7b-5a9f-4556-bcd3-926ba6eb97a6,Garry,Williams,garry1@globex.com,+61 475 199 4791,AU,Asia Pacific,New Dorothyview,M,Business,2022-03-18 06:57:11,Basic,Both,False,English,Visa,,Website Direct
66ffda2b-5f27-4ac5-b662-0fd2afd59980,Julia,Coles,julia.coles@outlook.com,709-450-3076,US,North America,Francisside,F,Leisure,2022-02-19 14:20:06,Non-Member,Email,True,English,Visa,,Website Direct
e5c341e8-380f-42b7-b227-58cbd0451adf,Jacob,Chapman,jacobc@hotmail.com,+1 468 386 3622,CL,South America,North Helenport,M,Leisure,2019-05-18 00:49:23,Gold,Email,True,English,PayPal,,Website Direct
1049bd20-efc2-4025-8a6e-d42bd4fd5d51,勇,施,勇施@outlook.com,802 5337 3440,CN,Asia Pacific,South Patrickstad,M,Business,2023-08-04 18:17:07,Silver,SMS,True,Chinese,Visa,,Corporate Contract
e2189889-adb4-4208-bbec-48b8727656bd,Carole,Chapman,carolec@gmail.com,+1 527 737 3451,NL,Europe,West Elizabeth,F,Group,2021-01-18 07:52:57,Silver,Email,True,English,Mastercard,,Corporate Contract
b52754de-0d2c-4e59-9a00-d46ccd5a687e,Alan,Fletcher,alanf@oscorp.com,+1 321 987 1316,CA,North America,Hannahshire,M,Business,2024-05-10 15:45:09,Basic,Email,False,English,Mastercard,"Wheelchair Accessible, Late Check-out",Phone Booking
d646bb03-8bd2-4bad-b90f-2a8787c90ceb,Joseph,Giles,jgiles@gmail.com,+1 458 635 9808,MX,North America,Lake Justinhaven,M,Family,2022-08-16 16:49:10,Platinum,Email,True,English,Visa,,Walk-in
2206c1d7-d73f-481f-8dd9-2544cd6d93bd,Max,Morris,max44@gmail.com,+1 877 929 9294,CA,North America,Whitehouseside,M,Leisure,2021-01-30 17:39:18,Silver,SMS,True,English,American Express,Early Check-in,Walk-in
3d8f7643-2b12-46a8-bcca-0cb0d685c476,지훈,민,지훈민@gmail.com,+1 373 828 2340,KR,Asia Pacific,West Carlychester,M,Leisure,2023-05-11 05:31:39,Silver,SMS,True,Korean,American Express,,Phone Booking
92c7837f-2c17-46f3-90fd-e7b015786409,Albert,Reeves,areeves@umbrellacorp.com,+1 129 385 2514,CL,South America,Michelleview,M,Business,2023-11-17 16:48:46,Gold,Email,True,English,Mastercard,,OTA Referral
1d9bea40-d821-4e39-8e21-59f6e0d52ce5,Gail,Smith,noemail@provided.com,+61 846 489 3437,AU,Asia Pacific,North Ryan,F,Leisure,2023-08-31 03:05:29,Silver,Email,False,English,Mastercard,,Website Direct
6f2b9573-383b-4546-bc53-dc986a06af7a,정남,오,noemail@provided.com,000-000-0000,KR,Asia Pacific,Ritamouth,M,Group,2022-08-03 13:53:07,Non-Member,SMS,True,Korean,Visa,,Corporate Contract
0490fdbc-3a15-4e60-a34f-f5d6cf025462,رمضان,آل حسين,رمضان10@acme.com,+1 112 536 5854,SA,Middle East,Elliottport,M,Business,2023-10-04 10:58:05,Non-Member,SMS,True,Arabic,American Express,,Corporate Contract
ea2886b5-277b-4531-9d25-198e1c8bd119,Damien,Hilton,noemail@provided.com,+1 728 568 9264,QA,Middle East,Lucyberg,M,Group,2022-03-08 07:58:54,Basic,Email,True,English,Visa,,Corporate Contract
fcac793f-690b-40a3-90b3-142dc21f442a,Dorita,Céspedes,dorita_céspedes@acme.com,+1 681 990 1678,ES,Europe,Madrid,F,Business,2024-02-08 16:23:10,Non-Member,Both,True,Spanish,Mastercard,,Phone Booking
d955428b-0ea5-4dd0-85d2-edaf99384fba,Garry,Yates,gyates@yahoo.com,858-268-7954,US,North America,Oliviaborough,M,Group,2023-01-07 08:54:39,Non-Member,Email,False,English,Mastercard,,Website Direct
1b90f0e9-0b72-47b7-a0a1-7d5b2a16d07f,辉,朱,辉_朱@outlook.com,+86 084 9242 110,CN,Asia Pacific,Stevensburgh,M,Family,2022-04-11 20:48:05,Basic,Email,False,Chinese,Mastercard,,Phone Booking
18052c75-6592-4bd3-998f-ecca67b41baf,Rembrandt,Surian,rembrandt75@acme.com,+1 300 513 9095,IT,Europe,Premia,M,Business,2023-06-13 04:18:05,Non-Member,Email,True,Italian,PayPal,,Walk-in
1c2b37bf-56f6-400c-9e49-e0c2c8b70555,Leigh,Wilson,leigh_wilson@gmail.com,+1 140 123 4231,TH,Asia Pacific,East Stephanieside,M,Leisure,2021-07-17 04:35:38,Basic,Email,False,English,Mastercard,,OTA Referral
a09f0775-e9e8-452b-9460-0d8d99f99cbd,Barbara,Hall,barbara_hall@yahoo.com,905-638-2456,US,North America,North Julia,F,Family,2019-10-04 16:56:06,Silver,Email,False,English,Mastercard,,Walk-in
abf3a569-c4d3-403e-958c-558d405d7d8e,彬,邓,彬邓@gmail.com,990 1329 6567,CN,Asia Pacific,New Rhysville,M,Leisure,2021-12-27 03:09:19,Gold,Email,True,Chinese,Visa,,OTA Referral
bc9c7460-071f-40b6-bd46-4e929026a4fc,Erika,Cerquiglini,ecerquiglini@outlook.com,+1 281 723 6902,IT,Europe,Borgo San Dalmazzo,F,Group,2024-01-17 20:53:47,Silver,SMS,False,Italian,Mastercard,,Walk-in
21444ded-7cf6-4c32-b413-d1186b4a1e0c,Charlotte,Newman,charlotte15@outlook.com,+1 611 631 5457,MX,North America,Lake Barbara,F,Leisure,2019-05-12 00:19:03,Gold,SMS,True,English,Mastercard,Wheelchair Accessible,Corporate Contract
0d07f341-ebce-4a4f-83f1-ef83083c9a10,Adrian,Allen,adriana@gmail.com,+1 530 641 9383,CA,North America,South Barbaratown,M,Leisure,2019-09-08 18:35:54,Silver,Email,True,English,Mastercard,,Website Direct
53dbd251-4580-40c3-bb9a-389c5f8c5b12,Federica,Muratori,fmuratori@gmail.com,+1 328 775 3265,IT,Europe,Solara,F,Leisure,2019-06-03 22:42:00,Basic,SMS,False,Italian,Visa,,OTA Referral
3a4806c8-4745-48f3-8085-c9934612ee72,里佳,鈴木,里佳.鈴木@gmail.com,000-000-0000,JP,Asia Pacific,Lake Leonshire,F,Leisure,2023-06-19 18:57:17,Silver,Email,True,Japanese,Mastercard,,Corporate Contract
91b1ffb8-680f-4fee-845c-d5441b4e6bc6,Bärbel,Kruschwitz,bärbel.kruschwitz@gmail.com,+49 4992/954327,DE,Europe,Gräfenhainichen,F,Business,2024-09-04 18:34:23,Basic,Email,True,German,Visa,,Corporate Contract
948bf2de-bd3c-4b36-b820-fd71e4ec8f7d,Kelly,Richardson,krichardson@gmail.com,+1 193 600 4332,CH,Europe,West Julia,F,Leisure,2023-12-30 16:56:54,Non-Member,Email,False,English,Mastercard,,Phone Booking
6b371307-1de5-4b4c-86db-9e6852acdbbf,Sally,Pugh,sally_pugh@gmail.com,+1 107 941 9771,MX,North America,South Jenna,F,Leisure,2024-10-02 16:59:22,Basic,Email,False,English,Mastercard,,Website Direct
c2fad993-f32e-4bb7-9eb5-5fa3c38fd0e7,成,贾,成_贾@gmail.com,314 7272 2864,CN,Asia Pacific,Allenbury,M,Business,2022-03-04 11:05:26,Basic,Email,True,Chinese,American Express,,Website Direct
725808aa-34b4-4f5a-8968-83adc5a1510b,Ann,Ross,aross@yahoo.com,+1 702 947 2728,MX,North America,Hunterfort,F,Business,2022-03-11 21:53:15,Basic,Email,False,English,Visa,,Website Direct
f0ad6f44-188b-44a8-b5cc-caaa6a5fe5c2,Ida,Puccini,idap@outlook.com,+1 376 259 7060,IT,Europe,Marozzo,F,Group,2022-01-12 13:36:34,Non-Member,Email,False,Italian,Visa,,Walk-in
391c998a-916a-4e9a-8ff1-b6401e06b44e,Julian,Brown,jbrown@gmail.com,+91 514 823 9626,IN,Asia Pacific,North Mitchell,M,Leisure,2024-06-21 08:20:25,Non-Member,Email,False,English,Apple Pay,High Floor,Website Direct
8643587b-6fba-4ada-b00c-a462d33b38ae,Sylvia,Ford,sylviaf@gmail.com,+1 512 707 2010,CA,North America,Lake Ashleyport,F,Leisure,2023-06-07 16:23:56,Silver,Email,True,English,Visa,,Corporate Contract
396f75b1-c665-4294-a458-7260a79044e3,Ross,Coates,ross18@gmail.com,857-432-2146,US,North America,Stuartside,M,Family,2024-03-01 05:26:20,Basic,Email,True,English,Visa,,Phone Booking
585bb7a5-6971-492a-84e7-7025167fe827,Susan,Harding,susanh@hotmail.com,+1 583 639 1393,SG,Asia Pacific,Geoffreyshire,F,Leisure,2020-09-01 00:25:05,Basic,SMS,True,English,Visa,,OTA Referral
e1d295e5-46ff-4259-af3b-639f7b88499f,Dale,Bailey,dbailey@gmail.com,+1 572 608 8479,CH,Europe,Janemouth,M,Business,2019-08-10 16:30:18,Gold,Email,False,English,American Express,"Late Check-out, Early Check-in",Phone Booking
d4f647aa-de25-4b16-a36d-2be5f02693ee,Dorothe,Schlosser,dschlosser@outlook.com,+49 212 593728,DE,Europe,Lemgo,F,Leisure,2024-01-29 21:34:56,Silver,Email,True,German,Apple Pay,,OTA Referral
b1bfb8f3-73fc-4775-9ee6-eeeed17b912c,Jason,Jones,jason.jones@dummycorp.com,(106) 643-7080,US,North America,North Nicoleside,M,Business,2024-08-19 21:28:29,Basic,Email,True,English,Mastercard,,OTA Referral
70fdc023-6a82-46a4-9e8d-b025ffb61715,Lawrence,Curtis,lcurtis@gmail.com,+1 302 656 9081,SG,Asia Pacific,Alifurt,M,Business,2024-04-10 11:36:32,Basic,Both,True,English,Visa,,Phone Booking
cd675112-6691-4797-a497-6a5793f14b34,Jack,Bryant,jbryant@gmail.com,+1 142 694 3028,NL,Europe,West Jayne,M,Family,2019-01-11 11:58:59,Gold,None,False,English,Mastercard,,Walk-in
6628d702-c1d6-4033-9926-e33a050e56b3,Raik,Karz,raik61@outlook.com,+49 829 532284,DE,Europe,Göppingen,M,Leisure,2024-07-07 18:30:09,Non-Member,Email,True,German,Apple Pay,,Phone Booking
0b9a901e-4e31-40b4-9eda-7b09f29e9eb7,Tony,Leonard,tony83@gmail.com,+1 650 961 4364,CA,North America,South Angela,M,Leisure,2019-01-28 10:11:12,Silver,SMS,True,English,American Express,,Phone Booking
9ed76206-93dd-4f86-947c-9a2861184f25,Katy,Wallace,katy.wallace@outlook.com,+1 427 138 5908,MX,North America,North Hilarymouth,F,Leisure,2024-06-14 05:38:08,Basic,Email,True,English,Mastercard,,Website Direct
6ff8d8d2-5451-498e-8fb2-079ff96c8ab3,Adrian,Howard,adrian.howard@outlook.com,+91 119 170 9457,IN,Asia Pacific,East Vincenttown,M,Leisure,2023-11-04 01:13:49,Silver,Email,False,English,Visa,,Corporate Contract
2ce975eb-690d-4768-9a25-b886c7ca6339,광수,서,광수.서@example.kr,+1 305 725 7347,KR,Asia Pacific,North Nicolabury,M,Business,2022-03-16 00:30:15,Silver,None,True,Korean,Mastercard,,Website Direct
a1e56c9b-2404-433c-ba2b-5ab6e375d1df,Hugh,Price,hprice@cyberdyne.com,+1 626 568 8282,NL,Europe,Lesleyburgh,M,Business,2019-10-09 04:36:41,Non-Member,Email,True,English,Mastercard,,OTA Referral
6250b0ea-988a-44eb-8186-c22c4e8e3ea2,岩,曾,岩24@outlook.com,+86 823 5638 180,CN,Asia Pacific,Phillipstown,M,Leisure,2021-07-15 05:34:38,Basic,Email,True,Chinese,Mastercard,,Corporate Contract
8e55446f-a939-488d-abda-450fdb4812f3,Russell,Osborne,russell.osborne@oscorp.com,+1 947 337 3831,CH,Europe,Lake Charlottefurt,M,Business,2020-07-03 00:59:23,Basic,SMS,False,English,Visa,,Website Direct
4f256e73-a0de-46ee-a6a7-b55636b1b3c8,Wendy,Burton,wendyb@outlook.com,+91 355 448 8796,IN,Asia Pacific,Hodgsonton,F,Leisure,2021-09-21 15:37:28,Gold,Email,False,English,Visa,,Walk-in
4c1d1ed9-b7bb-47d1-98c2-cb76b33c0619,Iain,Hayes,iain.hayes@hotmail.com,+1 164 448 7708,CA,North America,Glennberg,M,Family,2023-04-17 21:22:40,Basic,Email,True,English,Mastercard,,Walk-in
9f2491b5-a59e-4995-93a2-32c2e37577aa,Thomas,Descamps,tdescamps@gmail.com,+33 674 718 2883,FR,Europe,Gay,M,Family,2024-01-25 16:12:08,Non-Member,Email,True,French,Visa,,Walk-in
b602f3bc-20f6-47a8-a475-a00a4bd918bc,Jemma,Price,jprice@hotmail.com,+91 157 104 2624,IN,Asia Pacific,Hopkinsside,F,Group,2019-01-02 09:46:10,Non-Member,Email,True,English,Visa,,OTA Referral
fc23ba33-9b1d-4f54-a22a-db0af1eb79e0,Frances,Gardner,frances.gardner@gmail.com,+1 591 274 6360,CA,North America,Port Cameron,F,Leisure,2022-11-11 23:19:20,Non-Member,Email,False,English,Visa,,Website Direct
4224831b-f1bc-4df6-ba7a-4d2cd2108e92,Lorraine,Farrell,lorrainef@yahoo.com,+1 864 573 3725,MX,North America,South Mitchell,F,Leisure,2021-05-31 21:27:36,Non-Member,SMS,False,English,Mastercard,,OTA Referral
48655ee8-1ece-4528-830b-933a3ade4985,Jay,Roberts,jay.roberts@gmail.com,122-127-9971,US,North America,New Rhysmouth,M,Leisure,2019-09-04 13:15:09,Basic,Email,True,English,Mastercard,,Corporate Contract
6347e1ef-1afc-4d25-baa7-336aac5c06b0,Dean,Knight,deank@example.ca,+1 786 900 6156,CA,North America,Port Robert,M,Business,2022-05-30 22:36:05,Basic,SMS,True,English,Visa,,Corporate Contract
6f8f4afe-2071-41eb-91bb-06f3d54dc020,Jamie,Wade,jamiew@yahoo.com,+1 169 219 3112,TH,Asia Pacific,Allanview,M,Leisure,2020-06-18 02:23:44,Basic,Email,False,English,Visa,,Walk-in
b5e4baab-3956-4919-ba0b-19f019891c50,Dorothy,Morley,dorothym@gmail.com,+1 287 284 7345,SE,Europe,Elliottbury,F,Leisure,2019-10-10 20:10:59,Gold,Email,True,English,Mastercard,,OTA Referral
c422a639-85c9-4e6e-8d10-84d69f3ad801,結衣,井上,結衣24@gmail.com,+81 286 843 7893,JP,Asia Pacific,Marcberg,F,Business,2019-08-10 08:55:27,Basic,Email,True,Japanese,American Express,,Corporate Contract
33767822-9d3a-4c1d-8a84-81fe7fb6d16b,Joel,Fraser,noemail@provided.com,(680) 714-1825,US,North America,Newmanborough,M,Business,2021-03-02 08:13:45,Basic,Email,True,English,Mastercard,,Phone Booking
876ee6c5-565a-47f9-9360-37504caaf85d,خليل,آل خضير,خليل_آل خضير@gmail.com,+1 307 181 1040,SA,Middle East,South Marieborough,M,Business,2021-02-21 00:16:03,Silver,Both,True,Arabic,Visa,,OTA Referral
78d4a67b-7ed2-4a83-be84-4deccf99a1d6,Rhys,Burrows,rhysb@gmail.com,+1 614 945 1198,MX,North America,North Hazelside,M,Leisure,2024-06-29 07:19:51,Non-Member,Email,False,English,American Express,,Phone Booking
45eef92a-05be-4011-9d9f-9ef291e72116,Julie,Wilson,julie69@gmail.com,+1 341 839 5807,SE,Europe,Mitchelltown,F,Leisure,2024-05-30 19:59:43,Basic,SMS,True,English,American Express,"Late Check-out, High Floor",Website Direct
057046fc-86ea-4902-8842-ed1342d61169,Isaura,Cueto,isaurac@gmail.com,+1 958 836 7323,ES,Europe,La Coruña,F,Business,2023-03-17 20:18:05,Basic,Email,False,Spanish,Mastercard,,Website Direct
554f5994-09ed-4a5b-b962-3de60796ea43,海燕,时,海燕时@gmail.com,674 3327 5791,CN,Asia Pacific,Lynneside,F,Family,2020-06-18 07:36:28,Platinum,SMS,True,Chinese,Visa,,Corporate Contract
21bd03ad-51d7-41c8-b62b-c35c8cd99fb7,Rita,Santorio,rita_santorio@gmail.com,+1 633 801 1254,IT,Europe,Cussignacco,F,Leisure,2022-11-08 22:32:00,Platinum,Email,False,Italian,American Express,,OTA Referral
b4336975-8176-4d05-9e54-aa0dc92b7c59,Gordon,Hussain,gordon.hussain@starkindustries.com,+1 578 127 5277,SE,Europe,Louisestad,M,Business,2024-02-27 11:30:43,Non-Member,Email,True,English,Mastercard,,Website Direct
e80a28d8-28fe-490e-91bf-03b99f0f131d,Lorraine,Walker,lorraine_walker@gmail.com,+1 564 424 9259,CA,North America,Lake Rita,F,Leisure,2022-10-25 10:46:45,Silver,Email,False,English,Visa,,Corporate Contract
5ee3ae6d-4e0c-48e6-921d-73ace2c6e4d6,Reyes,Arregui,reyesa@outlook.com,+1 694 629 8080,ES,Europe,Huelva,M,Leisure,2022-07-18 06:15:16,Non-Member,Email,False,Spanish,Mastercard,,Corporate Contract
0b9f37b0-8e14-4167-b722-6cfd624172ba,Anne,Baker,abaker@gmail.com,138-651-5997,US,North America,North Williamberg,F,Leisure,2020-02-11 15:44:17,Non-Member,SMS,True,English,Apple Pay,,Phone Booking
d7c8e0a7-739f-45cb-8e2d-1c0d9cbf4965,Paige,Rees,paige_rees@yahoo.com,+1 969 219 1668,NL,Europe,East Mohamed,F,Family,2019-08-05 09:00:07,Basic,Email,True,English,Mastercard,,Corporate Contract
e6cb8fd4-cfa1-4987-ba12-5cb0e6493345,Maria,Gray,mgray@gmail.com,+1 607 132 7086,MX,North America,South Amandafort,F,Leisure,2024-08-29 10:27:00,Non-Member,Email,False,English,Mastercard,,Corporate Contract
b00e2340-c781-4123-8400-c51948220a84,Terence,Lewis,terence87@hotmail.com,+1 986 365 2198,CA,North America,Lake Gemma,M,Family,2019-09-10 10:02:06,Basic,Email,True,English,Visa,,Corporate Contract
1a365522-1440-4f5b-8314-0be11b36f45d,Bethan,Price,bethan.price@starkindustries.com,+1 544 283 3142,MX,North America,Bellport,F,Business,2021-10-04 22:09:54,Platinum,Email,True,English,Visa,,OTA Referral
85831663-4a95-45cb-8f86-c50467ddbee3,Wanda,Gute,wanda.gute@outlook.com,+49 367 596481,DE,Europe,Wolfach,F,Leisure,2022-09-13 12:07:04,Silver,SMS,True,German,Apple Pay,,Phone Booking
18408ca8-54b2-4a5c-9f7e-f0c65eb7032d,红霞,贾,红贾@hotmail.com,465 5356 3259,CN,Asia Pacific,East Dylanberg,M,Group,2023-07-19 03:55:55,Silver,Email,False,Chinese,American Express,High Floor,Website Direct
938a9d60-22d7-4aa7-8932-48e11a12f198,Carole,Hall,caroleh@outlook.com,+1 668 889 6132,SG,Asia Pacific,West Gregory,F,Leisure,2022-05-01 16:48:56,Gold,Email,True,English,Visa,,Walk-in
b46eb7b3-1b11-476f-b439-a2f14ff309ca,Jemma,Jackson,guest@email.com,+1 976 434 5234,CA,North America,Georgetown,F,Business,2021-09-16 01:56:01,Silver,Email,False,English,American Express,,Website Direct
6b213bf0-aacd-49c0-9dd3-1117b1369ded,옥자,정,옥자정@yahoo.com,+1 871 183 4699,KR,Asia Pacific,Anthonytown,F,Leisure,2020-11-19 14:42:58,Silver,Email,True,Korean,Mastercard,,Website Direct
595f11cd-e479-456c-b016-fbc407d3764d,Stéphane,Lesage,stéphane9@initech.com,+33 798 265 4433,FR,Europe,Bègue-sur-Potier,M,Business,2024-05-25 01:40:59,Non-Member,Email,False,French,Mastercard,,Walk-in
ac536b0b-c6b3-4662-b7e5-fd4fc6d380f2,Liana,Boldù,liana.boldù@waynecorp.com,+1 839 673 7309,IT,Europe,Tremosine,F,Business,2020-09-15 14:28:53,Non-Member,Email,True,Italian,Visa,,OTA Referral
2c315476-6c06-49cf-a902-350e31eeeb2f,Christian,Bell,christian_bell@gmail.com,+1 607 442 9756,MX,North America,Fitzgeraldton,M,Leisure,2024-11-19 20:49:00,Non-Member,SMS,True,English,American Express,,Walk-in
38c2bae5-953e-4714-ba45-e61ab2fe300d,Mohammed,Mason,mohammed10@example.ca,+1 974 957 1069,CA,North America,Smithshire,M,Business,2022-08-09 04:00:43,Gold,Email,True,English,American Express,,Corporate Contract
bb1dd07d-887b-4bea-8b24-ac354efe6715,Frances,Evans,francese@gmail.com,+1 840 657 2283,MX,North America,Taylorhaven,F,Leisure,2021-11-21 19:23:33,Silver,Email,True,English,Visa,,OTA Referral
e6623b2c-c64e-4e72-97a1-2895978bac55,Peter,Mills,pmills@gmail.com,,US,North America,Port Carlystad,M,Leisure,2020-01-20 11:58:21,Basic,Email,True,English,Visa,,Phone Booking
06e59135-a414-4856-be6b-3a143b4e625d,Joanna,Welch,jwelch@outlook.com,+1 655 425 8798,TH,Asia Pacific,Port Howard,F,Leisure,2023-08-22 02:53:54,Silver,SMS,False,English,Visa,High Floor,Website Direct
75b93db3-185c-4d51-8718-aa6c0a36f3c0,修平,松田,修平34@hotmail.com,+81 639 591 9186,JP,Asia Pacific,New Martynbury,M,Business,2022-10-06 01:39:42,Silver,Email,True,Japanese,Visa,,Phone Booking
e09a717f-5f5d-4f2e-922a-bcb75c6084c7,Brandon,Lewis,brandon.lewis@yahoo.com,660-385-7430,US,North America,Lake Pamela,M,Family,2021-09-30 16:49:13,Non-Member,Email,True,English,Mastercard,,Phone Booking
c1d01477-9127-4b35-a0f1-2fb02fb1b812,Kevin,Campbell,kevinc@gmail.com,+1 902 101 2007,CA,North America,Lake Amy,M,Business,2023-11-01 14:51:08,Non-Member,Email,True,English,Visa,,Walk-in
26843177-8499-4034-99ad-8199c78ec9ef,Brandon,Bull,brandonb@example.sg,+1 282 943 8078,SG,Asia Pacific,Lake Brian,M,Business,2020-12-22 20:31:40,Basic,Email,True,English,Mastercard,,Phone Booking
14c1f6e2-aa9d-4c79-a1b3-7cdb2e541429,Mitchell,Lawrence,mitchelll@outlook.com,(774) 947-5867,US,North America,Brownfurt,M,Family,2019-03-31 06:26:33,Basic,Email,False,English,Mastercard,,Website Direct
2506c3f7-0c2e-4779-a367-136cf213af06,رائف,آل الشيخ,رائفآ@initech.com,,SA,Middle East,Natashamouth,M,Business,2019-05-22 19:12:37,Non-Member,Email,True,Arabic,Google Pay,"Late Check-out, Non-smoking",OTA Referral
d4cef047-fb6f-40fc-bf08-9c4800f104c1,Jill,Pearce,jill.pearce@gmail.com,8292 852 6490,GB,Europe,West Victoriaborough,F,Leisure,2022-08-25 11:32:50,Silver,Email,True,English,Visa,,Website Direct
4467af50-b406-470b-bb2e-e947b5d72f7f,Rosie,Pearson,rosie.pearson@initech.com,000-000-0000,SE,Europe,Kayleighview,F,Business,2024-11-01 00:36:37,Basic,Email,True,English,Apple Pay,,Website Direct
92f815f9-4501-480d-921e-19dfebbdd547,Paul,Turner,paul.turner@gmail.com,+61 990 503 7191,AU,Asia Pacific,Nicolabury,M,Family,2020-08-30 00:40:44,Non-Member,Email,False,English,Mastercard,,OTA Referral
d997e0e1-a72f-4b3b-bd03-efb2696823c4,丹,熊,test@test.com,021 5167 0631,CN,Asia Pacific,North Brandonville,F,Family,2024-10-01 10:06:10,Non-Member,Email,True,Chinese,Visa,,OTA Referral
3064defa-fd95-4629-9e31-52c37b2d1a31,Brigitte,Vaillant,brigittev@gmail.com,+33 663 769 4695,FR,Europe,Gérard-sur-Pottier,F,Leisure,2019-07-23 06:10:30,Non-Member,Email,False,French,Mastercard,,Corporate Contract
1bbc7c6f-c435-4f68-b5b2-384ec77df022,하윤,김,하윤14@outlook.com,+1 430 492 4801,KR,Asia Pacific,North Tracy,F,Leisure,2023-11-04 17:27:22,Non-Member,Email,True,Korean,Mastercard,"High Floor, Wheelchair Accessible",Corporate Contract
8610cd0e-5db4-4425-be3b-002976691555,أغاريد,آل حسين,أغاريد_آل حسين@gmail.com,+971 531 249 5801,AE,Middle East,Goddardside,F,Business,2019-05-02 00:22:06,Gold,Email,True,Arabic,Mastercard,,Phone Booking
6f1ee90a-4555-467c-a4f3-d8afa3d64abf,晃,橋本,晃.橋本@initech.com,+81 132 697 4983,JP,Asia Pacific,Charlotteland,M,Business,2024-06-17 06:32:48,Basic,Email,False,Japanese,PayPal,High Floor,Corporate Contract
3324b821-9a40-4572-9479-230bc406409f,Janice,Clarke,janicec@outlook.com,+1 185 415 5641,MX,North America,North Jonathan,F,Business,2023-03-23 16:47:17,Silver,Email,True,English,Mastercard,,Walk-in
7268240d-429e-4f69-af9d-0e61aca9a3b3,Dean,Green,deang@gmail.com,+61 243 298 1396,AU,Asia Pacific,South Laurenburgh,M,Family,2021-08-12 23:27:26,Gold,Email,True,English,Visa,,OTA Referral
818798b4-c8c6-4e2a-8c0d-64e25d5163e6,Louis,Stephens,louiss@hotmail.com,+1 429 736 7309,MX,North America,South Natalie,M,Leisure,2019-02-11 05:22:48,Silver,Email,False,English,Visa,,Corporate Contract
3603bfd8-6786-45ae-9756-2217f9be2eba,Román,Barros,román_barros@oscorp.com,+1 715 454 5009,ES,Europe,Segovia,M,Business,2021-07-16 09:01:37,Silver,Email,True,Spanish,Visa,,Website Direct
24fc469a-7cf9-4026-b391-66a1e754c781,Vanessa,Reynolds,vanessar@dummycorp.com,+1 460 628 6794,SG,Asia Pacific,Lake Lisa,F,Business,2023-08-01 12:40:33,Basic,Both,True,English,Mastercard,,Website Direct
3ed51694-f41b-4ac4-84e6-2f943ecbc9cc,Bernard,Warren,bernardw@dummycorp.com,+1 490 256 5141,NL,Europe,Joycestad,M,Business,2021-04-25 11:16:02,Gold,Email,True,English,Visa,,Walk-in
7d0c15c4-bae3-4465-9a16-922b6b06983a,Paige,Patel,paige_patel@outlook.com,+1 954 469 9782,MX,North America,New Sarah,F,Group,2022-03-29 14:59:20,Non-Member,SMS,True,English,Apple Pay,,OTA Referral
acc2b5d1-e372-40ed-a7a0-f6f2440ee8af,Toby,Cox,tobyc@outlook.com,+1 750 809 5607,SE,Europe,South Marion,M,Leisure,2024-03-03 05:35:01,Basic,Email,True,English,Mastercard,,Website Direct
40e42fda-9c60-402b-be90-d42f2fa021ce,Sharon,Grant,sharon_grant@gmail.com,+1 417 109 3417,SG,Asia Pacific,Phillipshire,F,Family,2020-10-24 15:46:31,Non-Member,Email,True,English,Visa,,Corporate Contract
e3c2d780-885a-4d92-84a5-6370310b29d5,Nigel,Johnson,nigel_johnson@tyrellcorp.com,+1 385 379 4465,CA,North America,South Fionashire,M,Business,2019-11-16 07:54:00,Basic,Email,False,English,Google Pay,,Corporate Contract
8f376392-f054-404f-afd9-8b9518e9505c,Alexander,Hunt,ahunt@initech.com,+1 175 233 6642,SE,Europe,Thomasstad,M,Business,2021-07-16 16:10:39,Silver,Email,True,English,Apple Pay,,Website Direct
4fd75e07-928c-493a-891c-7f7d46e557ba,直樹,山田,直樹86@outlook.com,+81 262 714 9733,JP,Asia Pacific,Walkershire,M,Group,2020-10-19 14:36:15,Gold,Email,True,Japanese,Mastercard,,Website Direct
1791d87d-fbaf-4353-84f0-35adefcd628f,Abigail,Mills,abigail98@umbrellacorp.com,+1 864 715 2379,SE,Europe,Jasminehaven,F,Business,2021-06-17 01:31:34,Basic,Email,True,English,Mastercard,,Corporate Contract
1bc02e39-bf55-46e0-acf5-e830511f8055,예준,장,예준.장@gmail.com,+1 255 177 5926,KR,Asia Pacific,Simonmouth,M,Family,2020-06-18 00:53:03,Basic,Email,False,Korean,Mastercard,,Website Direct
0cc783f7-1d63-4fd0-a0db-78759a104a2a,Lisa,Williams,lisa.williams@gmail.com,+61 409 431 2539,AU,Asia Pacific,Elaineton,F,Family,2021-11-19 11:30:00,Gold,Email,True,English,Mastercard,,Corporate Contract
e5984ae0-f50a-43ae-b504-bf4db34f7b88,جوانا,الجابر,جوانا3@gmail.com,+971 473 888 3977,AE,Middle East,Port Thomas,F,Group,2024-11-30 10:56:57,Basic,Email,True,Arabic,American Express,,OTA Referral
5e78a66f-1906-4d73-8546-23f8a29eef46,Connor,Harris,charris@gmail.com,+1 374 878 7973,CA,North America,Port Bethan,M,Leisure,2021-06-16 10:13:27,Silver,Email,True,English,Google Pay,,Walk-in
4d529399-c823-4f7e-a72a-473dc375f654,Colin,Gardiner,coling@dummycorp.com,+91 150 125 6621,IN,Asia Pacific,Lake Owen,M,Business,2019-04-12 21:01:13,Gold,Email,True,English,American Express,,Phone Booking
3d55c827-00e7-46ac-b7cd-17a942ca1079,Cordula,Hermann,cordulah@gmail.com,+49 571 014936,DE,Europe,Geithain,F,Group,2021-05-04 20:02:04,Non-Member,Email,True,German,Google Pay,,Website Direct
df0edc38-6f10-4462-9ff0-131b499e874f,Josh,Brown,josh66@gmail.com,+1 569 836 1404,CL,South America,Kieranberg,M,Leisure,2023-06-23 13:46:43,Non-Member,SMS,True,English,American Express,,OTA Referral
c8264585-db32-43a7-993e-4150c1c5f220,Elaine,Ball,elaine_ball@gmail.com,+1 813 453 2786,KW,Middle East,North Carol,F,Leisure,2019-01-01 07:48:17,Non-Member,SMS,True,English,Mastercard,,Phone Booking
8cd9dae9-84ee-4606-b78c-776397d762a0,Wendy,Ryan,wendy21@gmail.com,+44 7805 062582,GB,Europe,South Lawrence,F,Leisure,2019-06-02 20:51:41,Silver,Email,False,English,Mastercard,,OTA Referral
21fb6f05-62cd-4f97-a100-f49f5f558614,Rosemary,Dixon,rosemary_dixon@outlook.com,+1 364 497 8950,SG,Asia Pacific,East Connor,F,Family,2023-06-17 02:57:29,Basic,Email,True,English,PayPal,"Early Check-in, Late Check-out",Walk-in
2b62f436-7f50-44ab-8ae0-20c1ff345669,Joe,Webb,jwebb@globex.com,+1 932 186 4932,CA,North America,East Elliotview,M,Business,2019-08-02 18:17:16,Non-Member,Email,True,English,Visa,Early Check-in,Corporate Contract
ed0ef413-1963-47e2-b02a-3f2eebf598c2,Guy,Evans,guy32@gmail.com,+1 775 983 2443,SG,Asia Pacific,Jacksonshire,M,Leisure,2023-04-10 03:38:00,Non-Member,Email,True,English,Google Pay,,OTA Referral
7092d5a1-93cd-47b9-84a5-402791268587,Leigh,White,leigh.white@yahoo.com,+91 249 925 2241,IN,Asia Pacific,Lake Bethanstad,M,Family,2024-09-22 08:30:41,Non-Member,SMS,True,English,Visa,,Walk-in
d43cbbd6-7b81-495b-9657-728a65fc40db,Adrian,Read,adrian_read@gmail.com,125-674-6721,US,North America,Port Stuart,M,Leisure,2024-03-02 22:54:05,Silver,Email,True,English,Mastercard,,Corporate Contract
d83e28c7-fe26-489a-b7e9-6cd741bff750,Natalie,Williams,natalie.williams@initech.com,+1 140 618 8027,SE,Europe,Robinsonland,F,Business,2024-05-02 09:12:13,Non-Member,Email,True,English,Visa,,Website Direct
e8d32bdc-f0b0-4ef0-835c-006694961eac,淳,長谷川,淳長谷川@waynecorp.com,+81 570 761 7478,JP,Asia Pacific,South Albert,M,Business,2023-01-30 18:38:09,Silver,Email,False,Japanese,American Express,,Website Direct
56f4b246-b1c5-4327-9358-69a8d19067f2,ناصر الدّين,آل عطفة,نآل عطفة@outlook.com,+971 798 456 4463,AE,Middle East,Hughland,M,Leisure,2024-05-14 07:53:17,Basic,Email,True,Arabic,Mastercard,,Corporate Contract
1c7fb88e-1136-42bb-a8fd-bf8d5720da48,Sally,Clarke,sclarke@tyrellcorp.com,+1 500 936 8333,CA,North America,East Lesley,F,Business,2019-05-24 06:11:24,Silver,Email,True,English,Mastercard,,Walk-in
b982c6fc-2676-47d9-bec5-da3f5241e963,Lindsey,Smith,lindsey.smith@outlook.com,+1 872 130 8294,KW,Middle East,East Debra,F,Family,2019-10-19 22:22:12,Silver,SMS,True,English,Visa,,Website Direct
defad77e-6812-4003-8348-40e10124dd7f,Raffaella,Giannotti,raffaellag@hotmail.com,+1 840 259 6469,IT,Europe,Civitaretenga,F,Leisure,2019-08-26 00:13:40,Non-Member,Email,True,Italian,Visa,,Website Direct
179c1375-14ba-4695-aa7b-1697edd3806d,Julie,Robinson,julie_robinson@outlook.com,+1 661 715 4366,CH,Europe,Francescabury,F,Leisure,2019-11-21 05:30:26,Basic,Email,False,English,American Express,,Corporate Contract
0fd9be33-9a76-47a5-b0b8-083c736d8bba,Callum,Smith,callum.smith@outlook.com,+1 184 514 5766,NL,Europe,Alisonstad,M,Leisure,2023-06-07 17:33:45,Non-Member,Email,True,English,Apple Pay,Early Check-in,Website Direct
dc288aed-3abc-4cd9-9758-bffff1bd633f,Liam,Allen,liam46@gmail.com,+1 155 404 4911,KW,Middle East,New Rosemary,M,Leisure,2022-12-29 20:30:40,Silver,Email,False,English,Apple Pay,,Phone Booking
846cf560-5836-4d14-8024-40e75fca48e9,Frédérique,Lambert,frédérique62@gmail.com,+33 316 468 3109,FR,Europe,Boyer-la-Forêt,F,Family,2022-03-15 13:41:11,Silver,Email,False,French,Visa,,Corporate Contract
13fb0dd4-eccc-4e0e-84da-a321c1843003,Théodore,Marques,théodore_marques@gmail.com,+33 638 249 2727,FR,Europe,Sainte Françoise,M,Business,2019-07-02 07:48:15,Non-Member,Email,False,French,Visa,,Website Direct
44054c38-4aac-431c-acc0-c026f15117aa,Ellie,Rowley,ellie.rowley@starkindustries.com,+44 3068 744304,GB,Europe,Laurenberg,F,Business,2024-08-08 18:32:54,Gold,Both,False,English,Mastercard,,Phone Booking
3d98c56b-f716-44cb-906d-2cc160542c09,Charles,Henderson,chenderson@outlook.com,+1 251 937 2147,KE,Africa,Suttonmouth,M,Leisure,2020-12-10 03:18:33,Basic,Email,True,English,Mastercard,,Phone Booking
d09ae2c9-e91b-455f-a077-35af7330a017,Sheila,Hall,sheila32@gmail.com,9786 595 0560,GB,Europe,Joyceberg,F,Leisure,2021-12-25 16:49:48,Silver,Email,True,English,Apple Pay,,Corporate Contract
414ae5f7-6de0-40ec-b77e-df9019e5f83e,Howard,Bird,howard.bird@starkindustries.com,(707) 119-0961,US,North America,Clarkeside,M,Business,2021-06-23 22:23:00,Non-Member,Email,True,English,Mastercard,,Corporate Contract
cc3c0e36-c538-4d42-99f5-dcb7e83f0be3,Reece,Clements,reecec@outlook.com,+1 122 285 5952,CA,North America,Rogerstad,M,Leisure,2021-01-14 17:54:27,Non-Member,SMS,True,English,Visa,,OTA Referral
94641523-b457-448e-8486-4f43a87191f3,涼平,長谷川,涼平_長谷川@gmail.com,+81 643 833 1565,JP,Asia Pacific,Sheilabury,M,Leisure,2020-01-18 18:10:54,Gold,Email,False,Japanese,Visa,,Website Direct
7a59eec1-d642-4617-9682-650556d10657,Rhavi,Nunes,rhavi79@gmail.com,+55 894 509 1074,BR,South America,New Nataliemouth,M,Business,2019-03-11 07:24:51,Gold,Email,True,Portuguese,Mastercard,,Walk-in
e707fd72-6c7b-43c8-93dd-b518bf8e735a,Andrew,Campbell,andrew.campbell@gmail.com,517-827-4714,US,North America,Pagemouth,M,Leisure,2019-02-27 07:19:00,Gold,Email,True,English,Visa,,Phone Booking
26264c50-bb57-4344-967a-8df192ab7817,Thibault,Dupont,tdupont@tyrellcorp.com,+33 290 745 9001,FR,Europe,Tessier,M,Business,2020-10-21 03:07:16,Non-Member,Email,False,French,Visa,"Allergies, High Floor",Phone Booking
e592febc-4b23-414c-89f0-7348f8f14907,Gerard,Smith,gerard_smith@icloud.com,(560) 006-3942,US,North America,South Janetton,M,Family,2019-01-15 08:18:00,Silver,Email,True,English,Visa,,Website Direct
16cada46-48af-44f9-b823-646580c62e8c,Bradley,Moore,bradley39@oscorp.com,+1 571 320 3173,TH,Asia Pacific,Maryland,M,Business,2023-06-17 05:54:42,Non-Member,Email,False,English,Mastercard,,Website Direct
8048fe20-c68f-4bcc-852b-ed9788040fe2,Maureen,Nicholson,noemail@provided.com,492-185-4484,US,North America,East Juliashire,F,Business,2023-01-19 14:57:55,Basic,Email,True,English,Visa,,OTA Referral
1b0aafa7-d46a-4ff2-8c61-288c1fcd2c3c,José Antonio,Posada,josé antonio.posada@gmail.com,+1 832 487 3774,AR,South America,الحكيرmouth,M,Leisure,2022-02-04 09:44:58,Platinum,Email,False,English,Mastercard,Early Check-in,Website Direct
dfbd7970-78d1-44e2-9f5d-358cc89587b2,Maurice,Kemp,mkemp@gmail.com,+1 458 668 1527,SG,Asia Pacific,Port Peterview,M,Leisure,2022-05-04 04:21:33,Silver,SMS,True,English,Apple Pay,,Phone Booking
3c8b89ad-9dbd-4392-9a38-7e92cad6a80c,Jane,Bailey,jbailey@acme.com,+1 344 255 5215,MX,North America,Evansshire,F,Business,2020-06-11 14:11:34,Silver,Email,True,English,Visa,,OTA Referral
60e7305c-56ff-4423-b8d1-279442436629,영수,류,영수.류@gmail.com,+1 634 743 4566,KR,Asia Pacific,Chapmanmouth,M,Family,2019-05-02 10:37:24,Non-Member,Email,True,Korean,Visa,,Walk-in
22bc9698-ef13-4d5c-b61b-8bc15fd45d35,Pauline,Vincent,pauline_vincent@icloud.com,224-346-7537,US,North America,Annemouth,F,Leisure,2021-08-10 11:16:29,Silver,Email,False,English,Apple Pay,,Corporate Contract
9edb05bc-f0ac-41b6-b066-1238256999cc,Mark,Carr,mark.carr@gmail.com,+1 865 958 3610,TH,Asia Pacific,East Rosiefurt,M,Leisure,2024-09-09 17:33:50,Silver,Email,False,English,Visa,Late Check-out,Website Direct
0162c19f-82b0-46b4-930a-4ce2ed5a6813,Elaine,Barlow,elaineb@gmail.com,+1 976 526 3463,NL,Europe,New Paulaton,F,Leisure,2022-02-06 05:36:50,Silver,Email,True,English,Visa,,Website Direct
943e38f9-48a3-4244-a59d-f9a0edd5658d,Carole,Ryan,test@test.com,+1 527 897 4242,CA,North America,East Karenbury,F,Leisure,2022-08-26 14:43:34,Basic,Email,True,English,Mastercard,"Non-smoking, Wheelchair Accessible",Corporate Contract
66874ab3-d5d6-4bcc-b3ac-bcdeeca61f37,Harry,Brown,harry_brown@gmail.com,+91 985 115 8264,IN,Asia Pacific,East Georgina,M,Leisure,2021-02-27 21:56:50,Gold,Email,True,English,Visa,,Walk-in
ae7e3304-d26d-4292-91c0-ebf7f572397d,Shaun,Richards,shaun40@gmail.com,+1 370 101 5538,KE,Africa,Vaughanland,M,Family,2019-09-29 00:34:10,Platinum,Email,True,English,American Express,,Website Direct
b0ae183d-c3de-4b71-91dc-4977eb64536b,Norberto,Pulido,norberto.pulido@starkindustries.com,+1 391 109 8658,ES,Europe,Salamanca,M,Business,2022-04-19 06:55:50,Non-Member,Both,True,Spanish,Visa,,OTA Referral
97e78f89-f62b-4e30-96c0-b03fe36bb860,Eileen,Price,test@test.com,+1 222 218 3702,NL,Europe,Moranberg,F,Family,2023-08-19 15:40:22,Non-Member,Email,False,English,Mastercard,Allergies,Walk-in
04aa9e74-ea64-4a55-a7bf-3e29827fc5f8,Alphonse,Daniel,alphonse_daniel@hotmail.com,+33 428 792 6723,FR,Europe,Parent,M,Leisure,2023-09-01 08:13:25,Non-Member,SMS,True,French,Mastercard,,Phone Booking
1df98751-f533-4dce-9d8b-f9c5782426fa,Michael,Hayes,michael.hayes@gmail.com,+1 672 732 5516,TH,Asia Pacific,South Gavin,M,Leisure,2023-06-14 23:30:30,Silver,SMS,False,English,Mastercard,,Walk-in
bd5a833b-c989-4fb0-bd18-b172fc841f03,Jamie,Green,jamieg@hotmail.com,+1 908 992 5869,CA,North America,West Danielleland,M,Leisure,2020-05-11 19:24:33,Gold,Email,False,English,Visa,,Phone Booking
3be9c37b-d1d5-46ea-b937-3d39e8dd0457,Charlie,Burns,charlie_burns@acme.com,+1 522 199 5137,TH,Asia Pacific,Jonesmouth,M,Business,2024-01-08 18:38:50,Basic,Email,True,English,Visa,,Website Direct
763e51ea-4702-44f0-aba1-87dace1fbe9f,Rachael,Holland,rachaelh@cyberdyne.com,782-079-6193,US,North America,South Jessicaville,F,Business,2023-03-08 13:55:12,Silver,Email,True,English,Mastercard,,Website Direct
52efd5c1-8cb4-4d04-97c3-96003bd618cf,Elliott,Butler,elliottb@outlook.com,+1 494 386 5523,CA,North America,Lake Peterstad,M,Leisure,2021-08-09 01:29:20,Silver,Email,False,English,Visa,,Walk-in
57fc695c-b35d-4c51-a93d-094f788606ea,Shaun,Begum,shaun_begum@outlook.com,+1 745 190 2917,KW,Middle East,South James,M,Business,2019-12-17 13:32:21,Basic,SMS,True,English,Visa,,Website Direct
a23e14ba-a872-499d-84da-9819e94b6d4e,Stuart,Wheeler,stuart.wheeler@gmail.com,+1 504 199 7199,SE,Europe,Smithstad,M,Leisure,2022-05-18 15:36:01,Non-Member,SMS,True,English,Visa,,Phone Booking
09ffd506-4d16-4bfa-a835-2fd558003fca,Stewart,Foster,stewart.foster@hotmail.com,+1 511 430 6741,TH,Asia Pacific,Kennethview,M,Leisure,2019-03-15 21:57:41,Silver,Email,False,English,Mastercard,,OTA Referral
99bc3835-4302-4cb4-90d3-be5d7cfb86c6,Georgina,Hall,ghall@initech.com,+1 846 653 7571,SE,Europe,East Andreahaven,F,Business,2020-05-19 17:03:39,Silver,Email,True,English,Visa,,Corporate Contract
b02a1510-59ab-42ff-b73d-a1bd4967d507,Ricky,Wong,ricky.wong@waynecorp.com,(144) 518-6889,US,North America,Adamsmouth,M,Business,2021-06-02 05:46:42,Basic,Email,False,English,Visa,Allergies,Corporate Contract
e4465bcb-87a7-4cd6-b9f2-a81d19210c3e,Rhys,Dennis,rdennis@cyberdyne.com,+1 477 562 3118,CH,Europe,South Carolynfurt,M,Business,2023-07-28 23:30:38,Non-Member,SMS,False,English,Apple Pay,,OTA Referral
a4b02ec6-1b92-42fa-8f9f-35dd0598ab9e,Henry Gabriel,Araújo,haraújo@tyrellcorp.com,+55 479 748 2440,BR,South America,New Sophieburgh,M,Business,2022-10-14 23:54:17,Silver,Both,True,Portuguese,Visa,,Corporate Contract
23464c89-95b9-4bef-a2b6-07d385089c2c,Nicola,Turner,nicola_turner@icloud.com,+1 343 655 8487,CA,North America,Malcolmville,F,Leisure,2022-05-13 12:27:39,Gold,SMS,True,English,Visa,,OTA Referral
7ece2d24-a2f8-46f7-a992-79eeface22bf,Barry,Hunt,barry.hunt@outlook.com,+1 932 641 8810,NL,Europe,West Sian,M,Family,2023-01-29 16:53:06,Gold,Email,True,English,Visa,,Corporate Contract
7325cde4-eb50-4930-8c31-d2c0d0aaed31,Brett,Holmes,bretth@gmail.com,+1 871 896 5804,SG,Asia Pacific,East Ericland,M,Leisure,2019-02-26 06:26:34,Basic,Email,True,English,Visa,,Corporate Contract
c206ddeb-b9a5-4896-b996-65cd72262d26,Annette,Goddard,annette.goddard@icloud.com,+1 693 778 5225,NL,Europe,North Norman,F,Business,2023-05-04 16:48:34,Basic,SMS,False,English,Visa,Wheelchair Accessible,Walk-in
434f024b-9ca8-4ee8-b022-b5dfc491f218,Ivan,Stiffel,ivan_stiffel@gmail.com,+49 2199/643721,DE,Europe,Rathenow,M,Leisure,2022-12-27 08:50:39,Gold,Both,True,German,Mastercard,,Website Direct
7518bad4-1929-4075-b787-5fa4618fa939,Valentim,Moraes,valentim.moraes@outlook.com,+55 147 226 4933,BR,South America,Lake Colin,M,Family,2020-01-10 10:18:25,Silver,SMS,True,Portuguese,Google Pay,,Walk-in
8ad4c923-4d04-4618-9e7a-3c8899725af4,Neil,Gibson,noemail@provided.com,+1 758 857 4648,CA,North America,Robsonmouth,M,Leisure,2019-04-09 01:05:57,Silver,Email,False,English,Visa,,Website Direct
5db09b05-5ac9-44cb-90cc-5c871efcddd1,Paula,Glover,paula68@starkindustries.com,+1 675 429 8492,SE,Europe,Lake Samantha,F,Business,2023-07-07 10:07:47,Silver,Email,False,English,Mastercard,,Walk-in
c21d73f5-ffb0-47b5-be64-16b8f9334bba,Mathew,Williams,matheww@globex.com,+1 686 917 4640,CA,North America,Richardsmouth,M,Business,2021-03-26 00:49:39,Basic,Both,False,English,Apple Pay,,Website Direct
99808ad3-6392-477c-a459-694e18774a36,Michael,White,michael_white@acme.com,+1 153 111 8824,MX,North America,Greenland,M,Business,2023-08-18 03:35:10,Silver,SMS,False,English,Visa,,Walk-in
a729e0c3-9ff4-4412-b0d6-72008293129e,宇,李,宇97@outlook.com,000-000-0000,CN,Asia Pacific,Dennisville,M,Business,2022-11-04 09:29:49,Gold,Email,True,Chinese,American Express,,Corporate Contract
17c29d2f-3758-490c-a1cd-f0eb474c4bbe,واصف,آل علي,واصفآ@icloud.com,+1 468 351 3902,SA,Middle East,West Stephenchester,M,Leisure,2023-10-19 19:37:43,Basic,Email,True,Arabic,Visa,,Walk-in
2a4d7331-a1a2-46be-bbed-5b43f0eee730,John,Cole,john98@gmail.com,+91 211 614 3348,IN,Asia Pacific,Kingchester,M,Leisure,2023-02-13 20:24:44,Non-Member,Email,True,English,PayPal,,Website Direct
35521359-64a9-4ea8-bd97-f490c46bd56b,وثّاب,كانو,وثّاب6@outlook.com,+1 377 799 7689,SA,Middle East,Christianstad,M,Leisure,2020-12-13 01:59:37,Platinum,Email,False,Arabic,Mastercard,Late Check-out,Corporate Contract
28e14c2f-cb5e-4ada-8d2e-8311818a56be,Joanna,Jones,joanna_jones@gmail.com,+1 586 722 2725,MX,North America,North William,F,Group,2020-07-28 21:03:29,Non-Member,Email,False,English,Visa,,Walk-in
203fbd0c-e440-490f-b05c-3e52cf5871b0,Jordan,Dean,jordan55@gmail.com,000-000-0000,US,North America,Edwardsville,M,Leisure,2021-06-10 09:39:08,Silver,Email,True,English,Google Pay,,Phone Booking
7e26257f-dc67-48ab-b1be-1db51bfda14f,聡太郎,山田,聡太郎55@icloud.com,+81 303 824 5586,JP,Asia Pacific,New Rachaelhaven,M,Leisure,2020-02-27 10:38:36,Basic,Email,True,Japanese,Visa,Early Check-in,Corporate Contract
9e398f9f-ee28-456a-bacb-683ba6aa1416,Patricia,Dixon,pdixon@umbrellacorp.com,+1 990 104 4667,CH,Europe,Gardnerside,F,Business,2022-02-23 20:34:39,Gold,Email,True,English,American Express,,Website Direct
0c146a95-b481-4144-91eb-c09f8d00dd2c,Ruthild,Neureuther,ruthild86@gmail.com,+49 1119/608400,DE,Europe,Göttingen,F,Leisure,2024-03-14 19:20:25,Basic,Email,True,German,Visa,,Website Direct
e854225d-a71f-459a-8ff2-d0d8708b0a2d,Norman,Frost,norman.frost@yahoo.com,(412) 905-4697,US,North America,New Valerie,M,Leisure,2020-11-20 15:09:14,Silver,SMS,False,English,PayPal,,Corporate Contract
96bae9ca-c50f-43b7-9138-c7b45512368b,桂英,戴,桂英_戴@outlook.com,+86 982 0268 056,CN,Asia Pacific,South Mohamed,F,Family,2022-11-02 15:09:47,Basic,Email,True,Chinese,Visa,,Website Direct
ab5a6c76-eadb-41cf-ba48-cd83b9857c38,Jamie,Smith,jamies@umbrellacorp.com,+1 106 736 7437,CA,North America,Careyberg,M,Business,2019-02-20 01:14:15,Basic,Email,True,English,Mastercard,,Phone Booking
fb2d0da6-6c10-47f4-af23-89add47dd90a,Frédérique,Prévost,frédérique35@gmail.com,+33 267 442 4157,FR,Europe,Mathieu-la-Forêt,F,Leisure,2020-08-22 20:16:11,Silver,SMS,True,French,Mastercard,,Corporate Contract
23b57430-bbfa-46be-9d06-7487011bc2fa,Carla,Martí,carla_martí@hotmail.com,+1 388 908 9999,ES,Europe,Granada,F,Business,2019-03-29 10:31:49,Platinum,Email,True,Spanish,Visa,,Phone Booking
66abc18a-5f00-4228-b603-88d602052508,Aaron,Freeman,aaron_freeman@gmail.com,+1 993 193 1102,CA,North America,North Tracey,M,Leisure,2019-06-05 11:53:37,Basic,None,True,English,Visa,,Walk-in
8c6acdac-00c0-43d2-a920-cd1703feaaf4,Auguste,Clément,auguste.clément@tyrellcorp.com,000-000-0000,FR,Europe,Bouvier,M,Business,2019-03-21 04:33:32,Silver,Email,False,French,Visa,,Website Direct
facb1a40-bc0f-4f26-9d30-f403e33ab12d,Glenn,Howell,glenn_howell@gmail.com,+1 765 812 3187,MX,North America,East Denisestad,M,Leisure,2023-05-21 23:07:31,Non-Member,SMS,False,English,Mastercard,,Walk-in
619e19de-3839-40ee-9ba6-4ac93e818b22,Liam,Long,noemail@provided.com,+1 331 497 7645,CA,North America,Lake Alanville,M,Business,2022-01-28 02:31:04,Silver,SMS,False,English,Mastercard,,Corporate Contract
08cee631-a90e-4de4-8ce7-340eeed16714,جنى,آل مقطة,جنى_آل مقطة@yahoo.com,+971 260 867 2434,AE,Middle East,Williamsstad,F,Group,2021-11-17 16:52:43,Gold,Email,True,Arabic,Mastercard,"Late Check-out, Wheelchair Accessible",OTA Referral
da48c9ed-69c1-40bd-a28d-75d24afccf9e,Iain,Thompson,iain_thompson@cyberdyne.com,852-096-0176,US,North America,West Rachaelton,M,Business,2020-10-28 07:32:25,Silver,SMS,True,English,Visa,,Phone Booking
9f3f7538-95d5-4448-a002-43fd8267048d,Hollie,Allen,holliea@gmail.com,+44 5245 505189,GB,Europe,South Alan,F,Leisure,2022-10-17 21:51:24,Non-Member,SMS,True,English,Visa,,Corporate Contract
93dc15d7-fe69-4697-b745-1788211535d4,Maurice,Murray,maurice29@gmail.com,+1 771 877 5714,CA,North America,West Dorothyland,M,Leisure,2021-01-15 16:22:28,Non-Member,SMS,True,English,American Express,,OTA Referral
61629367-f5ee-4bdd-8ac5-3038c083b789,Véronique,Leduc,véroniquel@tyrellcorp.com,+33 815 434 7060,FR,Europe,Legrand,F,Business,2024-04-02 04:36:42,Non-Member,Both,True,French,American Express,,Corporate Contract
2cb84f71-1a2e-4eb4-b487-5122d48d8ad3,Ricky,Davey,ricky_davey@tyrellcorp.com,+1 541 439 5217,CH,Europe,Port Jacquelineport,M,Business,2022-01-21 07:36:39,Basic,SMS,True,English,Mastercard,,Website Direct
8d61abdf-7fd3-4dfc-bf97-bbf070946792,Martyn,Jones,mjones@icloud.com,+1 300 597 9082,SG,Asia Pacific,Lake Maureen,M,Group,2024-11-18 23:26:44,Gold,Both,True,English,American Express,,Corporate Contract
fcd8290b-061e-4d1a-9b08-664bd9293645,Rosemary,Burgess,rosemary.burgess@gmail.com,+1 445 880 9449,MX,North America,Andrewton,F,Leisure,2022-05-21 04:56:55,Basic,Both,True,English,Mastercard,,Website Direct
dfbcc071-cddb-428f-8436-2eefc0bd6b93,Antony,Smith,antonys@dummycorp.com,+1 513 604 4635,QA,Middle East,North Aimee,M,Business,2023-11-29 15:05:15,Silver,Email,True,English,Visa,,Walk-in
7fa06e8e-f46f-44c0-8458-1b48d02821d7,병철,김,병철91@oscorp.com,+1 851 156 7134,KR,Asia Pacific,Owenville,M,Business,2022-12-13 01:38:35,Non-Member,Email,True,Korean,Visa,,Phone Booking
7bc8ff14-1fcc-4718-a96d-11e46cebdf63,Luís,Donaire,luísd@gmail.com,+1 544 869 3093,ES,Europe,Tarragona,M,Business,2021-11-02 22:01:08,Gold,Email,False,Spanish,PayPal,,Walk-in
39052913-1f6d-4601-a408-d068b874a8b0,淳,福田,淳福田@yahoo.com,+81 891 204 9700,JP,Asia Pacific,Kimberleyberg,M,Leisure,2022-05-23 06:36:45,Basic,Email,True,Japanese,Mastercard,,Corporate Contract
7096f846-2a38-4051-b813-b65452ce2860,Lynn,Warner,lynn_warner@gmail.com,+1 891 328 8630,MX,North America,New Jacob,F,Group,2020-06-05 12:04:44,Silver,Email,True,English,Mastercard,,Walk-in
7d8a212c-3130-41e7-9849-137ca1d84872,Tobias,Ortmann,tobiaso@gmail.com,+49 384 282790,DE,Europe,Staffelstein,M,Leisure,2019-08-19 13:25:02,Gold,SMS,True,German,Mastercard,,OTA Referral
700f1495-2f52-427f-9dd5-4cbdc6ed1874,Romina,Tuzzolino,rominat@waynecorp.com,+1 981 504 4808,IT,Europe,Montopoli In Val D'Arno,F,Business,2024-02-19 18:43:36,Non-Member,Email,True,Italian,American Express,,Walk-in
45df9fec-46e4-4c57-93b6-e65d8e4594b3,Garry,McDonald,garry_mcdonald@gmail.com,+1 116 251 6919,CA,North America,Popeshire,M,Leisure,2022-08-08 10:06:42,Gold,Email,True,English,Mastercard,,Website Direct
9bbd2ecb-790c-46e1-8c7d-62e8e342e2cf,Garry,Pearson,gpearson@outlook.com,(773) 475-9346,US,North America,North Gail,M,Business,2021-12-15 09:58:52,Non-Member,Email,True,English,Visa,,OTA Referral
d55b391c-eb22-4398-9887-8b47f6361b22,Jessica,Gardner,jessica_gardner@yahoo.com,+1 641 852 4388,CA,North America,Craigmouth,F,Leisure,2022-03-08 23:04:39,Non-Member,SMS,True,English,Visa,,OTA Referral
4fa3ed08-e5b3-4657-bedd-aeaea59791f9,Henry,King,henryk@gmail.com,+1 267 482 1974,CA,North America,Sallytown,M,Leisure,2022-09-24 18:10:55,Basic,Email,False,English,Mastercard,,Corporate Contract
34b26e55-3432-41b3-9cc6-ef860c0d43dc,Friedhold,Schomber,friedhold_schomber@yahoo.com,+49 5295/558946,DE,Europe,Delitzsch,M,Leisure,2024-08-12 06:45:46,Non-Member,SMS,False,German,Apple Pay,,OTA Referral
34c86c2e-29e0-43ca-a58e-cf86c6afb517,Gonzalo,Tamarit,gtamarit@gmail.com,+1 430 426 2793,ES,Europe,Valladolid,M,Group,2022-12-03 23:13:54,Basic,Email,True,Spanish,Apple Pay,,Corporate Contract
4ede7b93-d7c1-4db0-ae86-f272bc3ac65a,Philip,Herbert,philip_herbert@umbrellacorp.com,+1 772 699 6400,SE,Europe,Vincentmouth,M,Business,2024-01-04 22:14:24,Non-Member,SMS,True,English,Google Pay,,Corporate Contract
3a150563-1c0d-49fb-a3aa-e910bceb0ada,성진,이,성진_이@outlook.com,+1 337 960 1654,KR,Asia Pacific,Holmesstad,M,Leisure,2019-02-09 12:51:26,Non-Member,Email,True,Korean,American Express,,OTA Referral
046f424c-57fa-47b2-b0f4-c551e2f4f10a,Alwin,Reichmann,alwin_reichmann@gmail.com,+49 9807/806314,DE,Europe,Naila,M,Leisure,2019-04-15 09:11:21,Basic,Email,True,German,Visa,"Early Check-in, Non-smoking",OTA Referral
13f81c72-1f8e-4579-8601-f4ec058063b1,Ruth,Hawkins,ruth85@hotmail.com,+1 624 319 3952,SG,Asia Pacific,East Josh,F,Leisure,2024-05-23 20:42:53,Non-Member,Email,False,English,Apple Pay,,OTA Referral
d4257f0e-ea46-47ab-8d6b-59ae592e86b6,Etta,Franzese,efranzese@acme.com,+1 863 944 3454,IT,Europe,Scoppito,F,Business,2022-05-09 19:19:46,Basic,Email,True,Italian,Apple Pay,,Website Direct
f076f11f-d57a-4258-ae31-b5ed0b4f934b,قنوع,المهنا,قالمهنا@gmail.com,+1 796 492 4993,SA,Middle East,North Amanda,M,Leisure,2022-11-12 14:15:08,Non-Member,Email,True,Arabic,Mastercard,"Early Check-in, High Floor",Corporate Contract
9bfd9d14-384d-4f6c-afd3-249521d448d0,Frederick,Brookes,fbrookes@gmail.com,+1 735 113 6867,CA,North America,Billyport,M,Leisure,2024-11-26 13:38:38,Non-Member,Email,True,English,Mastercard,,Walk-in
4cc9f9b3-2ac6-48ba-b127-b59c072672f6,Rosemary,Clayton,rosemary_clayton@gmail.com,+1 716 601 8918,SG,Asia Pacific,South Leeburgh,F,Business,2020-08-06 21:45:46,Silver,Email,True,English,Mastercard,,Phone Booking
58288bfd-dbd2-4414-9b63-67b951ac52bc,Else,Berger,else7@gmail.com,+49 5931/925797,DE,Europe,Hohenmölsen,F,Leisure,2023-05-10 14:53:27,Basic,Email,False,German,Mastercard,"High Floor, Early Check-in",Corporate Contract
d295a95a-a795-40e4-92c3-0831f13ab33c,미영,장,미영장@tyrellcorp.com,+1 257 611 2526,KR,Asia Pacific,Leeville,F,Business,2023-02-01 19:31:16,Platinum,Email,False,Korean,Mastercard,,Walk-in
f802d665-0647-4281-a109-05cffbc93a05,Brandon,Green,brandong@icloud.com,+1 626 757 4373,CA,North America,West Harryfort,M,Leisure,2022-08-26 22:58:01,Non-Member,Email,True,English,Visa,,Corporate Contract
ecef4b61-31f8-4f89-8ef7-b6d79bfb8795,Marc,Ingram,mingram@icloud.com,+1 803 448 3636,NL,Europe,Emilystad,M,Leisure,2022-05-04 12:41:36,Silver,Email,True,English,Visa,,Website Direct
c4c0d41e-5c34-452e-9d17-3635c398fda2,Marion,Dyer,marion.dyer@gmail.com,+44 2028 010586,GB,Europe,Brownbury,F,Business,2020-08-14 23:12:17,Silver,Email,True,English,Visa,,Phone Booking
c2024b36-cf79-4251-9d91-f31d901cc588,Isidoro,Cueto,icueto@starkindustries.com,+1 631 688 1195,ES,Europe,Zaragoza,M,Business,2024-07-08 21:47:09,Basic,Both,False,Spanish,Visa,"Non-smoking, Late Check-out",Website Direct
049b3790-635a-47a4-8d96-8a7eef97fb1b,Eleanor,Clarke,eleanor_clarke@outlook.com,+1 529 855 8986,SE,Europe,Lake Ruth,F,Leisure,2024-01-22 16:58:11,Silver,Email,True,English,PayPal,,Website Direct
5556823f-a46d-4a47-9e31-7519e76f050c,裕樹,石川,裕樹.石川@hotmail.com,+81 601 353 2403,JP,Asia Pacific,Dennisbury,M,Family,2021-06-10 06:38:39,Silver,Email,False,Japanese,Visa,,Website Direct
7c899860-bc42-4bf5-bc63-01b4e70b5ffc,Bertrand,Fouquet,bertrand.fouquet@oscorp.com,+33 669 987 8303,FR,Europe,Dos Santos-les-Bains,M,Business,2020-12-25 07:10:07,Basic,Email,False,French,American Express,"Early Check-in, Non-smoking",Phone Booking
0db0fb9b-1a5f-473e-a464-458fa2a5cb1d,Anne,Harding,anneh@example.ca,+1 982 366 5253,CA,North America,Summersland,F,Business,2021-09-04 13:11:19,Non-Member,Email,True,English,Visa,,Walk-in
a0728238-e67b-40ba-880d-4aba9fde0588,زين,العقيل,زين.العقيل@gmail.com,+1 897 271 5157,SA,Middle East,East Hannah,M,Leisure,2019-03-12 00:40:54,Silver,Email,False,Arabic,Visa,,Website Direct
6351c24e-6776-4958-ae18-3d77773b9798,Joanne,Manning,jmanning@gmail.com,+1 146 513 7449,MX,North America,Lake Amanda,F,Leisure,2020-12-10 10:13:34,Non-Member,Email,False,English,Visa,Late Check-out,Walk-in
fc0dfc66-e1ac-4706-bc6f-521d573ee97a,Lawrence,Dickinson,lawrence.dickinson@outlook.com,+1 382 606 9405,CA,North America,Harpershire,M,Family,2021-04-26 21:57:22,Basic,Email,False,English,Visa,,Website Direct
5a24deb1-a221-4d1e-ad58-5fcee3008eda,Fiona,Morris,fiona.morris@outlook.com,+1 931 943 2710,CH,Europe,West Jasmine,F,Leisure,2023-10-05 10:16:11,Non-Member,Both,True,English,Mastercard,,Website Direct
522dbdfa-87f8-4e7d-8308-9995cd8047c9,명숙,이,명이@gmail.com,+1 203 540 5561,KR,Asia Pacific,Lorrainemouth,F,Leisure,2024-08-21 07:59:21,Non-Member,Email,False,Korean,Visa,,Phone Booking
76f03e64-7f97-4943-87b9-da6cd7958171,Harry,Fleming,harry97@globex.com,+1 375 779 7541,CH,Europe,West Geraldineland,M,Business,2020-09-24 08:56:57,Gold,Email,False,English,Visa,,OTA Referral
ebe97852-7525-4e8f-a1f8-6af58a959845,あすか,藤原,noemail@provided.com,+81 144 330 1090,JP,Asia Pacific,North Elliotport,F,Family,2024-07-28 19:40:08,Gold,SMS,False,Japanese,Google Pay,,Walk-in
1d84bf71-6092-44ad-ad04-7a7d55aee2e7,Renate,Börner,renate_börner@outlook.com,+49 0765/893122,DE,Europe,Bremen,F,Leisure,2019-02-16 02:54:38,Basic,SMS,False,German,American Express,,Website Direct
7b8fe572-e2ec-4ce9-a103-8a6fbb3ab008,Julian,Kirk,juliank@globex.com,(963) 087-9346,US,North America,Seanchester,M,Business,2019-10-09 18:35:55,Silver,Email,True,English,Mastercard,,Corporate Contract
df15c744-9217-4007-99f4-3b4af0a53685,Jeffrey,Wilkinson,jeffreyw@outlook.com,+1 659 678 3859,SG,Asia Pacific,Leehaven,M,Leisure,2020-09-25 16:45:30,Silver,SMS,True,English,Visa,,Website Direct
60e7d3ae-f47c-4cd8-9b73-8f6c468a4209,Olivia,Hall,oliviah@gmail.com,+1 593 301 9679,KE,Africa,North Benjaminchester,F,Leisure,2019-04-07 13:13:25,Basic,Email,True,English,Mastercard,,Walk-in
571e3ee1-d48c-4efc-9518-3db176f2df4d,Christine,Hall,christineh@outlook.com,+1 627 191 3450,SG,Asia Pacific,Naomibury,F,Leisure,2020-04-21 06:45:54,Platinum,Email,False,English,American Express,,Walk-in
8fbb90e1-b7b8-4f3b-b488-ae0a6ba6e7fd,영순,주,영순_주@gmail.com,+1 962 781 2307,KR,Asia Pacific,Jeffreyshire,F,Leisure,2019-12-18 07:09:34,Gold,SMS,False,Korean,American Express,,OTA Referral
2f392f8f-0749-44e7-930f-9f8fba769d5f,영식,곽,영식39@gmail.com,+1 296 819 7272,KR,Asia Pacific,Geraldineburgh,M,Leisure,2019-10-10 11:06:19,Basic,Both,True,Korean,Visa,,Website Direct
71d695d7-5fda-4493-a9f0-3b60f69df595,Pauline,Mitchell,test@test.com,+91 106 213 5137,IN,Asia Pacific,Nolanburgh,F,Business,2022-03-24 23:07:42,Non-Member,Email,False,English,Mastercard,,Phone Booking
43b5d486-7bfd-450b-afe5-65b539693344,John,Richardson,john63@waynecorp.com,074-783-1555,US,North America,Taylorstad,M,Business,2019-05-30 12:19:38,Basic,SMS,True,English,Visa,,OTA Referral
4f4789da-785f-4dc2-be0f-85de236b71ed,Vadim,Nohlmans,vnohlmans@gmail.com,+49 3616/433368,DE,Europe,Paderborn,M,Business,2024-02-23 13:08:58,Non-Member,Email,True,German,Mastercard,,Corporate Contract
d81d9374-1fd5-478e-8b2e-e845d5dca708,Tracy,Ellis,tellis@dummycorp.com,+1 863 540 1685,TH,Asia Pacific,Foxhaven,F,Business,2022-02-06 09:44:11,Gold,Email,True,English,Mastercard,,Website Direct
030afb08-6f98-46cc-ad9b-524f68be310b,Edward,White,edwardw@outlook.com,+1 648 313 3773,SE,Europe,Singhberg,M,Business,2019-10-25 06:08:57,Basic,Email,True,English,Visa,,Phone Booking
995365aa-113d-4959-9374-11c6e989cc10,Stephanie,Harris,stephanie_harris@gmail.com,852-175-0576,US,North America,Hancockport,F,Leisure,2022-03-28 22:36:31,Platinum,Email,False,English,Visa,,Phone Booking
ec9f2b4f-98ef-4d7c-a6b9-fa5953e1114c,Daniel,Stewart,daniel31@gmail.com,+1 667 533 1339,MX,North America,Port Lewis,M,Leisure,2022-09-12 14:15:30,Silver,Email,False,English,Google Pay,,Walk-in
9f21c231-1e1c-48bc-a014-d263a4469616,Michael,Warner,michaelw@gmail.com,950-326-9675,US,North America,East Carolehaven,M,Family,2022-02-24 12:55:27,Silver,Email,True,English,Apple Pay,,Walk-in
47546f28-bf88-4b8b-bd28-4f109b499b96,Maria,Jones,maria12@gmail.com,+1 850 907 5431,NG,Africa,North Barryland,F,Group,2021-11-28 05:17:56,Basic,Email,False,English,Visa,,Website Direct
e98dea82-4be8-4c78-9264-9571fe96a851,Darren,Clark,darren17@gmail.com,+1 317 508 4783,KE,Africa,South Frank,M,Leisure,2019-04-19 10:03:20,Basic,SMS,False,English,Mastercard,,Phone Booking
172d78d4-bece-4541-9674-c250a15fbd67,Dawn,Atkins,dawn.atkins@gmail.com,+61 646 532 4811,AU,Asia Pacific,Jacksonland,F,Leisure,2021-01-26 15:38:17,Non-Member,Email,False,English,Visa,,Website Direct
aad6a741-8a2d-4835-8ba8-b28477591e63,くみ子,中村,くみ子.中村@waynecorp.com,+81 914 103 3491,JP,Asia Pacific,Lake Nicole,F,Business,2024-01-06 08:56:34,Basic,SMS,False,Japanese,Mastercard,Wheelchair Accessible,Walk-in
ed57ddf4-d198-4901-a8d0-5379c6c84eb6,Daniel,Thomson,daniel63@gmail.com,+1 937 212 3601,CA,North America,South Olivia,M,Group,2022-12-07 13:46:00,Basic,Both,True,English,Visa,,OTA Referral
4293826f-fa75-4754-8475-ee766e75ae06,Caroline,Barnes,caroline.barnes@gmail.com,+1 973 916 5154,CA,North America,Bethanport,F,Business,2023-07-17 21:08:37,Non-Member,Email,True,English,Mastercard,,Corporate Contract
8668086e-ee54-4a09-b1df-9ae8991c0482,Antony,Iqbal,antony86@initech.com,+1 645 864 5091,CA,North America,Jonesview,M,Business,2024-07-15 03:47:20,Basic,Email,False,English,Apple Pay,,Phone Booking
47ed63f9-c070-4695-8f97-1440243d5352,Abbie,Hurst,abbie59@outlook.com,+1 288 562 5660,SG,Asia Pacific,East Franktown,F,Leisure,2024-12-02 10:38:25,Basic,SMS,True,English,Apple Pay,,Walk-in
ee6e3183-afb3-4395-86c2-944cf22d59ce,Pavel,Kohl,pkohl@gmail.com,+49 144 647898,DE,Europe,Schweinfurt,M,Leisure,2022-10-14 00:13:41,Silver,Email,True,German,Visa,"Early Check-in, Wheelchair Accessible",Phone Booking
63b774bc-6aa6-4b6a-abee-f9d82954ada5,Martin,Morrison,martin.morrison@cyberdyne.com,+1 879 823 8488,SE,Europe,Damianchester,M,Business,2022-10-21 17:25:52,Platinum,None,True,English,American Express,,Walk-in
038a1a98-8a16-47e5-8ab5-3f40c37ac881,知実,長谷川,知実.長谷川@outlook.com,+81 578 490 9046,JP,Asia Pacific,East Rachael,F,Leisure,2023-07-25 18:37:45,Non-Member,SMS,True,Japanese,Visa,,Phone Booking
1a00ac0b-1ad9-4cd9-ab73-d96830976122,Macaria,Valero,macaria_valero@gmail.com,+1 417 268 8783,ES,Europe,Pontevedra,F,Leisure,2024-02-10 04:25:10,Basic,SMS,True,Spanish,Mastercard,,OTA Referral
fb3d1b59-9dcb-433c-a924-80e084bd117e,Dionigi,Naccari,dionigin@gmail.com,+1 770 669 1812,IT,Europe,Iavre',M,Leisure,2019-08-02 23:09:28,Gold,Email,True,Italian,Visa,,Phone Booking
1974295b-6778-4495-a1e5-f289fb67c754,شهاب,أبو داوود,شهابأ@yahoo.com,+971 454 301 4324,AE,Middle East,Port Lawrenceshire,M,Business,2024-02-27 06:43:59,Basic,Email,True,Arabic,Apple Pay,,Phone Booking
3b1fe37e-62b1-4cc3-b47a-47f9b6b76c2e,Damien,Price,damien.price@waynecorp.com,+1 859 930 8454,MX,North America,Iqballand,M,Business,2019-09-04 01:56:49,Basic,Email,True,English,Visa,,OTA Referral
a7e4aa57-dcd4-4aab-89c8-8a80e3890c14,Vesna,Schmidt,vesna_schmidt@icloud.com,+49 4733/846687,DE,Europe,Worbis,F,Leisure,2022-03-20 17:44:08,Non-Member,Email,True,German,PayPal,,Website Direct
c83c5b9c-4f60-49ba-8916-caf8ebba23e8,秀芳,洪,秀芳洪@hotmail.com,300 0156 2811,CN,Asia Pacific,North Kennethfort,F,Business,2023-01-24 00:02:23,Silver,SMS,False,Chinese,Mastercard,,Walk-in
9dd0ef5d-5d89-4e59-a29a-f23494da9f0c,Graeme,Mitchell,test@test.com,735-848-3084,US,North America,South Clifford,M,Leisure,2024-10-17 16:34:33,Non-Member,SMS,False,English,Mastercard,,Walk-in
ad38b3b7-8afb-4e2e-a8b6-aa52983db084,Jeffrey,Gray,jgray@yahoo.com,+1 935 986 3472,TH,Asia Pacific,Byrneview,M,Group,2020-03-07 08:23:20,Silver,Email,True,English,Visa,,OTA Referral
ec31c0be-c92c-4b03-b4b8-3b1c3b7ed058,磊,蔡,磊_蔡@gmail.com,314 9897 4077,CN,Asia Pacific,Daviesside,M,Leisure,2021-01-15 20:30:39,Silver,Email,False,Chinese,Visa,,Corporate Contract
71fddc78-49b7-4a91-a442-4d88706cef90,Philip,Begum,philip.begum@gmail.com,+1 828 970 7746,SE,Europe,East Aimee,M,Family,2022-03-04 05:05:26,Basic,SMS,True,English,Visa,,Website Direct
fca42273-d2ab-4a13-a7a2-8fbee301adff,John,Wilson,john_wilson@outlook.com,(725) 103-8519,US,North America,Patrickstad,M,Leisure,2021-05-02 12:56:10,Non-Member,Email,True,English,Mastercard,,OTA Referral
9c873f18-c9a7-4683-aa32-fe04d4e46a5a,Teresa,Ward,teresa_ward@example.au,+61 518 451 3144,AU,Asia Pacific,Brianside,F,Business,2024-05-01 00:51:34,Non-Member,SMS,True,English,Mastercard,,Corporate Contract
1a22d1e0-6280-46a9-a9ec-547cdabfff8c,Colin,Mitchell,colin62@gmail.com,+1 561 330 1745,MX,North America,Port Declanborough,M,Family,2019-03-02 04:24:52,Non-Member,Email,True,English,PayPal,,Phone Booking
3f7dec21-24b5-42c8-8115-fccb9934be24,Amber,Cole,amber57@gmail.com,+1 119 262 9199,SE,Europe,Smithton,F,Business,2022-11-14 13:32:15,Non-Member,Email,False,English,Visa,,OTA Referral
5a04aead-1995-47cb-9c28-7e8dc6464b7c,Rosie,Walsh,rosie70@gmail.com,+91 255 380 3314,IN,Asia Pacific,North Kyle,F,Leisure,2020-08-28 07:03:23,Gold,SMS,True,English,Apple Pay,,Walk-in
fe842c52-61de-46dd-9e1d-78c1c8fdc714,Irene,Lewis,irene.lewis@outlook.com,+1 813 841 6755,CA,North America,West Glen,F,Leisure,2024-04-22 19:50:55,Non-Member,Email,False,English,Visa,"Allergies, Wheelchair Accessible",OTA Referral
21b66087-2488-4f3c-a6d9-a7cd2d534d0b,Peter,Harris,peter.harris@icloud.com,+1 694 155 1715,SE,Europe,Port Claremouth,M,Business,2019-08-20 21:55:32,Non-Member,Email,True,English,Visa,,Website Direct
9445dda2-d062-4037-8b80-5bf90d9f56ea,Isaac,Giralt,isaac33@gmail.com,+1 815 606 6636,ES,Europe,Las Palmas,M,Leisure,2020-02-19 01:03:14,Non-Member,Email,True,Spanish,Mastercard,,Phone Booking
e85213f6-815a-41a9-9df1-d67f9ed724ed,Juliette,Nicolas,jnicolas@hotmail.com,+33 585 964 4328,FR,Europe,Maceboeuf,F,Leisure,2021-06-01 21:32:11,Non-Member,SMS,True,French,PayPal,"Wheelchair Accessible, Early Check-in",Website Direct
10189f6a-ccfd-4bb1-aa80-8733e3b28265,Richard,Graham,richardg@yahoo.com,+1 526 538 5110,TH,Asia Pacific,Adammouth,M,Leisure,2021-06-05 21:30:41,Gold,SMS,True,English,Apple Pay,,Phone Booking
8e3d6d88-76c5-4df3-b820-e90c8bd1f5bc,Kathryn,Clark,kathrync@gmail.com,4103 345 1962,GB,Europe,Prattton,F,Family,2024-07-27 04:54:01,Basic,Email,True,English,Mastercard,,OTA Referral
215c8d80-8a8c-4e48-9785-e5d399f9f69e,Harriet,Pearson,harriet.pearson@gmail.com,+1 603 438 2359,CA,North America,Williamsland,F,Leisure,2019-09-21 11:15:30,Platinum,Email,True,English,American Express,,OTA Referral
3841c9a3-2deb-486d-aa50-49c2c26a1e84,萍,李,萍李@starkindustries.com,005 3229 0300,CN,Asia Pacific,North Jemma,F,Business,2023-01-19 02:31:03,Non-Member,Email,False,Chinese,Mastercard,,Website Direct
dbdf62e2-6d3e-49d8-a4e2-2aad29a83a27,Denis,Owen,denis.owen@outlook.com,+1 106 384 1549,CH,Europe,Amberburgh,M,Family,2023-08-02 22:10:38,Non-Member,Email,False,English,Mastercard,,Walk-in
0645e7d4-5896-4101-ba97-11791c4e3f14,Bethany,Taylor,bethany.taylor@gmail.com,+1 121 332 9122,SG,Asia Pacific,Jeffreybury,F,Business,2023-04-26 18:33:51,Non-Member,Both,True,English,Mastercard,,Website Direct
23c512bf-0311-4d38-a69d-40f900acfd0d,健一,高橋,健一.高橋@icloud.com,+81 251 803 7810,JP,Asia Pacific,Lake Stephanietown,M,Group,2021-11-25 23:39:37,Silver,Email,True,Japanese,Visa,"Wheelchair Accessible, Allergies",Phone Booking
6e4d07f6-a750-469c-9ae5-20c6ac658008,Bernard,Webb,bernard_webb@gmail.com,+91 532 989 7842,IN,Asia Pacific,East Ryanfort,M,Business,2024-08-15 10:27:30,Non-Member,Email,False,English,Mastercard,,Website Direct
ba81fdcd-1baf-465d-8eca-564291c4c534,Joel,Pickering,joel.pickering@gmail.com,+91 608 615 6913,IN,Asia Pacific,Nicholasside,M,Family,2022-09-07 00:06:48,Gold,Email,True,English,Google Pay,,Website Direct
5842eb06-d2aa-4516-878a-24998b3d2ead,Owen,Cunningham,guest@email.com,+1 103 694 3704,CL,South America,Frankton,M,Leisure,2022-06-27 17:01:05,Basic,SMS,True,English,PayPal,,OTA Referral
5e1a552a-b0b3-4f38-8328-909170afa075,Chelsea,Murphy,chelsea78@gmail.com,+1 363 398 2573,MX,North America,Port Alexandra,F,Business,2023-07-26 15:22:16,Non-Member,Email,False,English,Apple Pay,,OTA Referral
62c38a46-3881-4a69-a21c-a68f9e08bac3,Stuart,Harris,stuart_harris@yahoo.com,+61 229 452 9575,AU,Asia Pacific,Hughmouth,M,Group,2022-08-26 01:02:08,Non-Member,Email,False,English,Visa,,OTA Referral
08fbbba3-95c5-413d-8083-0ad4636a48b6,Matthäus,Rosenow,matthäus.rosenow@outlook.com,+49 3325/420825,DE,Europe,Schwarzenberg,M,Leisure,2023-08-02 08:43:17,Gold,Email,True,German,Visa,,Walk-in
a3992e0a-aa30-44f9-8022-5e3d1676c445,Melanie,Watts,melanie_watts@icloud.com,000-000-0000,US,North America,West Mohammadborough,F,Group,2022-03-03 07:21:33,Basic,Email,True,English,Visa,,Website Direct
8a691a15-304a-4261-b7e2-1996c992b0cb,Adrian,Young,adrian81@gmail.com,+91 975 254 3822,IN,Asia Pacific,Hartleytown,M,Leisure,2023-02-09 08:31:20,Non-Member,Email,True,English,American Express,"Allergies, Late Check-out",Website Direct
4f1c2d54-4b35-4dd3-b8e8-28ac1f8fc01a,Lucie,Leroy,lleroy@outlook.com,+33 873 807 2359,FR,Europe,Dos Santos-sur-Mer,F,Leisure,2019-05-21 08:05:32,Basic,SMS,False,French,Mastercard,Non-smoking,OTA Referral
dc8e353d-c003-4024-a45e-55eee0921afa,明美,井上,明美62@gmail.com,+81 933 794 8450,JP,Asia Pacific,Raymondport,F,Family,2022-12-24 20:33:57,Non-Member,Email,True,Japanese,Visa,,Corporate Contract
018dee4b-5963-4903-8105-88057f844c44,强,刘,强刘@gmail.com,443 0445 6153,CN,Asia Pacific,Port Anna,M,Leisure,2023-07-29 21:18:57,Non-Member,Email,False,Chinese,Visa,,Corporate Contract
ad2d5ca9-b2db-43db-8980-50e9066c8905,治,阿部,治阿@outlook.com,+81 171 995 7355,JP,Asia Pacific,Stephaniefurt,M,Leisure,2024-11-16 16:39:19,Basic,Email,True,Japanese,American Express,,Corporate Contract
626018be-4fee-4767-a085-811f0eb0514d,Wayne,Bailey,wayne27@gmail.com,+91 406 511 5942,IN,Asia Pacific,Nolanchester,M,Family,2022-11-12 06:19:10,Platinum,Email,True,English,Visa,Wheelchair Accessible,Phone Booking
15c2576d-7c2e-4b7d-a849-0c2fc0a5a3dc,Joshua,Ryan,jryan@yahoo.com,049-909-1017,US,North America,Smithland,M,Business,2024-08-20 14:47:29,Gold,Email,True,English,Visa,,Phone Booking
bf7ad194-62a5-427d-a820-12baebd4003d,Ross,Dickinson,ross_dickinson@globex.com,+1 376 491 9951,SG,Asia Pacific,Kyleshire,M,Business,2021-01-22 11:02:02,Silver,Email,True,English,Mastercard,,Walk-in
3eb18d64-b0da-4fea-839e-c83377a19276,Colin,Dunn,cdunn@gmail.com,+1 753 981 7265,NL,Europe,Kellyland,M,Business,2019-12-07 23:37:35,Platinum,Email,True,English,American Express,Allergies,Phone Booking
8f8343da-6ede-4d64-a139-e350b10562f9,Oliver,Miller,oliver37@hotmail.com,911-594-2474,US,North America,East Barbara,M,Business,2021-10-28 13:16:13,Gold,Email,False,English,Visa,,Walk-in
b718b2fe-7bf6-459f-b80d-a92cd60e7cc7,Kerry,Giles,kerry76@starkindustries.com,+1 308 407 1214,MX,North America,East Lindseyberg,F,Business,2024-06-26 19:21:00,Basic,Email,False,English,Mastercard,,Corporate Contract
fd887c09-d083-4a41-8a62-0ae26de7383a,Clifford,Hamilton,cliffordh@gmail.com,+1 953 760 9225,MX,North America,West Jonathan,M,Leisure,2024-05-28 07:32:56,Silver,Email,True,English,Mastercard,,Corporate Contract
8de230e3-6e70-4eac-9d42-1644dfc90e5d,Suzanne,Hargreaves,suzanne_hargreaves@yahoo.com,+1 742 864 1157,MX,North America,East Lawrence,F,Leisure,2022-06-26 22:13:20,Silver,Both,False,English,Mastercard,,Phone Booking
cdc0e56c-9f54-4779-a1b4-0aae454f9885,Sally,Webster,sallyw@initech.com,217-836-4555,US,North America,New Kathryn,F,Business,2021-10-18 07:06:19,Gold,Email,True,English,Visa,,Walk-in
1b7bac6a-0844-4746-a925-81eb241b7982,旭,施,旭67@gmail.com,+86 247 0136 429,CN,Asia Pacific,Morrisport,M,Family,2024-04-16 03:13:49,Non-Member,Email,True,Chinese,Visa,,Walk-in
0ae5217e-ab58-4e5e-ab6a-caf00f2b0ee4,Edward,Bell,edward42@icloud.com,+1 125 920 4502,SE,Europe,Reidport,M,Group,2023-02-28 07:07:19,Non-Member,Email,False,English,Apple Pay,,Walk-in
7e66108b-19ed-469c-9324-84e0bf2fae0c,Declan,Robinson,declan_robinson@gmail.com,+1 902 559 1504,TH,Asia Pacific,East Davidbury,M,Leisure,2020-06-02 09:35:31,Non-Member,Email,False,English,American Express,,Corporate Contract
7c396f43-697f-47c0-954b-1bf0998291ce,Leon,Ali,leon_ali@gmail.com,+1 519 860 5917,MX,North America,East Tony,M,Family,2019-06-01 06:43:30,Basic,Email,True,English,Visa,,OTA Referral
c6eff45a-d289-494a-b734-43507cbe2375,Auguste,Laurent,auguste.laurent@gmail.com,+33 118 365 2444,FR,Europe,TecherVille,M,Leisure,2019-07-28 07:40:50,Basic,Email,True,French,Mastercard,,OTA Referral
28fe8629-35f1-433a-8654-75b8e9688198,Lucia,Bärer,lucia.bärer@gmail.com,+49 362 043959,DE,Europe,Paderborn,F,Leisure,2024-10-11 18:51:18,Non-Member,SMS,False,German,Apple Pay,,OTA Referral
0b4c493f-cc00-4a9c-801d-136c77df1cda,Mohammed,Wilson,mohammed_wilson@example.au,+61 545 866 6936,AU,Asia Pacific,Leonardmouth,M,Business,2024-12-01 14:53:16,Non-Member,Email,True,English,Visa,,Corporate Contract
758c6445-4f30-449b-bb04-cfdfab231d8e,充,斉藤,充斉@gmail.com,+81 879 542 8435,JP,Asia Pacific,North Marilyn,M,Family,2019-04-14 21:18:34,Basic,Email,True,Japanese,Visa,,Walk-in
ca299918-dbb2-4d17-a90c-3caf4c662e7a,Frederick,Day,frederick_day@gmail.com,+1 347 413 5197,CA,North America,McCarthyshire,M,Leisure,2019-07-08 01:04:31,Basic,SMS,True,English,American Express,,Phone Booking
19c64ca7-6ca8-4955-9602-0979f8a20863,Clifford,Parry,cparry@gmail.com,+1 380 488 2869,MX,North America,Lindabury,M,Family,2019-12-27 03:12:26,Silver,Email,False,English,Mastercard,,Walk-in
6afad324-f3af-4012-93e9-ff00083db898,Alexander,Alexander,alexander_alexander@dummycorp.com,+1 276 125 9550,CA,North America,Fullerfurt,M,Business,2024-06-12 02:00:05,Non-Member,Email,False,English,Google Pay,,Phone Booking
7429b6d5-6fbf-479f-8713-c2e012d019cd,Kirsty,Fisher,kirsty36@outlook.com,+1 551 549 8027,CA,North America,Port Patrickmouth,F,Leisure,2024-02-05 04:10:04,Silver,Both,True,English,Apple Pay,,Phone Booking
77e5a2e7-296f-45c2-bcf3-ad5ca48942d2,Kerry,Turnbull,kerry.turnbull@gmail.com,(864) 640-5257,US,North America,East Joshua,F,Leisure,2024-10-17 11:40:19,Platinum,Email,True,English,PayPal,,Walk-in
9808cdbd-01ad-406f-b78d-d7adad8e6c09,Martin,Bishop,mbishop@gmail.com,+1 610 964 2477,MX,North America,South Carolyn,M,Leisure,2024-04-25 12:15:43,Non-Member,Email,False,English,PayPal,,Corporate Contract
51cea960-bb98-4043-934c-974c1657ed7e,Kerry,Foster,kerry.foster@gmail.com,(013) 373-3177,US,North America,South Juliaport,F,Family,2019-04-06 05:00:31,Gold,Email,True,English,Visa,"High Floor, Late Check-out",OTA Referral
aed55d6f-4eea-4bb3-abe5-e6cbe6ef16cf,Jason,George,jason.george@gmail.com,380-630-7946,US,North America,North Lydiafort,M,Family,2019-02-26 05:17:41,Non-Member,Email,False,English,American Express,,Walk-in
1991b9dc-f301-42ce-b879-f574244d8a2f,Kerry,Williams,kerry_williams@yahoo.com,,IN,Asia Pacific,North Damianview,F,Leisure,2024-11-06 05:53:30,Non-Member,Email,True,English,Mastercard,,Phone Booking
c072de5b-4a11-486d-9de8-9f51efd7e37a,Sharon,Wilson,sharon72@icloud.com,233-611-4222,US,North America,Griffithsville,F,Group,2024-06-11 11:47:52,Silver,Email,True,English,Google Pay,,Website Direct
f7c13e00-3b01-433a-a799-caec22299e46,Angela,Norris,angela.norris@acme.com,554-762-4410,US,North America,Campbellborough,F,Business,2023-01-06 00:33:23,Platinum,Both,False,English,Visa,,Walk-in
69277d44-ab05-447d-b694-f8c980cb6bc9,Samuel,Walters,swalters@yahoo.com,+1 343 773 6684,MX,North America,Port Aaron,M,Leisure,2023-02-13 13:43:34,Silver,Email,True,English,Visa,,Phone Booking
f786a02e-8468-4460-b9cc-5420f0de241f,정순,윤,정순.윤@icloud.com,+1 407 336 4586,KR,Asia Pacific,Sophiehaven,F,Leisure,2022-05-17 17:35:14,Non-Member,SMS,False,Korean,PayPal,"Early Check-in, Allergies",OTA Referral
80fd0343-114a-4e00-8e50-c145954b604c,Tony,Johnson,tonyj@gmail.com,+1 863 750 7904,MX,North America,North Angelaburgh,M,Leisure,2019-03-28 17:30:19,Silver,Email,True,English,American Express,,Phone Booking
a9f0dc29-3104-49a2-923b-987866924e65,Marie,Stevens,test@test.com,+44 2423 968735,GB,Europe,Lake Susan,F,Business,2020-08-23 10:08:32,Platinum,Both,True,English,Mastercard,,Website Direct
2ab40353-8091-4bbc-8759-94f726b98792,Carlo,Vendetti,carlov@gmail.com,+1 530 780 8660,IT,Europe,Santo Stefano Di Sante Marie,M,Leisure,2022-03-28 14:54:52,Gold,Email,False,Italian,Mastercard,,Walk-in
71daa048-7434-4dbe-a85f-4d64095870d5,Olimpia,Figueroa,olimpia92@example.es,+1 611 418 8247,ES,Europe,Huesca,F,Business,2022-02-09 04:11:55,Gold,None,True,Spanish,Mastercard,,Walk-in
f5bb7a28-4988-477c-8677-478244c55c93,Alexander,James,alexander_james@icloud.com,+1 764 195 7900,KW,Middle East,Nobleview,M,Leisure,2019-03-25 22:32:56,Basic,Email,True,English,Visa,,Walk-in
cf2c0636-68cb-4988-9fac-85626ee22f2e,Ilija,Junken,ilija22@cyberdyne.com,+49 9490/159841,DE,Europe,Sankt Goar,M,Business,2023-08-14 13:32:29,Non-Member,Email,True,German,Visa,,Phone Booking
095d948a-a45b-49df-8112-d67ee117546f,Aaron,Welch,aaron1@dummycorp.com,+1 397 821 2859,CA,North America,North Neilbury,M,Business,2024-02-14 09:15:38,Silver,Email,True,English,Visa,,Website Direct
551fa90b-3331-4d5d-b93c-0bb4932991d0,정훈,황,정훈.황@yahoo.com,+1 447 894 8186,KR,Asia Pacific,East Hollyfort,M,Business,2019-03-29 03:15:26,Basic,Email,True,Korean,Visa,,Corporate Contract
ebdbbd12-d52e-4d05-9612-541976dc17ed,Marcella,Togliatti,marcellat@gmail.com,+1 903 191 2427,IT,Europe,Asten,F,Leisure,2024-06-04 17:39:31,Basic,Email,True,Italian,Visa,,Phone Booking
fcf000f6-bff0-4afd-bbe1-f6f3c39abc77,Jill,Brown,jillb@gmail.com,+1 765 785 9653,CH,Europe,North Kieran,F,Leisure,2019-06-28 15:42:02,Gold,Email,False,English,Mastercard,"Wheelchair Accessible, Late Check-out",Corporate Contract
747b2367-357a-4a06-8944-a20267161166,James,Singh,jsingh@gmail.com,+1 836 583 6036,CA,North America,East Teresaberg,M,Leisure,2023-12-07 08:06:57,Non-Member,Email,True,English,Google Pay,,Corporate Contract
4cf343c5-5268-4266-9a99-64cba5e9e28d,Francesca,Morris,francesca.morris@dummycorp.com,(898) 555-5973,US,North America,Joneshaven,F,Business,2023-03-26 00:10:56,Silver,Email,True,English,American Express,,Phone Booking
35417dc1-c84c-455f-8b70-a4716d10c94c,Christophe,Reynaud,creynaud@outlook.com,+33 924 933 6754,FR,Europe,Maillot,M,Leisure,2024-04-06 16:12:04,Basic,Email,False,French,Apple Pay,,Phone Booking
57a0f943-8111-401b-9ea9-f43bd441f9e4,Brandon,Davies,brandon41@gmail.com,+1 884 119 5447,TH,Asia Pacific,South Sharon,M,Leisure,2023-06-17 18:52:31,Silver,Email,False,English,Mastercard,,Website Direct
b367b990-f8e7-4508-b932-9325d8a12ee0,상훈,이,noemail@provided.com,+1 774 536 6981,KR,Asia Pacific,Port Sophie,M,Family,2024-03-26 04:30:06,Basic,Both,True,Korean,Mastercard,,OTA Referral
496fd725-7ec4-431f-81d8-4879e4807727,Kyle,Ross,kyle19@tyrellcorp.com,3954 959 6328,GB,Europe,Gallaghershire,M,Business,2022-02-01 16:35:26,Silver,SMS,True,English,American Express,,OTA Referral
a9635da4-b8aa-42ca-beed-377fb1abe203,Manuel,Mohaupt,manuel72@icloud.com,+49 316 166965,DE,Europe,Torgau,M,Leisure,2021-09-12 19:11:52,Platinum,Email,True,German,American Express,,Phone Booking
bcd28ad9-f94a-47d2-8e40-1630cc154c7c,Bruce,Allen,bruce_allen@yahoo.com,+1 960 781 4890,SG,Asia Pacific,North Ronald,M,Group,2022-04-19 19:28:19,Non-Member,Email,True,English,Mastercard,,Phone Booking
af7fb8bf-03c7-4373-ad66-ba6b8a2b675d,مُتعب,آل مقطة,مُتعب.آل مقطة@gmail.com,+1 250 299 9377,SA,Middle East,Dennisshire,M,Leisure,2023-05-06 14:20:18,Silver,None,True,Arabic,Mastercard,,Corporate Contract
a5f3b18d-769e-4f30-a202-be4f4210a7b7,Louis,Simpson,louiss@umbrellacorp.com,(402) 826-8797,US,North America,East Benbury,M,Business,2020-10-18 11:45:48,Gold,Email,True,English,PayPal,,Walk-in
7dcc3114-7b03-40bf-83d4-6561f00a5844,Craig,Smith,craigs@outlook.com,+1 769 321 4639,MX,North America,Perrychester,M,Leisure,2022-10-19 01:16:06,Silver,Email,True,English,American Express,Late Check-out,Phone Booking
6c25cc2d-83a1-40d6-8337-27f9b26fd589,Joanne,Moore,joannem@gmail.com,+1 720 406 8706,MX,North America,Lake Samanthatown,F,Leisure,2021-04-01 05:03:10,Gold,Email,True,English,Apple Pay,,OTA Referral
3e6d0e18-2a1c-4c2c-a490-6c6cfe952466,Joseph,Smith,joseph.smith@outlook.com,+1 977 603 8083,TH,Asia Pacific,Bennettland,M,Leisure,2024-01-12 13:32:28,Non-Member,Email,False,English,American Express,,Phone Booking
bf2817d6-719c-4cae-925c-9be8703f5eb7,Matthew,Mitchell,matthewm@gmail.com,+1 114 924 9549,MX,North America,Denisetown,M,Family,2024-02-10 18:44:41,Non-Member,Email,False,English,Visa,,Website Direct
4bb7b279-57a9-4ce5-806c-d2e8859984b8,Ross,Williams,ross60@waynecorp.com,+91 266 110 8695,IN,Asia Pacific,Ryanchester,M,Business,2022-02-09 05:35:41,Silver,Email,True,English,Visa,,Phone Booking
63520c79-5cc7-4ed3-8bbe-9c32676bfd85,América,Barrios,américa_barrios@gmail.com,+1 424 102 7005,ES,Europe,Burgos,F,Leisure,2024-12-12 00:23:30,Gold,SMS,False,Spanish,Visa,,Walk-in
70f54cbb-4a9b-450a-88bf-058c81e1f10d,帅,王,guest@email.com,+86 693 3603 054,CN,Asia Pacific,Claireport,M,Business,2020-01-13 01:39:56,Platinum,Both,False,Chinese,Visa,,Walk-in
9f71fe57-ac2c-4a0a-99b6-62b339dac39b,玉兰,袁,玉兰94@outlook.com,+86 094 9628 781,CN,Asia Pacific,Port Lawrence,F,Leisure,2022-11-14 23:24:00,Basic,Email,False,Chinese,PayPal,,Walk-in
e1561eb4-bf3a-4019-909f-2888e31d0c70,Diana,Matthews,diana.matthews@gmail.com,+1 537 371 9991,SG,Asia Pacific,South Janetberg,F,Family,2021-06-16 15:04:26,Silver,SMS,True,English,Visa,,OTA Referral
a89ede92-1675-4302-944f-87c05a57075b,Kimberley,Harris,kharris@gmail.com,+61 182 177 2175,AU,Asia Pacific,Port Ronaldborough,F,Leisure,2023-02-26 08:14:54,Gold,Email,True,English,Mastercard,,Phone Booking
f39f0603-1004-4e01-aa47-366eef2b8b8f,Chloe,Jones,chloej@gmail.com,+1 934 414 7978,MX,North America,Daviesview,F,Business,2024-05-09 13:37:41,Non-Member,Email,False,English,Mastercard,,Walk-in
e32eed9b-22e3-440e-9577-e96cc759a4f0,Jacob,Waters,jwaters@gmail.com,+1 994 779 1761,QA,Middle East,Williamston,M,Business,2019-01-31 16:29:03,Silver,SMS,True,English,Visa,,Walk-in
3d5dd1d1-304c-44a7-85ab-f19ccf6c14d6,Barry,Gardner,barry.gardner@gmail.com,+1 292 797 6621,MX,North America,East Ronaldhaven,M,Group,2022-09-17 14:22:28,Non-Member,Email,False,English,Visa,,Corporate Contract
014f327d-aa8e-4533-afc0-5d654737e57c,Heather,Cox,heather74@yahoo.com,+1 714 979 1110,CA,North America,North Charleneville,F,Family,2022-05-08 20:37:28,Non-Member,Email,True,English,Apple Pay,,Website Direct
801b4aa0-7179-44fa-bf7c-3b3eaee007fe,Georgina,Cook,georgina.cook@gmail.com,+1 800 127 5838,CH,Europe,Butcherberg,F,Leisure,2021-09-09 22:26:17,Basic,Email,False,English,Google Pay,Wheelchair Accessible,Corporate Contract
81284ee6-7cb9-4353-9931-3893b879fe83,Marlies,Drewes,marlies_drewes@outlook.com,+49 986 446871,DE,Europe,Feuchtwangen,F,Group,2023-11-24 21:20:28,Non-Member,Both,True,German,Apple Pay,"High Floor, Early Check-in",Corporate Contract
a3b9b8d4-6782-4967-a444-f492b932e11f,Emperatriz,Arana,earana@hotmail.com,+1 501 227 8750,ES,Europe,Málaga,F,Leisure,2022-07-05 07:30:11,Silver,Email,False,Spanish,Visa,,Website Direct
bcf79409-38ee-447a-8989-fee163ea4c9c,Lawrence,Woodward,lawrence_woodward@dummycorp.com,000-000-0000,CA,North America,Port Tobyborough,M,Business,2021-09-10 09:23:12,Silver,SMS,False,English,Visa,,Phone Booking
97df9397-222e-4f0f-ad56-ca5f988176d8,Jill,Noble,jnoble@gmail.com,380-473-7915,US,North America,Andreaside,F,Business,2021-01-19 04:16:58,Silver,Email,True,English,Visa,"High Floor, Wheelchair Accessible",Corporate Contract
e0a414de-50a0-4149-a0db-54fa2154a8a9,Mohamed,Wilkinson,mohamedw@dummycorp.com,+1 344 742 1539,TH,Asia Pacific,Antonyshire,M,Business,2019-01-02 18:59:54,Silver,None,True,English,Visa,,Phone Booking
90e70096-6b79-4a72-9ff1-182484f738b6,Terence,Price,terence82@gmail.com,+61 122 308 4042,AU,Asia Pacific,Lake Kate,M,Leisure,2023-04-11 03:14:07,Basic,Email,True,English,Visa,,OTA Referral
ad5d2607-e7c4-4828-918c-42d29852d3a6,Donald,Sykes,donald.sykes@yahoo.com,+1 533 157 1016,CH,Europe,East Christianton,M,Group,2023-09-03 11:11:56,Non-Member,None,False,English,American Express,,Corporate Contract
702dcd34-66ef-409d-a31d-39f191d1207a,Billy,Brown,bbrown@cyberdyne.com,+91 715 205 4151,IN,Asia Pacific,Dixonchester,M,Business,2023-06-25 00:25:10,Basic,Email,True,English,Mastercard,,OTA Referral
6afa59bf-fff9-49fa-b276-64c3aaf934b5,Lynne,Burke,lburke@oscorp.com,000-000-0000,CA,North America,East Shanehaven,F,Business,2024-04-29 08:30:27,Basic,Email,True,English,PayPal,,Website Direct
6feee659-97ed-49ab-92cf-29a68137f48e,Carole,Chapman,cchapman@hotmail.com,+1 929 968 5989,ZA,Africa,East Clareberg,F,Leisure,2022-08-18 20:13:50,Gold,Email,True,English,Apple Pay,,Website Direct
32f55d59-3d30-401a-9b12-c8f46f297901,عزّ الدّين,شربتلي,عزّ الدّين_شربتلي@yahoo.com,+1 790 307 6404,SA,Middle East,East Mariamouth,M,Leisure,2019-06-09 22:04:01,Gold,Email,False,Arabic,Visa,,Phone Booking
9411ed26-d067-43d6-b354-a280c8737cf6,Lynn,Lee,lynn_lee@yahoo.com,+1 560 327 5217,NL,Europe,Rosiemouth,F,Family,2023-02-02 03:31:54,Non-Member,Email,False,English,Mastercard,,Phone Booking
916638ee-2ed2-43ca-84dd-71f90339e6a1,Oliver,Wilson,oliverw@waynecorp.com,+1 906 360 4036,MX,North America,Port Jordan,M,Business,2022-11-02 13:32:07,Silver,SMS,False,English,Mastercard,,Corporate Contract
e288a802-d335-4cf0-bbe5-7e93cd62e744,Martyn,Davies,martyn.davies@oscorp.com,+1 404 803 2192,CA,North America,Barnettburgh,M,Business,2023-02-16 05:50:34,Non-Member,Email,True,English,American Express,,Walk-in
a9454a08-252e-4ca9-a328-6299f756196c,Ana Liz,Brito,ana liz.brito@starkindustries.com,+55 706 993 7915,BR,South America,Shepherdmouth,F,Business,2024-10-19 14:22:54,Basic,Both,False,Portuguese,Visa,,Walk-in
2deae638-4d02-4a04-9397-babc6f04f75b,Steven,Patel,steven.patel@outlook.com,(487) 014-3721,US,North America,Smithton,M,Family,2022-05-05 19:05:32,Basic,Both,True,English,PayPal,Allergies,OTA Referral
efcd6a89-5e59-4203-b5d6-8397367fb4b0,André,Guibert,andré62@initech.com,+33 323 607 4806,FR,Europe,Gallet-sur-Mer,M,Business,2022-04-15 02:58:53,Basic,SMS,True,French,Google Pay,,Walk-in
9aaaa53e-4c25-470d-a39b-12547fd32add,عدلي,آل محمد بن علي بن جماز,عدلي.آل محمد بن علي بن جماز@gmail.com,+1 984 127 2471,SA,Middle East,New Melissa,M,Leisure,2024-01-13 19:24:53,Basic,Email,True,Arabic,Visa,,Corporate Contract
5e4fdee3-ed87-4d04-b76c-34680d955cda,Debra,Brown,dbrown@globex.com,+1 336 462 3795,KW,Middle East,Port Chelsea,F,Business,2019-08-13 21:43:52,Gold,Email,False,English,Visa,"Non-smoking, Wheelchair Accessible",Walk-in
9fa8c361-8597-47ed-9462-66c7eed32e16,Stanley,Patel,stanleyp@waynecorp.com,+1 272 723 6239,MX,North America,North Harriet,M,Business,2020-09-26 12:58:43,Silver,SMS,True,English,Mastercard,,Walk-in
41e88857-8285-4f36-95de-a4bc7b2d0f5e,Shaun,Johnson,shaun_johnson@gmail.com,+1 602 602 3779,SE,Europe,Chandlerbury,M,Business,2024-08-30 22:21:05,Non-Member,Email,True,English,Mastercard,,OTA Referral
c0acd4d8-b4c4-4e9b-b815-7a0375185bc7,Kimberley,Robson,kimberley_robson@yahoo.com,+61 379 147 2506,AU,Asia Pacific,Smithmouth,F,Leisure,2022-04-09 22:49:55,Non-Member,Email,True,English,Mastercard,,Corporate Contract
ba334742-f65d-418d-ac8d-a56381f9e195,정자,권,정권@outlook.com,+1 416 215 3847,KR,Asia Pacific,Johnsonland,F,Business,2022-03-01 16:38:52,Non-Member,Email,True,Korean,Mastercard,,Phone Booking
3228cd1f-d70c-4d7d-bfb7-80b19e5faaea,Samantha,Davis,guest@email.com,+1 551 117 4951,SE,Europe,Lawfort,F,Family,2020-11-07 07:47:35,Non-Member,Email,True,English,Visa,,OTA Referral
6616e069-57a9-4d8a-b18c-f98261df3b1c,Samuel,Robertson,samuel46@yahoo.com,+1 168 579 3891,MX,North America,Port Carl,M,Leisure,2021-12-13 09:53:01,Gold,Email,False,English,Mastercard,,Phone Booking
c7e951a6-d44d-4f76-8a39-3506d768e3ed,Hans-Rainer,Hermighausen,hans-rainer20@tyrellcorp.com,+49 706 475768,DE,Europe,Wittmund,M,Business,2024-05-03 04:36:11,Non-Member,SMS,True,German,Visa,"High Floor, Late Check-out",Walk-in
19074be5-082a-4765-9a69-3921b627bb91,Fernanda,Casa Grande,fernanda_casa grande@acme.com,+55 409 814 9126,BR,South America,West Hilary,F,Business,2019-09-05 20:55:53,Platinum,Email,False,Portuguese,Mastercard,,Corporate Contract
f58775dc-32de-43bc-821c-680a56e918ee,强,周,强.周@outlook.com,276 5262 4413,CN,Asia Pacific,North Deanport,M,Family,2021-09-20 19:08:08,Basic,Email,False,Chinese,Mastercard,,Website Direct
5926e787-fe88-4424-bd31-dc337db78b00,Lisa,Griffiths,lisag@outlook.com,+1 225 256 4084,CA,North America,Brooksstad,F,Group,2024-08-22 07:17:42,Non-Member,Email,True,English,Apple Pay,,Website Direct
cbc00139-0ced-47c7-9c67-7a74112f5f1f,Ronald,Gibbons,ronald_gibbons@gmail.com,621-451-9481,US,North America,South Mandymouth,M,Leisure,2022-10-31 01:07:56,Non-Member,Email,False,English,Visa,,Phone Booking
0216735c-7fb1-40a7-83cf-1c0bd996070f,Claire,Mitchell,cmitchell@hotmail.com,+1 421 108 8680,CA,North America,Lake Frank,F,Group,2024-01-02 04:49:44,Non-Member,Email,True,English,Google Pay,,Corporate Contract
c7952b30-d1f7-48b2-98fc-0905a0c21284,宁,迟,宁.迟@hotmail.com,268 0221 1771,CN,Asia Pacific,Natashamouth,M,Leisure,2023-03-07 20:01:52,Silver,Email,True,Chinese,Visa,,OTA Referral
925134c0-1317-4a91-a060-a97b57967f5c,William,Ali,william99@outlook.com,+1 171 432 2634,MX,North America,East Natasha,M,Leisure,2021-12-08 07:26:58,Silver,Email,True,English,Mastercard,,Phone Booking
1eb1b99d-6785-4189-bb2e-35ed45217e4f,Mandy,Wilkinson,mwilkinson@tyrellcorp.com,+1 146 382 2451,KW,Middle East,Gillbury,F,Business,2023-04-27 12:22:20,Non-Member,Email,True,English,PayPal,,Website Direct
256a6c18-151c-47bf-8c79-000723932546,Ricky,Weston,ricky.weston@gmail.com,+1 296 116 8773,SG,Asia Pacific,North Damienland,M,Family,2020-02-11 11:38:52,Non-Member,Email,True,English,Mastercard,,OTA Referral
c6652e17-2657-419e-b020-ef09833ca0fb,拓真,山本,拓真_山本@yahoo.com,+81 322 672 2323,JP,Asia Pacific,Benjaminstad,M,Business,2022-11-04 00:57:10,Basic,Email,True,Japanese,American Express,,Corporate Contract
b9174c60-a89f-495e-ab9b-9e2e1a96599f,Norman,Wright,normanw@outlook.com,+1 437 909 4047,MX,North America,South Hannahberg,M,Leisure,2019-07-02 17:02:27,Silver,Email,True,English,Mastercard,,OTA Referral
9c3ab73a-381a-480f-8a7f-dc275334991d,Diane,Watkins,diane.watkins@gmail.com,+1 901 588 9077,MX,North America,Simsfurt,F,Leisure,2019-07-01 17:45:25,Silver,Email,True,English,Mastercard,,OTA Referral
f916acdb-4a76-4f73-a408-f8e3dd35408f,Barbara,Klapp,barbarak@gmail.com,+49 535 186508,DE,Europe,Magdeburg,F,Business,2024-05-03 15:47:56,Non-Member,Email,True,German,Apple Pay,,OTA Referral
ffdf80f7-8fed-4acc-b7a8-b2c2f47df810,Callum,Carroll,test@test.com,+1 485 726 8111,TH,Asia Pacific,Jacobstad,M,Business,2022-12-07 13:18:37,Basic,Email,False,English,Visa,,Corporate Contract
0d9babe7-ddc1-43db-b048-39f178631958,Tom,Burgess,tomb@outlook.com,+1 186 788 6544,CA,North America,Margaretville,M,Family,2022-01-22 04:07:26,Basic,Email,True,English,Visa,,OTA Referral
1da80daa-3aa1-46a8-9ccc-5c3c4654b462,Linda,Ward,lindaw@initech.com,+1 971 683 1537,CH,Europe,North Julian,F,Business,2024-01-22 14:32:57,Basic,Email,False,English,Visa,,Phone Booking
9c03691f-4705-4fcc-804a-238b59e310bf,Jean,Wells,jean14@waynecorp.com,215-886-4421,US,North America,Gerardburgh,F,Business,2019-05-21 13:30:59,Non-Member,SMS,False,English,Visa,,Corporate Contract
49813225-6023-4075-80a9-bc856646ba73,Josh,Short,josh_short@outlook.com,(448) 837-4275,US,North America,North Jonathanhaven,M,Leisure,2022-08-05 01:55:43,Non-Member,Email,True,English,American Express,,OTA Referral
21657357-1ab7-43b6-bb19-6a31694afc6b,Rita,Ross,rita.ross@yahoo.com,+1 223 503 6238,MX,North America,New Allanland,F,Group,2023-10-14 11:03:27,Non-Member,Email,False,English,Visa,,Website Direct
5b51bb14-1a1f-4b78-b285-72209a65120d,裕樹,渡辺,裕樹.渡辺@yahoo.com,+81 164 103 1499,JP,Asia Pacific,North Stuart,M,Leisure,2023-01-24 04:35:42,Basic,Email,True,Japanese,Apple Pay,High Floor,Corporate Contract
87703b47-769e-4f3a-8041-fe1fc033de82,Danielle,Ball,danielle.ball@hotmail.com,+1 377 292 7439,CA,North America,New Dominic,F,Leisure,2019-11-23 14:42:52,Silver,Email,True,English,Visa,,Walk-in
9f2a4382-680a-4408-8d3a-f63544540299,Natalie,May,natalie82@gmail.com,(899) 857-9581,US,North America,Maureenview,F,Business,2021-09-08 12:22:07,Silver,SMS,True,English,Visa,Non-smoking,Walk-in
cb55fb6d-976d-430a-9918-aaa345ee28c0,Julie,Adams,jadams@yahoo.com,+1 190 242 3138,MX,North America,Alexbury,F,Family,2024-05-31 10:30:33,Non-Member,SMS,True,English,Mastercard,,Corporate Contract
01c08523-ad0a-411d-a7b1-cca3aafd9345,Vanessa,Green,vanessa.green@gmail.com,+1 898 906 3190,TH,Asia Pacific,Brownborough,F,Business,2022-12-14 15:27:07,Non-Member,Email,False,English,Visa,,Corporate Contract
625601b6-beea-458c-8bbd-568385854977,Simone,Dias,simone82@outlook.com,+33 195 377 9739,FR,Europe,Richardboeuf,F,Leisure,2022-09-08 07:07:19,Basic,SMS,True,French,Visa,,Phone Booking
f00f0510-ab93-4c39-aa06-ab2d6126e037,Lynne,Rose,lynne79@gmail.com,301-658-5805,US,North America,West Christian,F,Leisure,2024-05-17 19:47:53,Non-Member,Email,False,English,PayPal,,OTA Referral
488901d5-9716-4b35-8286-ed22a79bee12,Sarah,Hyde,sarahh@umbrellacorp.com,+1 945 319 2058,SE,Europe,South Debraburgh,F,Business,2020-10-19 04:38:29,Basic,Email,True,English,Visa,,Website Direct
4a714999-c3b9-4e1f-a18a-9099cff09b1d,Zoe,Patterson,zoep@gmail.com,+1 982 993 1715,CA,North America,Hussainside,F,Leisure,2024-06-22 22:55:08,Non-Member,Email,False,English,Mastercard,Early Check-in,Corporate Contract
36ca5bd7-466a-428b-8beb-6f3e4b354bb0,Jayne,King,guest@email.com,+91 384 697 2347,IN,Asia Pacific,Derekberg,F,Leisure,2024-04-12 06:45:10,Basic,Email,True,English,Visa,,Website Direct
1aea99ed-6836-470f-a0f1-c81f7f1178c3,Naomi,Thomas,nthomas@outlook.com,+61 682 523 7161,AU,Asia Pacific,Port Carltown,F,Group,2024-11-29 13:39:30,Platinum,Email,False,English,Mastercard,,Corporate Contract
e85fc215-8190-42a6-8b43-35afe1f5a636,Céline,Riou,test@test.com,+33 104 317 8115,FR,Europe,Launay,F,Business,2024-01-06 01:47:58,Non-Member,Email,True,French,Mastercard,Late Check-out,Website Direct
b43c15f0-2e5d-4e85-96fd-a1d7c958c845,재호,이,재호37@dummycorp.com,+1 738 756 5608,KR,Asia Pacific,Holtland,M,Business,2022-03-28 05:14:19,Silver,Email,False,Korean,American Express,,Phone Booking
c12e58bc-6021-43bd-bcc1-3700b3b89af2,Russell,Nicholls,rnicholls@gmail.com,+61 844 851 8796,AU,Asia Pacific,East Alan,M,Group,2023-06-19 06:12:41,Basic,Email,False,English,Visa,,Walk-in
e82dfc94-850d-4b4e-acb9-b8a2dc31d899,Lee,Miles,lmiles@icloud.com,+1 561 350 2344,CA,North America,East Ronaldmouth,M,Leisure,2023-05-02 19:13:50,Basic,Both,True,English,PayPal,,Phone Booking
efab9333-0725-4a3b-838b-30e2824949dc,Berto,Gálvez,test@test.com,+1 730 668 3441,AR,South America,صامدhaven,M,Family,2019-09-25 19:47:07,Basic,Email,True,English,Visa,,Walk-in
d044832b-8810-4bba-8c56-e174e78368b4,Agnolo,Comboni,acomboni@acme.com,+1 100 146 8728,IT,Europe,Villetta Barrea,M,Business,2024-05-01 02:24:17,Silver,Both,True,Italian,Mastercard,,OTA Referral
e74f8c35-b979-4093-8d8e-971a4b301f48,Jason,Mitchell,jason_mitchell@gmail.com,096-199-7771,US,North America,Alexside,M,Leisure,2022-04-03 02:57:50,Silver,Email,False,English,Mastercard,,OTA Referral
618ac6e5-273d-42ff-bb62-39930cc61961,محفوظ,آل قصير,محفوظ_آل قصير@gmail.com,+971 260 509 9261,AE,Middle East,Clareville,M,Leisure,2022-08-23 15:35:58,Basic,Email,True,Arabic,Apple Pay,"High Floor, Late Check-out",Walk-in
3dbe6f8e-a185-4a5b-b375-1c27889d4756,Jacqueline,Hudson,jacqueline99@outlook.com,(118) 960-6404,US,North America,North Cameronton,F,Leisure,2022-01-10 11:00:05,Basic,Both,False,English,American Express,,Corporate Contract
fdebb6df-49bd-4821-8c6d-1e1f2697f2ca,Lucy,Norman,lucy55@outlook.com,+1 307 540 7865,MX,North America,West Brett,F,Leisure,2020-09-25 19:27:22,Platinum,Email,True,English,Mastercard,"Non-smoking, Wheelchair Accessible",Phone Booking
286a5d64-1ecb-4f35-b5f5-5c31f5e14a6b,Danielle,Hutchinson,dhutchinson@umbrellacorp.com,+1 573 995 4744,CA,North America,Chambersshire,F,Business,2021-10-13 07:40:41,Basic,SMS,False,English,Visa,,Corporate Contract
9153c553-bb0f-4b68-ad51-1f47281ee837,Emmerich,Kruschwitz,emmerich2@hotmail.com,+49 1287/474641,DE,Europe,Leipziger Land,M,Leisure,2020-08-16 15:50:49,Basic,SMS,True,German,Visa,"Wheelchair Accessible, Late Check-out",Phone Booking
4393b653-093d-468f-8ae7-3cab28b51046,Alejo,Piñeiro,alejo.piñeiro@gmail.com,+1 675 432 3563,ES,Europe,Huelva,M,Leisure,2021-10-08 16:35:07,Silver,Email,True,Spanish,Mastercard,,OTA Referral
8672b506-d105-4360-999d-f241c8ddb4ec,Martyn,Barnes,martyn.barnes@gmail.com,+44 8857 354193,GB,Europe,Ashleighborough,M,Leisure,2021-08-15 07:04:53,Silver,Email,False,English,Visa,"Wheelchair Accessible, Allergies",Phone Booking
5a94fa23-defc-4e7d-beba-6b676519636c,Rachael,Walker,rachael42@outlook.com,+1 356 665 5384,SE,Europe,Mollyland,F,Group,2023-10-23 20:39:57,Silver,Email,True,English,Mastercard,,OTA Referral
5260008a-2db4-4854-b5b7-fd7aff40aec9,Shaun,Hill,guest@email.com,+1 397 803 2032,KE,Africa,Kevinbury,M,Leisure,2022-09-30 20:59:25,Silver,SMS,False,English,Visa,,Corporate Contract
cb3d7fcb-4cc2-4393-b925-4195703cce65,John,Turner,jturner@umbrellacorp.com,030-902-7275,US,North America,O'Connorbury,M,Business,2022-07-12 13:59:17,Basic,Email,False,English,Mastercard,Allergies,OTA Referral
1b1c01d5-7137-4d38-aada-47a1adc2eac5,Lesley,Hughes,noemail@provided.com,+1 757 831 4814,SG,Asia Pacific,New Eleanorhaven,F,Leisure,2019-08-19 06:25:34,Non-Member,Email,False,English,Mastercard,,OTA Referral
5f4997c9-431f-4d1f-a482-da88cda22cee,서준,윤,test@test.com,+1 360 141 2433,KR,Asia Pacific,Griffithsmouth,M,Business,2023-11-13 05:43:30,Non-Member,Email,True,Korean,Google Pay,,Website Direct
b3260e58-3c6b-49c3-abbf-83aea61ed82e,Allan,Howarth,allan.howarth@waynecorp.com,+1 908 638 2073,CH,Europe,West Neil,M,Business,2024-10-08 07:07:29,Basic,Email,True,English,Visa,"Early Check-in, Late Check-out",OTA Referral
3b372485-1c8f-476d-924b-65a53c4b520c,佳,赵,佳赵@gmail.com,683 9785 7155,CN,Asia Pacific,South Tony,M,Leisure,2022-06-09 05:38:10,Silver,Email,True,Chinese,Mastercard,,Phone Booking
76bab379-e6d4-43dc-87d8-88d74c1a0541,Rhys,Morrison,rhysm@gmail.com,000-000-0000,MX,North America,South Rossview,M,Leisure,2020-09-28 13:47:25,Non-Member,Both,True,English,Visa,,Walk-in
99fbf4a2-a9dc-44c6-9796-0132eafadd45,Alan,Day,alan.day@cyberdyne.com,+1 783 518 3106,TH,Asia Pacific,Natalieberg,M,Business,2022-07-05 17:10:29,Platinum,Email,False,English,Google Pay,,OTA Referral
4c634bed-e6e7-46d6-8bb1-4db396638ec8,Rebecca,Fowler,rebecca.fowler@cyberdyne.com,+91 852 209 6600,IN,Asia Pacific,Thompsonstad,F,Business,2023-01-02 11:26:58,Basic,SMS,True,English,American Express,,Walk-in
ad896d55-8c1c-49e5-9050-29772aa8b4bf,Clive,Young,clivey@gmail.com,+1 519 970 4100,CH,Europe,New Natalie,M,Leisure,2021-05-08 16:27:56,Silver,Email,True,English,Visa,,Corporate Contract
20d53285-e6d6-413c-8e12-27d4a586d276,William,Davies,william68@gmail.com,+1 917 987 2999,MX,North America,West Mitchell,M,Group,2021-01-24 04:51:17,Silver,SMS,True,English,Google Pay,,OTA Referral
39db4b2c-f6f1-438b-8dfd-7aa5bdd9d706,Abdul,Davies,abdul.davies@outlook.com,+1 119 110 3825,CO,South America,Amyburgh,M,Family,2021-04-05 18:07:03,Basic,Email,False,English,Visa,,Walk-in
73547e44-48cd-4493-a73d-27f12a11f440,Laureano,Pratesi,laureano_pratesi@gmail.com,+1 212 270 7628,IT,Europe,Camporeale,M,Group,2020-10-12 05:39:35,Silver,Email,True,Italian,Mastercard,,Corporate Contract
ad160a47-7853-4f84-b29f-788cf281f20f,Roger,Le Gall,test@test.com,+33 404 749 1904,FR,Europe,Saint René,M,Family,2024-05-20 00:07:18,Basic,Email,False,French,Visa,,OTA Referral
1f3bc7e8-c288-4d88-b389-c6c6ea7fc377,Damian,Jones,djones@gmail.com,+1 395 625 6902,CA,North America,New Dale,M,Leisure,2023-12-27 20:01:50,Silver,Email,True,English,Mastercard,,Website Direct
f68915d1-be13-437a-b9d1-cf6f833b15a8,Annette,Bentley,annette.bentley@gmail.com,+1 989 591 7753,NL,Europe,North Yvonne,F,Leisure,2020-06-17 12:22:49,Non-Member,Email,True,English,Mastercard,,Corporate Contract
3550a1fd-ffb4-4068-be34-ca7b9bff0271,Mitchell,Thomas,mthomas@yahoo.com,+1 633 427 6914,KE,Africa,Bennettside,M,Leisure,2024-06-10 06:49:15,Basic,Email,True,English,Mastercard,,Corporate Contract
cb40f744-2ee2-420d-9c09-af689e7814e2,Antony,Simmons,antony.simmons@icloud.com,+1 476 710 8698,MX,North America,Middletonside,M,Business,2022-07-20 11:10:12,Gold,Email,False,English,Mastercard,,Phone Booking
4f77ccb0-ed10-44c2-bb5b-47b3161ecc6b,Justin,Owens,justin_owens@outlook.com,+91 303 840 9514,IN,Asia Pacific,New Eileen,M,Leisure,2024-04-04 18:51:12,Non-Member,Email,True,English,American Express,,Phone Booking
d6616fd2-e064-4f3b-93bf-501295a4f3a2,Aaron,Edwards,guest@email.com,+61 285 240 3024,AU,Asia Pacific,South Linda,M,Business,2024-06-24 23:56:18,Basic,Both,True,English,American Express,,Website Direct
5ec9d32f-a150-4e3b-8c42-d83a15271d28,Domenico,Bergoglio,domenico_bergoglio@gmail.com,+1 834 899 9560,IT,Europe,Villa Bartolomea,M,Group,2020-08-03 16:50:17,Basic,Email,True,Italian,Mastercard,,Corporate Contract
b348d34e-12ff-4421-907e-11ccb2efb2a3,Maria,Sermonti,marias@gmail.com,+1 755 308 8529,IT,Europe,Furlo,F,Leisure,2022-05-15 05:57:51,Gold,SMS,True,Italian,Apple Pay,,OTA Referral
dadc4d17-0bb9-4802-a581-ad46c7de24d2,Mathew,Brennan,mathew.brennan@gmail.com,+1 884 468 5872,MX,North America,Woodview,M,Business,2021-05-13 05:29:17,Non-Member,Email,False,English,Visa,,Phone Booking
769a773d-7d1c-48b2-b519-6a5c5e4f44f5,Denis,Pearson,denis76@icloud.com,+1 289 513 2046,SG,Asia Pacific,West Keith,M,Group,2024-04-06 20:22:43,Silver,Email,True,English,Visa,,Phone Booking
2b486d4b-bc35-4d20-a29c-20c0bcaa8cc7,Sally,Barnett,sally_barnett@gmail.com,(155) 229-4083,US,North America,South Danielleburgh,F,Leisure,2023-06-07 14:36:52,Silver,Email,True,English,PayPal,,Corporate Contract
80fd72d4-bb56-4ad0-8f0b-e589a2bdc2e0,Barry,Webb,barry59@globex.com,+1 638 155 3631,MX,North America,New Samuel,M,Business,2023-06-30 06:20:13,Basic,Email,True,English,Visa,,Phone Booking
10732bea-2673-49d9-bd6d-5528bd84b6ba,Gavin,Wood,gwood@gmail.com,+1 433 582 8500,TH,Asia Pacific,Baileymouth,M,Leisure,2019-05-20 19:15:33,Platinum,Email,True,English,Mastercard,,Website Direct
b418146c-d6fb-4622-9170-b47d5fe764d3,Abdul,Middleton,amiddleton@starkindustries.com,+1 124 320 2346,MX,North America,Allanfort,M,Business,2023-01-11 07:45:02,Gold,Email,True,English,Mastercard,,Walk-in
b38cdc15-1699-453f-b0f4-e37a236bfe08,金凤,禹,金凤禹@outlook.com,+86 489 0418 487,CN,Asia Pacific,Elliottshire,F,Leisure,2024-08-27 21:39:32,Basic,Email,True,Chinese,Apple Pay,,Phone Booking
33c8ee02-2434-464e-b053-653d9c3017f3,성수,이,성수48@outlook.com,+1 201 683 9219,KR,Asia Pacific,South Jake,M,Leisure,2023-01-16 05:28:03,Silver,Email,False,Korean,Visa,"Early Check-in, Late Check-out",Phone Booking
c322132f-059b-4cc2-b323-0c3471ceda95,Graeme,Webb,graeme.webb@outlook.com,968-829-6181,US,North America,Bibihaven,M,Leisure,2023-08-19 19:54:45,Silver,SMS,False,English,Mastercard,"Late Check-out, Non-smoking",OTA Referral
0a0f2ad2-be14-4ba1-a192-2e8f326f8b86,Ashleigh,Woods,ashleigh24@yahoo.com,+1 229 679 8325,MX,North America,West Geraldinehaven,F,Family,2023-06-23 01:33:26,Non-Member,Email,True,English,Visa,"Early Check-in, Non-smoking",Corporate Contract
bbb6fabb-e107-4567-a2df-dbf78b7e3287,Benjamin,Hawkins,benjamin43@acme.com,+1 918 735 6569,TH,Asia Pacific,Port Catherine,M,Business,2022-04-28 00:38:47,Silver,Email,True,English,Mastercard,"Early Check-in, Late Check-out",Website Direct
32a59b7c-f0df-449c-9bdf-00eabb81cecf,Martin,Jackson,mjackson@gmail.com,+1 194 612 9766,CA,North America,Port Joelside,M,Leisure,2024-05-23 17:19:48,Basic,Email,True,English,Visa,,Phone Booking
3b8f4b6b-aeaa-4005-b2e5-eb4b545b0201,Lewis,Hale,lewish@gmail.com,+1 562 892 3419,TH,Asia Pacific,Edwardsville,M,Group,2023-07-14 14:02:50,Non-Member,Email,False,English,Apple Pay,"High Floor, Non-smoking",Phone Booking
cd1dfa27-83ec-4900-a661-04cc933df51a,Conor,Ellis,conor.ellis@gmail.com,+44 0055 889014,GB,Europe,West Marie,M,Leisure,2023-10-12 05:29:58,Basic,Email,True,English,PayPal,,Website Direct
590c8acd-498d-427c-bff7-24c66c3c0d44,Jacob,Payne,jacob_payne@yahoo.com,+1 844 643 9728,TH,Asia Pacific,Port Fionafurt,M,Business,2024-05-14 12:46:03,Non-Member,Email,True,English,Visa,Non-smoking,OTA Referral
7229136c-0a66-48d6-82dc-7b505cd32c58,Marc,Horton,marc65@gmail.com,(640) 923-4775,US,North America,Bethanmouth,M,Leisure,2022-09-27 22:18:22,Basic,Both,False,English,Visa,,Walk-in
0f6530c3-ac6e-4d19-9938-d303c556fa59,Barbara,Geisler,barbara.geisler2@outlook.com,+49 250 928437,DE,Europe,München,F,Business,2019-09-12 00:25:00,Platinum,Email,True,German,Mastercard,,Corporate Contract
e249a703-538a-4e7a-8791-696f915e5552,현숙,남,현숙남2@gmail.com,+1 825 420 3428,KR,Asia Pacific,New Eric,F,Leisure,2019-06-03 14:16:48,Basic,Email,False,Korean,Mastercard,,OTA Referral
5d20f0cb-b86c-45a7-b3d1-010e489841cc,Leon,Noble,leon_noble2@hotmail.com,+1 106 942 2098,CA,North America,South Suzanne,M,Leisure,2022-07-20 23:04:45,Basic,SMS,True,English,Visa,,Walk-in
6ba73f9c-6f31-47d2-b002-3d90f6d98c2f,Vadim,Nohlmans,vnohlmans2@gmail.com,+49 3616/433368,DE,Europe,Paderborn,M,Business,2024-02-23 13:08:58,Non-Member,Email,True,German,Mastercard,,Corporate Contract
42f02204-006d-4b69-8411-6ce0efd7a531,상철,오,상철132@outlook.com,+1 426 879 1873,KR,Asia Pacific,West Lesleyfurt,M,Leisure,2021-05-02 19:49:05,Silver,Both,True,Korean,Visa,,OTA Referral
6dd4e7c3-f11c-4c72-824b-a73facf51632,Maurice,Bird,maurice452@gmail.com,823-223-6483,US,North America,South Grace,M,Leisure,2019-01-30 20:29:29,Silver,SMS,True,English,Visa,,Corporate Contract
5955f522-f8a6-497f-a1ef-a755fca6aa02,Hildegund,Lehmann,hildegund.lehmann2@waynecorp.com,+49 2336/800304,DE,Europe,Bremervörde,F,Business,2020-02-20 06:23:35,Gold,SMS,True,German,American Express,,Phone Booking
71d24412-3e5e-420f-9215-0d23416664a0,洋介,吉田,洋介_吉田2@gmail.com,+81 333 404 5601,JP,Asia Pacific,Burgessville,M,Leisure,2022-08-12 22:04:16,Basic,Email,False,Japanese,Visa,,Phone Booking
c7ece449-52ac-43dd-9a03-dce0076cf3d2,柳,狄,柳狄2@cyberdyne.com,162 0841 5788,CN,Asia Pacific,South Lauren,F,Business,2022-07-06 16:59:30,Silver,SMS,True,Chinese,Visa,,Walk-in
82ad8ec9-ba46-4ad6-9e8e-46104e1b3cfe,Joséphine,Gilbert,joséphine902@gmail.com,+33 467 259 6644,FR,Europe,Costa,F,Business,2020-11-26 08:57:25,Gold,Email,True,French,Visa,,OTA Referral
1fe4de44-f360-423c-8637-933df97237a6,Peter,Day,pday2@yahoo.com,(342) 593-8613,US,North America,Port Steven,M,Group,2024-03-08 08:24:36,Basic,Email,True,English,Apple Pay,,Corporate Contract
9edcddf0-6764-4890-b828-484f337f430a,Wolfhard,Möchlichen,wolfhard_möchlichen2@globex.com,+49 3645/704469,DE,Europe,Wesel,M,Business,2024-03-27 20:19:03,Non-Member,SMS,True,German,Mastercard,,Corporate Contract
dcd411b5-6343-48bf-908d-b05df3dca352,Sheila,Davies,sheilad2@outlook.com,+44 3482 526496,GB,Europe,Lake Emilyview,F,Leisure,2019-06-05 08:14:22,Basic,Email,False,English,Visa,,Walk-in
b834044c-37c1-4291-a41c-08b02ddcb918,Dorothy,Poole,dpoole2@gmail.com,+1 535 301 3808,CH,Europe,North Kate,F,Leisure,2023-09-23 09:57:33,Non-Member,Email,False,English,Visa,,Website Direct
42fe8565-3c63-4672-bfe4-6ec730f76b5b,Gregory,Stevens,gregory_stevens2@tyrellcorp.com,+1 174 506 3033,MX,North America,North Elliott,M,Business,2022-09-13 20:47:54,Gold,SMS,True,English,Visa,,Website Direct
064b50f3-6caf-4b63-95ee-46b64d439b9b,Brenda,Evans,brendae2@gmail.com,+1 110 991 9609,CA,North America,Clarkeville,F,Leisure,2020-05-23 07:23:46,Silver,Email,False,English,Visa,,Walk-in
17b43e59-df8d-4863-af74-1cc6c5aa9d4a,Joaquina,Zurita,joaquina.zurita2@outlook.com,+1 762 959 8311,ES,Europe,Lleida,F,Leisure,2019-03-01 21:53:01,Basic,Email,True,Spanish,Mastercard,,OTA Referral
c5ac9d29-ff14-4d9f-a308-577fbc5033fa,Gordon,Ferguson,gferguson2@outlook.com,+1 871 460 2810,MX,North America,Woodport,M,Leisure,2022-12-27 18:18:52,Silver,Email,True,English,Visa,,OTA Referral
3ffd46ce-51bf-4369-9a93-541177a13995,Brett,Begum,brett.begum2@globex.com,(094) 611-9257,US,North America,Leeview,M,Business,2020-10-09 03:01:18,Silver,Email,True,English,American Express,,Website Direct
f8447789-9d43-47f0-908d-8a1784c56d93,Kelly,Fisher,kellyf2@umbrellacorp.com,+91 668 519 4278,IN,Asia Pacific,Stephanietown,F,Business,2021-03-23 20:36:18,Gold,SMS,True,English,American Express,,Walk-in
75141b31-49d2-4137-9da7-fb65211e548b,Gareth,Mason,gareth_mason2@example.ng,+1 828 147 2632,NG,Africa,South Josephfurt,M,Business,2024-06-12 09:45:57,Basic,Both,False,English,Google Pay,,OTA Referral
cbe0ad58-5021-465d-9008-cc4e09d5813a,Kathrin,Textor,kathrin_textor2@gmail.com,+49 856 805768,DE,Europe,Rehau,F,Group,2021-03-15 22:01:16,Basic,SMS,True,German,Visa,,Walk-in
30f3e561-1187-446d-8e2b-6eb9ca53cac3,Nicholas,Jackson,nicholas502@gmail.com,+1 651 385 8253,TH,Asia Pacific,Leetown,M,Business,2023-03-06 15:09:15,Basic,Email,True,English,Visa,Wheelchair Accessible,Website Direct
35774af3-874a-44eb-bafd-937dc57aff09,Luisa,Casadei,luisa252@gmail.com,+1 956 888 8850,IT,Europe,Pontepietra,F,Business,2021-12-17 02:17:04,Non-Member,Email,False,Italian,American Express,,Website Direct
26ffb837-ce0b-4133-b09c-7d635a1dc60d,شاطر,آل رفيع,شاطر_آل رفيع2@outlook.com,+1 443 224 9741,SA,Middle East,Kimland,M,Leisure,2020-01-22 22:27:25,Gold,SMS,True,Arabic,Visa,High Floor,Phone Booking
cdf7d5bd-caaf-47c2-9e77-4fc5c49a34a4,Bryan,Johnson,bryan.johnson2@gmail.com,+1 758 873 6577,CA,North America,New Junehaven,M,Business,2023-12-26 05:24:20,Gold,None,False,English,Apple Pay,,Corporate Contract
1175d586-5daa-4534-b9d3-2cad6861f898,Nuri,Eimer,noemail2@provided.com,+49 311 694185,DE,Europe,Strasburg,M,Leisure,2023-07-23 04:49:46,Silver,Email,True,German,Mastercard,,Phone Booking
da304851-b7c1-4c77-8dc2-38582ba2174b,Janet,Dunn,janet.dunn2@outlook.com,+61 635 208 2500,AU,Asia Pacific,Emmaton,F,Group,2024-12-11 06:33:11,Silver,SMS,False,English,Visa,,Corporate Contract
bc1d1fa1-2e2e-4a3f-84b7-6400dcc1f8e1,Robert,Pierre,robertp2@outlook.com,+33 838 701 9841,FR,Europe,Vallée,M,Group,2023-05-06 07:42:12,Non-Member,Email,False,French,American Express,,OTA Referral
8816168a-1e09-4554-befc-a7dd2036c316,Toby,Moore,tmoore2@dummycorp.com,+1 491 960 9627,MX,North America,Graceton,M,Business,2021-01-06 23:42:08,Basic,Email,True,English,Apple Pay,,Website Direct
c3072ff0-4cba-4249-bd54-d8218d4ff00a,Kieran,Webb,test2@test.com,+1 618 817 8794,CA,North America,Forstershire,M,Leisure,2019-01-19 15:44:40,Silver,Email,True,English,Mastercard,,Website Direct
5a185cd1-167e-45c5-9eef-77594f428dd7,Martin,Wright,martinw2@outlook.com,+1 330 827 8030,TH,Asia Pacific,East Marc,M,Leisure,2024-11-23 04:25:12,Silver,Email,False,English,Visa,,OTA Referral
6db778cd-723c-4310-99a3-ee53b3f2b950,Guy,Sinclair,guy612@oscorp.com,+1 151 512 3714,SG,Asia Pacific,Lake Stephenstad,M,Business,2019-04-01 20:35:00,Gold,Email,False,English,Mastercard,,OTA Referral
6e3e70fd-5142-4bde-8c0d-0e0ac4c084bc,Jemma,Price,jprice2@hotmail.com,+91 157 104 2624,IN,Asia Pacific,Hopkinsside,F,Group,2019-01-02 09:46:10,Non-Member,Email,True,English,Visa,,OTA Referral
2268cbf6-e879-4763-be3d-08bc29a1b788,美加子,佐藤,美加子.佐藤2@gmail.com,+81 404 675 1091,JP,Asia Pacific,North Justinville,F,Leisure,2022-05-03 15:05:38,Silver,Email,True,Japanese,American Express,,Corporate Contract
2d35da61-6286-41b1-822e-b51c9fcb491e,Jill,Lambert,jill892@umbrellacorp.com,+91 666 204 6482,IN,Asia Pacific,Owentown,F,Business,2021-06-22 02:46:19,Silver,SMS,False,English,Apple Pay,,OTA Referral
a49fcb98-44df-408b-be36-fadb5affa192,Lynne,Evans,lynne_evans2@outlook.com,,NL,Europe,New Sianfurt,F,Leisure,2021-09-20 00:59:26,Silver,Email,True,English,Mastercard,,Walk-in
73f338c1-0669-4023-8a86-fb8340a668b5,ريمان,شربتلي,رشربتلي2@gmail.com,+971 570 187 7324,AE,Middle East,Howardmouth,F,Leisure,2022-03-09 10:21:40,Non-Member,Email,True,Arabic,Visa,,OTA Referral
01bd89a4-af1e-41bf-85a2-391049fa7055,Matthieu,Morvan,mmorvan2@gmail.com,+33 132 184 8922,FR,Europe,Sainte Daniellenec,M,Leisure,2022-07-04 10:01:28,Silver,Email,True,French,Visa,,Phone Booking
e3041ab2-a842-4ab0-b99f-1a7b5545f261,Shirley,Cooper,shirleyc2@gmail.com,+1 583 911 8710,CA,North America,South Joycemouth,F,Leisure,2022-10-03 15:54:31,Non-Member,SMS,True,English,Visa,,Walk-in
e0dcd813-90b4-4123-906d-3fdb133ababe,لورين,فصيل,لورين.فصيل2@gmail.com,+1 642 401 5203,SA,Middle East,Millerstad,F,Family,2022-06-09 06:02:16,Non-Member,Email,True,Arabic,Mastercard,,Corporate Contract
081ad1b7-f8a2-48f9-a94e-f27b6bfebb8c,Alina,Esposito,alina.esposito2@globex.com,+1 723 872 2778,IT,Europe,Sassa,F,Business,2019-09-02 22:27:03,Non-Member,Email,False,Italian,Visa,,Walk-in
0c9d5e08-ccdd-439c-a6f3-7e9a055256c8,Patricia,Daniels,pdaniels2@outlook.com,+1 625 858 4604,MX,North America,Lake Stanleymouth,F,Group,2022-11-05 08:33:11,Silver,SMS,False,English,American Express,,Corporate Contract
b9372496-a65e-4ed0-96fe-561121c22e03,Martyn,Robinson,martynr2@gmail.com,+1 292 809 6280,MX,North America,Lake Henrymouth,M,Leisure,2021-08-15 07:11:38,Gold,Email,False,English,Google Pay,,Corporate Contract
b2f00a50-9515-46b3-bc5f-8fbbda00715e,涼平,長谷川,涼平_長谷川2@gmail.com,+81 643 833 1565,JP,Asia Pacific,Sheilabury,M,Leisure,2020-01-18 18:10:54,Gold,Email,False,Japanese,Visa,,Website Direct
db8fc2ba-7bcd-4b75-9cc3-3beac76f0857,Delfino,Barillaro,delfino_barillaro2@acme.com,+1 272 406 4979,IT,Europe,Ispra Centro Euratom,M,Business,2024-11-16 10:05:40,Basic,SMS,True,Italian,Mastercard,,Phone Booking
35c2e2e8-26f7-4ad8-aa55-026f6d6ac060,Diane,Begum,diane52@gmail.com,+1 675 872 7796,TH,Asia Pacific,Bibimouth,F,Business,2020-01-02 02:37:18,Basic,Email,False,English,Mastercard,,Corporate Contract
d1c19c4d-7374-43fb-99bb-c68039cd838d,راما,الجفالي,راماا2@yahoo.com,+1 207 642 5064,SA,Middle East,Port Carly,F,Leisure,2021-08-16 12:19:54,Non-Member,Email,True,Arabic,Mastercard,,Walk-in
35b89147-e138-4a3c-88ad-660f565e6442,Betina,Geißler,betinag2@hotmail.com,+49 855 046753,DE,Europe,Melsungen,F,Leisure,2022-05-07 07:18:36,Silver,SMS,True,German,Visa,,OTA Referral
94f34eff-b05c-43ea-ae75-95b769cfd879,Christine,Faivre,christine_faivre2@outlook.com,+33 559 539 2919,FR,Europe,Mendès,F,Business,2022-07-02 10:09:29,Gold,Email,True,French,Mastercard,,Walk-in
8dea2cea-8737-4f4f-b5bd-be7abc973d31,عبد الغفّار,آل حسين,عبد الغفّار_آل حسين2@globex.com,+1 204 182 8374,SA,Middle East,Lake Trevorhaven,M,Business,2022-09-30 21:36:15,Silver,Email,True,Arabic,Google Pay,,Phone Booking
cc1b6bca-3c74-493a-92c3-25a5fb03b0a4,Diane,Long,test2@test.com,+1 170 783 1950,NL,Europe,New Zoe,F,Business,2021-04-05 13:27:22,Basic,Email,True,English,Apple Pay,,Walk-in
ed04d0ab-a110-44ef-b6c7-9941183f4b09,Ashley,Gray,ashleyg2@yahoo.com,+1 883 927 8454,SE,Europe,Lindatown,M,Family,2024-06-19 19:12:30,Basic,Email,True,English,Visa,,Walk-in
74a6cfb1-871d-472c-939e-0d3f2a4838a0,Felicia,Ocaña,felicia282@globex.com,+1 456 762 8820,ES,Europe,Ciudad,F,Business,2021-11-01 09:01:05,Gold,SMS,True,Spanish,Visa,,Website Direct
e845da47-d5ac-4a69-ad3a-d49b6c8c64d4,Richard,Wallis,richard_wallis2@gmail.com,+1 888 410 2471,CA,North America,New Carol,M,Family,2024-01-21 19:28:28,Non-Member,Email,True,English,PayPal,,Phone Booking
2d2c3a3f-7072-4e48-a041-84de9e5f2c36,Barbara,Hall,barbara_hall2@yahoo.com,905-638-2456,US,North America,North Julia,F,Family,2019-10-04 16:56:06,Silver,Email,False,English,Mastercard,,Walk-in
5f87ad9f-507a-476f-a7ae-9ac9096632ab,Gail,Barber,gbarber2@hotmail.com,+1 768 134 4451,NL,Europe,South Juliashire,F,Leisure,2021-11-14 00:41:32,Gold,Email,False,English,Apple Pay,,Corporate Contract
5beb2ba2-3d24-464d-a306-972bf4d66ea5,ريّان,الدباغ,ريّان_الدباغ2@gmail.com,+971 353 994 4744,AE,Middle East,New Nicole,M,Family,2022-12-08 21:27:13,Silver,Email,True,Arabic,Mastercard,,Phone Booking
5338573b-04e6-487f-b088-9ff1bd08f68e,Jessica,Jones,jessica_jones2@outlook.com,+1 313 422 1383,NL,Europe,Garrymouth,F,Leisure,2024-02-24 22:45:48,Non-Member,SMS,True,English,Google Pay,,Website Direct
be5ccf76-a2a9-4f87-8541-2e587091af7c,Adolf,Flantz,test2@test.com,+49 393 831658,DE,Europe,Ansbach,M,Leisure,2022-06-14 03:48:29,Silver,SMS,False,German,Visa,,Corporate Contract
8c22ebd3-c6dc-44b1-96cb-a49455857139,زكية,العجلان,زالعجلان2@yahoo.com,+971 630 518 1752,AE,Middle East,East Damian,F,Leisure,2023-08-05 21:22:07,Non-Member,Email,False,Arabic,Visa,,Walk-in
2a11cee4-087b-4631-984d-8ce487a2191e,宁,刘,宁_刘2@globex.com,+86 956 6800 170,CN,Asia Pacific,Glennfort,M,Business,2024-09-13 20:46:59,Silver,Email,True,Chinese,Mastercard,,OTA Referral
ed2f1ecd-de2a-4343-9500-4686322585c7,Meike,Killer,test2@test.com,+49 2611/462649,DE,Europe,Illertissen,F,Leisure,2020-11-23 22:39:06,Platinum,Email,True,German,Visa,,Corporate Contract
176db7e3-716a-471b-914b-790309eda645,Ben,Robertson,ben.robertson2@gmail.com,+1 983 773 7562,CH,Europe,South Rhys,M,Leisure,2019-06-21 04:07:23,Gold,Email,False,English,Visa,,Corporate Contract
4d65101a-6da6-4adf-ab65-585fb9264489,Vanessa,Burton,vanessa_burton2@gmail.com,+1 902 745 1238,CA,North America,Shahchester,F,Group,2022-11-30 16:53:09,Basic,SMS,True,English,American Express,,Walk-in
7f5600f3-b7f6-45de-a1cf-b5cdcc562f21,Wendy,Iqbal,wendy492@gmail.com,+1 444 515 6929,MX,North America,West Linda,F,Leisure,2021-02-09 06:28:19,Non-Member,Email,False,English,American Express,Late Check-out,Website Direct
b6248cb6-d1a6-4465-bdea-6e25eaf86a02,Owen,King,oking2@gmail.com,+1 175 994 4419,CA,North America,Joneshaven,M,Leisure,2020-01-31 16:39:08,Basic,Email,True,English,Visa,,Phone Booking
464a3313-37a6-412c-9e44-ef877a2e76bf,Bernard,Dean,bernard882@gmail.com,+1 501 970 4868,CA,North America,North Natalieberg,M,Leisure,2024-02-05 04:46:19,Silver,Email,True,English,Visa,,OTA Referral
03e05adc-3dfa-4a13-bd5f-0c047c428d12,Vitor Gabriel,Nunes,vitor gabrieln2@example.br,+55 532 721 9528,BR,South America,Leanneshire,M,Business,2019-07-11 04:29:11,Platinum,Email,True,Portuguese,Mastercard,,Walk-in
259370c5-ceac-4a3c-9666-896bab0b7a2b,Gilbert,Hoarau,ghoarau2@gmail.com,+33 314 910 6586,FR,Europe,LebonBourg,M,Family,2024-05-23 01:04:26,Non-Member,Email,True,French,Visa,,Phone Booking
