customer_id,first_name,last_name,email,phone,country,region,city,age,gender,customer_type,signup_date,signup_year,signup_month,loyalty_tier,communication_preference,marketing_opt_in,preferred_language,preferred_payment,preferred_room,special_requirements,account_status,last_active_date,data_source,total_stays,total_spend
C0001000001,Gerald,Barton,gerald.barton@gmail.com,+1 651 695 7877,MX,North America,New Lucymouth,43,M,Business,2024-09-24,2024,9,Basic,SMS,False,English,Mastercard,Executive,,Active,2027-02-02,Website Direct,48,4135.64
C0001000002,Margaux,Voisin,margaux.voisin@gmail.com,0174752219,FR,Europe,Sainte Victoire-la-Forêt,42,F,Leisure,2023-03-15,2023,3,Basic,Email,True,French,Visa,Executive,,Active,,Phone Booking,46,17282.53
C0001000003,Anthony,Davies,anthony.davies@gmail.com,+1 728 787 1957,CA,North America,North Stanleyville,32,M,Leisure,2022-04-03,2022,4,Gold,None,False,English,Mastercard,Deluxe,"High Floor, Late Check-out",Active,2023-08-26,OTA Referral,5,10009.15
C0001000004,Terence,Hancock,terence79@yahoo.com,+1 758 264 5507,CA,North America,Wilkinsonport,29,M,Leisure,2024-07-05,2024,7,Gold,Email,False,English,Mastercard,Executive,,Active,,Walk-in,39,16247.94
C0001000005,Jemma,Bevan,jemma_bevan@gmail.com,+1 135 268 9095,CH,Europe,Lake Kirsty,41,F,Group,2021-02-10,2021,2,Gold,Email,False,English,Apple Pay,Standard,,Active,2021-12-31,Website Direct,26,20905.83
C0001000006,淑华,李,淑华李@outlook.com,433 0894 387,CN,Asia Pacific,Wrightbury,43,F,Business,2023-11-07,2023,11,Non-Member,Both,False,Chinese,Visa,Executive,,Active,2026-03-19,Website Direct,1,17398.48
C0001000007,Lynn,Clarke,lynn.clarke@outlook.com,+1 568 631 9976,CA,North America,Philipberg,35,F,Business,2024-05-06,2024,5,Non-Member,Email,True,English,Google Pay,Suite,Late Check-out,Active,2027-01-21,Phone Booking,2,23101.96
C0001000008,Harry,Whitehouse,harryw@umbrellacorp.com,+1 229 520 8357,CA,North America,Aaronville,38,M,Business,2023-02-21,2023,2,Non-Member,Email,True,English,American Express,Deluxe,,Active,2023-12-31,Walk-in,3,5712.65
C0001000009,Rita,Clark,rclark@gmail.com,+1 872 968 5166,MX,North America,Fostershire,35,F,Leisure,2022-03-08,2022,3,Basic,Email,True,English,Apple Pay,Deluxe,,Active,,Walk-in,37,21211.78
C0001000010,Emily,Jones,emilyj@gmail.com,076-652-3800,US,North America,East Lukeview,46,F,Business,2023-03-14,2023,3,Basic,Email,True,English,Mastercard,Standard,,Active,2025-11-30,Corporate Contract,37,12748.55
C0001000011,Adrian,Cooper,adrian_cooper@outlook.com,+44 7105 87456,GB,Europe,West Rachelport,43,M,Leisure,2024-11-29,2024,11,Silver,None,False,English,Visa,Standard,,Active,2026-04-04,Website Direct,23,5024.54
C0001000012,Pamela,Harris,pamela.harris@gmail.com,+1 890 345 1762,CA,North America,New Ian,30,F,Leisure,2020-05-01,2020,5,Non-Member,Email,False,English,American Express,Deluxe,,Active,,Corporate Contract,4,18518.51
C0001000013,Jordan,Martin,jordan83@gmail.com,741-223-4977,US,North America,New Leechester,35,M,Leisure,2024-05-09,2024,5,Platinum,Email,True,English,Apple Pay,Executive,,Active,2024-05-13,Website Direct,7,5491.23
C0001000014,Ryan,Greenwood,rgreenwood@tyrellcorp.com,000-000-0000,CA,North America,New Garyton,40,M,Business,2021-02-16,2021,2,Non-Member,Email,False,English,Visa,Executive,,Active,2022-10-22,Phone Booking,0,6932.24
C0001000015,Bernard,Gros,bernardg@outlook.com,+33 098 303 571,FR,Europe,Fischerdan,25,M,Leisure,2024-02-22,2024,2,Basic,Email,True,French,Visa,Standard,,Active,2024-03-27,Website Direct,14,377.97
C0001000016,Jay,White,jayw@umbrellacorp.com,,SG,Asia Pacific,East Kieran,36,M,Business,2022-09-05,2022,9,Basic,SMS,False,English,Mastercard,Deluxe,,Active,,Walk-in,47,22898.25
C0001000017,Herberto,Casas,herberto.casas@gmail.com,,ES,Europe,Albacete,55,M,Family,2019-04-28,2019,4,Silver,SMS,True,Spanish,Mastercard,Standard,,Inactive,2020-10-07,Phone Booking,5,13695.85
C0001000018,بشرى,أبو داوود,بشرى_أبو داوود@dummycorp.com,+971 516 848 7892,AE,Middle East,Daveyview,29,F,Business,2019-03-13,2019,3,Gold,SMS,False,Arabic,American Express,Executive,,Inactive,,Phone Booking,18,6358.68
C0001000019,Jonathan,Shaw,jonathans@starkindustries.com,+1 164 460 3685,CA,North America,Robinview,41,M,Business,2020-07-11,2020,7,Silver,Email,True,English,Visa,Standard,,Active,2022-06-16,Phone Booking,24,15709.61
C0001000020,Joseph,Morgan,jmorgan@outlook.com,+91 987 150 4263,IN,Asia Pacific,Port Charlieburgh,31,M,Family,2024-02-25,2024,2,Non-Member,Email,True,English,Mastercard,Executive,,Active,2024-07-27,Corporate Contract,1,24939.07
C0001000021,Jenna,Crawford,jenna88@oscorp.com,+1 226 445 4448,CA,North America,Marionmouth,32,F,Business,2022-12-05,2022,12,Silver,Email,True,English,American Express,Executive,,Active,2024-04-01,Walk-in,50,2811.11
C0001000022,Kimberley,Clarke,kimberleyc@hotmail.com,+1 366 537 6893,SE,Europe,Port Billy,43,F,Leisure,2023-06-26,2023,6,Silver,Both,True,English,Mastercard,Deluxe,,Active,2025-01-31,Phone Booking,14,19729.08
C0001000023,현숙,이,현숙56@oscorp.com,000-000-0000,KR,Asia Pacific,South Heatherhaven,33,F,Business,2021-12-18,2021,12,Basic,Email,True,Korean,Google Pay,Family,"High Floor, Wheelchair Accessible",Inactive,,OTA Referral,9,15491.36
C0001000024,Eric,White,ericw@waynecorp.com,+91 548 774 6640,IN,Asia Pacific,South David,48,M,Business,2022-01-04,2022,1,Non-Member,SMS,False,English,PayPal,Family,,Inactive,2022-02-07,Corporate Contract,1,1721.25
C0001000025,Lynn,Chandler,lynn83@gmail.com,+1 989 323 7904,KW,Middle East,Marieshire,35,F,Leisure,2021-03-22,2021,3,Basic,Email,True,English,Mastercard,Suite,,Active,2022-10-15,Phone Booking,2,16751.2
C0001000026,Geoffrey,Carter,geoffreyc@gmail.com,+91 996 187 4286,IN,Asia Pacific,Pagemouth,42,M,Business,2020-10-04,2020,10,Gold,Email,True,English,American Express,Standard,,Active,2022-02-21,Walk-in,3,1331.63
C0001000027,Mathew,Gibson,mathew.gibson@outlook.com,+1 529 448 2024,SG,Asia Pacific,East Francesbury,32,M,Business,2022-10-21,2022,10,Gold,Email,False,English,Visa,Executive,,Inactive,,OTA Referral,44,11944.1
C0001000028,Victoria,Barker,victoriab@gmail.com,+1 732 106 3275,CA,North America,New Lesley,29,F,Business,2020-08-28,2020,8,Non-Member,Email,True,English,Mastercard,Suite,,Active,2020-10-31,Corporate Contract,5,14603.33
C0001000029,Daniel,Parker,daniel86@gmail.com,+1 383 110 9018,NL,Europe,Lake Paigeland,40,M,Business,2021-08-25,2021,8,Non-Member,Email,True,English,American Express,Executive,"High Floor, Allergies",Active,2023-05-08,OTA Referral,4,17049.59
C0001000030,Biagio,Binaghi,guest@email.com,+1 854 505 9202,IT,Europe,Brugine,38,M,Business,2022-04-07,2022,4,Non-Member,Email,False,Italian,Visa,Standard,,Active,2024-05-29,OTA Referral,1,2973.22
C0001000031,稔,阿部,稔阿@yahoo.com,+81 625-366-404,JP,Asia Pacific,Walkerfort,33,M,Leisure,2021-07-31,2021,7,Gold,SMS,True,Japanese,Visa,Deluxe,Early Check-in,Active,,Walk-in,3,24265.15
C0001000032,Isabella,Martucci,isabella.martucci@waynecorp.com,+1 304 737 4200,IT,Europe,Molina Di Ledro,39,F,Business,2020-02-06,2020,2,Gold,Email,False,Italian,Visa,Suite,,Active,2020-08-16,Phone Booking,47,21647.84
C0001000033,Sylvia,Brennan,sylvia56@gmail.com,+1 782 937 9178,SE,Europe,Spencerton,48,F,Leisure,2019-04-04,2019,4,Non-Member,SMS,False,English,Visa,Deluxe,,Active,2019-10-02,Website Direct,2,24392.29
C0001000034,Carolyn,Ward,carolyn98@outlook.com,+1 231 733 2751,CH,Europe,Port Lewistown,44,F,Family,2022-11-27,2022,11,Non-Member,None,True,English,PayPal,Ocean View,,Active,,Corporate Contract,5,15623.98
C0001000035,Sam,Higgins,sam2@gmail.com,+1 279 421 9868,CO,South America,Deanside,44,M,Leisure,2021-01-18,2021,1,Gold,SMS,False,English,Visa,Deluxe,Wheelchair Accessible,Active,2021-08-02,Website Direct,33,12260.36
C0001000036,Girolamo,Procacci,girolamo_procacci@gmail.com,+1 849 785 4868,IT,Europe,Saint Oyen,45,M,Group,2022-06-01,2022,6,Silver,Email,True,Italian,Visa,Family,,Active,,Walk-in,32,10958.58
C0001000037,Beth,Dixon,beth_dixon@gmail.com,00273 173 809,GB,Europe,East Jakebury,47,F,Leisure,2022-05-29,2022,5,Silver,Email,True,English,Visa,Deluxe,,Active,2024-05-01,Phone Booking,45,15219.21
C0001000038,옥자,김,옥김@gmail.com,+1 133 106 7472,KR,Asia Pacific,Adamfort,39,F,Leisure,2022-01-23,2022,1,Basic,Email,True,Korean,PayPal,Family,,Inactive,,Corporate Contract,32,24924.11
C0001000039,Marc,Hamilton,march@gmail.com,+1 725 898 7983,TH,Asia Pacific,Masonfort,24,M,Leisure,2020-08-04,2020,8,Basic,SMS,True,English,Mastercard,Standard,,Active,2023-07-21,Phone Booking,26,23440.82
C0001000040,Sally,Williams,sallyw@gmail.com,+1 855 416 6251,SG,Asia Pacific,North Glenshire,40,F,Business,2019-11-15,2019,11,Gold,Email,True,English,Visa,Executive,,Active,2022-06-13,OTA Referral,11,11105.01
C0001000041,Mayte,Folch,mayte_folch@globex.com,+1 920 110 3288,ES,Europe,Badajoz,46,F,Business,2022-06-27,2022,6,Non-Member,Email,True,Spanish,PayPal,Deluxe,"High Floor, Allergies",Active,,Phone Booking,1,4049.03
C0001000042,Alice,Cross,alice_cross@gmail.com,+1 996 657 6794,MX,North America,West Diane,47,F,Family,2019-09-12,2019,9,Silver,Both,True,English,Mastercard,Standard,,Active,2021-06-17,OTA Referral,41,14697.6
C0001000043,Cameron,Taylor,cameront@yahoo.com,+1 195 490 5551,MX,North America,South Jeffrey,41,M,Leisure,2020-08-09,2020,8,Non-Member,Email,False,English,Mastercard,Suite,,Active,,Website Direct,0,16898.27
C0001000044,Venancio,Lovato,venancio90@outlook.com,+1 544 740 2920,IT,Europe,Corciano,43,M,Leisure,2020-11-10,2020,11,Silver,SMS,True,Italian,Visa,Standard,"Early Check-in, Wheelchair Accessible",Active,2021-12-05,OTA Referral,23,18739.39
C0001000045,坤,曹,坤曹@oscorp.com,405 1633 134,CN,Asia Pacific,Joyceview,36,M,Business,2021-06-28,2021,6,Non-Member,Email,True,Chinese,PayPal,Deluxe,,Active,,Corporate Contract,5,16191.25
C0001000046,George,Henderson,george_henderson@outlook.com,(363) 077-2779,US,North America,Russellfurt,33,M,Leisure,2022-11-24,2022,11,Silver,Email,True,English,Mastercard,Deluxe,,Active,2023-09-30,Corporate Contract,46,19472.21
C0001000047,Laura,Murray,laura75@outlook.com,+1 830 849 1697,NL,Europe,Port Bethanberg,47,F,Leisure,2021-07-15,2021,7,Basic,Email,True,English,Visa,Deluxe,,Active,2023-05-10,Website Direct,1,19046.1
C0001000048,Clifford,Brown,cliffordb@outlook.com,+1 723 334 8745,CA,North America,Lake Ritaton,41,M,Family,2020-12-04,2020,12,Gold,Email,True,English,Visa,Deluxe,,Active,,Walk-in,31,15160.21
C0001000049,Rebecca,Bailey,rebecca90@gmail.com,+1 232 622 9255,SE,Europe,Lucyhaven,51,F,Leisure,2023-05-18,2023,5,Silver,Email,False,English,Visa,Deluxe,,Active,2025-07-07,Website Direct,12,20426.46
C0001000050,William,Edwards,william_edwards@yahoo.com,0489 018 363,AU,Asia Pacific,Lake Alan,37,M,Business,2023-06-13,2023,6,Basic,Both,False,English,Visa,Suite,,Active,,Phone Booking,18,7131.45
C0001000051,丽丽,关,丽丽关@hotmail.com,385 1090 594,CN,Asia Pacific,Mooreton,42,F,Leisure,2019-12-11,2019,12,Platinum,None,True,Chinese,PayPal,Standard,,Active,,Phone Booking,0,2150.38
C0001000052,Jamie,Jones,jamiej@hotmail.com,0318 612 044,AU,Asia Pacific,Barryberg,25,M,Business,2022-08-03,2022,8,Basic,Both,True,English,Mastercard,Suite,"Wheelchair Accessible, Late Check-out",Active,2022-10-03,Website Direct,25,19165.37
C0001000053,Brandon,Gallagher,brandong@outlook.com,718-869-5349,US,North America,Jordantown,41,M,Leisure,2024-04-25,2024,4,Basic,Email,False,English,American Express,Standard,,Active,,Corporate Contract,5,15199.74
C0001000054,Jasmine,Lewis,jasmine.lewis@starkindustries.com,+1 815 416 6280,NG,Africa,Fionaview,38,F,Business,2021-11-23,2021,11,Basic,Email,True,English,Visa,Deluxe,,Inactive,,Walk-in,12,11981.96
C0001000055,Betti,Roskoth,betti22@icloud.com,+49 0144 5053,DE,Europe,Bad Mergentheim,30,F,Leisure,2019-05-17,2019,5,Basic,SMS,True,German,Mastercard,Deluxe,,Active,2022-02-22,Website Direct,36,24899.34
C0001000056,Jason,Wilson,guest@email.com,+1 770 385 8886,MX,North America,West Kateview,32,M,Group,2024-05-31,2024,5,Basic,Email,True,English,American Express,Standard,,Active,,Phone Booking,21,19917.13
C0001000057,Maria,Webb,maria9@example.au,+61 880 698 721,AU,Asia Pacific,South Daniellebury,36,F,Business,2022-03-30,2022,3,Non-Member,Email,False,English,Visa,Executive,,Active,2024-06-27,OTA Referral,3,19008.22
C0001000058,Jenna,Saunders,jenna44@umbrellacorp.com,+1 107 701 7824,QA,Middle East,Jillside,36,F,Business,2024-05-27,2024,5,Gold,SMS,True,English,Visa,Suite,,Active,,Website Direct,37,10852.12
C0001000059,Malcolm,Smith,malcolm49@gmail.com,+1 870 799 3733,MX,North America,Port Clive,30,M,Family,2023-03-31,2023,3,Non-Member,Email,True,English,Mastercard,Suite,,Active,,Walk-in,1,14815.37
C0001000060,Olivia,Murphy,omurphy@outlook.com,+1 738 256 1314,KW,Middle East,Lisaland,33,F,Leisure,2020-07-02,2020,7,Gold,Email,True,English,Visa,Standard,,Active,2023-06-26,Corporate Contract,48,22485.9
C0001000061,Liberto,Delle,libertod@acme.com,+1 998 663 8532,IT,Europe,Cabiate,26,M,Business,2023-09-20,2023,9,Basic,SMS,False,Italian,Mastercard,Deluxe,Late Check-out,Active,,Website Direct,16,5195.65
C0001000062,岩,杨,岩_杨@gmail.com,957 0372 277,CN,Asia Pacific,South Graemeshire,60,M,Leisure,2023-12-04,2023,12,Basic,Email,False,Chinese,Visa,Deluxe,,Inactive,2025-05-24,Website Direct,24,760.36
C0001000063,Arnold,Stadelmann,astadelmann@gmail.com,+49 0983 9209,DE,Europe,Günzburg,51,M,Leisure,2022-10-02,2022,10,Silver,SMS,False,German,Mastercard,Suite,,Active,,Phone Booking,46,17685.96
C0001000064,Marilyn,Jones,mjones@outlook.com,+1 570 931 6589,MX,North America,Lake Sheilachester,52,F,Leisure,2022-06-09,2022,6,Silver,Email,False,English,Mastercard,Deluxe,"Early Check-in, Non-smoking",Active,2024-10-27,Corporate Contract,23,2965.87
C0001000065,Zacarías,Llano,zacarías.llano@globex.com,,ES,Europe,La Rioja,55,M,Business,2023-03-21,2023,3,Silver,SMS,True,Spanish,American Express,Executive,Allergies,Active,2025-05-18,Corporate Contract,22,19487.61
C0001000066,Jamie,Lewis,jamiel@gmail.com,+1 165 455 9807,SE,Europe,Popeland,48,M,Business,2024-03-04,2024,3,Non-Member,Email,False,English,Apple Pay,Standard,,Active,2025-10-10,OTA Referral,0,838.38
C0001000067,Adriano,Tassoni,noemail@provided.com,+1 517 471 1632,IT,Europe,Sparanise,42,M,Family,2023-11-21,2023,11,Silver,Email,True,Italian,Visa,Standard,"Late Check-out, Allergies",Active,2026-04-30,Walk-in,3,13755.47
C0001000068,Melanie,James,mjames@icloud.com,+61 702 635 679,AU,Asia Pacific,Nicholsonside,51,F,Leisure,2019-07-08,2019,7,Non-Member,Email,True,English,American Express,Standard,,Inactive,,Walk-in,4,20517.97
C0001000069,Philip,Bruce,pbruce@gmail.com,0693 446 476,AU,Asia Pacific,Smithside,31,M,Family,2021-12-31,2021,12,Non-Member,Email,True,English,Visa,Suite,,Inactive,2022-07-09,Corporate Contract,5,12815.57
C0001000070,Graeme,Brown,gbrown@outlook.com,+91 974 761 9787,IN,Asia Pacific,East Stacey,46,M,Leisure,2019-01-06,2019,1,Basic,Email,False,English,Visa,Suite,,Active,,Phone Booking,12,3301.9
C0001000071,Pamela,Jones,pamela.jones@example.se,+1 719 624 4844,SE,Europe,South Stewartview,25,F,Business,2019-06-10,2019,6,Basic,Both,True,English,Visa,Standard,"Early Check-in, High Floor",Active,2020-12-28,Website Direct,34,3515.82
C0001000072,Alan,O'Sullivan,alan.o'sullivan@hotmail.com,+1 392 691 6832,SE,Europe,North Janemouth,46,M,Family,2022-04-09,2022,4,Gold,SMS,False,English,Visa,Standard,,Active,2022-04-30,Walk-in,34,19087.64
C0001000073,محمّد,الحكير,محمّد.الحكير@gmail.com,+1 583 642 8319,SA,Middle East,North Benjamin,51,M,Leisure,2023-10-27,2023,10,Silver,SMS,True,Arabic,American Express,Suite,,Inactive,2023-12-21,Corporate Contract,38,5390.57
C0001000074,結衣,清水,結衣53@outlook.com,169-873-4144,JP,Asia Pacific,West Leonard,41,F,Business,2024-02-20,2024,2,Non-Member,Email,False,Japanese,Apple Pay,Suite,,Active,2026-12-07,OTA Referral,3,24106.68
C0001000075,Frank,Thomas,frank.thomas@oscorp.com,+1 175 176 1868,NL,Europe,Port Gary,35,M,Business,2024-11-29,2024,11,Non-Member,Both,False,English,Mastercard,Family,,Active,2027-06-20,Corporate Contract,5,2124.78
C0001000076,Kathleen,Fletcher,kathleen_fletcher@gmail.com,+1 558 439 7163,TH,Asia Pacific,Raymondland,42,F,Leisure,2024-08-04,2024,8,Silver,Both,True,English,Visa,Standard,,Inactive,2026-09-12,OTA Referral,2,9012.93
C0001000077,Neil,Hussain,guest@email.com,+1 409 823 8465,SE,Europe,Nichollsstad,31,M,Family,2019-11-18,2019,11,Non-Member,Email,False,English,Visa,Deluxe,,Active,2020-04-15,Website Direct,5,10793.79
C0001000078,Victoria,Bolton,victoria_bolton@outlook.com,,NL,Europe,Shorthaven,37,F,Leisure,2024-07-20,2024,7,Platinum,Email,False,English,American Express,Standard,,Active,2027-06-28,Website Direct,16,8932.36
C0001000079,Patrick,Hill,phill@outlook.com,+1 365 476 7275,CL,South America,Warrenborough,29,M,Leisure,2024-02-16,2024,2,Gold,Email,False,English,Mastercard,Family,,Active,2025-12-10,Website Direct,29,24836.66
C0001000080,Shannon,Barnes,shannon.barnes@gmail.com,+1 293 904 4218,QA,Middle East,Port Angela,26,F,Business,2024-01-10,2024,1,Non-Member,Email,False,English,Visa,Standard,,Active,2026-05-06,Phone Booking,3,104.88
C0001000081,Sara,Edwards,sedwards@dummycorp.com,+44 1651 54686,GB,Europe,New Mary,25,F,Business,2022-11-28,2022,11,Silver,None,False,English,PayPal,Standard,,Active,2023-05-01,OTA Referral,38,23306.74
C0001000082,Lauren,Hawkins,lauren.hawkins@yahoo.com,08793 090 037,GB,Europe,West Lyndaton,37,F,Group,2019-09-10,2019,9,Platinum,Email,False,English,Visa,Deluxe,,Active,2022-05-07,Corporate Contract,13,24782.48
C0001000083,Bruce,Brown,bruce.brown@gmail.com,0617 766 587,AU,Asia Pacific,North Jack,38,M,Leisure,2020-01-17,2020,1,Silver,Email,True,English,Mastercard,Ocean View,,Active,2021-10-16,Walk-in,7,9821.98
C0001000084,Josh,Jackson,josh.jackson@gmail.com,+1 747 595 8448,CL,South America,Goodwinfurt,29,M,Family,2023-10-28,2023,10,Non-Member,Email,True,English,PayPal,Family,,Active,2024-12-10,Website Direct,5,14430.89
C0001000085,Elliot,Taylor,noemail@provided.com,+91 521 368 7430,IN,Asia Pacific,Dylanmouth,49,M,Family,2020-10-09,2020,10,Silver,Email,True,English,American Express,Family,,Active,,Phone Booking,46,17342.82
C0001000086,Andrew,Jenkins,andrew86@gmail.com,+1 184 493 7630,CA,North America,Jenniferfurt,47,M,Leisure,2021-11-15,2021,11,Silver,Email,True,English,Visa,Standard,,Active,2022-01-07,Phone Booking,42,5499.29
C0001000087,Kathleen,Wilson,kwilson@outlook.com,+1 257 926 3451,CA,North America,Bondville,48,F,Leisure,2022-10-07,2022,10,Non-Member,SMS,True,English,American Express,Deluxe,,Active,2022-11-10,OTA Referral,0,13263.16
C0001000088,Lynda,Davies,lyndad@gmail.com,+1 827 842 9220,MX,North America,Lake Susanview,43,F,Leisure,2019-12-01,2019,12,Basic,Email,True,English,Mastercard,Family,,Active,,Walk-in,37,17748.97
C0001000089,Lawrence,Nash,lnash@gmail.com,+1 464 372 2229,NL,Europe,Leighberg,40,M,Leisure,2019-08-05,2019,8,Non-Member,Email,True,English,Visa,Standard,,Inactive,2021-10-28,Phone Booking,3,13058.82
C0001000090,Vincent,Cross,vcross@outlook.com,+1 445 711 1702,CL,South America,Thomasville,44,M,Leisure,2024-02-15,2024,2,Non-Member,Email,False,English,Visa,Deluxe,,Active,2025-05-20,Website Direct,3,3429.08
C0001000091,Lydia,Johnson,lydia81@outlook.com,+1 156 249 7339,NG,Africa,Arthurtown,37,F,Leisure,2019-07-30,2019,7,Platinum,SMS,False,English,Visa,Ocean View,,Active,2020-04-10,Website Direct,10,23974.99
C0001000092,Eric,Davies,eric_davies@gmail.com,+1 744 412 4444,EG,Africa,Martynburgh,54,M,Leisure,2019-07-02,2019,7,Silver,Email,True,English,Mastercard,Standard,,Active,2020-03-11,Corporate Contract,13,9628.5
C0001000093,Mohammed,Carter,mcarter@example.sg,+1 222 782 7460,SG,Asia Pacific,East Graham,30,M,Business,2024-10-14,2024,10,Basic,Email,False,English,PayPal,Standard,,Active,2026-10-06,Website Direct,47,17352.64
C0001000094,Elliot,Watson,elliotw@gmail.com,+1 732 581 5405,NL,Europe,West Gracemouth,30,M,Group,2022-01-31,2022,1,Silver,Both,True,English,Apple Pay,Deluxe,"High Floor, Allergies",Active,2023-06-13,OTA Referral,15,11536.99
C0001000095,Adam,Kirby,akirby@dummycorp.com,+1 900 997 7734,QA,Middle East,South Jack,53,M,Business,2022-02-24,2022,2,Non-Member,Both,True,English,Visa,Suite,,Inactive,2022-08-06,OTA Referral,1,10247.48
C0001000096,Neil,Harris,nharris@initech.com,+1 953 158 9594,KW,Middle East,Port Eleanor,32,M,Business,2021-08-12,2021,8,Platinum,Email,True,English,Mastercard,Executive,,Active,,Phone Booking,42,2053.25
C0001000097,建国,陈,noemail@provided.com,230 9360 061,CN,Asia Pacific,North Malcolmland,36,M,Group,2020-04-21,2020,4,Platinum,None,False,Chinese,Mastercard,Deluxe,,Active,2022-08-18,Walk-in,38,16241.63
C0001000098,Wayne,Hancock,whancock@initech.com,0793 545 259,AU,Asia Pacific,North Kevin,47,M,Business,2023-03-06,2023,3,Silver,Email,False,English,American Express,Suite,,Active,,Phone Booking,22,15800.11
C0001000099,Gail,Jones,gail_jones@gmail.com,+44 5109 57922,GB,Europe,East Diane,43,F,Group,2020-10-10,2020,10,Gold,Both,True,English,Visa,Standard,,Active,2022-10-09,Corporate Contract,30,18190.56
C0001000100,Anthony,O'Connor,ao'connor@outlook.com,+1 562 593 8215,MX,North America,East Joeside,53,M,Family,2023-01-24,2023,1,Non-Member,Email,True,English,Visa,Deluxe,,Inactive,2025-05-27,Website Direct,4,22099.06
C0001000101,和也,福田,和也_福田@waynecorp.com,+81 168-639-448,JP,Asia Pacific,South Laurenmouth,32,M,Business,2023-07-21,2023,7,Basic,Email,True,Japanese,Visa,Suite,High Floor,Active,2025-04-05,OTA Referral,11,17348.85
C0001000102,Elliot,Jones,ejones@gmail.com,+1 503 579 8238,EG,Africa,Walshberg,46,M,Leisure,2024-10-01,2024,10,Non-Member,SMS,True,English,Mastercard,Executive,,Active,2024-12-08,Website Direct,0,14915.83
C0001000103,Josephine,Wood,josephinew@gmail.com,+1 691 721 3172,CA,North America,New Garryborough,39,F,Business,2022-12-19,2022,12,Silver,Email,True,English,Mastercard,Standard,,Active,2025-05-01,OTA Referral,21,6785.95
C0001000104,Jason,Simpson,jasons@hotmail.com,699-172-5714,US,North America,New Jonathan,40,M,Family,2022-11-01,2022,11,Silver,Email,False,English,American Express,Standard,,Active,2025-04-19,Phone Booking,26,11674.59
C0001000105,Vanessa,Grant,vanessa95@gmail.com,+1 120 398 4039,TH,Asia Pacific,Harrisonborough,54,F,Leisure,2019-05-21,2019,5,Gold,Both,False,English,Mastercard,Standard,High Floor,Active,2020-12-25,Phone Booking,8,6824.37
C0001000106,Angela,Chapman,angelac@outlook.com,+1 228 731 7160,CO,South America,North Annetown,37,F,Family,2022-04-11,2022,4,Non-Member,Email,True,English,Visa,Deluxe,,Inactive,2024-09-30,Website Direct,1,1286.24
C0001000107,Ashley,Savage,asavage@acme.com,+91 877 210 5759,IN,Asia Pacific,Elliottmouth,42,M,Business,2023-02-05,2023,2,Silver,Email,True,English,Google Pay,Deluxe,,Active,2025-03-10,Phone Booking,25,15194.86
C0001000108,Ana Belén,Ripoll,aripoll@starkindustries.com,+1 785 913 6881,ES,Europe,Burgos,34,F,Business,2019-12-26,2019,12,Basic,Email,True,Spanish,Mastercard,Family,,Active,,OTA Referral,24,11390.91
C0001000109,Hayley,Bradley,hayleyb@gmail.com,+91 886 535 8229,IN,Asia Pacific,Lake Anthonychester,34,F,Group,2023-05-29,2023,5,Basic,Email,True,English,American Express,Standard,,Active,2024-12-14,Walk-in,30,9109.79
C0001000110,Gary,Wright,gary_wright@yahoo.com,+91 787 797 8841,IN,Asia Pacific,Lake Beverley,35,M,Leisure,2019-10-03,2019,10,Gold,SMS,True,English,American Express,Standard,,Active,2020-08-07,Phone Booking,24,10296.96
C0001000111,Nicole,Hanson,nicole_hanson@gmail.com,+1 248 260 6136,TH,Asia Pacific,Kerrhaven,46,F,Leisure,2024-02-05,2024,2,Silver,Both,True,English,Visa,Ocean View,,Active,2024-09-21,Walk-in,12,9599.11
C0001000112,Steven,Bennett,sbennett@acme.com,+1 466 246 2133,CA,North America,North Vincent,35,M,Business,2023-02-03,2023,2,Gold,Email,True,English,Mastercard,Suite,,Active,,Phone Booking,44,12853.51
C0001000113,Aylla,Nascimento,ayllan@yahoo.com,(384) 8969-068,BR,South America,North Lesley,46,F,Family,2019-02-13,2019,2,Gold,Email,True,Portuguese,Mastercard,Standard,,Inactive,2020-11-08,Website Direct,46,18215.79
C0001000114,Benjamin,Hall,bhall@yahoo.com,+1 178 497 9647,MX,North America,Williamsland,36,M,Leisure,2021-08-12,2021,8,Non-Member,Email,False,English,Visa,Deluxe,"Wheelchair Accessible, High Floor",Active,2022-01-29,OTA Referral,5,1105.07
C0001000115,Georgina,Cross,georgina_cross@oscorp.com,+1 964 927 2371,QA,Middle East,Darrenberg,34,F,Business,2019-10-11,2019,10,Silver,Email,True,English,American Express,Deluxe,,Active,,Corporate Contract,3,6495.18
C0001000116,Aimé,Perrot,aimé.perrot@outlook.com,+33 654 760 754,FR,Europe,Maryboeuf,36,M,Leisure,2019-05-14,2019,5,Non-Member,Email,False,French,Mastercard,Suite,,Active,2021-04-02,Walk-in,0,18416.22
C0001000117,Luke,Ahmed,luke_ahmed@gmail.com,+1 284 507 1386,MX,North America,East Jacqueline,25,M,Business,2022-09-30,2022,9,Basic,Email,True,English,Visa,Executive,,Active,2024-03-15,OTA Referral,26,12073.2
C0001000118,Hildegart,Bohnbach,hildegartb@umbrellacorp.com,+49 4370 9718,DE,Europe,Herford,37,F,Business,2024-05-13,2024,5,Gold,Email,True,German,Apple Pay,Standard,,Active,2026-07-25,OTA Referral,22,20632.94
C0001000119,Gregory,Kay,gkay@initech.com,+1 867 905 8204,CA,North America,East Dawnmouth,48,M,Business,2024-01-08,2024,1,Non-Member,Both,True,English,Visa,Deluxe,,Inactive,2026-12-01,OTA Referral,4,7321.21
C0001000120,준서,홍,준서_홍@gmail.com,+1 583 362 6780,KR,Asia Pacific,West Frederickbury,50,M,Leisure,2020-11-07,2020,11,Silver,Email,False,Korean,Mastercard,Executive,,Active,2021-03-28,Phone Booking,39,23530.28
C0001000121,Damian,Brooks,damian.brooks@gmail.com,+1 943 471 2165,MX,North America,Port Ronald,39,M,Business,2023-06-28,2023,6,Silver,Email,False,English,American Express,Suite,,Active,,Walk-in,43,12315.95
C0001000122,Frances,Harris,fharris@hotmail.com,+1 555 896 4220,CH,Europe,East Samantha,37,F,Business,2022-03-31,2022,3,Basic,SMS,True,English,Visa,Standard,Late Check-out,Active,,Website Direct,43,21792.19
C0001000123,Claire,Colas,clairec@gmail.com,+33 944 187 981,FR,Europe,Saint Sylvie,35,F,Leisure,2024-07-31,2024,7,Non-Member,Email,True,French,Visa,Suite,,Active,2026-12-27,Corporate Contract,5,10226.86
C0001000124,Amadeo,Babato,amadeob@oscorp.com,+1 434 449 5414,IT,Europe,Spinetoli,31,M,Business,2022-06-09,2022,6,Non-Member,Email,True,Italian,PayPal,Executive,,Active,2022-09-01,Website Direct,4,386.8
C0001000125,Norman,Rhodes,normanr@umbrellacorp.com,+1 679 695 4835,MX,North America,Lake Denisfurt,32,M,Business,2024-06-09,2024,6,Basic,Email,False,English,Apple Pay,Standard,,Active,2026-08-12,Corporate Contract,45,9472.01
C0001000126,秀英,黄,秀英黄@cyberdyne.com,+86 634 2320 372,CN,Asia Pacific,South Billy,40,F,Business,2022-01-25,2022,1,Silver,Email,False,Chinese,Google Pay,Standard,,Active,,Walk-in,32,12705.59
C0001000127,Dawn,Heath,dheath@gmail.com,+1 333 367 6208,CA,North America,Port Jill,62,F,Leisure,2023-12-22,2023,12,Basic,Email,False,English,Visa,Suite,,Active,2026-07-01,Corporate Contract,23,22062.43
C0001000128,香織,長谷川,香長谷川@outlook.com,+81 516-729-458,JP,Asia Pacific,New Dianestad,29,F,Business,2024-01-11,2024,1,Basic,Email,True,Japanese,Google Pay,Deluxe,,Active,2024-04-22,Website Direct,36,932.77
C0001000129,Maristela,Vergara,maristelav@gmail.com,+1 962 611 4486,ES,Europe,Las Palmas,55,F,Family,2019-05-20,2019,5,Silver,SMS,True,Spanish,Mastercard,Standard,,Active,2022-01-19,Walk-in,8,18197.99
C0001000130,Amber,Elliott,amber.elliott@icloud.com,+91 761 382 7859,IN,Asia Pacific,Port Sarah,52,F,Business,2022-09-13,2022,9,Platinum,Both,True,English,Mastercard,Deluxe,,Active,,Walk-in,7,3753.59
C0001000131,Francis,Mills,fmills@yahoo.com,+1 493 437 6436,CA,North America,New Amber,37,M,Group,2021-07-02,2021,7,Silver,Email,True,English,Mastercard,Executive,,Active,2023-12-30,Phone Booking,7,21396.44
C0001000132,Timothée,Chevallier,timothée32@yahoo.com,0342943541,FR,Europe,Fouquet-sur-Mer,32,M,Leisure,2024-06-29,2024,6,Non-Member,Email,False,French,Visa,Suite,,Active,2026-06-04,Walk-in,3,7703.47
C0001000133,Beth,Elliott,bethe@gmail.com,+1 880 634 1119,MX,North America,Youngbury,43,F,Family,2022-09-05,2022,9,Silver,Both,False,English,American Express,Suite,,Active,2022-11-25,Corporate Contract,50,3273.21
C0001000134,옥자,박,옥자32@example.kr,+1 238 204 2619,KR,Asia Pacific,Francisberg,38,F,Business,2023-09-01,2023,9,Non-Member,Email,True,Korean,PayPal,Suite,,Active,2026-06-04,Phone Booking,5,16359.39
C0001000135,Megan,Moore,megan_moore@outlook.com,+1 209 606 1439,SG,Asia Pacific,West Jordan,30,F,Leisure,2021-07-16,2021,7,Silver,Email,True,English,Visa,Deluxe,,Inactive,2022-03-31,Corporate Contract,8,10776.23
C0001000136,英樹,中村,英中村@gmail.com,425-313-5965,JP,Asia Pacific,Carolynmouth,31,M,Group,2023-01-03,2023,1,Silver,SMS,False,Japanese,Apple Pay,Suite,,Active,2023-03-14,OTA Referral,19,214.03
C0001000137,Carina,Ballesteros,carina_ballesteros@gmail.com,+1 757 706 5967,AR,South America,North همام,29,F,Family,2024-08-27,2024,8,Gold,Email,False,English,Visa,Standard,,Active,,Website Direct,13,16009.15
C0001000138,Gemma,Lawrence,glawrence@gmail.com,+1 793 248 1456,MX,North America,West Beverleyborough,49,F,Leisure,2024-06-27,2024,6,Basic,SMS,False,English,Mastercard,Suite,Allergies,Active,2025-03-13,Walk-in,37,18897.55
C0001000139,Nicole,Elliott,nicole_elliott@gmail.com,+1 155 346 5631,SG,Asia Pacific,North Marion,39,F,Family,2023-09-29,2023,9,Non-Member,Email,False,English,Mastercard,Suite,,Active,2025-01-21,Phone Booking,4,13715.99
C0001000140,Bernard,Clarke,guest@email.com,216-891-8391,US,North America,West Shirleymouth,36,M,Leisure,2022-03-03,2022,3,Gold,Both,False,English,Google Pay,Suite,,Active,2024-05-17,Corporate Contract,29,16315.08
C0001000141,Joseph,Jarvis,joseph.jarvis@yahoo.com,+1 549 301 2135,NL,Europe,Mortonhaven,55,M,Business,2023-07-06,2023,7,Non-Member,Email,True,English,Visa,Suite,,Active,,Walk-in,1,7265.3
C0001000142,Leah,Evans,leah.evans@initech.com,+1 151 149 6367,NL,Europe,South Frank,28,F,Business,2019-10-25,2019,10,Basic,Email,True,English,Visa,Suite,"Allergies, Non-smoking",Active,2021-12-02,Walk-in,0,7889.28
C0001000143,Donald,Hall,donald.hall@gmail.com,+1 479 774 9272,NG,Africa,Lake Lyndaview,41,M,Family,2022-04-05,2022,4,Gold,Email,False,English,Mastercard,Family,"Late Check-out, Early Check-in",Active,2023-09-12,Corporate Contract,18,9115.92
C0001000144,Steven,Robinson,stevenr@starkindustries.com,+44 3529 48250,GB,Europe,East Joseph,48,M,Business,2022-04-25,2022,4,Non-Member,SMS,False,English,Mastercard,Executive,,Active,,Corporate Contract,2,21919.24
C0001000145,Charles,Tomlinson,noemail@provided.com,+91 290 619 3050,IN,Asia Pacific,Amyville,27,M,Business,2023-09-06,2023,9,Non-Member,Email,True,English,American Express,Standard,,Active,2025-07-01,Phone Booking,5,10863.89
C0001000146,Sean,Bennett,sean_bennett@initech.com,693-007-0035,US,North America,Lake Rosemary,46,M,Business,2022-05-30,2022,5,Basic,Email,False,English,Visa,Standard,,Active,2022-06-13,OTA Referral,39,2884.74
C0001000147,Henry,Howard,henryh@yahoo.com,+1 204 978 6957,NL,Europe,Lake Kathleen,43,M,Family,2021-01-23,2021,1,Basic,SMS,False,English,American Express,Deluxe,,Active,2021-03-19,OTA Referral,28,7203.25
C0001000148,Henry,Mills,henry_mills@gmail.com,+1 593 516 9918,MX,North America,West Julia,41,M,Family,2020-01-16,2020,1,Non-Member,Email,False,English,Visa,Suite,,Inactive,2021-04-10,Phone Booking,1,18721.92
C0001000149,Helen,Kaur,hkaur@icloud.com,000-000-0000,NL,Europe,Francismouth,50,F,Group,2024-04-01,2024,4,Gold,Email,False,English,Visa,Deluxe,,Active,,Website Direct,30,7035.14
C0001000150,Agnolo,Carocci,guest@email.com,+1 410 958 9957,IT,Europe,Arcole,34,M,Leisure,2022-05-15,2022,5,Basic,Email,True,Italian,Apple Pay,Standard,,Active,2025-05-03,Phone Booking,47,15645.81
C0001000151,Kerry,Ali,kerry53@gmail.com,(851) 734-7074,US,North America,Lynnmouth,43,F,Group,2020-09-20,2020,9,Silver,Email,True,English,PayPal,Deluxe,,Active,2022-09-13,OTA Referral,2,18344.93
C0001000152,Mohamed,Davis,mohamed.davis@gmail.com,+1 626 441 7575,QA,Middle East,South Owenmouth,44,M,Leisure,2022-06-01,2022,6,Platinum,SMS,True,English,Visa,Standard,Non-smoking,Active,2022-10-14,OTA Referral,27,24397.22
C0001000153,Joel,Day,joeld@gmail.com,+1 469 507 6706,SE,Europe,South Raymondside,45,M,Family,2020-08-22,2020,8,Gold,Email,True,English,Visa,Standard,,Inactive,,Website Direct,38,12776.29
C0001000154,Marc,Sharp,msharp@outlook.com,0978 433 965,AU,Asia Pacific,Robertsland,38,M,Leisure,2024-01-25,2024,1,Non-Member,SMS,True,English,Apple Pay,Executive,,Active,2025-03-21,Phone Booking,5,9611.72
C0001000155,Nicolò,Borroni,nicolòb@gmail.com,+1 143 314 7182,IT,Europe,Mitogio,31,M,Leisure,2022-09-21,2022,9,Platinum,Email,True,Italian,Mastercard,Standard,,Active,,Website Direct,27,7514.8
C0001000156,George,Gill,george69@yahoo.com,+44 6119 11972,GB,Europe,Lewisborough,40,M,Leisure,2021-09-17,2021,9,Platinum,Both,False,English,American Express,Deluxe,,Active,2022-09-08,Website Direct,45,20529.95
C0001000157,Craig,Bryan,cbryan@outlook.com,+1 750 524 2462,QA,Middle East,Port Abdul,44,M,Family,2022-04-22,2022,4,Basic,SMS,True,English,Mastercard,Deluxe,,Active,2022-11-26,Walk-in,36,12448.24
C0001000158,Jaime,Bravo,jaime40@yahoo.com,+1 928 737 4370,AR,South America,نظامmouth,46,M,Leisure,2022-05-16,2022,5,Silver,Email,True,English,Visa,Deluxe,,Active,2023-04-22,Phone Booking,5,18682.52
C0001000159,Albert,Jones,albert2@gmail.com,+1 563 506 9386,MX,North America,Singhville,52,M,Leisure,2021-07-27,2021,7,Basic,Email,True,English,Visa,Standard,,Active,2022-04-30,Corporate Contract,40,11204.98
C0001000160,Jonathan,Kerr,jonathan9@yahoo.com,+1 701 871 9045,MX,North America,South Suzanne,35,M,Leisure,2019-11-07,2019,11,Gold,SMS,False,English,American Express,Suite,,Active,2022-01-05,OTA Referral,26,12417.29
C0001000161,Joshua,O'Neill,joshua.o'neill@dummycorp.com,+1 699 149 9006,CA,North America,Graychester,49,M,Business,2022-03-21,2022,3,Silver,Email,False,English,Apple Pay,Family,,Active,2022-11-25,Phone Booking,48,10698.77
C0001000162,Justin,Roberts,jroberts@oscorp.com,+1 657 190 6705,SE,Europe,Port Owen,44,M,Business,2023-09-11,2023,9,Non-Member,Email,True,English,Mastercard,Deluxe,,Inactive,,Phone Booking,2,13756.95
C0001000163,Jessica,Brown,jessica_brown@umbrellacorp.com,806-719-9617,US,North America,East Joannafurt,42,F,Business,2020-10-22,2020,10,Silver,Email,True,English,PayPal,Deluxe,,Active,,Corporate Contract,22,21598.75
C0001000164,Hilary,Hodgson,hilary59@gmail.com,+1 347 230 9031,TH,Asia Pacific,West Toby,41,F,Leisure,2019-10-24,2019,10,Basic,Email,True,English,Mastercard,Deluxe,,Active,2019-12-30,Corporate Contract,17,5618.53
C0001000165,Jacob,Howard,jacobh@hotmail.com,511-692-2226,US,North America,Claireshire,33,M,Group,2022-04-30,2022,4,Basic,Email,True,English,PayPal,Standard,,Active,2024-03-11,Website Direct,17,10787.2
C0001000166,Hans-Jochen,Weihmann,hans-jochen.weihmann@initech.com,+49 8139 6762,DE,Europe,Naila,34,M,Business,2022-06-04,2022,6,Gold,Email,False,German,Mastercard,Suite,,Active,2022-10-09,Walk-in,18,8922.41
C0001000167,Lewis,Bailey,lewis_bailey@gmail.com,+44 8990 65324,GB,Europe,Davismouth,40,M,Business,2022-08-19,2022,8,Silver,Email,True,English,Visa,Suite,,Active,2024-05-11,Website Direct,24,5330.99
C0001000168,Éric,Besnard,éric_besnard@initech.com,+33 063 624 529,FR,Europe,Saint Théophile,50,M,Business,2024-11-17,2024,11,Basic,Email,False,French,Visa,Suite,"Wheelchair Accessible, Non-smoking",Active,2025-03-15,Website Direct,45,18421.31
C0001000169,Tom,Robertson,tom.robertson@hotmail.com,+1 653 392 3109,CH,Europe,Mohammedmouth,47,M,Leisure,2022-02-04,2022,2,Silver,Email,False,English,Mastercard,Family,,Active,,Website Direct,13,22144.4
C0001000170,Alison,Tucker,alison.tucker@outlook.com,+1 977 218 8453,CA,North America,North Rachael,45,F,Leisure,2022-03-27,2022,3,Silver,Email,True,English,Mastercard,Standard,,Active,,Website Direct,11,5763.43
C0001000171,Sean,Fox,sean_fox@outlook.com,09497 276 446,GB,Europe,Lake Victoria,44,M,Leisure,2023-11-28,2023,11,Basic,Email,False,English,Mastercard,Executive,,Inactive,2024-06-05,Website Direct,15,13395.68
C0001000172,Marilyn,Warner,marilyn.warner@outlook.com,446-246-3005,US,North America,North Lisamouth,33,F,Leisure,2022-09-07,2022,9,Silver,Email,True,English,Visa,Deluxe,,Inactive,2025-05-09,Website Direct,1,1939.81
C0001000173,Istvan,Liebelt,istvan_liebelt@gmail.com,+49 218 60254,DE,Europe,Feuchtwangen,36,M,Leisure,2019-08-30,2019,8,Basic,SMS,True,German,Visa,Standard,,Active,2022-04-24,Website Direct,6,24286.79
C0001000174,Daniel,Briggs,daniel_briggs@hotmail.com,+1 429 719 5029,CH,Europe,Barnettmouth,45,M,Group,2020-11-27,2020,11,Basic,Email,False,English,Visa,Suite,,Active,2023-04-21,OTA Referral,20,10658.97
C0001000175,Suzanne,Ali,suzanne_ali@oscorp.com,+1 856 745 6541,NL,Europe,Port Martynberg,40,F,Business,2024-07-12,2024,7,Basic,None,True,English,Visa,Standard,,Active,2025-08-04,Phone Booking,32,23840.63
C0001000176,太郎,遠藤,太郎.遠藤@gmail.com,853-692-5941,JP,Asia Pacific,Smithstad,35,M,Leisure,2020-10-15,2020,10,Basic,SMS,True,Japanese,Visa,Family,,Inactive,2023-03-29,Corporate Contract,42,14113.07
C0001000177,Duncan,White,duncanw@gmail.com,+1 134 736 2883,ZA,Africa,Atkinsport,32,M,Leisure,2020-10-23,2020,10,Silver,Both,False,English,Apple Pay,Executive,,Active,,Website Direct,9,7943.89
C0001000178,Eberhard,Wilms,eberhard.wilms@gmail.com,+49 7332 2492,DE,Europe,Kitzingen,52,M,Leisure,2024-06-25,2024,6,Non-Member,Email,True,German,Mastercard,Standard,Allergies,Active,,Corporate Contract,4,9506.31
C0001000179,龙,赵,龙赵@hotmail.com,212 9186 753,CN,Asia Pacific,West Laurenburgh,40,M,Leisure,2024-02-08,2024,2,Basic,Email,False,Chinese,PayPal,Standard,,Active,2026-04-15,Website Direct,10,10388.31
C0001000180,Mohamed,Edwards,mohamede@gmail.com,+1 742 947 8985,SG,Asia Pacific,Katyshire,36,M,Leisure,2022-03-02,2022,3,Gold,Both,True,English,Visa,Deluxe,,Active,,Corporate Contract,9,10132.02
C0001000181,Shirley,Robinson,shirley_robinson@gmail.com,+1 217 838 1305,NL,Europe,Lake Timothy,25,F,Business,2024-09-03,2024,9,Basic,Email,False,English,Visa,Suite,,Active,2027-08-25,Phone Booking,28,4255.77
C0001000182,John,Fletcher,john47@yahoo.com,(023) 571-1647,US,North America,South Gerardview,25,M,Business,2024-05-08,2024,5,Non-Member,SMS,False,English,Visa,Suite,,Active,2027-02-16,Corporate Contract,1,11871.71
C0001000183,静,潘,静潘@gmail.com,+86 328 0554 412,CN,Asia Pacific,Catherineburgh,27,F,Leisure,2024-02-22,2024,2,Silver,Email,True,Chinese,Mastercard,Executive,,Active,2027-02-03,OTA Referral,16,22973.77
C0001000184,Kathryn,Williams,kwilliams@outlook.com,+1 817 277 8474,CH,Europe,Watsonton,27,F,Family,2024-01-01,2024,1,Non-Member,Email,False,English,Apple Pay,Deluxe,,Inactive,2025-01-12,Phone Booking,5,19793.21
C0001000185,Jose Manuel,Jover,jose manuel72@outlook.com,+1 124 674 5312,AR,South America,New عزّ الدّينmouth,42,M,Group,2022-09-16,2022,9,Basic,Both,True,English,Mastercard,Family,,Inactive,,Corporate Contract,7,7101.99
C0001000186,지은,김,지은_김@yahoo.com,+1 434 138 4741,KR,Asia Pacific,Parkerview,39,F,Group,2022-10-18,2022,10,Non-Member,Email,True,Korean,Visa,Family,,Active,2024-09-16,OTA Referral,3,22980.26
C0001000187,Alexander,Clarke,alexanderc@outlook.com,+1 181 769 3551,NL,Europe,Pritchardport,42,M,Group,2022-03-28,2022,3,Silver,Email,False,English,Mastercard,Deluxe,,Active,2024-10-08,Website Direct,18,21698.01
C0001000188,Kirsty,Singh,kirsty_singh@outlook.com,+1 620 178 1960,CH,Europe,Lynnland,44,F,Leisure,2019-02-12,2019,2,Basic,Email,False,English,American Express,Standard,,Active,2020-03-15,Corporate Contract,13,12500.95
C0001000189,Gudula,Zahn,gudula.zahn@gmail.com,+49 9458 2857,DE,Europe,Demmin,44,F,Leisure,2019-09-21,2019,9,Silver,SMS,True,German,Visa,Family,,Active,,Website Direct,32,4692.18
C0001000190,Abdul,Griffiths,abdul.griffiths@gmail.com,+1 247 645 4477,CA,North America,West Mitchellfort,31,M,Business,2021-12-03,2021,12,Basic,Both,True,English,American Express,Suite,,Active,2023-09-10,Phone Booking,23,15039.11
C0001000191,Leanne,Jones,leanne_jones@cyberdyne.com,+1 757 625 7930,MX,North America,New Carolyn,40,F,Business,2019-01-17,2019,1,Platinum,SMS,True,English,Mastercard,Standard,,Active,2021-01-03,Phone Booking,31,11309.67
C0001000192,Bernadette,Bousquet,bernadette_bousquet@gmail.com,0397889140,FR,Europe,Brunet,44,F,Leisure,2020-12-26,2020,12,Basic,Email,True,French,Mastercard,Standard,,Active,2021-07-07,Phone Booking,16,15880.39
C0001000193,Marian,Moore,marianm@example.th,+1 771 389 4771,TH,Asia Pacific,Collinsfurt,32,F,Business,2022-10-03,2022,10,Silver,Email,True,English,Visa,Suite,,Active,2025-07-31,Phone Booking,41,11632.93
C0001000194,Martyn,Giles,noemail@provided.com,+1 273 383 6287,CH,Europe,South Craigshire,50,M,Leisure,2023-09-13,2023,9,Non-Member,Email,True,English,American Express,Suite,,Active,2024-07-04,Walk-in,4,21488.51
C0001000195,Harry,Harrison,harry.harrison@gmail.com,+1 893 417 3754,CA,North America,Port Elizabethmouth,37,M,Business,2021-06-22,2021,6,Platinum,Email,True,English,Visa,Deluxe,,Active,2022-08-24,Walk-in,24,12648.63
C0001000196,花子,山崎,花子山@gmail.com,+81 254-134-783,JP,Asia Pacific,South Declanshire,46,F,Leisure,2024-01-18,2024,1,Basic,Both,True,Japanese,American Express,Deluxe,,Active,2024-06-19,Website Direct,0,1229.53
C0001000197,Hasan,Harloff,hasan38@waynecorp.com,+49 351 65782,DE,Europe,Luckenwalde,43,M,Business,2023-09-20,2023,9,Non-Member,Email,True,German,American Express,Ocean View,"Allergies, Late Check-out",Inactive,2024-11-23,Corporate Contract,4,13883.71
C0001000198,Robert,Rowe,robertr@gmail.com,+1 453 654 5600,SE,Europe,East Yvonne,34,M,Leisure,2022-03-18,2022,3,Non-Member,Email,True,English,American Express,Standard,High Floor,Active,,Walk-in,0,10094.99
C0001000199,Cheryl,Moss,cmoss@hotmail.com,+1 416 259 1959,TH,Asia Pacific,Anthonyfort,49,F,Leisure,2024-01-16,2024,1,Basic,Email,True,English,Mastercard,Suite,,Active,2026-10-22,OTA Referral,30,3607.26
C0001000200,Duncan,Parker,dparker@yahoo.com,+91 605 387 7485,IN,Asia Pacific,Port Amy,40,M,Leisure,2022-05-16,2022,5,Silver,SMS,True,English,Mastercard,Standard,,Active,2023-11-11,Corporate Contract,15,16384.2
C0001000201,Leah,Swift,leah.swift@tyrellcorp.com,+1 484 215 8536,NL,Europe,Iqballand,29,F,Business,2022-12-31,2022,12,Basic,Email,True,English,Mastercard,Executive,,Active,2025-10-09,Website Direct,29,21923.95
C0001000202,Tony,Cook,tcook@gmail.com,+1 376 685 8782,MX,North America,Milesstad,22,M,Group,2021-05-30,2021,5,Silver,Email,True,English,Mastercard,Standard,,Active,,OTA Referral,30,24905.73
C0001000203,治,池田,治_池田@starkindustries.com,+81 481-550-826,JP,Asia Pacific,West Sophie,37,M,Business,2021-11-13,2021,11,Gold,Both,True,Japanese,Visa,Standard,,Active,,OTA Referral,36,1939.42
C0001000204,미정,서,미정_서@gmail.com,+1 379 135 9442,KR,Asia Pacific,Lake Lydia,37,F,Leisure,2024-06-26,2024,6,Basic,SMS,True,Korean,Visa,Executive,,Inactive,,Website Direct,20,4124.64
C0001000205,Dorothy,Jones,djones@oscorp.com,(523) 332-6145,US,North America,South Ericview,51,F,Business,2024-01-02,2024,1,Basic,Email,True,English,PayPal,Suite,,Active,2024-03-22,Website Direct,11,13668.84
C0001000206,Mohamed,Barton,mbarton@yahoo.com,+1 445 652 4727,MX,North America,North Annland,35,M,Group,2023-07-03,2023,7,Silver,Email,False,English,PayPal,Standard,,Active,2024-01-06,OTA Referral,27,849.68
C0001000207,Frederick,Jenkins,frederickj@yahoo.com,+1 526 551 9668,NL,Europe,Claytontown,46,M,Leisure,2020-06-04,2020,6,Non-Member,Email,True,English,Mastercard,Standard,,Active,2021-11-23,Website Direct,0,5479.93
C0001000208,Howard,Yates,howard_yates@waynecorp.com,+91 647 969 4372,IN,Asia Pacific,Jamieborough,42,M,Business,2022-06-02,2022,6,Basic,Email,True,English,Mastercard,Standard,,Active,2024-05-31,Corporate Contract,48,18749.37
C0001000209,Stewart,Begum,stewart.begum@example.mx,+1 864 252 1531,MX,North America,Carlview,48,M,Business,2019-11-05,2019,11,Gold,Email,False,English,American Express,Standard,,Active,2021-05-15,Walk-in,30,13134.76
C0001000210,Malcolm,Thompson,malcolmt@gmail.com,+1 576 817 1965,MX,North America,West Marianstad,48,M,Leisure,2024-10-07,2024,10,Basic,Email,True,English,Mastercard,Deluxe,,Active,2027-02-12,OTA Referral,12,2402.42
C0001000211,Maurice,Martel,maurice_martel@outlook.com,+33 926 883 385,FR,Europe,Devaux-sur-Bazin,32,M,Business,2023-05-28,2023,5,Silver,Email,False,French,PayPal,Deluxe,,Inactive,,Walk-in,43,7838.12
C0001000212,Alan,Farrell,alan34@yahoo.com,+1 621 128 8333,NL,Europe,North Charlie,34,M,Leisure,2024-06-25,2024,6,Non-Member,Email,True,English,Mastercard,Standard,,Active,,Website Direct,3,12006.52
C0001000213,Debra,Robinson,debra.robinson@dummycorp.com,+1 130 378 9165,NL,Europe,Joannefort,61,F,Business,2022-10-24,2022,10,Platinum,Both,True,English,Visa,Deluxe,,Active,2025-04-20,Corporate Contract,22,405.38
C0001000214,José,Cassiano,josé_cassiano@hotmail.com,+55 120 3229-100,BR,South America,Phillipsborough,33,M,Leisure,2022-02-03,2022,2,Basic,SMS,False,Portuguese,Mastercard,Standard,,Active,,Website Direct,19,16433.57
C0001000215,Babett,Albers,balbers@hotmail.com,+49 312 49204,DE,Europe,Saarbrücken,32,F,Business,2024-06-19,2024,6,Basic,SMS,False,German,Visa,Family,,Active,2024-08-31,OTA Referral,17,4382.71
C0001000216,淑英,王,guest@email.com,125 1810 689,CN,Asia Pacific,North Patrick,29,F,Leisure,2019-04-23,2019,4,Silver,Email,True,Chinese,Visa,Deluxe,,Active,2020-01-13,Walk-in,4,4532.69
C0001000217,Sylvie,Verdier,sverdier@gmail.com,+33 892 130 793,FR,Europe,Sainte Philippe,25,F,Family,2022-11-22,2022,11,Silver,Email,False,French,Apple Pay,Deluxe,,Active,2024-06-16,Walk-in,37,8284.84
C0001000218,Katie,Parker,katie86@tyrellcorp.com,+1 506 910 4956,SE,Europe,Campbellmouth,30,F,Business,2022-05-16,2022,5,Non-Member,Email,False,English,Mastercard,Standard,Allergies,Active,2023-10-28,Walk-in,3,279.2
C0001000219,Ortrun,Freudenberger,ortrun.freudenberger@globex.com,+49 863 22553,DE,Europe,Mühldorf am Inn,39,F,Business,2023-09-03,2023,9,Basic,SMS,False,German,American Express,Standard,"Early Check-in, High Floor",Active,2024-07-26,Walk-in,47,19568.52
C0001000220,Gordon,Murphy,gordonm@dummycorp.com,+1 202 666 6630,TH,Asia Pacific,Bryanfurt,31,M,Business,2020-01-28,2020,1,Basic,Email,True,English,Google Pay,Ocean View,,Active,,Phone Booking,0,20960.41
C0001000221,帅,王,noemail@provided.com,+86 989 9180 206,CN,Asia Pacific,Lake Bryanborough,41,M,Group,2022-11-05,2022,11,Silver,Both,True,Chinese,Mastercard,Standard,,Active,2025-05-04,Website Direct,25,9510.94
C0001000222,Shirley,Perry,shirley.perry@yahoo.com,+91 316 787 9424,IN,Asia Pacific,Francisburgh,47,F,Leisure,2022-07-29,2022,7,Non-Member,Email,False,English,PayPal,Suite,,Inactive,,Walk-in,2,18602.28
C0001000223,Laura,Gordon,laurag@outlook.com,+1 740 382 9020,SE,Europe,Samanthaberg,42,F,Leisure,2020-10-11,2020,10,Basic,Email,True,English,Mastercard,Executive,,Active,2022-05-11,Corporate Contract,15,12001.95
C0001000224,Roger,Maréchal,roger_maréchal@umbrellacorp.com,+33 461 780 250,FR,Europe,Saint Deniseboeuf,42,M,Business,2021-08-30,2021,8,Platinum,Both,True,French,Mastercard,Suite,,Active,2023-12-23,Phone Booking,8,5137.83
C0001000225,Stuart,Reynolds,stuart_reynolds@outlook.com,+1 768 825 6076,MX,North America,South Bradleyland,53,M,Leisure,2023-01-03,2023,1,Silver,Email,True,English,Mastercard,Suite,,Active,2024-10-26,OTA Referral,47,13690.25
C0001000226,Jane,Shah,jane3@outlook.com,000-000-0000,GB,Europe,Geraldport,31,F,Leisure,2022-02-02,2022,2,Platinum,Email,True,English,Visa,Standard,,Active,,Corporate Contract,16,5784.51
C0001000227,Gottlieb,Wesack,gottlieb16@globex.com,+49 090 51620,DE,Europe,Apolda,38,M,Business,2024-06-29,2024,6,Silver,Email,True,German,Mastercard,Suite,,Active,,Website Direct,30,24328.59
C0001000228,Alice,Scott,alice65@umbrellacorp.com,+61 859 609 012,AU,Asia Pacific,Turnerburgh,39,F,Business,2021-08-21,2021,8,Basic,Email,False,English,PayPal,Standard,,Inactive,2022-06-21,Walk-in,21,10769.32
C0001000229,Danny,Atkins,danny.atkins@gmail.com,+91 480 428 1844,IN,Asia Pacific,Cookville,51,M,Leisure,2021-08-21,2021,8,Gold,Email,True,English,PayPal,Deluxe,,Active,2024-01-16,Phone Booking,13,6820.97
C0001000230,Lee,Cole,lee_cole@gmail.com,+1 822 683 6444,SG,Asia Pacific,Port Andrea,41,M,Leisure,2019-07-27,2019,7,Non-Member,Email,False,English,Mastercard,Standard,,Active,2020-11-16,Website Direct,2,7771.92
C0001000231,ساجي,الحجار,سالحجار@gmail.com,+1 136 720 4477,SA,Middle East,Prestonton,23,M,Leisure,2019-12-25,2019,12,Basic,Both,True,Arabic,Visa,Standard,,Active,2020-03-08,OTA Referral,25,23817.67
C0001000232,Jenna,Holden,noemail@provided.com,+61 379 108 594,AU,Asia Pacific,Port Adamfurt,33,F,Business,2020-08-17,2020,8,Non-Member,Email,False,English,American Express,Family,"Early Check-in, Late Check-out",Active,2022-12-20,OTA Referral,1,18524.6
C0001000233,영자,성,영자성@dummycorp.com,+1 530 445 1570,KR,Asia Pacific,Howardport,33,F,Business,2022-09-09,2022,9,Non-Member,Email,True,Korean,Visa,Executive,,Inactive,2024-01-12,Corporate Contract,4,18631.78
C0001000234,Pier,Tosi,pier37@icloud.com,000-000-0000,IT,Europe,Paitone,26,M,Group,2020-02-07,2020,2,Non-Member,Email,False,Italian,Visa,Ocean View,,Active,2022-01-01,Corporate Contract,2,2124.45
C0001000235,Patricia,Kaur,patricia.kaur@gmail.com,+1 643 363 6174,CA,North America,Robinmouth,54,F,Leisure,2020-04-21,2020,4,Non-Member,Email,True,English,Apple Pay,Suite,,Active,2020-09-03,Phone Booking,3,21406.07
C0001000236,Heike,Klapp,heike_klapp@gmail.com,+49 2686 2213,DE,Europe,Calau,48,F,Leisure,2019-03-10,2019,3,Gold,SMS,True,German,American Express,Deluxe,Wheelchair Accessible,Active,2019-09-17,Phone Booking,21,1438.04
C0001000237,Daniel,Davies,danield@hotmail.com,+1 761 851 6924,CO,South America,West Glenburgh,40,M,Family,2022-01-13,2022,1,Gold,SMS,True,English,Mastercard,Deluxe,,Active,2022-08-12,Website Direct,48,16750.71
C0001000238,Lauren,Mitchell,laurenm@outlook.com,+1 109 493 5222,CA,North America,Joannaland,38,F,Business,2019-01-18,2019,1,Non-Member,Email,False,English,Mastercard,Executive,"Non-smoking, Early Check-in",Active,2022-01-06,Phone Booking,2,9252.28
C0001000239,Amy,Hall,amy23@gmail.com,+1 962 863 9422,CA,North America,South Stephenberg,44,F,Leisure,2022-06-07,2022,6,Non-Member,Email,True,English,American Express,Suite,,Active,2023-03-29,Phone Booking,1,16915.83
C0001000240,Kieran,Davies,kieran66@tyrellcorp.com,+91 803 944 4391,IN,Asia Pacific,Denisborough,33,M,Business,2022-02-16,2022,2,Silver,Email,True,English,Visa,Suite,,Active,2023-04-30,Walk-in,11,14086.95
C0001000241,Norman,Storey,normans@gmail.com,+1 214 775 7382,SG,Asia Pacific,Williamschester,49,M,Group,2023-06-04,2023,6,Basic,Email,False,English,Mastercard,Executive,,Active,2025-11-04,Phone Booking,5,24290.02
C0001000242,Adrian,Hughes,adrian_hughes@outlook.com,+1 918 204 3266,ZA,Africa,South Beth,41,M,Leisure,2024-03-19,2024,3,Platinum,SMS,False,English,Visa,Standard,,Active,2026-12-13,Corporate Contract,26,24665.78
C0001000243,Martin,Haynes,martin8@outlook.com,+1 883 790 1174,CA,North America,Lewisshire,38,M,Leisure,2019-12-31,2019,12,Basic,Email,False,English,Visa,Standard,,Active,2020-01-02,Walk-in,13,999.92
C0001000244,Clare,Blake,clare_blake@gmail.com,871-609-6582,US,North America,Lucymouth,45,F,Leisure,2020-03-19,2020,3,Non-Member,Email,True,English,PayPal,Executive,"High Floor, Early Check-in",Inactive,2022-11-20,Website Direct,0,20970.29
C0001000245,Sheila,Newton,sheila.newton@gmail.com,963-267-0685,US,North America,West Denisland,50,F,Group,2022-12-20,2022,12,Basic,Email,True,English,Visa,Standard,,Active,,Phone Booking,11,11010.22
C0001000246,Callum,Davies,callumd@starkindustries.com,765-542-1682,US,North America,Port Carl,36,M,Business,2021-10-22,2021,10,Basic,Email,False,English,PayPal,Ocean View,,Active,2024-04-30,Walk-in,6,1916.81
C0001000247,林,张,林_张@gmail.com,473 6518 431,CN,Asia Pacific,Amybury,30,M,Leisure,2019-07-08,2019,7,Silver,Email,True,Chinese,American Express,Standard,,Active,,Walk-in,13,12869.38
C0001000248,Charlotte,Holmes,cholmes@gmail.com,+1 137 118 5192,MX,North America,Warrenchester,50,F,Leisure,2020-02-25,2020,2,Silver,Email,False,English,Mastercard,Deluxe,,Active,2021-04-10,Phone Booking,34,13849.29
C0001000249,Chloe,Cameron,chloec@gmail.com,+1 131 965 8969,CL,South America,Sharonborough,43,F,Group,2019-06-20,2019,6,Non-Member,Email,True,English,Visa,Suite,"Late Check-out, Allergies",Active,,Phone Booking,5,19057.22
C0001000250,순자,심,순자.심@gmail.com,+1 592 875 2930,KR,Asia Pacific,Nelsonmouth,31,F,Family,2021-07-14,2021,7,Silver,Email,False,Korean,Visa,Deluxe,,Active,,Walk-in,37,24683.53
C0001000251,Joanna,Scheuermann,joanna.scheuermann@gmail.com,+49 5350 5963,DE,Europe,Borna,55,F,Family,2024-04-06,2024,4,Non-Member,SMS,False,German,American Express,Family,,Active,,Website Direct,1,555.7
C0001000252,Carol,Watson,carol.watson@gmail.com,+1 949 121 7608,ZA,Africa,Lisaland,46,F,Leisure,2020-09-16,2020,9,Basic,Email,False,English,Visa,Deluxe,Early Check-in,Active,2023-08-08,OTA Referral,28,17689.92
C0001000253,Benjamin,Reid,breid@outlook.com,+1 864 147 7485,SG,Asia Pacific,Lake Jamieberg,51,M,Leisure,2024-06-16,2024,6,Silver,Email,False,English,American Express,Deluxe,High Floor,Active,2024-11-12,OTA Referral,50,13567.59
C0001000254,Howard,Jones,test@test.com,,IN,Asia Pacific,Antonyville,34,M,Leisure,2024-01-24,2024,1,Non-Member,Email,False,English,Visa,Standard,,Active,2025-07-12,Corporate Contract,1,6235.45
C0001000255,Joseph,Glover,guest@email.com,(254) 068-7760,US,North America,East Catherine,44,M,Leisure,2024-06-20,2024,6,Basic,Email,False,English,Mastercard,Deluxe,Early Check-in,Active,2026-09-14,Phone Booking,41,22140.62
C0001000256,Robert,Taylor,robert.taylor@gmail.com,+1 851 953 6831,TH,Asia Pacific,West Jordan,33,M,Leisure,2024-02-24,2024,2,Basic,Email,True,English,American Express,Deluxe,,Active,,OTA Referral,34,23017.19
C0001000257,Frida,Jungfer,test@test.com,+49 1324 3532,DE,Europe,Forst,36,F,Leisure,2023-01-04,2023,1,Silver,Email,False,German,American Express,Suite,,Active,2025-01-14,Walk-in,1,7790.8
C0001000258,Bernward,Vollbrecht,bernwardv@hotmail.com,+49 754 13403,DE,Europe,Aschaffenburg,45,M,Leisure,2023-08-30,2023,8,Non-Member,Email,True,German,Visa,Standard,,Active,,Website Direct,0,10287.34
C0001000259,Nigel,Greenwood,nigel_greenwood@outlook.com,+1 757 634 8058,TH,Asia Pacific,Josephborough,42,M,Business,2022-10-17,2022,10,Basic,SMS,True,English,Visa,Suite,,Inactive,,Website Direct,48,11997.56
C0001000260,Deborah,Ellis,dellis@starkindustries.com,998-150-5986,US,North America,Stephaniefurt,38,F,Business,2023-06-16,2023,6,Basic,SMS,True,English,Google Pay,Standard,,Active,,Phone Booking,42,19827.71
C0001000261,Heather,Walters,heatherw@yahoo.com,(891) 011-0796,US,North America,North Jamesburgh,46,F,Leisure,2021-08-01,2021,8,Basic,None,False,English,Visa,Standard,,Inactive,2024-01-13,Corporate Contract,27,9576.76
C0001000262,Carol,Payne,carol37@initech.com,+1 527 205 5829,MX,North America,New Zoe,39,F,Business,2019-11-06,2019,11,Silver,SMS,True,English,Visa,Executive,,Active,2022-08-23,Walk-in,7,1060.64
C0001000263,Leonard,Webb,noemail@provided.com,509-097-7323,US,North America,West Howard,52,M,Leisure,2021-08-04,2021,8,Gold,Email,False,English,Visa,Standard,,Active,,OTA Referral,15,3936.45
C0001000264,Gerard,Swift,gswift@gmail.com,+1 987 909 4217,MX,North America,South Elliott,43,M,Leisure,2024-11-08,2024,11,Basic,Email,False,English,Mastercard,Standard,,Active,2025-09-21,Website Direct,2,21285.49
C0001000265,Danielle,Day,danielle_day@waynecorp.com,+1 390 148 3272,MX,North America,Williamsstad,35,F,Business,2024-04-08,2024,4,Basic,Email,False,English,Visa,Executive,,Active,2024-11-29,Phone Booking,2,9561.83
C0001000266,Natalia,Guillén,nataliag@yahoo.com,+1 163 884 9749,ES,Europe,Burgos,31,F,Leisure,2024-01-20,2024,1,Non-Member,Email,True,Spanish,Mastercard,Standard,,Active,2024-11-18,OTA Referral,3,3851.38
C0001000267,Rachel,Jones,rachelj@gmail.com,0136 248 299,AU,Asia Pacific,Georgialand,38,F,Leisure,2020-05-14,2020,5,Non-Member,Email,True,English,American Express,Deluxe,,Active,,Website Direct,5,4793.31
C0001000268,Valerie,Webster,valerie91@gmail.com,+91 630 131 5418,IN,Asia Pacific,Elizabethstad,38,F,Leisure,2019-04-01,2019,4,Gold,Email,True,English,Visa,Standard,,Active,,Corporate Contract,26,24764.85
C0001000269,Alison,Hall,noemail@provided.com,500-266-8996,US,North America,Lake Iain,36,F,Business,2019-08-11,2019,8,Non-Member,SMS,True,English,Visa,Deluxe,,Active,,Corporate Contract,1,20620.36
C0001000270,Megan,Murphy,megan89@hotmail.com,(272) 066-7701,US,North America,East Stacey,41,F,Leisure,2020-05-09,2020,5,Non-Member,Email,True,English,Mastercard,Deluxe,,Active,2021-02-24,Phone Booking,0,19690.43
C0001000271,Jessica,Thomson,jessica.thomson@waynecorp.com,+1 628 453 8692,SG,Asia Pacific,New Philipberg,51,F,Business,2024-02-20,2024,2,Basic,Email,False,English,Mastercard,Deluxe,,Active,2025-03-24,Corporate Contract,17,4961.73
C0001000272,Andrea,Meléndez,andrea_meléndez@globex.com,+1 878 889 2704,ES,Europe,Lleida,34,F,Business,2022-03-03,2022,3,Non-Member,Email,True,Spanish,Apple Pay,Ocean View,,Inactive,2023-01-08,Corporate Contract,1,176.16
C0001000273,Charles,Page,charles.page@outlook.com,+1 199 536 1692,CA,North America,Daveyport,42,M,Leisure,2019-04-16,2019,4,Basic,Email,False,English,Mastercard,Deluxe,,Active,,Corporate Contract,25,3969.54
C0001000274,Adrian,Clark,adrian.clark@outlook.com,+1 744 265 3920,MX,North America,North June,57,M,Leisure,2020-02-06,2020,2,Silver,Email,True,English,Mastercard,Standard,Late Check-out,Active,2020-02-09,Phone Booking,19,16518.14
C0001000275,Robert,Allen,robert17@example.gb,+44 6233 79676,GB,Europe,Kevinland,40,M,Business,2021-06-21,2021,6,Basic,Email,False,English,Visa,Deluxe,,Active,2022-04-24,Walk-in,15,17971.0
C0001000276,Rita,Hughes,rita_hughes@gmail.com,+1 122 517 2011,CA,North America,West Sharonmouth,40,F,Leisure,2020-05-09,2020,5,Gold,Email,True,English,Mastercard,Deluxe,Allergies,Active,2022-06-06,Corporate Contract,24,11828.51
C0001000277,Amy,Harrison,aharrison@acme.com,0658 283 015,AU,Asia Pacific,Bennetttown,45,F,Business,2021-09-20,2021,9,Gold,Email,True,English,Mastercard,Suite,,Active,,Walk-in,42,17901.99
C0001000278,Elizabeth,Berry,elizabeth_berry@oscorp.com,+1 215 909 5341,SG,Asia Pacific,Longberg,50,F,Business,2023-08-22,2023,8,Basic,Email,False,English,Visa,Suite,,Inactive,2026-08-16,Corporate Contract,42,5047.39
C0001000279,陽一,佐藤,陽佐藤@hotmail.com,923-685-7714,JP,Asia Pacific,South Terence,47,M,Leisure,2022-10-05,2022,10,Gold,Email,True,Japanese,Visa,Ocean View,,Active,2023-01-24,Corporate Contract,15,21865.83
C0001000280,Albert,Gardner,albertg@gmail.com,848-413-2323,US,North America,Lake Tina,55,M,Group,2020-02-17,2020,2,Non-Member,Email,False,English,Visa,Standard,,Inactive,,Corporate Contract,2,7213.39
C0001000281,Denise,Davey,denised@outlook.com,+1 704 194 8550,CH,Europe,Greenbury,27,F,Business,2021-12-14,2021,12,Non-Member,Email,False,English,PayPal,Suite,,Active,2024-11-25,Phone Booking,5,20559.33
C0001000282,Jason,Goddard,jason_goddard@outlook.com,202-143-1196,US,North America,Burkeburgh,35,M,Family,2019-09-27,2019,9,Gold,Both,True,English,American Express,Standard,,Active,,Corporate Contract,12,11728.57
C0001000283,Bianca,Borgia,bborgia@yahoo.com,+1 578 768 2720,IT,Europe,Madonna Di Buonviaggio,48,F,Leisure,2024-10-19,2024,10,Silver,Email,True,Italian,Visa,Standard,,Active,,Corporate Contract,0,11690.83
C0001000284,Paula,Phillips,paulap@gmail.com,07404 414 612,GB,Europe,Cameronbury,44,F,Leisure,2022-06-24,2022,6,Gold,Both,False,English,Apple Pay,Standard,,Active,2025-04-29,OTA Referral,25,20420.2
C0001000285,Salih,Caspar,salih61@gmail.com,+49 1083 2673,DE,Europe,Königs Wusterhausen,53,M,Leisure,2020-11-15,2020,11,Non-Member,Email,False,German,Visa,Standard,,Active,2021-06-02,Website Direct,2,18856.2
C0001000286,Alex,Goddard,alexg@yahoo.com,0846 743 143,AU,Asia Pacific,West Sylvia,36,M,Family,2022-09-15,2022,9,Gold,Email,True,English,Visa,Deluxe,,Active,2025-01-30,Walk-in,44,21715.85
C0001000287,涼平,鈴木,涼平_鈴木@gmail.com,+81 072-134-753,JP,Asia Pacific,South Sean,42,M,Family,2022-12-14,2022,12,Silver,Email,False,Japanese,Mastercard,Standard,Non-smoking,Active,2025-08-30,Corporate Contract,34,11874.1
C0001000288,Garry,Wilson,garry_wilson@gmail.com,+1 391 519 4940,MX,North America,Dyerport,49,M,Group,2024-08-07,2024,8,Basic,Email,True,English,Visa,Deluxe,,Active,2025-07-16,Phone Booking,8,15879.95
C0001000289,Véronique,Poirier,vpoirier@hotmail.com,+33 913 688 883,FR,Europe,Lucas,33,F,Leisure,2019-08-24,2019,8,Non-Member,SMS,True,French,Visa,Deluxe,,Active,,Phone Booking,4,12814.71
C0001000290,Lorraine,Hawkins,lorraine.hawkins@gmail.com,+1 795 620 6539,MX,North America,Carolinefort,30,F,Business,2022-09-30,2022,9,Non-Member,Email,True,English,Mastercard,Executive,,Active,2024-03-19,OTA Referral,3,15203.83
C0001000291,Adrian,Davey,adavey@gmail.com,+1 180 465 6069,CA,North America,West Dennisborough,40,M,Group,2024-04-01,2024,4,Basic,Email,True,English,Mastercard,Executive,,Active,2025-05-21,Website Direct,45,12179.98
C0001000292,Eutimio,Mayol,eutimio.mayol@yahoo.com,+1 972 766 3894,ES,Europe,Las Palmas,41,M,Family,2020-05-18,2020,5,Silver,Email,False,Spanish,Visa,Deluxe,,Active,,Walk-in,46,16882.21
C0001000293,Craig,Connor,craig83@outlook.com,+1 318 794 4249,CA,North America,Daviesbury,39,M,Business,2019-08-20,2019,8,Gold,SMS,False,English,Mastercard,Family,Allergies,Active,2020-03-05,OTA Referral,39,14155.22
C0001000294,Joyce,Woodward,joyce83@dummycorp.com,(996) 584-5256,US,North America,Lake Heatherview,35,F,Business,2024-06-17,2024,6,Silver,Email,True,English,American Express,Deluxe,,Active,2027-06-13,Walk-in,42,24570.42
C0001000295,Samantha,Griffiths,samantha.griffiths@oscorp.com,921-278-0001,US,North America,East Frankton,41,F,Business,2022-04-26,2022,4,Platinum,Email,True,English,Visa,Deluxe,,Active,2022-05-21,Corporate Contract,6,16190.3
C0001000296,Chloe,Khan,chloe9@gmail.com,+1 349 940 6751,CA,North America,Shaunshire,42,F,Leisure,2020-06-26,2020,6,Non-Member,SMS,False,English,Apple Pay,Executive,,Active,2022-06-25,Walk-in,1,22403.58
C0001000297,Declan,Donnelly,decland@gmail.com,+1 799 452 3104,CA,North America,Williamstad,45,M,Leisure,2021-02-01,2021,2,Silver,Email,False,English,Visa,Standard,,Active,2023-05-15,Corporate Contract,4,5031.11
C0001000298,Benjamin,Miller,bmiller@hotmail.com,(751) 503-9041,US,North America,North Guyborough,45,M,Family,2024-07-01,2024,7,Non-Member,Email,True,English,Google Pay,Family,,Active,2025-11-06,Walk-in,4,8615.5
C0001000299,Wayne,Harrison,wayne_harrison@yahoo.com,+1 948 166 2319,EG,Africa,Thompsonmouth,37,M,Group,2024-01-18,2024,1,Basic,Email,False,English,Visa,Executive,,Active,,Corporate Contract,12,3729.5
C0001000300,Hollie,Martin,hollie.martin@gmail.com,+1 454 797 8036,MX,North America,South Barbarastad,39,F,Business,2020-07-01,2020,7,Silver,SMS,False,English,PayPal,Deluxe,,Active,,OTA Referral,49,929.49
C0001000301,Joyce,Mahmood,joyce77@hotmail.com,+1 902 807 3067,QA,Middle East,North Jemma,53,F,Leisure,2023-06-19,2023,6,Silver,Email,True,English,American Express,Standard,,Active,2025-10-11,Website Direct,45,21350.12
C0001000302,Alan,Elliott,alan.elliott@dummycorp.com,+1 166 301 9866,NL,Europe,West Josh,34,M,Business,2020-09-22,2020,9,Non-Member,SMS,True,English,Mastercard,Suite,,Inactive,,Website Direct,0,24425.98
C0001000303,영일,홍,영홍@hotmail.com,+1 211 686 9127,KR,Asia Pacific,Lake Terry,31,M,Leisure,2023-08-25,2023,8,Non-Member,SMS,False,Korean,Apple Pay,Suite,,Active,,Phone Booking,1,10964.35
C0001000304,Ryan,Harper,ryanh@globex.com,0392 802 980,AU,Asia Pacific,West Mariontown,25,M,Business,2021-03-23,2021,3,Silver,Both,False,English,Apple Pay,Standard,Non-smoking,Active,2021-07-06,OTA Referral,21,3989.97
C0001000305,Dylan,Burns,dylanb@umbrellacorp.com,+1 529 447 8071,MX,North America,New Gregorystad,36,M,Business,2021-12-24,2021,12,Non-Member,Email,True,English,Google Pay,Deluxe,,Active,,Corporate Contract,3,12963.06
C0001000306,George,Williams,georgew@gmail.com,+1 439 510 5618,MX,North America,East Craigberg,40,M,Leisure,2020-12-31,2020,12,Non-Member,SMS,True,English,American Express,Standard,Wheelchair Accessible,Active,,Website Direct,3,17544.36
C0001000307,لورا,آل خضير,لآل خضير@gmail.com,+971 910 105 2286,AE,Middle East,Adamsmouth,52,F,Leisure,2020-08-26,2020,8,Silver,SMS,True,Arabic,Mastercard,Ocean View,,Active,2020-10-17,Walk-in,22,3854.94
C0001000308,Susana,Flor,susana54@outlook.com,+1 585 732 7234,ES,Europe,Ceuta,44,F,Family,2019-12-29,2019,12,Non-Member,Email,True,Spanish,Mastercard,Standard,,Active,,Website Direct,1,15403.24
C0001000309,Paige,Tomlinson,paige_tomlinson@oscorp.com,+1 806 390 7262,KW,Middle East,East Arthur,41,F,Business,2019-07-03,2019,7,Basic,Email,True,English,American Express,Suite,,Inactive,2019-11-30,OTA Referral,11,19736.89
C0001000310,Philip,Lees,plees@outlook.com,188-107-2761,US,North America,Mooreside,40,M,Leisure,2022-03-23,2022,3,Basic,SMS,True,English,Visa,Deluxe,,Active,,Walk-in,11,4125.31
C0001000311,Elaine,Tucker,elaine4@umbrellacorp.com,+1 773 600 4703,SG,Asia Pacific,North Sarahborough,38,F,Business,2019-03-19,2019,3,Basic,SMS,True,English,Mastercard,Executive,"Early Check-in, Non-smoking",Inactive,2021-11-25,Walk-in,8,15952.51
C0001000312,Hartwig,Trubin,htrubin@gmail.com,+49 740 56623,DE,Europe,Leipziger Land,46,M,Leisure,2023-12-27,2023,12,Non-Member,SMS,True,German,Mastercard,Deluxe,,Inactive,,Phone Booking,3,4235.71
C0001000313,Lucy,Dias,lucy.dias@gmail.com,+33 550 431 259,FR,Europe,Bègue-les-Bains,41,F,Business,2019-06-11,2019,6,Basic,Email,True,French,American Express,Deluxe,,Active,,Walk-in,37,15222.77
C0001000314,Geneviève,Texier,guest@email.com,+33 904 169 698,FR,Europe,Camus,39,F,Family,2019-10-04,2019,10,Non-Member,Both,True,French,Mastercard,Suite,High Floor,Active,2021-12-09,Walk-in,3,18390.15
C0001000315,婷,冯,婷冯@gmail.com,+86 615 2247 957,CN,Asia Pacific,North Alexandra,42,F,Family,2019-02-01,2019,2,Platinum,Email,True,Chinese,Google Pay,Ocean View,,Active,,Walk-in,15,19765.63
C0001000316,Terry,Wong,terry_wong@icloud.com,+1 830 582 9178,MX,North America,Abbottshire,55,M,Leisure,2022-11-01,2022,11,Basic,Email,False,English,Google Pay,Standard,,Active,2022-12-18,Phone Booking,19,5439.89
C0001000317,June,Cook,june.cook@icloud.com,557-469-8313,US,North America,East Adrian,33,F,Leisure,2019-07-11,2019,7,Silver,Email,False,English,Mastercard,Deluxe,,Active,2020-01-09,Walk-in,28,3941.87
C0001000318,Ramona,Barsanti,ramona_barsanti@gmail.com,+1 788 108 1974,IT,Europe,Camo,41,F,Group,2022-02-25,2022,2,Basic,Email,True,Italian,Visa,Standard,,Active,2024-10-11,Walk-in,15,11247.43
C0001000319,Stewart,Howells,showells@gmail.com,+1 385 860 8219,MX,North America,East Tonyfort,41,M,Leisure,2023-02-28,2023,2,Gold,SMS,True,English,Mastercard,Standard,,Active,,Walk-in,17,12125.19
C0001000320,Victor,Howe,victorh@outlook.com,+1 521 651 1315,MX,North America,Lake Julia,41,M,Family,2021-03-26,2021,3,Gold,Both,False,English,Visa,Family,,Inactive,,Website Direct,17,24359.85
C0001000321,Hugues,Rousseau,hrousseau@umbrellacorp.com,0408404458,FR,Europe,Chevalier,37,M,Business,2019-04-29,2019,4,Silver,SMS,False,French,Visa,Family,,Active,2021-03-19,Website Direct,12,20576.7
C0001000322,Jennifer,Harding,jennifer62@gmail.com,+1 479 233 6774,CA,North America,Brownfurt,39,F,Family,2024-04-11,2024,4,Gold,SMS,True,English,American Express,Standard,,Active,2025-06-09,Corporate Contract,1,19788.5
C0001000323,Ashley,Thomas,athomas@gmail.com,+1 914 548 8160,CL,South America,Port Shirley,43,M,Leisure,2020-06-21,2020,6,Platinum,SMS,False,English,PayPal,Suite,,Active,2021-03-03,Corporate Contract,7,24436.49
C0001000324,ريف,الجابر,ريف.الجابر@gmail.com,+1 626 170 6539,SA,Middle East,Halltown,45,F,Leisure,2022-12-08,2022,12,Silver,Email,True,Arabic,Apple Pay,Executive,,Active,2024-04-15,OTA Referral,9,768.41
C0001000325,Henry,Sheppard,henry_sheppard@gmail.com,+91 748 996 2018,IN,Asia Pacific,Wilkinsonshire,44,M,Leisure,2023-12-13,2023,12,Basic,Email,False,English,Visa,Standard,,Active,2025-07-21,OTA Referral,35,24566.07
C0001000326,Ashleigh,Foster,ashleigh.foster@icloud.com,537-128-0251,US,North America,Pricechester,31,F,Family,2023-10-04,2023,10,Basic,Email,False,English,Mastercard,Executive,"Late Check-out, Non-smoking",Active,2024-09-04,Corporate Contract,50,22127.16
C0001000327,정훈,강,정훈10@icloud.com,+1 247 915 7645,KR,Asia Pacific,West Leighside,30,M,Business,2019-04-23,2019,4,Silver,Email,False,Korean,Visa,Executive,,Active,,Phone Booking,0,11286.31
C0001000328,Philip,Palmer,philip.palmer@outlook.com,+44 6555 98053,GB,Europe,Boothmouth,50,M,Leisure,2020-11-12,2020,11,Non-Member,SMS,True,English,Visa,Suite,Non-smoking,Inactive,,Website Direct,3,11664.49
C0001000329,Marion,Knight,marionk@initech.com,+1 319 431 7105,SG,Asia Pacific,North Elaineview,41,F,Business,2019-05-30,2019,5,Non-Member,Email,True,English,American Express,Executive,,Active,,OTA Referral,2,24374.33
C0001000330,Nicola,Forster,nicolaf@gmail.com,+1 371 872 5077,ZA,Africa,North Natashaton,35,F,Family,2023-03-15,2023,3,Basic,Email,False,English,American Express,Standard,,Active,2025-01-15,Website Direct,33,20453.41
C0001000331,Owen,Walker,owen.walker@gmail.com,(156) 267-7790,US,North America,Singhstad,43,M,Leisure,2020-04-27,2020,4,Basic,SMS,True,English,Visa,Deluxe,,Active,,Website Direct,28,5164.68
C0001000332,Dale,Jackson,djackson@gmail.com,+1 579 390 5301,SE,Europe,East Barbara,41,M,Business,2020-11-14,2020,11,Non-Member,Email,False,English,Visa,Suite,,Active,2020-12-15,Corporate Contract,2,9296.18
C0001000333,Pepe,Bernad,pepe_bernad@gmail.com,+1 164 133 6560,ES,Europe,La Coruña,43,M,Family,2020-09-09,2020,9,Basic,Email,True,Spanish,Visa,Family,,Active,2023-03-11,Phone Booking,40,17542.14
C0001000334,岩,刘,岩.刘@gmail.com,942 5465 517,CN,Asia Pacific,Geraldside,41,M,Leisure,2024-11-05,2024,11,Silver,Email,False,Chinese,Apple Pay,Standard,,Active,2026-07-14,Phone Booking,29,3686.16
C0001000335,Graeme,Crawford,graemec@cyberdyne.com,+1 820 444 5878,SE,Europe,Jacquelinefurt,38,M,Business,2022-08-25,2022,8,Gold,Email,True,English,Visa,Executive,,Active,,Walk-in,28,15930.54
C0001000336,Toby,Brookes,toby_brookes@gmail.com,+1 594 944 8576,TH,Asia Pacific,Ameliamouth,35,M,Leisure,2024-03-11,2024,3,Silver,SMS,True,English,Google Pay,Deluxe,,Active,2025-06-22,Corporate Contract,16,19108.46
C0001000337,Kenneth,McDonald,kmcdonald@yahoo.com,+1 829 225 8033,MX,North America,Kimberleyburgh,47,M,Family,2021-06-02,2021,6,Non-Member,Email,True,English,Google Pay,Ocean View,,Active,2024-01-26,Phone Booking,0,934.85
C0001000338,Giuseppe,Röhricht,giuseppe.röhricht@yahoo.com,+49 2153 6909,DE,Europe,Sigmaringen,36,M,Family,2019-03-04,2019,3,Silver,Email,False,German,Mastercard,Standard,,Active,2019-04-23,Website Direct,27,8718.76
C0001000339,Carol,Evans,carol_evans@waynecorp.com,+1 390 512 8160,CH,Europe,Elliottfurt,42,F,Business,2021-10-07,2021,10,Platinum,Email,False,English,Apple Pay,Suite,,Active,,Corporate Contract,20,17859.31
C0001000340,Harry,Barnett,harryb@gmail.com,0097 215 443,AU,Asia Pacific,New Dennis,53,M,Leisure,2024-12-27,2024,12,Non-Member,Email,False,English,Visa,Suite,,Active,,Corporate Contract,3,13231.21
C0001000341,June,Elliott,june.elliott@gmail.com,+61 219 883 706,AU,Asia Pacific,Elliottbury,36,F,Family,2019-01-29,2019,1,Basic,SMS,False,English,Google Pay,Family,,Active,,Walk-in,7,379.04
C0001000342,Jayne,Lynch,jlynch@gmail.com,+1 710 124 9471,TH,Asia Pacific,North Melaniefurt,48,F,Leisure,2019-02-22,2019,2,Non-Member,Email,True,English,Visa,Suite,,Active,2019-05-08,Phone Booking,4,15231.22
C0001000343,성진,김,성진_김@example.kr,+1 518 874 9664,KR,Asia Pacific,South Iainview,47,M,Business,2022-04-11,2022,4,Basic,SMS,True,Korean,American Express,Suite,,Active,2023-08-09,Website Direct,34,18519.7
C0001000344,Lynn,Lee,lynn43@gmail.com,+1 450 577 3009,MX,North America,Williamsport,29,F,Business,2020-11-03,2020,11,Gold,SMS,True,English,Visa,Standard,,Inactive,,Phone Booking,9,1775.75
C0001000345,Hugh,Lowe,hugh85@hotmail.com,+1 973 737 5053,MX,North America,Whiteburgh,31,M,Business,2022-08-06,2022,8,Gold,Email,True,English,Apple Pay,Standard,,Active,2022-08-18,Corporate Contract,34,15451.39
C0001000346,Herminia,Coronado,herminiac@gmail.com,+1 426 867 9562,ES,Europe,Badajoz,36,F,Family,2024-11-22,2024,11,Basic,SMS,False,Spanish,Visa,Standard,Early Check-in,Inactive,2026-08-28,Website Direct,12,17812.98
C0001000347,Jane,Burrows,jane94@gmail.com,+91 389 214 2079,IN,Asia Pacific,Port Catherineshire,48,F,Leisure,2019-06-21,2019,6,Gold,Email,True,English,Mastercard,Suite,,Active,2020-06-27,Corporate Contract,50,21928.3
C0001000348,Ross,Baxter,rbaxter@yahoo.com,(765) 840-9598,US,North America,Whiteborough,42,M,Business,2024-11-02,2024,11,Basic,Email,True,English,Apple Pay,Deluxe,,Active,2027-08-03,Corporate Contract,30,15466.9
C0001000349,Pedro Miguel,Novaes,pnovaes@gmail.com,(763) 0286-923,BR,South America,Jemmaville,37,M,Leisure,2023-05-08,2023,5,Non-Member,Email,True,Portuguese,Visa,Standard,,Active,2024-06-21,Corporate Contract,5,23914.77
C0001000350,Gail,Jones,gail84@gmail.com,+1 237 155 3957,CA,North America,New Shirleyfort,39,F,Leisure,2021-08-24,2021,8,Gold,Email,True,English,Mastercard,Deluxe,,Inactive,2024-07-26,OTA Referral,21,397.35
C0001000351,Jake,Bishop,jbishop@outlook.com,+1 233 185 5470,NL,Europe,Alisonborough,45,M,Family,2023-01-27,2023,1,Basic,Email,True,English,Visa,Deluxe,,Active,2025-10-19,Walk-in,12,16891.42
C0001000352,Amy,Rees,amy.rees@oscorp.com,+1 515 356 9909,MX,North America,Port Garryton,31,F,Business,2023-09-06,2023,9,Non-Member,Both,True,English,Apple Pay,Deluxe,,Active,2024-10-26,Walk-in,1,4101.16
C0001000353,Carly,Hicks,carly.hicks@gmail.com,0726 122 092,AU,Asia Pacific,South Leanne,31,F,Leisure,2021-02-28,2021,2,Silver,Email,True,English,Visa,Standard,,Active,,OTA Referral,9,13808.84
C0001000354,Keith,Smith,ksmith@gmail.com,895-415-3633,US,North America,Ballmouth,42,M,Group,2023-07-05,2023,7,Non-Member,SMS,False,English,Visa,Standard,,Active,2024-06-23,Corporate Contract,2,369.36
C0001000355,George,Gallagher,george.gallagher@outlook.com,+1 310 870 4140,CH,Europe,Boothchester,39,M,Leisure,2024-01-05,2024,1,Non-Member,Email,False,English,Visa,Standard,,Inactive,2024-12-11,Walk-in,4,6058.89
C0001000356,Amy,Thompson,amy_thompson@outlook.com,+1 908 717 8717,NL,Europe,Port Jasmineside,35,F,Business,2022-03-08,2022,3,Gold,Email,False,English,Visa,Executive,,Active,2022-11-08,OTA Referral,31,21401.58
C0001000357,Kenneth,Elliott,kennethe@yahoo.com,+1 597 665 2240,MX,North America,Jamesstad,41,M,Leisure,2019-09-11,2019,9,Non-Member,SMS,True,English,Mastercard,Executive,,Active,2020-07-29,Website Direct,0,10484.85
C0001000358,Lydia,Phillips,lydia.phillips@gmail.com,+1 216 107 7571,CH,Europe,Rebeccafort,43,F,Leisure,2022-04-27,2022,4,Gold,Email,True,English,American Express,Family,,Active,2023-11-05,Corporate Contract,1,23338.19
C0001000359,Hugh,Scott,hugh66@outlook.com,+1 115 271 4256,CA,North America,Joycemouth,34,M,Leisure,2021-10-15,2021,10,Platinum,Email,False,English,Mastercard,Standard,,Active,2022-10-03,Phone Booking,39,10445.95
C0001000360,James,Collins,james.collins@example.mx,+1 853 994 8511,MX,North America,Daviesland,41,M,Business,2023-04-25,2023,4,Gold,Email,False,English,PayPal,Deluxe,,Active,2024-03-11,Corporate Contract,10,22196.41
C0001000361,Joseph,Kirk,joseph_kirk@starkindustries.com,577-497-3701,US,North America,West Kayleighstad,33,M,Business,2024-01-13,2024,1,Non-Member,Email,True,English,Visa,Executive,,Active,2026-07-28,OTA Referral,3,3466.54
C0001000362,Aimee,Taylor,ataylor@hotmail.com,+1 839 192 3122,MX,North America,East Daniel,29,F,Group,2021-08-10,2021,8,Non-Member,Email,True,English,Visa,Suite,,Active,2022-07-14,OTA Referral,2,1386.97
C0001000363,Inna,Etzold,innae@outlook.com,+49 4456 8892,DE,Europe,Hannoversch Münden,41,F,Business,2024-05-12,2024,5,Basic,Email,True,German,PayPal,Standard,,Inactive,2026-03-27,Website Direct,34,6737.15
C0001000364,채원,전,채원전@icloud.com,+1 250 824 6436,KR,Asia Pacific,Jemmaton,42,F,Leisure,2019-08-28,2019,8,Non-Member,Email,False,Korean,Mastercard,Deluxe,,Active,2020-08-28,Phone Booking,1,1092.16
C0001000365,Suzanne,Hamilton,suzanne89@gmail.com,+1 999 912 8834,SG,Asia Pacific,Stephenberg,46,F,Business,2024-06-03,2024,6,Basic,Email,True,English,American Express,Suite,,Active,,Website Direct,9,11090.24
C0001000366,Clive,Young,clive95@starkindustries.com,+1 201 496 2880,CA,North America,Wilkinsonborough,32,M,Business,2020-06-04,2020,6,Gold,Email,True,English,Visa,Suite,,Active,,Phone Booking,46,3758.32
C0001000367,Julian,Rogers,jrogers@yahoo.com,+1 332 175 2592,CA,North America,Stewartfurt,42,M,Leisure,2020-08-31,2020,8,Gold,Email,True,English,PayPal,Suite,,Inactive,2021-08-04,Website Direct,12,23660.28
C0001000368,Etelvina,Tejada,etelvinat@waynecorp.com,+1 135 676 5546,AR,South America,Lake ضياءchester,39,F,Business,2019-03-04,2019,3,Basic,Email,True,English,PayPal,Standard,,Active,2022-02-17,Walk-in,31,10881.06
C0001000369,Louis,Reed,test@test.com,+1 268 968 3164,NL,Europe,Conorville,35,M,Group,2023-06-02,2023,6,Basic,SMS,False,English,Apple Pay,Suite,,Active,2024-05-16,OTA Referral,36,14109.6
C0001000370,Rémy,Robert,rémy.robert@gmail.com,+33 170 495 211,FR,Europe,Leclerc,52,M,Group,2023-11-09,2023,11,Non-Member,Email,True,French,PayPal,Standard,,Active,,Website Direct,5,10498.33
C0001000371,Clifford,Davis,cdavis@outlook.com,+1 468 393 7984,CH,Europe,West Paigetown,44,M,Business,2024-11-25,2024,11,Basic,SMS,False,English,Google Pay,Suite,,Active,2026-09-04,Website Direct,44,12418.84
C0001000372,Glen,Baker,glen27@gmail.com,+1 601 260 1030,QA,Middle East,Stevensbury,25,M,Business,2023-04-15,2023,4,Non-Member,Email,True,English,American Express,Executive,,Active,,Walk-in,4,3851.35
C0001000373,민수,이,민수_이@gmail.com,+1 429 623 6273,KR,Asia Pacific,Jakechester,45,M,Family,2019-03-12,2019,3,Gold,Email,False,Korean,Visa,Family,,Inactive,2021-07-03,OTA Referral,20,4612.57
C0001000374,Orazio,Battelli,test@test.com,+1 336 529 6938,IT,Europe,Laag,33,M,Group,2019-02-24,2019,2,Gold,SMS,True,Italian,Visa,Standard,,Active,2021-12-13,Corporate Contract,0,17845.22
C0001000375,Liam,Whitehouse,liam.whitehouse@gmail.com,+1 200 404 1527,CA,North America,West Marcusberg,54,M,Leisure,2024-04-09,2024,4,Non-Member,Email,True,English,Visa,Standard,,Active,2024-12-23,Corporate Contract,2,21162.45
C0001000376,Louis,Higgins,louis87@outlook.com,07757 969 632,GB,Europe,Talbotchester,46,M,Leisure,2024-02-24,2024,2,Gold,Email,False,English,American Express,Deluxe,,Active,2024-04-07,Phone Booking,15,6910.22
C0001000377,Jane,Holloway,jane85@gmail.com,000-000-0000,IN,Asia Pacific,New Graeme,34,F,Leisure,2022-12-23,2022,12,Basic,Email,True,English,Google Pay,Standard,,Active,,Corporate Contract,48,4932.02
C0001000378,Lynda,Jackson,lynda.jackson@outlook.com,+1 226 140 6457,QA,Middle East,Huntview,40,F,Leisure,2023-02-18,2023,2,Silver,Email,True,English,PayPal,Standard,,Active,2024-12-22,OTA Referral,44,24544.26
C0001000379,Graeme,Goodwin,graeme4@umbrellacorp.com,+1 942 776 1748,MX,North America,Lake Sarah,34,M,Business,2024-08-09,2024,8,Silver,Email,True,English,Mastercard,Suite,,Active,,Phone Booking,3,15037.56
C0001000380,Margherita,Pagnotto,margherita.pagnotto@oscorp.com,+1 148 341 5159,IT,Europe,Peschiera Borromeo,33,F,Business,2021-09-21,2021,9,Silver,SMS,False,Italian,Mastercard,Executive,Allergies,Active,,Website Direct,33,3933.7
C0001000381,Megan,Spencer,megan.spencer@gmail.com,294-222-4620,US,North America,East Mohamedport,32,F,Leisure,2021-11-27,2021,11,Non-Member,Email,True,English,Visa,Deluxe,,Active,2022-11-23,OTA Referral,5,24749.57
C0001000382,Lydia,Ross,lydia_ross@starkindustries.com,+1 850 227 1962,MX,North America,Scottchester,40,F,Business,2021-06-14,2021,6,Non-Member,Both,True,English,Mastercard,Deluxe,,Active,,Website Direct,5,15504.51
C0001000383,宁,廖,宁_廖@outlook.com,+86 816 6991 066,CN,Asia Pacific,Leontown,39,M,Leisure,2022-10-28,2022,10,Basic,Email,False,Chinese,Google Pay,Standard,Non-smoking,Active,2023-01-22,Website Direct,17,23959.67
C0001000384,Marilyn,Dawson,mdawson@icloud.com,+1 352 294 7412,CA,North America,Brownchester,60,F,Leisure,2019-05-30,2019,5,Non-Member,SMS,False,English,PayPal,Family,"Late Check-out, High Floor",Active,2022-03-18,Phone Booking,4,12094.1
C0001000385,Anthony,Johnson,anthony_johnson@yahoo.com,+1 271 605 4456,ZA,Africa,Alisonview,41,M,Group,2024-02-13,2024,2,Basic,Email,True,English,PayPal,Deluxe,,Active,2024-05-28,Walk-in,48,9778.99
C0001000386,Rhys,Walters,rwalters@gmail.com,+1 901 110 3986,MX,North America,East Barryside,39,M,Leisure,2024-07-18,2024,7,Silver,None,True,English,Visa,Standard,Non-smoking,Active,2027-04-24,Phone Booking,20,20549.63
C0001000387,Trevor,Steele,trevor9@outlook.com,+1 808 797 1883,MX,North America,Kayleighhaven,25,M,Business,2024-01-12,2024,1,Basic,Email,False,English,American Express,Standard,,Active,2024-11-22,Phone Booking,3,2057.54
C0001000388,京助,加藤,京助22@gmail.com,585-623-7952,JP,Asia Pacific,Jackmouth,52,M,Leisure,2023-10-16,2023,10,Basic,Both,True,Japanese,Visa,Family,,Inactive,,Phone Booking,19,20907.48
C0001000389,Sylvie,Boulanger,sboulanger@gmail.com,0156853017,FR,Europe,Saint Stéphanie,51,F,Leisure,2019-09-22,2019,9,Gold,SMS,True,French,Mastercard,Family,,Active,2022-05-16,Phone Booking,19,21562.74
C0001000390,Marilyn,Hopkins,marilyn.hopkins@gmail.com,00669 012 798,GB,Europe,Samanthaport,53,F,Leisure,2020-11-18,2020,11,Platinum,Email,True,English,Mastercard,Suite,,Active,2023-08-22,Corporate Contract,16,10540.67
C0001000391,Stewart,Richards,stewart_richards@gmail.com,+1 762 498 7360,CA,North America,Johnsonbury,37,M,Business,2022-11-09,2022,11,Basic,Email,True,English,Visa,Suite,,Active,,Phone Booking,19,21167.26
C0001000392,재현,김,재현김@gmail.com,+1 747 143 6855,KR,Asia Pacific,Garyside,50,M,Leisure,2023-11-20,2023,11,Basic,Email,False,Korean,Visa,Deluxe,,Active,2026-10-28,Corporate Contract,12,3407.63
C0001000393,Andrew,Day,aday@gmail.com,+1 534 241 4260,SE,Europe,New Gavinborough,36,M,Business,2024-04-16,2024,4,Gold,Email,True,English,PayPal,Deluxe,,Inactive,2026-04-03,Website Direct,36,6308.9
C0001000394,Louis,Harvey,guest@email.com,(438) 586-9045,US,North America,New Debra,47,M,Leisure,2024-09-12,2024,9,Silver,SMS,True,English,Mastercard,Suite,Non-smoking,Active,,OTA Referral,4,12849.62
C0001000395,Pietro,Vigliotti,pietrov@waynecorp.com,+1 333 677 4789,IT,Europe,Boscochiaro,40,M,Business,2019-06-07,2019,6,Basic,SMS,True,Italian,Apple Pay,Suite,,Active,2021-10-21,Website Direct,30,22492.28
C0001000396,Bradley,Reed,breed@gmail.com,+1 780 529 8671,SE,Europe,North Duncanmouth,37,M,Business,2022-06-22,2022,6,Silver,Email,False,English,Visa,Executive,,Active,,Corporate Contract,23,7518.94
C0001000397,Victor,Hartley,test@test.com,+1 849 984 4011,CH,Europe,East Damianbury,32,M,Family,2019-09-01,2019,9,Gold,Email,False,English,Visa,Suite,,Active,2022-03-14,OTA Referral,47,23191.77
C0001000398,Laura,Potter,lpotter@starkindustries.com,+1 743 185 2792,CA,North America,New Kenneth,26,F,Business,2021-03-25,2021,3,Non-Member,Email,True,English,Google Pay,Executive,,Active,,Website Direct,5,4156.28
C0001000399,Shaun,Davies,shaun.davies@hotmail.com,+1 925 611 3267,CA,North America,New Dianestad,37,M,Group,2021-08-03,2021,8,Silver,Email,True,English,Visa,Standard,,Active,2021-12-18,Walk-in,49,8789.76
C0001000400,Pauline,Short,pauline82@hotmail.com,+1 559 330 6048,NG,Africa,East Abdulborough,57,F,Leisure,2019-10-06,2019,10,Gold,Both,True,English,Visa,Family,,Active,2022-02-08,Website Direct,27,3775.68
C0001000401,Christopher,Hall,christopher_hall@hotmail.com,(708) 616-6188,US,North America,South Stephaniemouth,43,M,Group,2022-11-18,2022,11,Basic,Both,True,English,Visa,Suite,,Active,2024-05-22,Walk-in,46,15971.0
C0001000402,Lawrence,Hope,lawrence15@gmail.com,+1 739 666 5532,SE,Europe,East Simon,51,M,Group,2022-03-21,2022,3,Basic,Email,False,English,Mastercard,Suite,,Inactive,2023-10-28,OTA Referral,37,1534.49
C0001000403,Kenneth,Vaughan,kenneth.vaughan@gmail.com,+1 983 956 9744,CA,North America,East Terryland,28,M,Group,2021-05-13,2021,5,Gold,Email,True,English,Visa,Suite,,Active,,Website Direct,12,70.15
C0001000404,Olivier,Rousset,noemail@provided.com,+33 196 597 728,FR,Europe,Pinto,35,M,Business,2024-08-12,2024,8,Non-Member,Email,True,French,Mastercard,Standard,,Active,2025-07-23,Website Direct,2,3254.38
C0001000405,博,王,博.王@gmail.com,+86 510 8200 080,CN,Asia Pacific,West Ian,38,M,Leisure,2019-08-31,2019,8,Non-Member,SMS,True,Chinese,Mastercard,Standard,,Active,2020-12-29,Corporate Contract,5,877.52
C0001000406,Kieran,Whitehouse,kieran_whitehouse@cyberdyne.com,(342) 824-9672,US,North America,South Georgia,25,M,Business,2020-12-04,2020,12,Non-Member,SMS,True,English,Mastercard,Deluxe,,Active,2022-10-16,Walk-in,3,1605.37
C0001000407,François,Moreno,françoism@hotmail.com,+33 908 128 510,FR,Europe,Lacroix-les-Bains,32,M,Family,2023-04-21,2023,4,Basic,Email,True,French,American Express,Family,,Active,2023-07-02,Corporate Contract,9,6105.6
C0001000408,성진,박,성진71@gmail.com,+1 164 435 4062,KR,Asia Pacific,North Mark,51,M,Group,2023-02-16,2023,2,Non-Member,SMS,False,Korean,Google Pay,Deluxe,,Active,2024-03-03,Phone Booking,5,8773.61
C0001000409,Daniel,Petitjean,danielp@outlook.com,+33 368 383 871,FR,Europe,Roy,28,M,Leisure,2024-04-08,2024,4,Non-Member,Email,False,French,Apple Pay,Standard,,Active,2025-08-23,Walk-in,3,7632.17
C0001000410,Annette,Ward,annette.ward@gmail.com,+91 642 414 3035,IN,Asia Pacific,Rossview,37,F,Leisure,2023-03-28,2023,3,Basic,SMS,True,English,Visa,Standard,,Active,,Phone Booking,37,12531.97
C0001000411,Chelsea,Mahmood,chelsea_mahmood@gmail.com,+1 540 879 5224,MX,North America,West Grace,36,F,Group,2019-05-11,2019,5,Gold,Email,True,English,Mastercard,Ocean View,"Late Check-out, Allergies",Active,,Walk-in,43,18479.98
C0001000412,Malcolm,Pearson,malcolm83@gmail.com,+1 621 537 8367,SG,Asia Pacific,North Helen,35,M,Leisure,2024-02-26,2024,2,Basic,Email,True,English,Visa,Standard,,Inactive,2025-07-01,Phone Booking,40,7357.38
C0001000413,秀云,王,秀云王@gmail.com,682 0242 861,CN,Asia Pacific,Hendersonstad,36,F,Leisure,2022-06-11,2022,6,Non-Member,Both,True,Chinese,Visa,Standard,,Inactive,2022-07-07,Phone Booking,3,920.98
C0001000414,Clare,Thomas,clare83@gmail.com,+1 196 288 6026,SE,Europe,Gemmaberg,36,F,Business,2022-02-27,2022,2,Platinum,None,False,English,American Express,Executive,,Active,2023-07-07,Website Direct,40,1609.31
C0001000415,Joel,Birch,joelb@gmail.com,+1 840 613 2793,TH,Asia Pacific,Dyerland,41,M,Group,2024-04-22,2024,4,Non-Member,Email,True,English,Visa,Deluxe,"Allergies, High Floor",Active,2026-08-10,OTA Referral,4,23956.99
C0001000416,Leah,Evans,leah.evans@gmail.com,+44 9579 23202,GB,Europe,East Louisebury,42,F,Leisure,2021-05-21,2021,5,Basic,SMS,True,English,Apple Pay,Deluxe,,Active,,Website Direct,46,10518.56
C0001000417,Terry,Lynch,terryl@yahoo.com,+1 867 550 7108,CA,North America,Kingburgh,38,M,Group,2019-04-22,2019,4,Gold,SMS,True,English,Visa,Deluxe,,Inactive,2020-12-28,OTA Referral,37,20336.17
C0001000418,Louis,Taylor,louis.taylor@hotmail.com,+1 523 256 3376,MX,North America,Paulfort,18,M,Leisure,2021-09-27,2021,9,Basic,SMS,True,English,PayPal,Standard,,Active,2022-11-05,Phone Booking,39,23964.51
C0001000419,Jay,Nicholson,test@test.com,+1 672 570 6805,CH,Europe,Richardfurt,39,M,Business,2022-03-14,2022,3,Platinum,Email,False,English,American Express,Suite,,Inactive,2022-08-31,OTA Referral,26,16814.41
C0001000420,Abdul,Martin,abdulm@oscorp.com,(934) 019-9493,US,North America,East Aimeestad,29,M,Business,2023-09-04,2023,9,Non-Member,Email,False,English,Mastercard,Executive,,Inactive,2024-01-18,Phone Booking,2,14491.87
C0001000421,东,魏,东90@outlook.com,+86 337 3324 090,CN,Asia Pacific,Guyburgh,28,M,Leisure,2022-09-10,2022,9,Silver,Email,True,Chinese,Mastercard,Deluxe,,Active,,Corporate Contract,16,18015.37
C0001000422,Chelsea,Ward,chelsea.ward@gmail.com,+1 717 393 8760,CA,North America,West Joseph,33,F,Leisure,2022-05-15,2022,5,Platinum,SMS,False,English,Visa,Deluxe,,Inactive,,Phone Booking,3,20712.14
C0001000423,유진,김,유진.김@cyberdyne.com,+1 418 888 4901,KR,Asia Pacific,East Barbarabury,53,F,Business,2020-10-09,2020,10,Gold,Email,True,Korean,Mastercard,Suite,,Active,2022-07-15,Walk-in,25,22442.33
C0001000424,Clive,Barnes,clive.barnes@gmail.com,759-564-1981,US,North America,East Dennis,33,M,Leisure,2021-03-13,2021,3,Gold,SMS,True,English,Visa,Standard,,Active,,Walk-in,44,5061.28
C0001000425,Gavin,Sullivan,gavin.sullivan@umbrellacorp.com,+1 680 965 1028,TH,Asia Pacific,Thomasview,38,M,Business,2022-09-13,2022,9,Gold,SMS,False,English,American Express,Family,Early Check-in,Active,,Website Direct,5,15708.9
C0001000426,Darren,Austin,darren16@hotmail.com,+91 576 193 7648,IN,Asia Pacific,Johnsonmouth,43,M,Leisure,2024-03-19,2024,3,Silver,Email,False,English,PayPal,Suite,,Active,2024-04-12,Corporate Contract,2,14360.15
C0001000427,Ottone,Monduzzi,ottone.monduzzi@oscorp.com,+1 956 153 6852,IT,Europe,Castelvecchio Calvisio,35,M,Business,2021-01-16,2021,1,Silver,Email,False,Italian,American Express,Standard,,Active,2022-03-08,Phone Booking,9,4001.2
C0001000428,Robin,Lawrence,robin_lawrence@starkindustries.com,+1 733 269 9182,MX,North America,East Jacobfort,37,M,Business,2022-03-12,2022,3,Non-Member,Email,True,English,Visa,Standard,,Active,2024-11-30,Walk-in,5,2923.56
C0001000429,Shannon,Taylor,shannont@gmail.com,+1 208 607 5790,SE,Europe,Scotthaven,41,F,Family,2024-05-16,2024,5,Non-Member,Email,True,English,Visa,Suite,,Active,2026-03-30,Phone Booking,1,23998.78
C0001000430,Garry,Humphries,test@test.com,+1 824 598 4538,MX,North America,West Ricky,46,M,Group,2022-10-26,2022,10,Gold,Email,False,English,Visa,Executive,,Active,2023-04-14,Website Direct,2,13529.95
C0001000431,Victoria,Davies,victoria.davies@gmail.com,+1 248 707 7707,MX,North America,Port Ashleigh,31,F,Leisure,2024-10-07,2024,10,Non-Member,Email,True,English,Apple Pay,Suite,,Active,2026-01-31,Walk-in,1,5182.07
C0001000432,Malcolm,Warner,malcolmw@hotmail.com,+1 215 609 5904,CA,North America,Parkinsonland,25,M,Business,2023-06-02,2023,6,Basic,Email,False,English,Mastercard,Suite,,Active,2023-10-11,Walk-in,28,2177.82
C0001000433,Leonard,Kaur,leonard.kaur@outlook.com,000-000-0000,CH,Europe,New Judith,47,M,Group,2023-03-20,2023,3,Basic,Email,True,English,Apple Pay,Standard,,Active,,Walk-in,41,839.87
C0001000434,Ann,Robinson,ann_robinson@gmail.com,+1 717 329 5067,MX,North America,Darrenshire,49,F,Leisure,2021-05-13,2021,5,Gold,Email,False,English,Visa,Deluxe,,Active,2023-03-07,Phone Booking,38,16176.63
C0001000435,Emily,Winter,emilyw@tyrellcorp.com,+1 699 152 6274,CA,North America,Valeriemouth,47,F,Business,2020-02-14,2020,2,Non-Member,Both,False,English,Visa,Deluxe,,Active,2020-11-06,OTA Referral,2,19393.31
C0001000436,Lewis,Hale,lewis_hale@example.ca,+1 104 192 8005,CA,North America,North Derek,41,M,Business,2019-12-15,2019,12,Silver,Email,True,English,Visa,Executive,,Active,2021-01-06,Phone Booking,34,10656.56
C0001000437,Mitchell,Ryan,mitchell.ryan@gmail.com,+1 535 687 6256,MX,North America,East Rosie,46,M,Leisure,2022-09-16,2022,9,Gold,Email,True,English,Visa,Deluxe,,Active,,Corporate Contract,49,6090.23
C0001000438,Luke,Dixon,luked@gmail.com,(854) 156-2475,US,North America,Dylanfort,45,M,Leisure,2021-11-14,2021,11,Basic,Email,False,English,Google Pay,Standard,,Active,2022-11-23,Website Direct,7,2030.97
C0001000439,Abdul,Murphy,abdul.murphy@hotmail.com,+91 525 387 2752,IN,Asia Pacific,Phillipsshire,41,M,Business,2019-10-13,2019,10,Silver,SMS,True,English,American Express,Deluxe,,Active,2021-12-25,Corporate Contract,21,3292.63
C0001000440,Sophie,Barnes,sbarnes@gmail.com,+1 196 270 3426,TH,Asia Pacific,East Brendaborough,38,F,Leisure,2021-02-18,2021,2,Silver,Email,True,English,Apple Pay,Standard,,Active,2021-10-09,OTA Referral,36,4888.97
C0001000441,Matthew,Taylor,matthew89@yahoo.com,+1 566 626 8505,SG,Asia Pacific,New Donnafort,44,M,Leisure,2022-04-13,2022,4,Non-Member,Email,True,English,Mastercard,Standard,,Inactive,2022-07-30,Phone Booking,5,14557.09
C0001000442,Lynda,Stephens,lyndas@starkindustries.com,+1 898 109 6803,CA,North America,Shannonmouth,31,F,Business,2022-09-06,2022,9,Silver,SMS,True,English,Visa,Ocean View,"Allergies, Wheelchair Accessible",Inactive,2022-12-17,Walk-in,34,23575.06
C0001000443,Anna,Hyde,ahyde@dummycorp.com,+1 935 249 1695,CA,North America,Tobyfurt,29,F,Business,2022-01-12,2022,1,Silver,Email,True,English,Visa,Executive,,Inactive,2024-04-04,OTA Referral,12,11663.76
C0001000444,Annette,Williams,annette78@gmail.com,866-217-0174,US,North America,East Mark,54,F,Leisure,2023-01-29,2023,1,Non-Member,Email,False,English,Visa,Deluxe,,Active,2024-03-12,Walk-in,4,22979.68
C0001000445,Sharon,Smith,sharon_smith@gmail.com,(829) 028-5501,US,North America,West Kirstybury,33,F,Group,2024-11-04,2024,11,Non-Member,SMS,False,English,Visa,Family,,Active,,Website Direct,3,4234.49
C0001000446,Eligia,Vall,eligiav@oscorp.com,+1 534 844 5172,ES,Europe,Lugo,46,F,Business,2024-04-26,2024,4,Basic,Both,True,Spanish,Visa,Executive,,Active,2025-06-29,Corporate Contract,30,23089.85
C0001000447,Martin,Hopkins,test@test.com,+1 745 539 5225,SE,Europe,Stewartmouth,45,M,Leisure,2022-11-26,2022,11,Non-Member,Email,True,English,American Express,Deluxe,"Wheelchair Accessible, Late Check-out",Active,2023-11-01,Corporate Contract,4,3550.97
C0001000448,Max,Watson,max_watson@gmail.com,+91 743 377 7531,IN,Asia Pacific,South Lindseyland,50,M,Leisure,2019-05-23,2019,5,Non-Member,Both,True,English,Mastercard,Family,,Active,2021-02-15,OTA Referral,5,18907.44
C0001000449,Kimberley,Harding,kimberleyh@dummycorp.com,+1 635 162 2673,EG,Africa,East Jacquelinemouth,47,F,Business,2020-02-21,2020,2,Platinum,Email,False,English,American Express,Standard,,Inactive,2021-03-09,Phone Booking,33,558.9
C0001000450,Louis,Allen,lallen@outlook.com,+1 625 651 2508,CA,North America,Burgessberg,43,M,Leisure,2023-12-10,2023,12,Basic,Email,True,English,Visa,Executive,,Active,2025-12-15,Website Direct,46,17312.78
C0001000451,Irene,Barnes,ireneb@gmail.com,+91 501 152 9974,IN,Asia Pacific,New Nigel,24,F,Leisure,2019-05-17,2019,5,Non-Member,Email,True,English,Visa,Standard,,Active,,Walk-in,5,19274.84
C0001000452,Gordon,Fox,gordonf@icloud.com,(277) 585-6342,US,North America,South Rickyburgh,53,M,Group,2022-01-07,2022,1,Silver,Email,True,English,Visa,Suite,,Active,2022-12-21,Corporate Contract,30,16022.01
C0001000453,Marian,Jones,mjones@initech.com,+1 566 473 4841,SE,Europe,Port Leighmouth,47,F,Business,2019-08-31,2019,8,Basic,Email,False,English,Visa,Suite,,Active,,OTA Referral,17,7221.87
C0001000454,Martín,Barbero,martín_barbero@gmail.com,+1 738 706 3074,ES,Europe,Murcia,32,M,Business,2024-11-11,2024,11,Basic,Email,True,Spanish,Apple Pay,Deluxe,High Floor,Inactive,,Corporate Contract,4,191.89
C0001000455,Alexandra,Smith,alexandras@cyberdyne.com,+1 593 127 6034,CH,Europe,Barkerland,25,F,Business,2021-08-20,2021,8,Gold,Email,True,English,Visa,Executive,,Active,2022-04-18,Walk-in,6,2896.5
C0001000456,Eleanor,Ryan,eleanorr@globex.com,+1 963 451 7905,TH,Asia Pacific,West Catherine,25,F,Business,2021-04-01,2021,4,Silver,Email,False,English,Visa,Executive,,Active,,Website Direct,23,15475.47
C0001000457,Dan,Velasco,test@test.com,+1 656 218 9258,ES,Europe,Albacete,44,M,Leisure,2021-10-29,2021,10,Silver,Email,False,Spanish,American Express,Standard,,Active,2023-03-10,Corporate Contract,26,12703.06
C0001000458,旭,佘,旭_佘@dummycorp.com,494 4295 986,CN,Asia Pacific,Kellymouth,39,M,Business,2021-10-12,2021,10,Platinum,Email,True,Chinese,Apple Pay,Suite,,Active,2022-04-14,Corporate Contract,44,17769.92
C0001000459,Leigh,Bennett,leighb@icloud.com,670-447-0517,US,North America,Carlyside,48,M,Business,2019-06-14,2019,6,Silver,SMS,True,English,Mastercard,Suite,Early Check-in,Active,,Walk-in,9,11910.95
C0001000460,William,Butler,wbutler@dummycorp.com,09347 526 608,GB,Europe,Lambertville,37,M,Business,2024-05-30,2024,5,Basic,Email,False,English,Mastercard,Executive,,Active,,Corporate Contract,33,22932.67
C0001000461,Victoria,Sölzer,noemail@provided.com,+49 010 78581,DE,Europe,Neuss,36,F,Leisure,2024-09-24,2024,9,Non-Member,Email,True,German,Google Pay,Standard,Late Check-out,Active,2024-10-10,Walk-in,5,9392.67
C0001000462,Lucy,Russell,lucy37@initech.com,+1 218 148 6108,MX,North America,Lynneland,36,F,Business,2022-08-03,2022,8,Gold,SMS,False,English,American Express,Executive,,Active,2025-05-15,Walk-in,34,5455.89
C0001000463,Débora,Mayo,débora_mayo@gmail.com,+1 578 595 7584,ES,Europe,Huelva,45,F,Family,2019-08-05,2019,8,Gold,Email,True,Spanish,Visa,Family,,Active,,Website Direct,9,22243.33
C0001000464,Hugues,Traore,huguest@initech.com,+33 443 924 396,FR,Europe,Michel-sur-Berger,34,M,Business,2020-04-06,2020,4,Non-Member,Email,True,French,Visa,Executive,Early Check-in,Active,2022-03-01,OTA Referral,1,9032.57
C0001000465,Andrew,Richards,andrew.richards@yahoo.com,104-380-5520,US,North America,Woodland,51,M,Leisure,2024-10-24,2024,10,Basic,Email,True,English,Visa,Deluxe,,Active,,Website Direct,37,356.32
C0001000466,Neil,Nicholson,neil.nicholson@hotmail.com,+1 684 556 2356,CA,North America,Kieranborough,41,M,Leisure,2021-03-11,2021,3,Platinum,SMS,True,English,Mastercard,Standard,,Active,,Corporate Contract,32,3271.79
C0001000467,Amber,Williams,amberw@gmail.com,+1 217 104 4724,CA,North America,New Gillianfort,36,F,Business,2022-11-26,2022,11,Silver,Email,True,English,Visa,Standard,,Inactive,,Corporate Contract,48,7221.15
C0001000468,지후,문,지후_문@cyberdyne.com,+1 174 299 9494,KR,Asia Pacific,Harrischester,26,M,Business,2019-09-19,2019,9,Non-Member,Email,False,Korean,Visa,Executive,Early Check-in,Active,2021-12-26,Website Direct,2,2290.4
C0001000469,Benjamin,Burgess,bburgess@acme.com,+91 685 690 3842,IN,Asia Pacific,Port Zoeview,40,M,Business,2024-04-09,2024,4,Silver,SMS,True,English,Visa,Deluxe,,Active,,Phone Booking,37,1416.39
C0001000470,Frederick,Jones,frederick15@gmail.com,+61 494 199 030,AU,Asia Pacific,Lake Dianashire,36,M,Family,2022-01-01,2022,1,Basic,SMS,False,English,Mastercard,Suite,,Active,,Corporate Contract,48,7835.23
C0001000471,Bruce,Stevenson,bruce86@gmail.com,+1 302 741 9034,EG,Africa,North Jacobchester,42,M,Family,2020-07-01,2020,7,Platinum,SMS,True,English,Visa,Family,,Active,2021-09-05,OTA Referral,23,8553.79
C0001000472,Janice,Thomas,jthomas@gmail.com,+1 750 292 5553,NL,Europe,South Deanmouth,25,F,Business,2022-02-17,2022,2,Basic,Email,True,English,Visa,Suite,,Active,,Corporate Contract,33,14617.65
C0001000473,Josué,Calvet,josué.calvet@dummycorp.com,+1 402 478 1282,AR,South America,ثاقبside,41,M,Business,2020-02-17,2020,2,Basic,Email,False,English,American Express,Suite,,Active,2022-05-30,Walk-in,47,16676.29
C0001000474,Elaine,Houghton,elaineh@icloud.com,+61 655 471 149,AU,Asia Pacific,West Amanda,45,F,Business,2024-09-26,2024,9,Gold,Email,True,English,Visa,Suite,,Inactive,2026-03-21,OTA Referral,20,20712.26
C0001000475,Kathleen,Atkins,kathleen17@outlook.com,0106 601 439,AU,Asia Pacific,Lake Callumshire,42,F,Group,2019-10-09,2019,10,Gold,Email,True,English,Visa,Standard,,Active,2021-10-22,Website Direct,11,21529.29
C0001000476,Anne,Marsden,amarsden@outlook.com,+1 654 751 8202,TH,Asia Pacific,Shahland,39,F,Leisure,2022-05-08,2022,5,Non-Member,SMS,True,English,Visa,Standard,,Active,,Phone Booking,0,1587.43
C0001000477,Donatello,Mondadori,donatellom@outlook.com,+1 635 601 3612,IT,Europe,Monte San Giovanni In Sabina,43,M,Leisure,2021-09-11,2021,9,Non-Member,Email,True,Italian,PayPal,Executive,,Active,2021-11-07,Website Direct,3,5769.62
C0001000478,Damien,Carr,damien_carr@gmail.com,+1 674 487 5487,CA,North America,Paynechester,44,M,Business,2022-08-22,2022,8,Non-Member,Email,True,English,Visa,Executive,,Active,,Phone Booking,0,8939.17
C0001000479,Philip,Whitehead,philip32@waynecorp.com,+1 343 265 8266,CA,North America,Collinsville,26,M,Business,2024-01-25,2024,1,Basic,Email,True,English,Apple Pay,Ocean View,,Active,2026-02-03,OTA Referral,43,675.86
C0001000480,Heinz-Josef,Gorlitz,heinz-josef.gorlitz@outlook.com,+49 348 29018,DE,Europe,Iserlohn,46,M,Leisure,2023-11-10,2023,11,Silver,Email,True,German,American Express,Ocean View,,Inactive,2024-04-30,Phone Booking,7,22225.45
C0001000481,Garry,Johnson,garry_johnson@outlook.com,+1 675 663 5285,NG,Africa,North Anneview,44,M,Leisure,2020-06-09,2020,6,Gold,Both,True,English,Mastercard,Standard,,Inactive,,Corporate Contract,39,21820.85
C0001000482,Jordan,Spencer,jordan_spencer@outlook.com,+1 578 192 1671,CL,South America,East Carolineview,46,M,Leisure,2024-10-14,2024,10,Basic,SMS,False,English,PayPal,Standard,,Active,,Website Direct,30,12703.46
C0001000483,Darren,Newton,darren.newton@yahoo.com,06875 477 865,GB,Europe,West Marcusmouth,45,M,Group,2019-11-25,2019,11,Silver,Email,True,English,American Express,Deluxe,,Inactive,,Walk-in,23,4228.49
C0001000484,Nicoletta,Meucci,nicoletta_meucci@gmail.com,+1 717 729 6964,IT,Europe,Valva,42,F,Leisure,2022-08-07,2022,8,Non-Member,Email,False,Italian,Visa,Standard,,Active,,OTA Referral,5,24164.63
C0001000485,くみ子,佐藤,くみ子_佐藤@gmail.com,293-047-6230,JP,Asia Pacific,Nicoleton,34,F,Leisure,2019-12-22,2019,12,Silver,Email,False,Japanese,Apple Pay,Standard,,Active,2022-07-29,Walk-in,4,451.12
C0001000486,Shane,Holland,noemail@provided.com,(577) 331-5071,US,North America,Lake Harrystad,35,M,Group,2021-11-05,2021,11,Non-Member,SMS,False,English,Visa,Family,,Active,2024-09-17,Corporate Contract,1,23517.81
C0001000487,Joel,Ellis,joel78@yahoo.com,+1 781 754 5066,TH,Asia Pacific,North Patriciaburgh,52,M,Group,2023-03-26,2023,3,Silver,SMS,False,English,Visa,Executive,High Floor,Active,2025-12-18,Corporate Contract,15,7544.83
C0001000488,Beth,Chan,bethc@outlook.com,+1 376 897 1149,SE,Europe,New Jill,49,F,Leisure,2019-10-30,2019,10,Gold,SMS,True,English,Mastercard,Family,,Active,2022-07-12,Phone Booking,48,14302.0
C0001000489,Aimee,Stanley,aimee27@hotmail.com,+1 140 436 4776,MX,North America,Colehaven,45,F,Leisure,2020-06-04,2020,6,Platinum,Email,False,English,Visa,Standard,,Active,2021-11-22,Phone Booking,36,7213.53
C0001000490,Julie,Jacquet,juliej@example.fr,+33 660 914 710,FR,Europe,Salmon,53,F,Business,2020-07-28,2020,7,Gold,Email,True,French,Visa,Suite,,Active,2023-03-18,Walk-in,30,15323.59
C0001000491,Linda,Dean,linda.dean@outlook.com,000-000-0000,SG,Asia Pacific,Ameliatown,38,F,Leisure,2019-02-23,2019,2,Silver,Email,False,English,PayPal,Deluxe,,Active,2022-02-20,Walk-in,39,18270.44
C0001000492,Judith,Lloyd,judithl@outlook.com,(860) 710-9316,US,North America,Wilkinsmouth,39,F,Business,2019-12-13,2019,12,Basic,SMS,False,English,Mastercard,Suite,"Early Check-in, High Floor",Active,2021-03-29,Phone Booking,36,2899.21
C0001000493,Sophie,Preston,sophie12@gmail.com,0830 520 365,AU,Asia Pacific,New Leon,36,F,Group,2024-04-15,2024,4,Non-Member,Email,True,English,Visa,Standard,,Active,2025-07-20,Corporate Contract,5,5984.07
C0001000494,莉,李,莉.李@gmail.com,200 3945 580,CN,Asia Pacific,Port Douglasview,42,F,Leisure,2024-02-28,2024,2,Silver,Email,True,Chinese,Mastercard,Deluxe,,Active,,Corporate Contract,21,7263.61
C0001000495,رابح,أبو داوود,رأبو داوود@outlook.com,+971 711 549 7804,AE,Middle East,Dianemouth,51,M,Leisure,2022-02-19,2022,2,Non-Member,SMS,True,Arabic,Mastercard,Standard,,Active,2022-09-16,Corporate Contract,5,3041.44
C0001000496,Ben,Glover,ben.glover@gmail.com,+1 371 356 3853,MX,North America,Lake Bethanyburgh,39,M,Business,2019-06-09,2019,6,Gold,Email,False,English,Visa,Deluxe,,Active,2021-04-13,OTA Referral,43,8157.99
C0001000497,Sylwia,Schaaf,sylwia.schaaf@outlook.com,+49 8896 6926,DE,Europe,Lüdinghausen,26,F,Business,2020-08-10,2020,8,Silver,Email,True,German,Mastercard,Ocean View,,Active,,OTA Referral,3,22007.11
C0001000498,Michael,Norris,michael.norris@outlook.com,+1 855 169 1474,SE,Europe,Danielsside,43,M,Leisure,2023-07-21,2023,7,Gold,Email,True,English,Apple Pay,Standard,,Active,2025-12-28,OTA Referral,44,7346.74
C0001000499,Clifford,Saunders,clifford.saunders@gmail.com,,IN,Asia Pacific,Wardville,34,M,Leisure,2019-02-21,2019,2,Basic,Both,False,English,Mastercard,Suite,,Active,2021-11-09,OTA Referral,4,16350.56
C0001000500,Lucy,Elliott,lucye@gmail.com,775-380-0977,US,North America,New Williamburgh,47,F,Family,2019-04-07,2019,4,Gold,Both,True,English,Visa,Standard,,Active,2020-08-03,OTA Referral,48,16642.16
C0001000501,Jack,Jarvis,jackj@dummycorp.com,+1 954 120 5794,MX,North America,West Justinchester,50,M,Business,2021-10-13,2021,10,Basic,Email,False,English,Visa,Executive,,Active,,Phone Booking,35,11218.46
C0001000502,Nigel,Marsh,nigel9@outlook.com,+1 797 930 5529,ZA,Africa,North Andrew,45,M,Family,2023-02-27,2023,2,Non-Member,Email,True,English,Apple Pay,Standard,,Active,,Phone Booking,1,2630.2
C0001000503,Sheila,Russell,sheila_russell@gmail.com,0531 219 757,AU,Asia Pacific,Taylorbury,21,F,Group,2021-02-24,2021,2,Basic,None,True,English,Apple Pay,Family,,Active,2022-06-16,OTA Referral,11,22388.31
C0001000504,Dorothy,Bailey,dorothy74@outlook.com,+1 850 785 2887,CA,North America,South Bethan,30,F,Leisure,2022-05-28,2022,5,Silver,SMS,True,English,Apple Pay,Standard,,Active,,Walk-in,35,24312.31
C0001000505,Adora,Oller,adorao@icloud.com,+1 228 141 5229,ES,Europe,Guipúzcoa,40,F,Leisure,2019-06-22,2019,6,Silver,Email,True,Spanish,Visa,Standard,,Active,2020-03-10,Walk-in,3,2486.03
C0001000506,秀英,张,秀英.张@gmail.com,829 1696 378,CN,Asia Pacific,Harveyport,40,F,Leisure,2022-04-11,2022,4,Basic,Email,True,Chinese,Mastercard,Deluxe,,Active,2024-05-19,OTA Referral,15,13372.73
C0001000507,عبد الحفيظ,الحجار,guest@email.com,+1 452 470 7487,SA,Middle East,Anthonyfurt,43,M,Leisure,2022-04-28,2022,4,Gold,Email,True,Arabic,Visa,Suite,,Active,2024-07-23,Phone Booking,11,14819.85
C0001000508,Connor,Patel,cpatel@gmail.com,+1 442 622 8984,CA,North America,Port Clare,36,M,Leisure,2020-10-12,2020,10,Non-Member,Email,True,English,Mastercard,Deluxe,,Active,2021-09-26,OTA Referral,5,3800.69
C0001000509,Billy,Turnbull,billy_turnbull@dummycorp.com,+1 143 407 4711,CA,North America,West Maureen,27,M,Business,2019-01-25,2019,1,Silver,SMS,False,English,Visa,Executive,,Active,2019-03-20,Walk-in,8,3770.12
C0001000510,James,Fisher,james.fisher@gmail.com,+1 319 644 3813,QA,Middle East,South Hollymouth,37,M,Leisure,2021-03-20,2021,3,Platinum,Email,False,English,Visa,Deluxe,,Active,2022-02-03,OTA Referral,48,20269.01
C0001000511,Kirsty,Brown,kirsty.brown@outlook.com,+1 315 813 8785,CA,North America,Fosterhaven,41,F,Business,2020-09-16,2020,9,Basic,Email,True,English,American Express,Standard,,Active,2020-10-19,OTA Referral,1,5757.05
C0001000512,Vanessa,Gilbert,vanessa50@initech.com,546-849-5195,US,North America,East Benjaminland,45,F,Business,2020-07-16,2020,7,Basic,Email,False,English,Visa,Suite,,Active,2022-05-12,OTA Referral,45,17471.85
C0001000513,Jamie,Davis,jamie.davis@tyrellcorp.com,+1 212 842 4743,QA,Middle East,Martinstad,33,M,Business,2023-08-30,2023,8,Basic,Email,True,English,Apple Pay,Standard,,Active,2025-12-09,Phone Booking,37,16197.79
C0001000514,帆,赵,帆赵@yahoo.com,206 4267 457,CN,Asia Pacific,North Paigeside,31,M,Leisure,2020-06-01,2020,6,Non-Member,Email,True,Chinese,Mastercard,Executive,"Late Check-out, Allergies",Active,,Phone Booking,4,15474.36
C0001000515,Denise,Shepherd,denise_shepherd@outlook.com,0109 812 329,AU,Asia Pacific,Port Edwardland,57,F,Leisure,2024-02-25,2024,2,Non-Member,Email,True,English,Mastercard,Standard,,Inactive,2024-12-27,Website Direct,2,1264.57
C0001000516,Durante,Nolcini,durante_nolcini@hotmail.com,+1 170 195 1366,IT,Europe,Orroli,39,M,Group,2019-03-10,2019,3,Silver,Email,True,Italian,Visa,Family,,Active,2020-03-09,OTA Referral,9,9561.65
C0001000517,Luke,Price,luke_price@gmail.com,,US,North America,Watkinsland,40,M,Group,2023-06-17,2023,6,Platinum,Email,True,English,Visa,Standard,,Active,2025-12-17,Walk-in,48,8641.96
C0001000518,Owen,Thomas,owen94@oscorp.com,+1 876 277 6816,MX,North America,Lake Annette,30,M,Business,2023-08-09,2023,8,Non-Member,Email,True,English,Visa,Deluxe,,Active,2024-05-18,Phone Booking,3,19086.69
C0001000519,Amber,Matthews,amberm@gmail.com,090-356-6284,US,North America,New Clarebury,49,F,Leisure,2022-05-13,2022,5,Silver,Email,True,English,Mastercard,Standard,,Active,2024-07-25,Walk-in,46,21659.14
C0001000520,Dylan,Kelly,dkelly@gmail.com,+1 529 406 3892,CL,South America,North Julianborough,25,M,Leisure,2021-11-27,2021,11,Basic,Both,True,English,PayPal,Deluxe,,Active,2023-12-09,Phone Booking,8,16370.48
C0001000521,Robin,Swift,robin_swift@gmail.com,+1 836 206 1371,KW,Middle East,Port Dale,40,M,Leisure,2020-07-21,2020,7,Platinum,Email,True,English,American Express,Standard,,Active,2021-06-12,Phone Booking,17,11794.1
C0001000522,Mohammad,Bailey,mbailey@gmail.com,+1 885 954 8225,CH,Europe,Leachchester,42,M,Leisure,2022-12-27,2022,12,Non-Member,Email,True,English,Mastercard,Standard,,Active,2023-01-22,Corporate Contract,1,3220.1
C0001000523,Lauren,Tomlinson,laurent@waynecorp.com,+1 787 571 1628,QA,Middle East,Port Leslieton,42,F,Business,2019-02-17,2019,2,Basic,SMS,False,English,Mastercard,Suite,,Active,2021-12-17,Walk-in,22,21349.87
C0001000524,Naomi,Metcalfe,nmetcalfe@hotmail.com,+1 681 371 8225,NL,Europe,Barkerland,31,F,Business,2024-01-04,2024,1,Non-Member,Both,True,English,American Express,Deluxe,,Active,,OTA Referral,5,2404.16
C0001000525,Guiomar,Jódar,guiomar_jódar@outlook.com,+1 686 918 4819,ES,Europe,Melilla,46,F,Family,2024-02-12,2024,2,Basic,Email,False,Spanish,Mastercard,Family,,Active,2024-05-29,Phone Booking,4,22753.52
C0001000526,رائد,المشاولة,رائد56@gmail.com,+971 723 259 9189,AE,Middle East,Burkeburgh,29,M,Leisure,2020-09-20,2020,9,Gold,Email,True,Arabic,American Express,Standard,,Active,2023-06-28,Website Direct,7,2409.27
C0001000527,Dennis,Davey,dennis37@outlook.com,+1 527 848 2779,SE,Europe,Scottville,33,M,Business,2021-04-06,2021,4,Non-Member,Email,False,English,Mastercard,Deluxe,,Active,2022-01-17,OTA Referral,0,14028.26
C0001000528,Joyce,Haynes,joyce61@gmail.com,+91 414 339 1090,IN,Asia Pacific,Trevorbury,37,F,Group,2023-07-12,2023,7,Basic,Email,True,English,PayPal,Deluxe,,Active,,Phone Booking,45,17486.84
C0001000529,Sébastien,Marin,smarin@gmail.com,0082671327,FR,Europe,Dijoux-les-Bains,43,M,Business,2024-11-22,2024,11,Platinum,SMS,False,French,Google Pay,Deluxe,,Active,,Walk-in,37,22431.14
C0001000530,Elizabeth,Booth,elizabethb@gmail.com,+91 961 181 4766,IN,Asia Pacific,Christopherton,49,F,Group,2019-09-18,2019,9,Basic,Email,True,English,Visa,Deluxe,,Inactive,,Phone Booking,46,1729.47
C0001000531,Kayleigh,Clarke,kayleigh.clarke@icloud.com,+91 606 676 4626,IN,Asia Pacific,Howardport,49,F,Leisure,2023-06-24,2023,6,Non-Member,Email,True,English,Visa,Deluxe,,Active,2025-07-09,Website Direct,3,7876.05
C0001000532,Teresa,Allen,teresa_allen@gmail.com,+91 137 240 5147,IN,Asia Pacific,Port Emilymouth,53,F,Family,2024-09-09,2024,9,Basic,SMS,True,English,Apple Pay,Suite,,Active,2025-04-14,Walk-in,17,14015.17
C0001000533,Abdul,Clark,abdul_clark@gmail.com,+1 945 422 6029,SG,Asia Pacific,Daviesville,32,M,Leisure,2021-11-14,2021,11,Non-Member,Email,True,English,Apple Pay,Executive,,Active,,OTA Referral,2,20044.51
C0001000534,지우,김,지우_김@yahoo.com,+1 391 221 7884,KR,Asia Pacific,South Aimee,35,F,Leisure,2024-10-02,2024,10,Platinum,Email,True,Korean,American Express,Suite,,Inactive,,Website Direct,0,22992.12
C0001000535,Samuel,Ferreira,samuel72@icloud.com,+55 903 1164-918,BR,South America,Miahview,37,M,Leisure,2021-10-26,2021,10,Gold,Email,True,Portuguese,Mastercard,Standard,,Active,2024-04-09,Walk-in,43,17866.62
C0001000536,Joel,Walker,joelw@gmail.com,+1 866 822 1053,MX,North America,Lake Carolyn,41,M,Family,2019-12-19,2019,12,Basic,Email,False,English,Mastercard,Standard,,Active,,OTA Referral,33,3628.49
C0001000537,Yvonne,Johnston,yvonne.johnston@gmail.com,05794 334 254,GB,Europe,South Liammouth,34,F,Leisure,2023-01-21,2023,1,Gold,Email,True,English,Mastercard,Suite,,Active,2024-11-30,OTA Referral,48,12316.06
C0001000538,Mary,Perkins,mary_perkins@gmail.com,+1 863 380 5497,CO,South America,East Jasminechester,44,F,Family,2024-12-24,2024,12,Basic,Email,False,English,Visa,Standard,"Early Check-in, Non-smoking",Active,,Website Direct,10,8693.91
C0001000539,Christine,Lefèvre,clefèvre@gmail.com,+33 526 986 644,FR,Europe,Saint MargaudVille,30,F,Family,2023-11-22,2023,11,Silver,Email,True,French,Visa,Deluxe,,Active,2025-06-01,OTA Referral,25,16664.55
C0001000540,Fiona,Baxter,guest@email.com,(359) 232-1343,US,North America,Stuartfort,46,F,Leisure,2024-01-15,2024,1,Non-Member,Email,True,English,Visa,Deluxe,,Inactive,2025-12-08,Walk-in,0,4849.07
C0001000541,Ugo,Gori,ugog@outlook.com,+1 282 179 9680,IT,Europe,Montedinove,29,M,Group,2021-08-28,2021,8,Silver,Email,True,Italian,Visa,Deluxe,,Active,2022-09-05,Walk-in,39,21509.05
C0001000542,Silvestro,Lanfranchi,silvestrol@umbrellacorp.com,+1 252 580 8787,IT,Europe,Ala,34,M,Business,2019-10-15,2019,10,Silver,Email,False,Italian,American Express,Suite,,Active,2021-06-23,Phone Booking,16,4157.79
C0001000543,Yvonne,Gill,yvonne_gill@gmail.com,+1 978 156 8440,MX,North America,Catherinebury,50,F,Leisure,2021-02-24,2021,2,Platinum,Email,True,English,Mastercard,Deluxe,,Inactive,2021-12-08,Website Direct,26,12728.54
C0001000544,Guy,Parkin,guyp@gmail.com,+44 4965 89091,GB,Europe,South Max,41,M,Leisure,2024-06-19,2024,6,Basic,Email,True,English,Visa,Executive,,Active,2024-07-29,Website Direct,32,8802.67
C0001000545,영길,김,영길김@gmail.com,+1 537 165 3733,KR,Asia Pacific,West Francis,32,M,Leisure,2019-05-28,2019,5,Gold,Email,False,Korean,American Express,Executive,,Active,,Website Direct,23,144.0
C0001000546,Leanne,Richards,leanne37@gmail.com,122-162-0756,US,North America,Port Kylehaven,34,F,Family,2020-12-30,2020,12,Non-Member,Email,True,English,Visa,Standard,,Active,2021-12-10,Walk-in,3,1952.21
C0001000547,Judith,Hopkins,judith82@umbrellacorp.com,+91 774 899 6833,IN,Asia Pacific,Lake Rosie,25,F,Business,2024-02-29,2024,2,Basic,Email,False,English,Visa,Executive,,Active,2024-09-11,Phone Booking,9,8822.74
C0001000548,敏,余,敏_余@umbrellacorp.com,553 8495 166,CN,Asia Pacific,Lake Naomifort,31,F,Business,2021-04-26,2021,4,Basic,Email,False,Chinese,Mastercard,Executive,,Active,2023-09-23,Website Direct,8,18945.19
C0001000549,Patricia,Page,noemail@provided.com,00582 649 843,GB,Europe,Sophieland,27,F,Business,2020-01-17,2020,1,Silver,Email,True,English,Visa,Deluxe,,Active,2020-05-01,Website Direct,18,19263.02
C0001000550,Ben,Jenkins,benj@gmail.com,+1 451 896 3343,TH,Asia Pacific,New Christian,41,M,Leisure,2023-08-01,2023,8,Silver,SMS,True,English,Apple Pay,Standard,,Active,,Phone Booking,43,5892.24
C0001000551,Jeffrey,Black,jeffrey36@gmail.com,030-549-8030,US,North America,Hillberg,35,M,Group,2019-03-02,2019,3,Basic,Email,False,English,Mastercard,Suite,,Active,2019-07-09,Corporate Contract,13,6202.56
C0001000552,Leah,Kay,leahk@gmail.com,+1 739 433 2170,SE,Europe,Sheilaport,43,F,Leisure,2021-01-20,2021,1,Basic,Email,True,English,American Express,Standard,,Active,2023-03-16,Phone Booking,7,7478.05
C0001000553,Tracy,Smith,tracy.smith@dummycorp.com,+1 917 595 1734,MX,North America,Port Malcolmfurt,40,F,Business,2024-10-22,2024,10,Gold,SMS,True,English,Apple Pay,Family,,Active,2024-12-28,OTA Referral,31,16152.1
C0001000554,Gary,Parker,gparker@gmail.com,+1 682 551 4136,CH,Europe,Vanessachester,38,M,Leisure,2022-02-22,2022,2,Gold,SMS,False,English,Mastercard,Standard,,Active,2024-04-20,Corporate Contract,37,7342.76
C0001000555,Frances,Wright,frances41@outlook.com,(479) 608-9971,US,North America,Williamshaven,46,F,Leisure,2019-05-12,2019,5,Non-Member,Email,True,English,American Express,Standard,"Wheelchair Accessible, Late Check-out",Active,2021-07-11,Walk-in,1,5606.22
C0001000556,Stuart,Lee,slee@hotmail.com,+1 572 180 1862,MX,North America,Saundersside,46,M,Leisure,2023-10-25,2023,10,Non-Member,Email,False,English,Apple Pay,Standard,,Active,2025-06-14,OTA Referral,5,11063.12
C0001000557,Ronald,Bender,ronaldb@gmail.com,+49 359 28136,DE,Europe,Main-Höchst,31,M,Business,2020-10-30,2020,10,Basic,Email,True,German,Visa,Suite,,Active,2022-04-27,Phone Booking,22,18432.81
C0001000558,Robin,Lewis,test@test.com,+1 787 800 7934,CH,Europe,Port Patricia,48,M,Leisure,2021-11-09,2021,11,Silver,Email,False,English,Mastercard,Standard,,Active,2022-02-14,Walk-in,43,12977.64
C0001000559,예지,이,예지26@outlook.com,+1 291 910 7516,KR,Asia Pacific,South Bethany,30,F,Leisure,2023-01-31,2023,1,Non-Member,Email,False,Korean,Mastercard,Executive,,Active,2024-07-05,Website Direct,4,10478.54
C0001000560,Daniel,Monnier,daniel_monnier@yahoo.com,0158699978,FR,Europe,Saint Marcel-les-Bains,43,M,Family,2021-12-17,2021,12,Gold,SMS,False,French,Visa,Family,,Active,2022-04-28,OTA Referral,10,23208.88
C0001000561,ناصر,المهيدب,ناصر.المهيدب@acme.com,+971 113 330 8962,AE,Middle East,West Bethanyton,33,M,Business,2024-05-11,2024,5,Silver,Email,True,Arabic,PayPal,Executive,,Active,2025-06-30,Corporate Contract,35,14673.21
C0001000562,Leon,Smith,leons@gmail.com,+1 587 829 8143,CH,Europe,Humphreysshire,50,M,Leisure,2019-03-21,2019,3,Non-Member,SMS,True,English,Apple Pay,Suite,,Active,,Walk-in,5,20870.84
C0001000563,Caroline,Lane,clane@oscorp.com,,US,North America,Port Stewart,40,F,Business,2019-02-15,2019,2,Gold,Email,True,English,Google Pay,Deluxe,,Active,2021-06-16,Walk-in,7,9615.1
C0001000564,Stephen,Stephenson,stephen.stephenson@outlook.com,+1 460 502 5565,CA,North America,Lake Tracey,46,M,Leisure,2020-02-20,2020,2,Gold,Both,True,English,Visa,Standard,Late Check-out,Inactive,,Walk-in,26,4996.14
C0001000565,华,程,华_程@gmail.com,+86 388 4910 338,CN,Asia Pacific,Jenkinstown,60,M,Leisure,2019-01-18,2019,1,Basic,Email,False,Chinese,Visa,Standard,Wheelchair Accessible,Active,2021-01-28,Phone Booking,46,19040.33
C0001000566,수빈,양,수빈양@gmail.com,+1 663 179 3190,KR,Asia Pacific,Port Ruthfurt,49,F,Leisure,2023-10-29,2023,10,Non-Member,Email,True,Korean,Mastercard,Standard,,Active,2026-01-27,Phone Booking,5,5734.68
C0001000567,Leah,Mitchell,noemail@provided.com,+1 468 114 7475,SE,Europe,Port Alan,55,F,Family,2019-08-15,2019,8,Non-Member,Email,False,English,Mastercard,Deluxe,Wheelchair Accessible,Active,,OTA Referral,1,431.28
C0001000568,くみ子,小川,くみ子.小川@outlook.com,+81 540-433-295,JP,Asia Pacific,Hughestown,46,F,Family,2023-07-17,2023,7,Basic,SMS,False,Japanese,Mastercard,Deluxe,,Active,2026-04-24,OTA Referral,36,10430.25
C0001000569,Eric,Joyce,eric.joyce@icloud.com,+1 561 352 7568,CH,Europe,Hollyside,47,M,Leisure,2022-03-28,2022,3,Silver,Email,True,English,Visa,Deluxe,,Active,2022-08-29,OTA Referral,50,7733.91
C0001000570,Russell,O'Brien,ro'brien@gmail.com,+1 884 603 3773,CH,Europe,New Charles,55,M,Leisure,2019-02-13,2019,2,Silver,Email,True,English,Mastercard,Family,,Active,2021-05-06,Phone Booking,49,22816.45
C0001000571,Joshua,Shaw,joshua31@gmail.com,+91 422 913 3926,IN,Asia Pacific,Jeremymouth,27,M,Group,2020-07-24,2020,7,Gold,Email,False,English,Mastercard,Standard,"Non-smoking, Early Check-in",Active,,Phone Booking,37,18668.61
C0001000572,Nicola,Mellor,nicola_mellor@initech.com,+1 839 988 8860,MX,North America,South Colinmouth,46,F,Business,2021-11-02,2021,11,Basic,Email,False,English,Visa,Executive,,Active,2024-02-02,Phone Booking,35,5308.45
C0001000573,Damien,Clarke,damienc@gmail.com,+1 946 719 3593,CA,North America,Ianside,37,M,Leisure,2024-01-05,2024,1,Basic,Email,False,English,Apple Pay,Deluxe,,Active,2024-10-03,Phone Booking,34,1864.32
C0001000574,Francis,Lewis,francisl@gmail.com,+1 407 250 2352,KW,Middle East,Jonathanfurt,33,M,Leisure,2023-09-07,2023,9,Basic,Email,True,English,Visa,Standard,,Active,2025-10-27,Phone Booking,15,8174.04
C0001000575,Natasha,Hunter,natasha75@waynecorp.com,04443 355 585,GB,Europe,Philipport,37,F,Business,2024-05-23,2024,5,Gold,Email,True,English,American Express,Standard,,Active,2025-03-18,Walk-in,39,24327.45
C0001000576,Gavin,Lucas,test@test.com,(385) 421-9591,US,North America,Bellville,34,M,Leisure,2019-08-19,2019,8,Silver,SMS,True,English,Mastercard,Standard,"Non-smoking, Allergies",Active,2022-05-20,Website Direct,22,17200.64
C0001000577,Marcus,Bruce,marcus52@gmail.com,+1 636 826 7282,MX,North America,Ashleighville,29,M,Leisure,2022-07-08,2022,7,Non-Member,SMS,False,English,Visa,Standard,,Active,2024-02-29,Walk-in,5,15097.94
C0001000578,Katie,Mitchell,katiem@hotmail.com,916-778-7105,US,North America,Sheilachester,45,F,Leisure,2020-09-09,2020,9,Gold,Both,False,English,Visa,Standard,,Active,2023-01-24,Phone Booking,22,20025.95
C0001000579,Thomas,Banks,thomas9@gmail.com,+91 378 651 7247,IN,Asia Pacific,West Rosie,36,M,Business,2020-07-24,2020,7,Silver,Email,True,English,Mastercard,Suite,,Active,2020-10-01,Phone Booking,46,5764.02
C0001000580,Frank,Wilkinson,frank.wilkinson@gmail.com,+1 414 795 8492,CA,North America,Julieland,50,M,Family,2020-10-13,2020,10,Silver,Email,True,English,American Express,Standard,Early Check-in,Active,,Walk-in,27,8011.21
C0001000581,Anthony,Norman,anthony.norman@gmail.com,000-000-0000,GB,Europe,South Tina,38,M,Leisure,2023-02-03,2023,2,Platinum,SMS,False,English,Visa,Executive,,Active,2025-03-18,Walk-in,30,4281.37
C0001000582,Melanie,Taylor,noemail@provided.com,+1 295 870 7270,NL,Europe,Toddview,25,F,Business,2023-03-11,2023,3,Non-Member,Both,True,English,PayPal,Suite,,Active,2024-10-12,Website Direct,4,7900.28
C0001000583,Allan,Ahmed,aahmed@gmail.com,+1 698 372 2392,QA,Middle East,Middletonside,38,M,Family,2019-04-02,2019,4,Basic,Email,True,English,Visa,Deluxe,,Active,,Website Direct,30,5900.23
C0001000584,斌,陈,斌44@gmail.com,135 5453 633,CN,Asia Pacific,Natalieshire,46,M,Group,2020-01-03,2020,1,Gold,SMS,True,Chinese,Mastercard,Standard,Allergies,Active,2021-08-01,OTA Referral,49,16232.71
C0001000585,Cayetano,Pallarès,cayetano36@outlook.com,+1 508 850 5490,AR,South America,نوريberg,41,M,Leisure,2023-06-25,2023,6,Basic,SMS,False,English,Visa,Standard,,Active,,Corporate Contract,37,5195.16
C0001000586,Barbara,Palmisano,barbara1@cyberdyne.com,+1 858 451 3523,IT,Europe,Cologna Paese,43,F,Business,2022-03-28,2022,3,Gold,Email,True,Italian,Mastercard,Deluxe,,Active,2023-10-31,Phone Booking,11,11440.5
C0001000587,Stacey,Roberts,sroberts@gmail.com,0533 860 300,AU,Asia Pacific,Kevinton,32,F,Business,2020-02-11,2020,2,Non-Member,SMS,True,English,American Express,Suite,,Inactive,,Corporate Contract,4,1248.87
C0001000588,Allan,Davies,alland@outlook.com,+1 711 370 3422,NL,Europe,East Maxport,42,M,Leisure,2019-01-07,2019,1,Silver,Email,True,English,American Express,Executive,,Active,2021-05-07,Walk-in,9,3544.85
C0001000589,Heather,Peters,hpeters@waynecorp.com,+1 466 678 3675,CA,North America,Chelsealand,39,F,Business,2020-10-02,2020,10,Non-Member,Email,True,English,Visa,Suite,,Active,2023-03-11,Walk-in,0,15790.16
C0001000590,Leszek,Schulz,guest@email.com,+49 5146 4005,DE,Europe,Erding,30,M,Family,2024-01-20,2024,1,Silver,SMS,False,German,American Express,Deluxe,,Active,2024-03-23,Phone Booking,10,12512.75
C0001000591,Magdalena,Anglada,magdalena.anglada@gmail.com,+1 446 289 8727,ES,Europe,Santa Cruz de Tenerife,35,F,Leisure,2022-10-31,2022,10,Non-Member,Both,False,Spanish,PayPal,Family,,Inactive,2023-06-30,Website Direct,2,18298.55
C0001000592,Rebecca,Wall,rebecca.wall@yahoo.com,(438) 859-6472,US,North America,Aliceland,39,F,Leisure,2020-11-09,2020,11,Gold,Email,False,English,Mastercard,Executive,,Active,2022-07-15,Walk-in,13,1083.29
C0001000593,Oliver,Smith,oliver.smith@gmail.com,+1 723 354 4220,MX,North America,Wardchester,29,M,Family,2024-02-13,2024,2,Gold,Both,True,English,Visa,Executive,,Active,2025-03-07,Walk-in,36,3809.44
C0001000594,جلنار,كانو,جلنارك@example.ae,+971 220 663 7536,AE,Middle East,Amyport,35,F,Business,2024-04-24,2024,4,Non-Member,Email,False,Arabic,Apple Pay,Executive,,Inactive,2024-05-02,OTA Referral,0,16326.01
C0001000595,Tom,Booth,tom69@gmail.com,000-000-0000,SG,Asia Pacific,Marionport,40,M,Leisure,2021-01-14,2021,1,Non-Member,None,True,English,Visa,Standard,,Active,2021-08-30,Corporate Contract,3,9496.06
C0001000596,Jennifer,Smith,jennifer_smith@gmail.com,+1 962 983 7754,NL,Europe,Steeleport,32,F,Family,2022-02-11,2022,2,Basic,SMS,False,English,Visa,Deluxe,"Late Check-out, High Floor",Inactive,,Phone Booking,11,24887.68
C0001000597,Katie,Warner,katie.warner@gmail.com,+1 612 960 1586,EG,Africa,Spencerville,35,F,Family,2023-01-04,2023,1,Non-Member,Both,True,English,Mastercard,Deluxe,,Inactive,2025-07-28,Corporate Contract,1,5706.73
C0001000598,Jade,Myers,jadem@dummycorp.com,+1 732 303 3446,CA,North America,East Jamie,44,F,Business,2019-07-14,2019,7,Gold,Email,True,English,Apple Pay,Suite,,Active,2022-02-16,Walk-in,15,8856.53
C0001000599,Howard,Hall,howardh@gmail.com,+1 778 809 2771,NL,Europe,Neilton,31,M,Business,2020-07-24,2020,7,Platinum,SMS,True,English,Visa,Suite,,Active,2020-08-11,Phone Booking,44,19707.6
C0001000600,楠,杨,楠_杨@gmail.com,+86 734 2569 450,CN,Asia Pacific,North Frederickborough,35,M,Group,2024-05-23,2024,5,Silver,Email,False,Chinese,Mastercard,Deluxe,,Active,,Phone Booking,10,12254.53
C0001000601,Malcolm,Fisher,malcolm90@icloud.com,+91 214 255 4440,IN,Asia Pacific,Port Jeanburgh,44,M,Group,2023-11-28,2023,11,Basic,SMS,False,English,PayPal,Standard,,Active,,Walk-in,32,23.64
C0001000602,Lodovico,Falloppio,lodovico_falloppio@initech.com,+1 149 644 4064,IT,Europe,Salionze,35,M,Business,2020-08-21,2020,8,Non-Member,Both,False,Italian,Visa,Executive,Late Check-out,Active,2022-11-07,OTA Referral,1,20367.11
C0001000603,Andrew,Barry,andrew35@icloud.com,+1 623 438 8867,KE,Africa,New Peter,34,M,Leisure,2019-03-21,2019,3,Basic,Email,False,English,Google Pay,Standard,,Active,,Website Direct,11,2584.32
C0001000604,Rosaura,Bermejo,rosaura.bermejo@cyberdyne.com,+1 332 710 2765,ES,Europe,Badajoz,41,F,Business,2024-01-25,2024,1,Non-Member,SMS,True,Spanish,American Express,Executive,"High Floor, Wheelchair Accessible",Inactive,,Website Direct,2,21839.19
C0001000605,Lucy,Yates,lyates@gmail.com,+1 551 255 8335,SG,Asia Pacific,New Emmabury,25,F,Family,2023-08-25,2023,8,Non-Member,Email,True,English,PayPal,Deluxe,,Inactive,2026-02-09,Walk-in,1,7783.09
C0001000606,Chloe,Reeves,chloer@gmail.com,+1 556 217 9415,MX,North America,South Nathanton,38,F,Leisure,2024-06-19,2024,6,Basic,Email,True,English,Visa,Deluxe,,Active,2026-10-03,Website Direct,5,20857.95
C0001000607,María Belén,Cabañas,maría belén_cabañas@example.es,+1 442 638 6764,ES,Europe,Zamora,49,F,Business,2019-02-13,2019,2,Silver,Both,True,Spanish,Visa,Executive,,Active,2020-04-10,Phone Booking,10,13300.92
C0001000608,Horst-Peter,Heß,horst-peter.heß@gmail.com,+49 9286 0130,DE,Europe,Soest,31,M,Leisure,2024-07-25,2024,7,Non-Member,Email,True,German,Visa,Standard,,Active,2025-06-25,Walk-in,0,1058.93
C0001000609,Cheryl,White,cheryl67@acme.com,721-623-6621,US,North America,Carolynbury,35,F,Business,2024-01-25,2024,1,Basic,Email,False,English,Visa,Standard,,Active,2025-03-09,Corporate Contract,49,23760.6
C0001000610,Samuel,Howard,guest@email.com,+1 614 294 6886,NL,Europe,Gordonstad,35,M,Leisure,2021-09-23,2021,9,Non-Member,None,True,English,Mastercard,Standard,Late Check-out,Active,,Phone Booking,4,23645.41
C0001000611,Antony,Reynolds,noemail@provided.com,+1 941 694 5309,CA,North America,East Joefurt,28,M,Group,2021-08-02,2021,8,Non-Member,Email,True,English,Mastercard,Executive,,Active,,Walk-in,3,22302.57
C0001000612,Kyle,Morris,kylem@hotmail.com,+1 919 546 6706,CA,North America,Port Ashleystad,35,M,Leisure,2020-10-11,2020,10,Silver,Email,False,English,Visa,Standard,,Active,2022-05-20,Phone Booking,15,11398.58
C0001000613,Norman,Smith,norman.smith@gmail.com,,IN,Asia Pacific,Deanborough,41,M,Business,2023-08-01,2023,8,Non-Member,Both,False,English,Apple Pay,Family,,Active,2025-03-21,Walk-in,3,18661.51
C0001000614,은경,박,은박@cyberdyne.com,+1 662 528 3238,KR,Asia Pacific,Staceyborough,30,F,Business,2021-06-26,2021,6,Silver,SMS,False,Korean,Visa,Standard,,Active,2022-06-05,Website Direct,35,9809.89
C0001000615,Joe,Graham,guest@email.com,+61 502 650 571,AU,Asia Pacific,Darrenview,38,M,Leisure,2024-01-13,2024,1,Basic,Email,False,English,Visa,Deluxe,,Active,2026-12-21,Phone Booking,33,18266.58
C0001000616,Kyle,Harper,kyle_harper@icloud.com,+1 959 319 3874,MX,North America,East Bryanview,33,M,Business,2024-01-26,2024,1,Basic,SMS,False,English,Visa,Deluxe,,Active,2024-02-12,Walk-in,24,10388.64
C0001000617,Rocco,Balla,roccob@outlook.com,+1 273 409 2601,IT,Europe,St. Walburg/Ulten,41,M,Family,2024-01-01,2024,1,Gold,SMS,True,Italian,Mastercard,Standard,,Active,2024-12-21,Website Direct,16,17349.78
C0001000618,정호,박,정호26@yahoo.com,+1 835 171 2809,KR,Asia Pacific,Lake Paulineberg,32,M,Family,2024-02-05,2024,2,Silver,Email,True,Korean,Mastercard,Deluxe,"Early Check-in, Late Check-out",Active,,Phone Booking,40,9516.78
C0001000619,充,石川,充.石川@gmail.com,+81 360-941-448,JP,Asia Pacific,Meganfurt,29,M,Business,2022-02-09,2022,2,Basic,Email,True,Japanese,Visa,Suite,,Active,2025-01-16,Walk-in,8,19670.16
C0001000620,Scott,Carter,scottc@gmail.com,+1 584 317 5499,CO,South America,Nicolastad,43,M,Leisure,2024-06-22,2024,6,Silver,Email,True,English,Visa,Suite,,Active,2026-05-20,Phone Booking,35,22964.27
C0001000621,Leonard,Hussain,leonard.hussain@yahoo.com,010-947-4396,US,North America,New Duncan,34,M,Group,2022-08-11,2022,8,Basic,Email,False,English,PayPal,Standard,,Active,2024-07-08,Walk-in,30,1800.27
C0001000622,Wayne,Herbert,wayne_herbert@gmail.com,966-384-7550,US,North America,Wellsstad,43,M,Business,2023-03-10,2023,3,Non-Member,SMS,True,English,Mastercard,Suite,Late Check-out,Active,2024-12-04,Phone Booking,2,20384.07
C0001000623,지은,문,지은문@outlook.com,+1 474 995 9491,KR,Asia Pacific,West Rhysmouth,33,F,Leisure,2023-05-13,2023,5,Basic,Email,True,Korean,Mastercard,Deluxe,,Inactive,2025-04-19,Website Direct,2,23581.83
C0001000624,Martyn,Webster,martyn_webster@waynecorp.com,+1 591 659 5508,KW,Middle East,Stevenbury,40,M,Business,2022-10-25,2022,10,Non-Member,Email,True,English,Mastercard,Standard,,Active,2025-01-10,Walk-in,3,17065.04
C0001000625,Darren,Wilkinson,darren_wilkinson@gmail.com,+1 816 701 4871,KE,Africa,Mohammadchester,41,M,Group,2024-03-08,2024,3,Silver,SMS,True,English,Google Pay,Deluxe,,Active,2025-09-25,OTA Referral,11,8992.26
C0001000626,Dawn,Nicholls,dawn_nicholls@hotmail.com,+91 940 799 4656,IN,Asia Pacific,South Dominicfort,36,F,Family,2024-07-18,2024,7,Non-Member,Email,False,English,Mastercard,Standard,,Active,2025-06-07,Walk-in,0,15256.57
C0001000627,지현,정,지현정@gmail.com,+1 868 164 5025,KR,Asia Pacific,Juliabury,29,F,Leisure,2019-02-27,2019,2,Non-Member,SMS,True,Korean,Apple Pay,Standard,,Active,2019-03-29,Phone Booking,2,17569.87
C0001000628,Alexander,Stokes,alexander.stokes@outlook.com,+1 183 444 8411,CA,North America,Nataliemouth,25,M,Business,2023-09-12,2023,9,Gold,SMS,False,English,Visa,Ocean View,,Active,2024-04-04,OTA Referral,18,3542.8
C0001000629,Bradley,Williams,bradley85@initech.com,697-523-8961,US,North America,Annafurt,35,M,Business,2021-09-27,2021,9,Gold,Email,True,English,Visa,Deluxe,,Active,,OTA Referral,37,16645.65
C0001000630,Rachel,Evans,rachele@outlook.com,+1 387 266 2560,CA,North America,New Kieran,50,F,Leisure,2024-08-16,2024,8,Silver,Email,False,English,American Express,Standard,,Inactive,2026-11-06,OTA Referral,44,17866.78
C0001000631,Bruce,Barnett,bruce.barnett@umbrellacorp.com,0061 353 801,AU,Asia Pacific,Lake Sheilaview,44,M,Business,2020-03-20,2020,3,Basic,Email,True,English,Visa,Executive,Allergies,Active,,Walk-in,10,10281.8
C0001000632,Karl,Thornton,karl51@outlook.com,(567) 906-3759,US,North America,South Paulstad,27,M,Business,2019-08-29,2019,8,Silver,SMS,True,English,Mastercard,Suite,,Active,2022-03-14,Walk-in,49,22988.61
C0001000633,Rosario,Beccaria,rosario.beccaria@yahoo.com,+1 799 906 6929,IT,Europe,Quinto Al Mare,37,M,Family,2021-09-16,2021,9,Silver,Email,True,Italian,Visa,Deluxe,,Active,,OTA Referral,28,21638.19
C0001000634,Jemma,Brown,jbrown@initech.com,+1 724 768 9790,NL,Europe,East Heatherbury,38,F,Business,2019-03-22,2019,3,Silver,Email,True,English,Visa,Suite,,Active,2022-02-22,Walk-in,1,24122.68
C0001000635,Jay,Lewis,jay73@outlook.com,395-273-9865,US,North America,Payneport,41,M,Leisure,2020-07-26,2020,7,Non-Member,SMS,False,English,PayPal,Deluxe,,Active,2020-08-22,Phone Booking,0,10647.11
C0001000636,Geoffrey,Mason,geoffrey.mason@gmail.com,+1 851 333 9120,MX,North America,Stephensville,26,M,Leisure,2024-11-09,2024,11,Non-Member,Email,True,English,Mastercard,Standard,,Inactive,2027-04-23,Corporate Contract,4,1244.58
C0001000637,Laura,Yates,lauray@gmail.com,+1 252 557 3364,CA,North America,Boothborough,44,F,Leisure,2024-09-22,2024,9,Basic,SMS,True,English,American Express,Deluxe,,Active,2026-11-17,Walk-in,20,17715.61
C0001000638,Théodore,Arnaud,théodore30@gmail.com,+33 935 943 826,FR,Europe,Munoz,34,M,Group,2022-04-10,2022,4,Platinum,Email,False,French,Visa,Suite,,Active,2025-03-27,Corporate Contract,29,8743.78
C0001000639,Lauren,Robinson,lauren.robinson@outlook.com,+91 977 784 3663,IN,Asia Pacific,West Alan,45,F,Family,2019-09-10,2019,9,Non-Member,Email,True,English,Visa,Standard,,Active,2021-01-29,Phone Booking,4,16336.7
C0001000640,Deborah,King,deborah83@gmail.com,+1 580 273 4208,SG,Asia Pacific,Lake Louisechester,40,F,Leisure,2020-06-13,2020,6,Gold,Email,False,English,American Express,Family,,Active,2020-06-20,Phone Booking,17,1487.46
C0001000641,Abbie,Price,aprice@gmail.com,+1 545 102 7688,CO,South America,West Eleanor,35,F,Business,2019-09-27,2019,9,Basic,Email,True,English,Visa,Suite,,Active,2020-10-13,Corporate Contract,11,24618.11
C0001000642,John,Mitchell,jmitchell@outlook.com,+1 681 431 7886,MX,North America,Port Roger,39,M,Leisure,2019-06-25,2019,6,Basic,Email,True,English,Visa,Family,,Active,2020-02-10,Website Direct,27,9193.72
C0001000643,Gareth,Morris,gmorris@outlook.com,+1 422 653 3057,MX,North America,Frenchfurt,38,M,Leisure,2024-06-29,2024,6,Basic,Email,False,English,American Express,Deluxe,,Active,2024-09-13,Website Direct,38,14137.76
C0001000644,亮,徐,noemail@provided.com,191 2774 206,CN,Asia Pacific,Woodburgh,24,M,Leisure,2023-05-06,2023,5,Basic,Email,False,Chinese,Mastercard,Family,,Active,2023-09-06,Walk-in,37,9185.98
C0001000645,Margot,Potier,margotp@outlook.com,0727130859,FR,Europe,Boyer-sur-Mer,32,F,Group,2024-10-21,2024,10,Non-Member,Email,True,French,Mastercard,Standard,,Active,2027-04-21,Corporate Contract,3,7913.11
C0001000646,Elpidio,Rey,erey@outlook.com,+1 311 321 2117,ES,Europe,Burgos,31,M,Group,2020-09-15,2020,9,Non-Member,Email,True,Spanish,PayPal,Deluxe,,Active,2021-12-01,Phone Booking,1,13957.3
C0001000647,Jason,Brady,jbrady@gmail.com,+1 252 550 8197,CA,North America,Harperside,36,M,Family,2019-09-10,2019,9,Silver,Email,False,English,Visa,Standard,,Inactive,2021-01-03,OTA Referral,15,9513.24
C0001000648,Shaun,James,sjames@gmail.com,+1 860 926 1746,SE,Europe,West Rickytown,40,M,Business,2019-05-02,2019,5,Non-Member,Email,True,English,Visa,Executive,,Inactive,2019-10-05,Corporate Contract,1,2177.97
C0001000649,飞,翁,飞翁@outlook.com,+86 469 3253 296,CN,Asia Pacific,Lake Helenside,45,M,Group,2024-02-25,2024,2,Non-Member,Email,True,Chinese,Visa,Standard,,Active,2024-05-29,Walk-in,2,23315.62
C0001000650,Sandra,Tomlinson,sandrat@outlook.com,02756 114 216,GB,Europe,Dennisview,25,F,Business,2023-07-26,2023,7,Basic,Email,False,English,Visa,Standard,,Inactive,2023-09-06,OTA Referral,11,24052.99
C0001000651,Bruce,Manning,bruce.manning@outlook.com,032-807-0738,US,North America,Vincentborough,31,M,Business,2023-07-16,2023,7,Platinum,SMS,False,English,American Express,Suite,,Active,2024-07-17,Corporate Contract,14,10946.05
C0001000652,Hollie,Patel,hollie_patel@acme.com,+1 116 417 6806,TH,Asia Pacific,Port Ellie,29,F,Business,2019-07-02,2019,7,Gold,Email,True,English,Mastercard,Deluxe,Early Check-in,Inactive,,Phone Booking,9,19129.72
C0001000653,Benjamin,Brown,benjamin.brown@umbrellacorp.com,+1 389 410 5110,SG,Asia Pacific,Grahamhaven,26,M,Business,2019-03-11,2019,3,Silver,Email,True,English,Apple Pay,Suite,,Active,2022-02-01,Corporate Contract,6,12844.68
C0001000654,Gareth,Stewart,gareths@yahoo.com,+1 607 971 3725,MX,North America,Port Josephineton,53,M,Leisure,2023-08-31,2023,8,Basic,Both,True,English,Mastercard,Executive,,Active,2026-08-10,Phone Booking,34,23277.13
C0001000655,Matthew,Lane,matthew_lane@outlook.com,+91 807 609 7378,IN,Asia Pacific,New Donna,43,M,Group,2021-12-10,2021,12,Silver,Email,False,English,Mastercard,Deluxe,,Active,2023-09-27,Phone Booking,19,8200.46
C0001000656,Donatello,Borgia,dborgia@gmail.com,+1 768 136 6995,IT,Europe,Varano,49,M,Leisure,2022-10-04,2022,10,Silver,Email,True,Italian,Visa,Suite,,Active,2022-11-14,Walk-in,38,20969.25
C0001000657,Lydia,Kelly,lkelly@outlook.com,981-436-6489,US,North America,West Raymondview,28,F,Business,2024-03-07,2024,3,Basic,Email,True,English,Visa,Executive,,Active,2025-12-16,Phone Booking,39,21318.34
C0001000658,Sandra,Walker,sandra.walker@gmail.com,+1 818 914 3978,CH,Europe,Henrymouth,49,F,Family,2023-08-12,2023,8,Non-Member,SMS,True,English,Google Pay,Ocean View,Early Check-in,Inactive,2026-04-25,Website Direct,2,3711.52
C0001000659,جالا,حنبولي,جالاح@gmail.com,+971 760 398 5537,AE,Middle East,Sylviatown,48,F,Leisure,2023-04-04,2023,4,Silver,Email,False,Arabic,Visa,Standard,,Active,2024-03-01,Phone Booking,47,14431.44
C0001000660,옥자,최,옥자.최@gmail.com,+1 249 842 4698,KR,Asia Pacific,Leechester,36,F,Leisure,2023-01-16,2023,1,Silver,Email,True,Korean,Mastercard,Deluxe,,Inactive,2024-05-27,Phone Booking,8,5503.19
C0001000661,Damien,Chapman,damien17@gmail.com,+1 508 118 7888,SG,Asia Pacific,Lorraineland,41,M,Leisure,2020-08-25,2020,8,Silver,Email,False,English,Visa,Deluxe,,Active,2023-02-07,Website Direct,48,4678.87
C0001000662,Abigail,White,abigailw@outlook.com,+1 136 657 5683,CA,North America,North Alanmouth,41,F,Leisure,2024-11-22,2024,11,Silver,Email,True,English,Visa,Standard,,Active,2027-04-11,Phone Booking,30,16861.71
C0001000663,Jade,Dodd,jaded@gmail.com,+1 257 327 5286,CA,North America,Mohamedshire,25,F,Leisure,2024-02-25,2024,2,Basic,Email,False,English,Visa,Deluxe,,Active,,Phone Booking,11,18014.57
C0001000664,ريان,آل بن ظافر,ريان.آل بن ظافر@gmail.com,+971 790 275 2296,AE,Middle East,North Nicholas,38,F,Family,2020-07-07,2020,7,Silver,Email,True,Arabic,Visa,Deluxe,,Active,2023-06-21,Website Direct,17,5087.24
C0001000665,Abdul,Jones,ajones@gmail.com,+1 357 485 8616,CH,Europe,North Patricia,61,M,Leisure,2024-11-05,2024,11,Silver,Email,True,English,Mastercard,Family,,Active,,Corporate Contract,44,12900.25
C0001000666,Simon,Williams,swilliams@yahoo.com,+91 151 411 4171,IN,Asia Pacific,Walkermouth,26,M,Family,2022-09-05,2022,9,Non-Member,SMS,True,English,Visa,Suite,,Active,,OTA Referral,0,21752.08
C0001000667,Joshua,Edwards,joshua.edwards@hotmail.com,+1 907 267 2042,NL,Europe,Sinclairshire,41,M,Family,2024-01-13,2024,1,Non-Member,Email,True,English,Mastercard,Suite,"High Floor, Late Check-out",Active,2026-11-19,Website Direct,0,21034.01
C0001000668,磊,姜,磊姜@gmail.com,+86 528 3541 649,CN,Asia Pacific,Lake Markfurt,40,M,Family,2019-01-29,2019,1,Non-Member,Email,False,Chinese,Visa,Standard,,Active,2021-04-21,Walk-in,1,4443.38
C0001000669,Barry,Green,barry_green@gmail.com,+1 305 146 7531,CA,North America,Marieton,44,M,Leisure,2021-02-19,2021,2,Basic,Email,False,English,PayPal,Standard,,Active,2023-11-05,Website Direct,42,9362.83
C0001000670,Donald,Leonard,noemail@provided.com,+1 263 126 8604,CA,North America,Carltown,27,M,Business,2022-01-06,2022,1,Non-Member,Email,True,English,American Express,Standard,Allergies,Active,,Walk-in,3,9026.34
C0001000671,琴,钟,琴.钟@outlook.com,312 0655 450,CN,Asia Pacific,Port Beverleyfort,34,F,Business,2021-07-16,2021,7,Basic,Both,True,Chinese,Visa,Standard,,Inactive,2023-07-19,Website Direct,34,22712.69
C0001000672,Derek,Gray,derek.gray@gmail.com,+1 990 163 3736,SE,Europe,Jaynechester,38,M,Family,2023-04-15,2023,4,Basic,Email,False,English,Mastercard,Standard,,Active,,Phone Booking,32,1596.07
C0001000673,Edward,James,ejames@outlook.com,+1 131 467 1615,CA,North America,Martintown,51,M,Leisure,2024-01-16,2024,1,Non-Member,Email,True,English,Visa,Standard,,Active,,Walk-in,3,18447.77
C0001000674,Pauline,Thomas,pauline.thomas@outlook.com,+1 939 309 7050,SE,Europe,New Suzanne,37,F,Leisure,2022-05-22,2022,5,Basic,Email,False,English,Visa,Standard,,Active,2022-08-12,OTA Referral,27,11459.63
C0001000675,Lucrezia,Notarbartolo,lucrezia42@globex.com,+1 867 247 3152,IT,Europe,Valpiana,39,F,Business,2023-01-03,2023,1,Non-Member,Email,True,Italian,Visa,Standard,,Inactive,2023-11-18,Phone Booking,2,19761.84
C0001000676,Obdulia,León,obdulial@outlook.com,+1 596 584 5275,ES,Europe,Las Palmas,50,F,Leisure,2019-01-27,2019,1,Silver,Email,False,Spanish,PayPal,Deluxe,"Allergies, Early Check-in",Active,2019-05-15,Website Direct,49,17044.64
C0001000677,桃子,吉田,桃吉田@outlook.com,968-877-9047,JP,Asia Pacific,Daviestown,29,F,Business,2021-04-27,2021,4,Silver,Email,True,Japanese,PayPal,Deluxe,,Active,,Phone Booking,33,18522.84
C0001000678,Alice,Curtis,alice.curtis@waynecorp.com,(827) 796-0250,US,North America,Angelaside,33,F,Business,2021-06-12,2021,6,Non-Member,Email,True,English,Mastercard,Standard,,Active,2022-07-22,Phone Booking,3,6350.79
C0001000679,玲,宋,玲宋@gmail.com,+86 936 9663 194,CN,Asia Pacific,Traceyton,39,F,Business,2024-04-09,2024,4,Basic,Both,True,Chinese,Mastercard,Deluxe,,Active,2026-06-22,Corporate Contract,32,13334.68
C0001000680,Georgia,Coleman,georgiac@acme.com,+1 883 964 4809,MX,North America,South Jacquelinehaven,40,F,Business,2021-12-15,2021,12,Non-Member,Email,True,English,Visa,Ocean View,,Active,2024-11-25,OTA Referral,3,21345.83
C0001000681,Clive,Gibson,clive65@gmail.com,+1 426 420 8739,CA,North America,Lewischester,44,M,Leisure,2023-06-17,2023,6,Non-Member,Email,True,English,Visa,Deluxe,,Active,2024-02-29,Walk-in,4,1044.8
C0001000682,Frédéric,Paul,guest@email.com,0400331182,FR,Europe,Sainte Lucasnec,55,M,Leisure,2024-05-19,2024,5,Basic,Email,True,French,Mastercard,Executive,,Active,2026-06-27,OTA Referral,44,13699.29
C0001000683,Olivia,Noble,onoble@gmail.com,+1 789 890 3208,CH,Europe,North Connor,42,F,Leisure,2024-09-29,2024,9,Non-Member,SMS,True,English,Apple Pay,Suite,,Active,2026-12-29,Walk-in,5,2591.54
C0001000684,Nicole,Ahmed,test@test.com,05673 761 258,GB,Europe,Jeremyport,48,F,Group,2020-02-23,2020,2,Non-Member,SMS,True,English,Mastercard,Deluxe,,Active,2023-01-19,Website Direct,0,21587.31
C0001000685,Jacopo,Raimondi,jacopo80@starkindustries.com,+1 679 368 8123,IT,Europe,Casignana,38,M,Business,2020-02-12,2020,2,Non-Member,Email,True,Italian,Visa,Suite,,Active,2021-04-11,Website Direct,0,16444.82
C0001000686,Iolanda,Parpinel,iolanda6@gmail.com,+1 694 780 1779,IT,Europe,Mileto,37,F,Leisure,2023-05-05,2023,5,Silver,SMS,True,Italian,Visa,Executive,,Active,2026-01-28,Corporate Contract,13,8811.74
C0001000687,Owen,Hall,ohall@gmail.com,+91 824 373 8935,IN,Asia Pacific,Lake Geraldinefurt,38,M,Business,2022-01-21,2022,1,Platinum,Email,True,English,PayPal,Executive,,Active,2023-10-03,OTA Referral,3,21983.86
C0001000688,جوليا,آل معيض,جولياآ@gmail.com,+1 216 725 8445,SA,Middle East,Josephinehaven,49,F,Leisure,2023-06-07,2023,6,Basic,Email,False,Arabic,Mastercard,Suite,,Active,2024-12-07,Corporate Contract,27,20154.96
C0001000689,Alex,Finch,guest@email.com,+1 582 180 7511,MX,North America,Nashview,38,M,Leisure,2021-01-11,2021,1,Basic,Email,False,English,PayPal,Family,,Active,2022-08-29,Walk-in,5,2019.59
C0001000690,Margaret,Kennedy,noemail@provided.com,000-000-0000,GB,Europe,New Damianchester,52,F,Leisure,2024-02-03,2024,2,Non-Member,SMS,False,English,American Express,Deluxe,,Active,2024-03-04,OTA Referral,1,24073.29
C0001000691,Gillian,Taylor,gtaylor@gmail.com,+1 762 892 6788,CA,North America,New Julian,34,F,Group,2020-04-25,2020,4,Gold,Email,False,English,Visa,Executive,,Active,2021-01-28,Website Direct,27,15577.01
C0001000692,Bruce,Johnson,bruce_johnson@initech.com,+1 767 207 3390,CA,North America,North Leonardland,38,M,Business,2019-05-28,2019,5,Basic,Email,True,English,Visa,Standard,,Active,,Walk-in,6,10091.08
C0001000693,준영,이,준영_이@globex.com,+1 661 981 9979,KR,Asia Pacific,North Andreaberg,43,M,Business,2021-03-29,2021,3,Silver,Email,False,Korean,Apple Pay,Executive,,Active,,Walk-in,35,13041.37
C0001000694,Yan,Almeida,yan.almeida@gmail.com,(403) 7995-237,BR,South America,West Adam,54,M,Leisure,2024-07-13,2024,7,Basic,Email,True,Portuguese,Visa,Deluxe,,Active,2024-09-12,Website Direct,24,16243.49
C0001000695,Nigel,Baker,nbaker@icloud.com,+1 822 689 8683,TH,Asia Pacific,Hardyborough,55,M,Business,2019-02-05,2019,2,Basic,Email,True,English,Mastercard,Standard,,Active,2019-06-11,Walk-in,39,12618.54
C0001000696,Joan,Thorpe,noemail@provided.com,+1 390 157 7797,NL,Europe,Lesleyview,25,F,Business,2020-12-10,2020,12,Non-Member,Email,True,English,Visa,Deluxe,,Inactive,2022-09-05,OTA Referral,2,12643.03
C0001000697,Ryan,Harris,rharris@acme.com,07631 583 735,GB,Europe,Zoemouth,42,M,Business,2020-07-03,2020,7,Non-Member,Email,False,English,Visa,Suite,,Inactive,2020-10-26,OTA Referral,1,6464.73
C0001000698,Amico,Papafava,amico35@yahoo.com,+1 897 899 7153,IT,Europe,San Pietro Di Caltagirone,43,M,Leisure,2021-08-22,2021,8,Non-Member,Email,True,Italian,Visa,Standard,,Active,2022-09-22,Walk-in,1,11992.77
C0001000699,Bethan,Howells,bhowells@gmail.com,+1 562 754 9183,SE,Europe,Lake Jayton,42,F,Leisure,2019-01-12,2019,1,Platinum,SMS,False,English,American Express,Deluxe,,Inactive,2019-05-28,OTA Referral,29,22451.44
C0001000700,Marcus,Cox,mcox@globex.com,+1 570 486 1862,CH,Europe,Callumburgh,26,M,Business,2024-01-19,2024,1,Non-Member,Email,True,English,Visa,Suite,,Active,2025-08-07,OTA Referral,3,7430.8
C0001000701,Rebecca,Lewis,rebecca.lewis@icloud.com,,SG,Asia Pacific,Freemanview,39,F,Family,2023-05-04,2023,5,Non-Member,Email,True,English,Mastercard,Standard,,Inactive,2025-10-13,Website Direct,2,495.15
C0001000702,Janet,Perry,janetp@cyberdyne.com,+1 915 918 2243,CA,North America,Dobsonmouth,45,F,Business,2023-01-04,2023,1,Basic,Email,True,English,PayPal,Suite,,Active,2023-12-13,OTA Referral,27,19301.86
C0001000703,Declan,Perry,declan_perry@gmail.com,+1 713 636 7163,KW,Middle East,Powellhaven,49,M,Family,2024-01-23,2024,1,Silver,Email,True,English,Visa,Standard,,Active,,OTA Referral,41,12536.36
C0001000704,Samantha,Cunningham,samanthac@gmail.com,+1 376 212 7575,MX,North America,North Lynne,27,F,Family,2022-06-29,2022,6,Silver,Email,True,English,Mastercard,Deluxe,,Active,,OTA Referral,9,21810.28
C0001000705,Ryan,Wilkinson,ryan.wilkinson@gmail.com,03623 048 206,GB,Europe,East Anthonyland,50,M,Leisure,2023-09-13,2023,9,Non-Member,SMS,True,English,American Express,Family,,Active,,Walk-in,4,12361.58
C0001000706,Francesca,Bragaglia,francesca_bragaglia@outlook.com,+1 846 140 8908,IT,Europe,Cherubine,48,F,Leisure,2024-10-02,2024,10,Basic,SMS,False,Italian,Apple Pay,Standard,,Active,2026-09-10,Website Direct,13,15916.4
C0001000707,Melissa,Hall,melissa29@gmail.com,+1 201 100 9578,CH,Europe,Taylorfort,48,F,Business,2024-07-08,2024,7,Gold,SMS,False,English,Mastercard,Executive,,Active,2027-01-25,Walk-in,8,21212.41
C0001000708,Susan,Baker,susanb@oscorp.com,+1 254 938 8140,MX,North America,New Philip,46,F,Business,2020-09-08,2020,9,Non-Member,Email,False,English,Mastercard,Standard,,Active,,Website Direct,0,1334.77
C0001000709,Colin,Parkes,colinp@gmail.com,0442 769 600,AU,Asia Pacific,North Frederickborough,41,M,Leisure,2024-11-05,2024,11,Silver,SMS,True,English,Mastercard,Suite,,Active,2026-08-26,Walk-in,22,4565.09
C0001000710,Jane,Watkins,jane2@gmail.com,(006) 233-3428,US,North America,Gilesburgh,33,F,Family,2019-03-28,2019,3,Gold,Email,True,English,Mastercard,Suite,,Inactive,,Walk-in,47,7880.66
C0001000711,Grace,Thornton,gthornton@gmail.com,+1 531 466 1704,MX,North America,Normanside,40,F,Leisure,2021-09-11,2021,9,Silver,Email,True,English,Mastercard,Standard,,Active,,Corporate Contract,7,8510.01
C0001000712,Louis,Chadwick,louis97@hotmail.com,(861) 701-9331,US,North America,Johnside,51,M,Leisure,2019-04-06,2019,4,Basic,Both,True,English,Visa,Standard,,Active,,Phone Booking,44,9578.86
C0001000713,Dorothy,Page,dorothy_page@yahoo.com,+1 402 988 9517,CA,North America,West Caroleport,39,F,Group,2024-11-17,2024,11,Gold,Email,False,English,Apple Pay,Suite,Wheelchair Accessible,Active,2025-07-19,OTA Referral,32,10693.9
C0001000714,Meral,Finke,guest@email.com,+49 8582 8383,DE,Europe,Oberviechtach,49,F,Family,2019-09-14,2019,9,Silver,Email,True,German,Visa,Standard,,Active,2022-06-28,Phone Booking,13,10330.76
C0001000715,Joan,Wilson,joanw@waynecorp.com,011-139-6686,US,North America,Anthonystad,31,F,Business,2024-10-21,2024,10,Non-Member,Email,False,English,Visa,Standard,Wheelchair Accessible,Active,2025-10-10,Website Direct,1,6991.84
C0001000716,Damien,Smith,damien_smith@gmail.com,+1 227 712 6553,MX,North America,Woodsland,44,M,Leisure,2019-01-18,2019,1,Non-Member,Both,False,English,Mastercard,Deluxe,,Active,2020-06-24,Corporate Contract,2,15050.2
C0001000717,Gavin,Ross,gavin.ross@gmail.com,+1 998 810 8720,CH,Europe,Williamsstad,44,M,Leisure,2021-10-04,2021,10,Non-Member,Both,False,English,Google Pay,Standard,,Active,2022-07-18,Website Direct,5,18024.06
C0001000718,Clara,Araujo,clara17@umbrellacorp.com,+1 138 426 1154,ES,Europe,Guipúzcoa,50,F,Business,2023-11-22,2023,11,Non-Member,SMS,True,Spanish,Apple Pay,Executive,,Active,2024-04-21,Website Direct,2,13764.61
C0001000719,은경,오,은경_오@acme.com,+1 379 729 3244,KR,Asia Pacific,Lake Donald,48,F,Business,2024-06-26,2024,6,Non-Member,Both,True,Korean,Visa,Suite,,Active,2024-08-12,Website Direct,3,6063.57
C0001000720,Cameron,Martin,cameron.martin@hotmail.com,+1 231 371 7509,MX,North America,Yvonneview,30,M,Business,2024-12-17,2024,12,Basic,Email,True,English,PayPal,Standard,,Active,,Website Direct,41,24008.91
C0001000721,Duncan,Parsons,dparsons@yahoo.com,337-857-8580,US,North America,Howemouth,45,M,Leisure,2022-01-08,2022,1,Basic,SMS,True,English,Visa,Deluxe,,Active,2022-08-03,Corporate Contract,32,18133.85
C0001000722,Lee,Hurst,lee_hurst@initech.com,+1 430 783 6424,SE,Europe,East Jamestown,25,M,Business,2022-12-12,2022,12,Non-Member,Email,True,English,PayPal,Standard,,Active,2024-09-02,Phone Booking,1,20762.34
C0001000723,Sharon,Roberts,sroberts@outlook.com,+1 708 463 4015,MX,North America,Coxhaven,55,F,Leisure,2019-07-08,2019,7,Non-Member,Email,True,English,American Express,Executive,,Active,2021-05-09,Corporate Contract,1,6828.36
C0001000724,Ross,Abbott,ross.abbott@outlook.com,+1 373 985 2197,CA,North America,Freemanburgh,25,M,Business,2023-07-19,2023,7,Non-Member,SMS,False,English,Mastercard,Deluxe,,Active,2025-07-24,OTA Referral,0,16079.82
C0001000725,Shirley,Foster,test@test.com,+1 453 725 4065,NL,Europe,Chandlerfurt,50,F,Leisure,2023-07-31,2023,7,Silver,Email,True,English,Visa,Standard,,Inactive,2024-10-30,Walk-in,6,3813.68
C0001000726,Christoph,Reising,creising@waynecorp.com,+49 3682 1864,DE,Europe,Kitzingen,38,M,Business,2023-02-27,2023,2,Basic,Email,False,German,Visa,Executive,,Active,2023-03-13,Website Direct,16,17543.74
C0001000727,Antony,Leonard,aleonard@gmail.com,+1 893 164 3134,CA,North America,Morganborough,49,M,Leisure,2022-04-11,2022,4,Silver,Email,True,English,Mastercard,Family,,Active,,Phone Booking,12,14890.91
C0001000728,Joanna,Collier,joanna_collier@hotmail.com,0708 672 896,AU,Asia Pacific,Taylorborough,44,F,Leisure,2023-01-22,2023,1,Basic,Email,False,English,Visa,Deluxe,,Active,2025-02-18,OTA Referral,10,17247.96
C0001000729,Natasha,Thomas,nthomas@outlook.com,+1 230 154 9027,CL,South America,East Charlesshire,42,F,Leisure,2020-07-30,2020,7,Silver,SMS,True,English,American Express,Deluxe,,Active,2022-07-27,Corporate Contract,18,9189.97
C0001000730,Francis,Taylor,francis.taylor@starkindustries.com,+1 308 566 7080,CL,South America,West Junehaven,30,M,Business,2021-06-03,2021,6,Non-Member,SMS,True,English,Apple Pay,Deluxe,"Non-smoking, Late Check-out",Active,,Phone Booking,3,24633.16
C0001000731,Gerald,Watson,gerald_watson@yahoo.com,+1 225 176 5743,NL,Europe,Coateschester,30,M,Group,2024-04-05,2024,4,Non-Member,Email,True,English,American Express,Deluxe,,Active,2026-09-11,OTA Referral,3,954.42
C0001000732,Charlie,Burns,charlieb@gmail.com,000-000-0000,CO,South America,Anneton,41,M,Business,2019-09-25,2019,9,Basic,Email,True,English,Visa,Standard,Late Check-out,Active,2022-06-17,OTA Referral,38,1066.06
C0001000733,Brunilda,Galan,brunilda_galan@acme.com,+1 253 362 2734,ES,Europe,Navarra,35,F,Business,2020-10-02,2020,10,Platinum,Email,False,Spanish,Visa,Ocean View,Late Check-out,Active,2021-02-01,Walk-in,8,11645.78
C0001000734,Gerard,Kelly,gerardk@outlook.com,+1 906 545 4794,MX,North America,Lake Megan,35,M,Group,2024-02-08,2024,2,Basic,SMS,True,English,Visa,Standard,,Active,,Phone Booking,41,22784.05
C0001000735,ضيائي,بقشان,ضيائي.بقشان@oscorp.com,+1 273 608 8125,SA,Middle East,Lewisside,32,M,Business,2023-05-05,2023,5,Non-Member,SMS,True,Arabic,Mastercard,Suite,,Inactive,2024-04-29,Walk-in,1,11244.86
C0001000736,Jason,Bradshaw,jason_bradshaw@tyrellcorp.com,+1 140 554 9477,MX,North America,Port Dean,33,M,Business,2024-05-02,2024,5,Silver,SMS,True,English,Visa,Deluxe,,Active,2024-11-28,Corporate Contract,13,7176.46
C0001000737,Keith,West,kwest@gmail.com,417-276-9159,US,North America,South Geoffrey,49,M,Leisure,2024-05-04,2024,5,Basic,None,True,English,Visa,Ocean View,"Allergies, Wheelchair Accessible",Inactive,2025-05-17,Website Direct,3,16512.56
C0001000738,حكيم,فصيل,حكيم_فصيل@hotmail.com,+971 781 633 7304,AE,Middle East,North Paulineport,43,M,Leisure,2023-06-10,2023,6,Basic,SMS,True,Arabic,Apple Pay,Executive,,Active,,Website Direct,40,11451.4
C0001000739,Bradley,Edwards,bradley_edwards@dummycorp.com,+1 466 471 3096,TH,Asia Pacific,New Neilburgh,36,M,Business,2020-07-06,2020,7,Non-Member,None,True,English,Visa,Executive,,Active,2021-06-03,Corporate Contract,0,16827.29
C0001000740,Georgia,Wallis,georgia_wallis@globex.com,+1 405 807 9182,MX,North America,South Chelsea,31,F,Business,2020-09-04,2020,9,Basic,Email,True,English,Mastercard,Executive,,Active,,Walk-in,24,7064.59
C0001000741,Shirley,Wood,swood@gmail.com,+1 466 724 4943,MX,North America,Pritchardtown,35,F,Leisure,2020-11-26,2020,11,Silver,SMS,True,English,Mastercard,Deluxe,,Active,,OTA Referral,40,3184.64
C0001000742,Alan,Davies,adavies@gmail.com,09493 777 923,GB,Europe,Reidmouth,51,M,Business,2019-07-29,2019,7,Platinum,Email,True,English,PayPal,Executive,,Active,,Phone Booking,44,4080.42
C0001000743,Shane,Walton,swalton@gmail.com,+1 749 310 8467,SE,Europe,Carlychester,36,M,Business,2023-12-09,2023,12,Basic,Email,True,English,Visa,Family,,Active,2024-06-11,Phone Booking,5,15834.87
C0001000744,Ezio,Salvini,ezios@outlook.com,+1 808 687 9142,IT,Europe,Lupazzano,55,M,Group,2019-03-09,2019,3,Non-Member,Email,True,Italian,American Express,Standard,,Active,2020-03-21,Website Direct,3,4829.03
C0001000745,سعد,المغاولة,سعد11@gmail.com,+1 873 415 6635,SA,Middle East,South Alex,44,M,Leisure,2021-12-30,2021,12,Non-Member,Email,True,Arabic,PayPal,Deluxe,,Active,2023-02-24,OTA Referral,0,22333.34
C0001000746,يسري,آل صفوان,يسريآ@outlook.com,+1 488 782 3607,SA,Middle East,East Sandramouth,44,M,Leisure,2020-08-18,2020,8,Gold,SMS,True,Arabic,Mastercard,Deluxe,,Active,2020-10-22,Phone Booking,19,23981.99
C0001000747,Gonzalo,Gallart,gonzalo.gallart@gmail.com,+1 530 808 2029,ES,Europe,Tarragona,52,M,Leisure,2024-12-01,2024,12,Basic,SMS,True,Spanish,Apple Pay,Executive,"Allergies, Wheelchair Accessible",Active,,Website Direct,45,4601.57
C0001000748,Suzanne,Dawson,suzanne_dawson@oscorp.com,+44 0503 68407,GB,Europe,Dylanton,44,F,Business,2019-04-19,2019,4,Silver,Both,True,English,Visa,Family,,Active,2020-01-26,Corporate Contract,18,24785.92
C0001000749,Richard,North,richard_north@gmail.com,+1 661 424 9698,CA,North America,Batesborough,43,M,Business,2024-04-26,2024,4,Basic,Email,True,English,Visa,Deluxe,,Active,2026-02-10,Corporate Contract,2,173.89
C0001000750,Marcus,Clark,marcus11@outlook.com,+1 930 430 8056,QA,Middle East,Port Lucyberg,44,M,Leisure,2020-03-31,2020,3,Non-Member,None,True,English,Mastercard,Standard,,Active,2021-01-05,Walk-in,0,7640.82
C0001000751,Ben,Gregory,ben.gregory@initech.com,+1 384 634 5680,MX,North America,Barkerbury,39,M,Business,2024-03-26,2024,3,Basic,Email,True,English,Visa,Ocean View,High Floor,Inactive,,Corporate Contract,25,22037.14
C0001000752,Rita,Miller,rmiller@outlook.com,+1 270 181 3621,NL,Europe,West Mollyport,25,F,Group,2023-05-01,2023,5,Basic,Email,False,English,Visa,Standard,,Active,,Corporate Contract,0,19519.15
C0001000753,桂芳,刘,桂芳刘@gmail.com,939 3035 703,CN,Asia Pacific,Joneshaven,40,F,Leisure,2023-03-10,2023,3,Silver,Email,True,Chinese,PayPal,Family,,Active,,Website Direct,8,19082.28
C0001000754,Melissa,Hawkins,melissah@gmail.com,+1 361 228 4019,NL,Europe,Stevenview,47,F,Leisure,2019-08-21,2019,8,Basic,Email,True,English,Mastercard,Standard,,Active,2019-10-10,Website Direct,30,13271.72
C0001000755,Carolyn,Gill,carolyng@gmail.com,+1 928 594 5262,NL,Europe,New Antony,49,F,Leisure,2021-10-20,2021,10,Basic,Email,True,English,Mastercard,Deluxe,,Inactive,2022-08-17,OTA Referral,39,24194.35
C0001000756,Fabrizia,Mascagni,fmascagni@gmail.com,+1 978 529 8916,IT,Europe,Muzzano,52,F,Leisure,2021-05-13,2021,5,Gold,Email,True,Italian,Apple Pay,Executive,,Active,2022-04-14,Corporate Contract,24,14328.37
C0001000757,知実,山口,guest@email.com,+81 569-561-977,JP,Asia Pacific,Yvonneville,34,F,Leisure,2020-06-14,2020,6,Basic,Both,True,Japanese,Visa,Suite,,Active,2020-09-23,Corporate Contract,18,19049.84
C0001000758,Raimundo,Gimenez,raimundog@globex.com,+1 922 474 7219,ES,Europe,Lleida,25,M,Business,2021-02-15,2021,2,Basic,Email,True,Spanish,Google Pay,Executive,,Active,2022-12-15,Phone Booking,48,18311.67
C0001000759,Kimberley,Powell,noemail@provided.com,01504 734 567,GB,Europe,Johnsonside,53,F,Leisure,2024-02-08,2024,2,Non-Member,SMS,True,English,Visa,Deluxe,,Active,,Website Direct,0,4301.3
C0001000760,Leanne,Brown,lbrown@gmail.com,+1 924 323 8503,MX,North America,South Dale,39,F,Leisure,2024-07-11,2024,7,Non-Member,Email,True,English,Visa,Standard,,Active,,Phone Booking,0,16131.67
C0001000761,Tom,Shaw,tom_shaw@yahoo.com,0049 155 692,AU,Asia Pacific,Aimeeland,40,M,Leisure,2024-01-31,2024,1,Non-Member,Email,False,English,Visa,Executive,,Active,2025-02-24,Corporate Contract,1,20547.31
C0001000762,Alina,Parmitano,alina3@example.it,+1 603 284 1707,IT,Europe,Argelato,37,F,Business,2020-01-09,2020,1,Silver,Email,True,Italian,Visa,Suite,,Active,,Walk-in,9,10811.37
C0001000763,Maria,Lowe,maria20@waynecorp.com,+1 239 520 2693,CA,North America,Brownstad,42,F,Business,2024-07-05,2024,7,Non-Member,Email,False,English,Visa,Suite,,Active,2027-03-07,OTA Referral,5,9745.81
C0001000764,学,石井,学石@globex.com,+81 717-169-374,JP,Asia Pacific,Ryanfurt,39,M,Business,2021-07-18,2021,7,Non-Member,SMS,True,Japanese,Visa,Standard,Late Check-out,Active,2022-04-21,OTA Referral,3,14784.71
C0001000765,建平,赵,建平赵@umbrellacorp.com,031 2809 695,CN,Asia Pacific,Francischester,36,M,Business,2023-09-03,2023,9,Non-Member,None,False,Chinese,Visa,Standard,,Inactive,,Walk-in,5,21235.31
C0001000766,Sophie,Jennings,sophie.jennings@outlook.com,+1 394 719 9902,CA,North America,Paynemouth,36,F,Leisure,2022-10-21,2022,10,Silver,Email,True,English,Visa,Standard,,Active,2024-11-01,Corporate Contract,32,12842.51
C0001000767,Amanda,Jackson,ajackson@outlook.com,+61 490 826 302,AU,Asia Pacific,New Maria,43,F,Leisure,2022-01-17,2022,1,Platinum,Email,False,English,American Express,Deluxe,,Active,2024-02-14,Website Direct,24,20455.15
C0001000768,Natasha,Day,nday@hotmail.com,+1 937 751 7839,CA,North America,Howardton,54,F,Leisure,2024-05-12,2024,5,Non-Member,Email,True,English,American Express,Standard,,Active,2024-06-14,OTA Referral,4,5511.49
C0001000769,Oliver,Lawson,oliver13@yahoo.com,748-453-0774,US,North America,Port Rita,40,M,Leisure,2021-11-28,2021,11,Silver,Email,True,English,American Express,Deluxe,Non-smoking,Active,2022-06-10,Walk-in,41,5961.17
C0001000770,Margaret,Walker,margaret.walker@starkindustries.com,+1 910 310 9617,CH,Europe,Blakeberg,36,F,Business,2019-10-29,2019,10,Basic,Email,True,English,American Express,Deluxe,,Active,,Corporate Contract,32,10354.91
C0001000771,Carolyn,Davey,carolyn22@outlook.com,+1 373 769 2602,MX,North America,Ingrammouth,40,F,Leisure,2022-06-03,2022,6,Silver,SMS,True,English,Mastercard,Suite,,Inactive,,Corporate Contract,34,6303.74
C0001000772,Stanley,Taylor,stanley.taylor@outlook.com,+1 118 479 4247,CA,North America,Louisfurt,20,M,Group,2021-09-10,2021,9,Basic,SMS,False,English,Google Pay,Standard,,Active,2022-01-20,Walk-in,43,12890.45
C0001000773,Declan,Smith,declan2@outlook.com,000-000-0000,QA,Middle East,O'Sullivanmouth,34,M,Leisure,2024-09-09,2024,9,Basic,Both,True,English,Visa,Standard,,Active,2025-01-30,Walk-in,47,14.08
C0001000774,Alan,Hammond,alan_hammond@gmail.com,925-656-4322,US,North America,Port Gillianshire,39,M,Business,2019-01-11,2019,1,Basic,Email,True,English,PayPal,Standard,,Active,2021-03-20,Walk-in,25,14181.92
C0001000775,Bruce,Morgan,bruce.morgan@initech.com,+91 286 543 1359,IN,Asia Pacific,South Ellieport,42,M,Business,2020-04-29,2020,4,Basic,Email,False,English,Mastercard,Executive,,Inactive,2021-11-30,Website Direct,10,10220.16
C0001000776,楠,吴,楠.吴@yahoo.com,+86 977 2283 540,CN,Asia Pacific,Lake Tobyside,46,M,Leisure,2024-05-14,2024,5,Non-Member,Email,False,Chinese,Mastercard,Suite,,Inactive,2025-06-04,Walk-in,2,7164.43
C0001000777,Julian,Bates,julian23@hotmail.com,+1 718 564 6100,CH,Europe,North Sam,32,M,Family,2020-06-16,2020,6,Basic,Both,True,English,Mastercard,Standard,,Inactive,,Walk-in,3,22780.73
C0001000778,智也,林,智也_林@gmail.com,779-238-7195,JP,Asia Pacific,Kirstyville,30,M,Group,2024-12-04,2024,12,Silver,Email,True,Japanese,Mastercard,Deluxe,,Active,2026-04-01,OTA Referral,48,24357.08
C0001000779,Lee,Bruce,leeb@outlook.com,+1 383 673 2162,KW,Middle East,Duffybury,33,M,Leisure,2023-01-07,2023,1,Non-Member,Email,True,English,Visa,Standard,,Active,2023-11-26,OTA Referral,2,9422.51
C0001000780,Marion,Harrison,marion.harrison@outlook.com,+1 472 390 1597,NL,Europe,Simmonsfort,41,F,Leisure,2023-10-02,2023,10,Basic,Email,False,English,Visa,Suite,,Active,,Phone Booking,44,9406.29
C0001000781,Terry,Hill,terry_hill@initech.com,+1 785 689 4938,CA,North America,Brucehaven,35,M,Business,2024-04-01,2024,4,Basic,SMS,False,English,Apple Pay,Suite,Wheelchair Accessible,Active,,Website Direct,25,2676.19
C0001000782,Shaun,Hughes,test@test.com,+1 324 235 3686,TH,Asia Pacific,New Rachael,56,M,Leisure,2020-11-13,2020,11,Platinum,SMS,True,English,Visa,Deluxe,,Active,2022-09-18,Walk-in,22,10798.12
C0001000783,Annette,Schofield,aschofield@starkindustries.com,+1 927 788 7575,SE,Europe,Ashleighbury,28,F,Business,2020-12-11,2020,12,Silver,SMS,True,English,American Express,Suite,,Active,2023-10-20,OTA Referral,26,5601.74
C0001000784,Kayleigh,Moore,kmoore@gmail.com,+44 7928 14707,GB,Europe,Jeremymouth,40,F,Leisure,2022-05-15,2022,5,Basic,Email,False,English,Apple Pay,Standard,,Active,,OTA Referral,10,2437.91
C0001000785,Chelsea,Russell,crussell@outlook.com,+1 438 222 2181,TH,Asia Pacific,Ambermouth,34,F,Business,2023-11-01,2023,11,Non-Member,SMS,False,English,American Express,Executive,,Active,2026-10-18,Corporate Contract,5,2372.94
C0001000786,نسيب,آل خضير,نسيب61@gmail.com,+971 850 476 4294,AE,Middle East,New Nicole,55,M,Family,2019-01-16,2019,1,Gold,Email,True,Arabic,Apple Pay,Suite,,Inactive,,OTA Referral,11,14643.47
C0001000787,Sara,Brooks,sara_brooks@acme.com,(652) 385-1288,US,North America,Port Pamelastad,28,F,Business,2021-06-07,2021,6,Gold,Email,False,English,Google Pay,Executive,,Active,2024-06-06,Corporate Contract,35,8779.64
C0001000788,Jennifer,Read,jenniferr@hotmail.com,736-301-8453,US,North America,Jonesbury,46,F,Leisure,2022-10-09,2022,10,Non-Member,Email,True,English,Mastercard,Standard,,Active,2025-03-08,OTA Referral,0,12929.0
C0001000789,Lauren,Kaur,laurenk@outlook.com,+1 977 220 5989,NG,Africa,Armstrongstad,51,F,Family,2023-02-20,2023,2,Gold,Email,True,English,Apple Pay,Standard,,Active,2024-08-02,Phone Booking,15,14468.43
C0001000790,Dawn,Morris,dmorris@gmail.com,+1 226 255 5695,KW,Middle East,East Victoriachester,28,F,Leisure,2019-08-20,2019,8,Non-Member,None,True,English,Visa,Standard,,Active,2021-07-25,OTA Referral,4,10049.1
C0001000791,Charlene,Barnett,charlene_barnett@outlook.com,+44 3296 79999,GB,Europe,Port Jason,44,F,Leisure,2024-05-15,2024,5,Basic,Email,False,English,Visa,Standard,,Active,2026-03-04,Website Direct,22,21215.29
C0001000792,Jane,Walker,jane_walker@hotmail.com,+1 773 204 6174,SG,Asia Pacific,Port Abbie,39,F,Business,2022-01-26,2022,1,Silver,Email,False,English,Visa,Standard,,Active,2024-12-03,Walk-in,15,9237.11
C0001000793,Craig,Middleton,noemail@provided.com,000-000-0000,SE,Europe,Jacksonmouth,49,M,Family,2022-10-06,2022,10,Silver,Email,True,English,Mastercard,Suite,,Active,,Walk-in,46,20977.77
C0001000794,Jacques,Perrot,jacques.perrot@gmail.com,0716139947,FR,Europe,Becker-sur-Hervé,52,M,Leisure,2021-08-11,2021,8,Non-Member,Email,False,French,American Express,Deluxe,,Active,2024-01-19,Corporate Contract,4,1824.45
C0001000795,Sally,Hall,sally90@gmail.com,+1 596 964 1352,CA,North America,Priceland,43,F,Leisure,2022-02-26,2022,2,Non-Member,Email,False,English,Visa,Standard,,Inactive,2022-06-23,Phone Booking,2,1251.76
C0001000796,Joanne,Smith,joannes@gmail.com,0838 036 635,AU,Asia Pacific,Jodiehaven,28,F,Business,2023-10-04,2023,10,Non-Member,Email,True,English,Mastercard,Ocean View,,Active,2024-08-20,OTA Referral,2,9219.6
C0001000797,Uberto,Offredi,uberto69@gmail.com,,IT,Europe,Scontrone,47,M,Leisure,2024-03-02,2024,3,Basic,Email,True,Italian,American Express,Standard,,Active,,Walk-in,18,15829.87
C0001000798,سخاء,آل عايض,سخاء.آل عايض@gmail.com,+1 997 370 2230,SA,Middle East,Clarkeland,42,M,Business,2024-02-05,2024,2,Non-Member,Email,False,Arabic,Mastercard,Standard,,Active,2026-01-11,Website Direct,1,24623.87
C0001000799,Jordan,Jones,jordan_jones@hotmail.com,+1 560 930 1338,NL,Europe,East Jeremyborough,32,M,Leisure,2023-07-19,2023,7,Gold,Email,True,English,Mastercard,Suite,,Inactive,2023-10-14,OTA Referral,9,18451.15
C0001000800,Damian,Atkins,noemail@provided.com,+1 447 366 8810,MX,North America,Elliottside,38,M,Leisure,2022-02-22,2022,2,Basic,Email,False,English,PayPal,Suite,,Active,,Website Direct,37,3423.86
C0001000801,Bruce,French,bruce.french@gmail.com,+1 114 299 7548,TH,Asia Pacific,North Gracefort,42,M,Leisure,2019-05-27,2019,5,Gold,Email,True,English,Visa,Deluxe,Early Check-in,Active,,OTA Referral,48,12905.8
C0001000802,Louise,De Sousa,louised@gmail.com,0461894058,FR,Europe,Chauvin-sur-Boulay,38,F,Family,2019-02-17,2019,2,Gold,Email,True,French,Mastercard,Family,,Active,2021-11-20,OTA Referral,8,12372.99
C0001000803,Christine,Jones,christine62@example.ca,+1 957 817 5622,CA,North America,Paigemouth,44,F,Business,2022-01-07,2022,1,Gold,Email,True,English,Visa,Ocean View,,Active,2023-05-20,Phone Booking,44,24579.96
C0001000804,想,张,想_张@cyberdyne.com,003 8644 321,CN,Asia Pacific,South Mandy,32,M,Business,2019-11-10,2019,11,Non-Member,Email,True,Chinese,Visa,Family,,Active,,OTA Referral,0,9947.64
C0001000805,Maria Flor,Cunha,maria flor_cunha@gmail.com,(815) 6308-713,BR,South America,West Joe,38,F,Group,2023-05-07,2023,5,Basic,SMS,True,Portuguese,PayPal,Standard,,Active,2025-03-28,Corporate Contract,48,9126.04
C0001000806,Francis,Butcher,francisb@yahoo.com,+1 109 808 2127,CA,North America,East Staceyside,36,M,Leisure,2022-08-05,2022,8,Platinum,Email,True,English,American Express,Family,,Active,2024-09-17,Walk-in,49,17819.12
C0001000807,Jonathan,Smith,jonathans@outlook.com,+1 408 333 4161,QA,Middle East,New Diane,38,M,Family,2022-05-31,2022,5,Silver,Email,True,English,Visa,Suite,,Active,2024-01-30,Corporate Contract,44,10908.74
C0001000808,Kathryn,Owens,kathryn56@outlook.com,+1 888 132 9472,CA,North America,Garryberg,34,F,Group,2024-02-04,2024,2,Basic,SMS,True,English,PayPal,Executive,,Active,,OTA Referral,20,23645.01
C0001000809,Kimberley,Shaw,kimberley.shaw@gmail.com,+1 224 667 1106,CH,Europe,Emmatown,49,F,Leisure,2023-05-30,2023,5,Basic,Email,False,English,American Express,Deluxe,,Active,2024-01-15,Corporate Contract,22,8736.88
C0001000810,Bethany,Wilkinson,guest@email.com,+1 128 498 3792,CA,North America,Perkinschester,42,F,Leisure,2023-09-01,2023,9,Basic,Email,True,English,Visa,Suite,,Active,,Walk-in,25,24186.41
C0001000811,George,Waters,george_waters@tyrellcorp.com,+1 420 955 6263,SG,Asia Pacific,South Annette,28,M,Business,2023-02-09,2023,2,Basic,Email,False,English,Visa,Deluxe,,Active,2023-08-31,Website Direct,12,13896.17
C0001000812,Marcus,Jones,marcusj@gmail.com,(808) 951-2882,US,North America,Fionaland,33,M,Group,2019-01-12,2019,1,Non-Member,Email,True,English,Mastercard,Suite,,Active,2020-11-02,Phone Booking,3,17953.54
C0001000813,Notburga,Schuchhardt,notburga.schuchhardt@gmail.com,+49 326 00619,DE,Europe,Waldmünchen,35,F,Leisure,2023-04-04,2023,4,Gold,Email,False,German,Mastercard,Family,,Active,2025-08-04,Walk-in,15,24022.49
C0001000814,Martin,Higgins,test@test.com,+91 562 782 4046,IN,Asia Pacific,Martinfort,36,M,Business,2024-02-06,2024,2,Silver,Both,True,English,Visa,Standard,,Active,,Website Direct,18,2019.96
C0001000815,Reyes,Leon,reyesl@gmail.com,+1 511 365 4927,ES,Europe,Palencia,55,M,Leisure,2023-05-19,2023,5,Non-Member,Email,False,Spanish,Visa,Executive,,Active,,OTA Referral,4,9226.49
C0001000816,Griselda,Catenazzi,griselda20@gmail.com,+1 390 952 9991,IT,Europe,Cima,53,F,Leisure,2024-08-26,2024,8,Non-Member,Email,True,Italian,Apple Pay,Deluxe,,Active,,Website Direct,1,17266.67
C0001000817,Joshua,Mahmood,joshuam@outlook.com,+1 503 750 8773,KW,Middle East,Moranside,25,M,Family,2019-09-30,2019,9,Gold,Email,True,English,Mastercard,Deluxe,Late Check-out,Active,2021-07-05,Website Direct,15,21785.26
C0001000818,Liam,Manning,lmanning@gmail.com,798-308-6283,US,North America,Junemouth,59,M,Leisure,2019-08-14,2019,8,Non-Member,Both,True,English,Mastercard,Standard,,Inactive,,Corporate Contract,3,24497.62
C0001000819,Sam,Barton,sam.barton@waynecorp.com,02332 445 586,GB,Europe,Kennethmouth,26,M,Business,2023-05-01,2023,5,Non-Member,SMS,False,English,Visa,Standard,,Active,2025-07-31,Website Direct,0,17517.26
C0001000820,Rosemary,Evans,revans@yahoo.com,+1 917 439 9809,MX,North America,South Martinton,32,F,Business,2024-01-24,2024,1,Gold,SMS,False,English,Google Pay,Suite,,Active,2024-02-01,Website Direct,48,8837.55
C0001000821,Isaac,De Oliveira,isaac_de oliveira@gmail.com,0423684343,FR,Europe,Ribeirodan,31,M,Family,2024-02-08,2024,2,Non-Member,Email,True,French,Google Pay,Deluxe,,Active,2025-05-21,OTA Referral,4,6838.91
C0001000822,Carly,Cross,ccross@outlook.com,+1 274 970 7714,NL,Europe,Stephensonmouth,33,F,Business,2022-01-28,2022,1,Silver,SMS,True,English,Mastercard,Suite,,Active,2024-10-23,Website Direct,50,14165.98
C0001000823,智也,岡田,智也85@gmail.com,+81 937-989-299,JP,Asia Pacific,Sheilaview,28,M,Leisure,2022-03-21,2022,3,Basic,SMS,False,Japanese,Visa,Standard,,Active,2023-02-15,Corporate Contract,30,14855.08
C0001000824,Luke,Harrison,luke.harrison@gmail.com,(202) 083-5389,US,North America,Dorothyside,43,M,Leisure,2019-02-13,2019,2,Non-Member,Email,True,English,Google Pay,Standard,,Active,2021-11-03,Corporate Contract,4,12774.62
C0001000825,Aurélie,Regnier,aurélie_regnier@gmail.com,0538891509,FR,Europe,Carlier,45,F,Leisure,2022-11-08,2022,11,Platinum,Email,True,French,Google Pay,Standard,,Active,,Corporate Contract,1,14730.66
C0001000826,Roman,Alonzi,roman.alonzi@outlook.com,+1 733 844 9577,IT,Europe,Santo Stefano Medio,29,M,Group,2019-01-30,2019,1,Non-Member,SMS,True,Italian,Mastercard,Deluxe,,Active,2019-10-04,Corporate Contract,5,9454.43
C0001000827,Rebeca,Higueras,rebeca_higueras@outlook.com,+1 416 612 4313,ES,Europe,Burgos,36,F,Leisure,2021-11-23,2021,11,Basic,Email,False,Spanish,Visa,Ocean View,,Active,2022-06-03,Corporate Contract,14,15259.2
C0001000828,Louis,Cook,louis_cook@outlook.com,+91 153 699 5914,IN,Asia Pacific,East Wendyhaven,43,M,Leisure,2019-08-21,2019,8,Non-Member,Email,False,English,PayPal,Standard,Allergies,Active,2022-01-19,Walk-in,0,13334.06
C0001000829,香織,森,香織森@umbrellacorp.com,+81 730-381-653,JP,Asia Pacific,Nicolashire,28,F,Business,2024-05-01,2024,5,Non-Member,Email,True,Japanese,Visa,Family,,Active,2025-03-20,Phone Booking,4,15980.73
C0001000830,Benoît,Brunel,benoît.brunel@gmail.com,,FR,Europe,Chartier,55,M,Family,2019-03-05,2019,3,Silver,Email,True,French,Visa,Standard,,Active,2022-03-01,Website Direct,21,24637.13
C0001000831,Margaret,Walker,margaret_walker@outlook.com,+1 379 217 7499,NL,Europe,Alberttown,33,F,Family,2023-06-17,2023,6,Non-Member,Email,False,English,American Express,Standard,,Active,2024-03-01,Website Direct,4,19458.07
C0001000832,Allan,King,allan.king@hotmail.com,+1 785 300 9174,CH,Europe,Bruceberg,40,M,Family,2022-09-12,2022,9,Basic,Email,True,English,Visa,Suite,,Active,2024-07-11,Website Direct,29,19510.9
C0001000833,Hugues,Ollivier,hugues11@gmail.com,+33 792 737 146,FR,Europe,Potier,28,M,Leisure,2021-07-11,2021,7,Non-Member,SMS,False,French,Visa,Executive,,Active,2022-12-13,Corporate Contract,2,21662.3
C0001000834,Nathan,Webster,nathan79@starkindustries.com,(930) 942-1522,US,North America,West Eileenmouth,25,M,Business,2020-12-02,2020,12,Non-Member,SMS,True,English,Mastercard,Standard,,Active,,Walk-in,4,9510.51
C0001000835,阳,王,阳王@tyrellcorp.com,580 8434 613,CN,Asia Pacific,Lake Natasha,33,M,Business,2024-04-11,2024,4,Non-Member,Email,False,Chinese,Visa,Standard,,Active,2026-06-01,OTA Referral,0,9368.28
C0001000836,Douglas,Robertson,douglas.robertson@gmail.com,+1 927 496 6508,CA,North America,Rickyport,32,M,Family,2023-05-28,2023,5,Silver,Email,True,English,Visa,Standard,,Active,2025-10-21,Walk-in,1,14009.1
C0001000837,Wayne,Bull,wbull@acme.com,+1 333 650 2735,MX,North America,Port Mitchell,26,M,Business,2019-03-21,2019,3,Non-Member,Email,True,English,Mastercard,Executive,,Inactive,,Phone Booking,1,23945.47
C0001000838,Aaron,Warren,aaron_warren@yahoo.com,(445) 947-1812,US,North America,Khanside,27,M,Business,2022-05-01,2022,5,Silver,Email,False,English,Visa,Deluxe,"Early Check-in, High Floor",Active,,Corporate Contract,35,7119.9
C0001000839,Frederick,Kent,frederick.kent@gmail.com,+1 390 329 7491,TH,Asia Pacific,East Ashleighton,34,M,Leisure,2021-06-28,2021,6,Silver,Both,True,English,Visa,Standard,,Active,,Phone Booking,9,21120.07
C0001000840,Laurent,Neveu,laurentn@yahoo.com,0978069023,FR,Europe,Saint Xavier,42,M,Leisure,2019-04-10,2019,4,Silver,SMS,False,French,Mastercard,Executive,,Active,,Walk-in,33,17032.73
C0001000841,Helen,Porter,helen_porter@initech.com,+1 419 660 6208,MX,North America,West Glennberg,33,F,Business,2020-12-15,2020,12,Silver,SMS,False,English,Visa,Suite,,Inactive,,Walk-in,9,16973.78
C0001000842,Garry,Scott,garry.scott@gmail.com,+1 188 427 6681,MX,North America,New Lorraine,50,M,Family,2019-05-17,2019,5,Gold,Email,False,English,Visa,Standard,,Inactive,2020-07-23,Website Direct,45,4243.3
C0001000843,Bryan,Thomas,bryant@yahoo.com,+1 732 110 6384,TH,Asia Pacific,Aimeeberg,46,M,Group,2023-09-14,2023,9,Non-Member,Email,True,English,American Express,Standard,,Active,2025-07-15,Corporate Contract,0,5051.36
C0001000844,Raffaellino,Petrocelli,raffaellinop@gmail.com,+1 980 138 3754,IT,Europe,Castello Lavazzo,35,M,Family,2019-02-13,2019,2,Non-Member,SMS,True,Italian,American Express,Deluxe,,Inactive,2019-02-23,Corporate Contract,0,7189.28
C0001000845,Elliot,Evans,eevans@gmail.com,+1 451 981 2223,MX,North America,Lake Alan,52,M,Leisure,2019-04-13,2019,4,Platinum,Email,True,English,American Express,Executive,"Early Check-in, Late Check-out",Active,2020-10-27,OTA Referral,12,2382.38
C0001000846,Katherine,Thompson,kthompson@hotmail.com,07780 577 223,GB,Europe,Christineburgh,36,F,Business,2024-05-22,2024,5,Non-Member,Both,True,English,Visa,Suite,,Active,2027-04-26,Phone Booking,1,12811.81
C0001000847,Janet,Evans,janet_evans@gmail.com,+1 709 388 1624,KW,Middle East,Joanberg,44,F,Business,2021-04-12,2021,4,Basic,Both,True,English,Visa,Executive,,Active,,Walk-in,2,7380.7
C0001000848,Max,Richards,mrichards@outlook.com,+1 878 799 7249,TH,Asia Pacific,Gregorychester,42,M,Leisure,2023-01-10,2023,1,Basic,Email,True,English,Visa,Deluxe,,Active,2024-05-23,Walk-in,8,17541.03
C0001000849,Marcus,Kirk,marcusk@cyberdyne.com,+1 497 587 8734,SE,Europe,Rogersfurt,53,M,Business,2019-02-26,2019,2,Non-Member,SMS,True,English,Visa,Deluxe,,Active,2021-05-19,Corporate Contract,4,24273.66
C0001000850,裕美子,鈴木,裕鈴木@hotmail.com,+81 629-327-498,JP,Asia Pacific,Clivestad,45,F,Business,2020-01-03,2020,1,Platinum,Email,True,Japanese,Visa,Suite,,Active,2020-08-23,Corporate Contract,38,21858.16
C0001000851,Keith,Potter,kpotter@cyberdyne.com,+1 798 847 9265,TH,Asia Pacific,Daleshire,30,M,Business,2023-10-22,2023,10,Gold,Email,False,English,Apple Pay,Deluxe,,Active,2023-12-30,OTA Referral,0,1471.73
C0001000852,Debra,Taylor,debrat@gmail.com,+1 165 684 3981,SG,Asia Pacific,West Joanna,28,F,Business,2021-03-12,2021,3,Non-Member,Email,False,English,American Express,Standard,Wheelchair Accessible,Active,2022-05-24,Walk-in,4,15566.51
C0001000853,Nicole,May,nicole_may@outlook.com,+1 624 945 4366,TH,Asia Pacific,Jeffreyland,44,F,Leisure,2021-08-03,2021,8,Basic,Email,True,English,Google Pay,Deluxe,,Active,,Phone Booking,21,13256.6
C0001000854,Christiane,Turpin,guest@email.com,+33 078 974 205,FR,Europe,BriandVille,50,F,Group,2022-07-14,2022,7,Silver,SMS,False,French,Visa,Standard,Wheelchair Accessible,Inactive,2024-05-29,Walk-in,47,15815.5
C0001000855,Charlotte,Thomas,charlotte_thomas@initech.com,+91 749 762 1098,IN,Asia Pacific,Georgiafurt,29,F,Business,2024-08-21,2024,8,Non-Member,Email,False,English,Mastercard,Executive,,Active,,Corporate Contract,2,20082.55
C0001000856,Adam,Reynolds,adam75@gmail.com,950-972-9588,US,North America,Port Dylanhaven,37,M,Leisure,2023-11-28,2023,11,Silver,SMS,True,English,PayPal,Deluxe,,Active,2024-02-07,OTA Referral,50,21720.14
C0001000857,Dina,Medici,dina_medici@hotmail.com,+1 239 781 9925,IT,Europe,Borgo Fornari,34,F,Business,2019-07-29,2019,7,Silver,SMS,False,Italian,American Express,Executive,,Active,2021-11-07,Website Direct,9,13745.26
C0001000858,Elliott,Vincent,elliott_vincent@outlook.com,+1 417 989 6939,TH,Asia Pacific,Carolineborough,42,M,Leisure,2023-08-20,2023,8,Basic,Both,True,English,American Express,Deluxe,,Active,2026-04-22,Phone Booking,19,434.11
C0001000859,Mustafa,Etzler,mustafa_etzler@outlook.com,+49 2653 3206,DE,Europe,Kronach,49,M,Group,2022-06-19,2022,6,Non-Member,Email,True,German,Visa,Executive,,Active,2024-05-24,OTA Referral,5,8386.21
C0001000860,Iain,Patel,iain_patel@starkindustries.com,+44 2406 47263,GB,Europe,Nichollsview,49,M,Business,2022-03-24,2022,3,Non-Member,Email,True,English,Visa,Deluxe,,Active,2023-06-06,Website Direct,4,17994.58
C0001000861,Roy,Walton,roy2@gmail.com,+1 574 231 6403,SG,Asia Pacific,Eleanorhaven,21,M,Group,2024-03-20,2024,3,Platinum,Email,False,English,Google Pay,Executive,,Active,,Phone Booking,2,13866.0
C0001000862,Lynne,Kaur,lynne.kaur@example.mx,+1 264 354 7568,MX,North America,Stokesmouth,31,F,Business,2020-08-05,2020,8,Silver,Email,False,English,PayPal,Suite,,Active,,OTA Referral,9,24465.82
C0001000863,Rhys,Kirk,rhys.kirk@gmail.com,000-000-0000,AU,Asia Pacific,Hilltown,41,M,Leisure,2023-09-13,2023,9,Silver,Email,False,English,Visa,Suite,,Active,2025-02-09,Walk-in,11,24089.38
C0001000864,أسرار,المغاولة,أسرارا@outlook.com,+971 739 650 4288,AE,Middle East,Timothychester,28,F,Leisure,2019-12-07,2019,12,Basic,Email,True,Arabic,Visa,Suite,,Active,2020-12-10,Phone Booking,32,24768.45
C0001000865,Eileen,Jones,ejones@cyberdyne.com,+1 320 584 6662,MX,North America,Craigside,30,F,Business,2023-08-24,2023,8,Non-Member,SMS,True,English,American Express,Suite,,Active,2024-04-19,OTA Referral,3,21200.42
C0001000866,Amy,Smith,amys@gmail.com,+1 403 400 2164,MX,North America,Cameronside,41,F,Group,2024-01-25,2024,1,Silver,Email,False,English,Mastercard,Executive,,Inactive,2025-03-10,Website Direct,20,13475.13
C0001000867,Leon,Horton,leonh@outlook.com,+1 136 690 5498,NL,Europe,Lake Jeffreychester,38,M,Leisure,2024-04-10,2024,4,Non-Member,Email,True,English,Mastercard,Deluxe,,Active,2025-02-27,Phone Booking,4,18230.38
C0001000868,Anett,Schenk,anett11@gmail.com,+49 9528 8761,DE,Europe,Sankt Goar,43,F,Leisure,2023-09-26,2023,9,Basic,Email,True,German,Mastercard,Standard,,Inactive,2024-11-06,Corporate Contract,3,20328.18
C0001000869,Iain,Collier,icollier@yahoo.com,+1 682 580 4637,TH,Asia Pacific,New Charlenechester,39,M,Leisure,2020-11-15,2020,11,Gold,SMS,True,English,Visa,Standard,,Inactive,2021-11-08,Phone Booking,6,11740.44
C0001000870,Dylan,Cox,dylan.cox@icloud.com,+1 686 544 4767,SE,Europe,Browneburgh,67,M,Leisure,2019-01-28,2019,1,Silver,SMS,False,English,Visa,Deluxe,,Active,2020-10-12,Phone Booking,38,15595.42
C0001000871,Conor,Brown,noemail@provided.com,+1 480 375 3197,CA,North America,Declanville,48,M,Leisure,2022-05-23,2022,5,Gold,Email,True,English,Mastercard,Suite,,Active,2022-12-01,Walk-in,5,16619.02
C0001000872,Kieran,Wilkins,noemail@provided.com,+1 689 740 3581,NL,Europe,Daviesberg,53,M,Business,2020-06-26,2020,6,Basic,Both,True,English,Visa,Deluxe,,Active,2022-04-28,Walk-in,0,11289.57
C0001000873,Eric,Cartwright,eric81@acme.com,+1 243 411 8774,MX,North America,East Tobyfurt,28,M,Business,2023-09-28,2023,9,Non-Member,SMS,True,English,Visa,Suite,,Active,2026-06-06,Website Direct,4,10252.18
C0001000874,Alice,Lees,alice_lees@gmail.com,+1 551 838 9481,SE,Europe,Port Sandra,39,F,Business,2021-01-18,2021,1,Gold,Email,False,English,Google Pay,Executive,,Active,,Website Direct,48,13019.41
C0001000875,Valerie,Akhtar,valerie25@gmail.com,+1 244 484 5391,SE,Europe,Aliside,30,F,Leisure,2021-05-22,2021,5,Gold,Email,True,English,Mastercard,Standard,"Allergies, Non-smoking",Active,,Phone Booking,25,9692.54
C0001000876,Abbie,Davies,adavies@icloud.com,+44 8757 52772,GB,Europe,East Bernardfurt,33,F,Family,2020-03-28,2020,3,Silver,Both,False,English,Mastercard,Deluxe,,Active,,Website Direct,15,9909.39
C0001000877,Alexander,Harrison,aharrison@gmail.com,+1 527 745 2541,MX,North America,North Aimee,34,M,Business,2022-09-13,2022,9,Non-Member,SMS,True,English,Apple Pay,Executive,,Active,,Walk-in,5,391.97
C0001000878,Russell,Collins,russell.collins@gmail.com,+44 4110 87928,GB,Europe,West Annetteview,51,M,Group,2022-05-21,2022,5,Basic,Email,False,English,Mastercard,Family,,Active,2024-04-28,OTA Referral,48,16456.99
C0001000879,直樹,井上,直樹井@outlook.com,412-661-2898,JP,Asia Pacific,Hamiltonfurt,45,M,Leisure,2021-01-17,2021,1,Silver,Email,True,Japanese,Visa,Suite,,Inactive,2023-01-21,Website Direct,17,23569.72
C0001000880,Terry,Wells,terry18@gmail.com,+1 528 706 4774,CA,North America,Leahhaven,37,M,Group,2019-04-17,2019,4,Non-Member,SMS,True,English,Visa,Deluxe,,Active,2021-05-20,Website Direct,1,1059.73
C0001000881,Hilary,O'Neill,hilary21@umbrellacorp.com,+1 355 180 5424,SE,Europe,Mollyland,25,F,Business,2021-05-12,2021,5,Basic,Email,True,English,Mastercard,Suite,,Active,2022-08-23,OTA Referral,10,12977.89
C0001000882,Ale,Herranz,ale_herranz@oscorp.com,+1 547 829 9022,ES,Europe,Lugo,30,M,Business,2021-10-27,2021,10,Silver,Email,True,Spanish,Mastercard,Standard,,Active,2023-03-28,Website Direct,23,511.97
C0001000883,Lewis,Peacock,lewis_peacock@gmail.com,+1 582 874 5160,TH,Asia Pacific,West Juneside,31,M,Business,2024-10-04,2024,10,Non-Member,Email,True,English,Mastercard,Executive,High Floor,Inactive,,OTA Referral,1,514.84
C0001000884,Frank,Morris,frank15@outlook.com,+1 447 885 3327,SG,Asia Pacific,Kellyland,44,M,Leisure,2020-08-18,2020,8,Non-Member,Email,False,English,Visa,Ocean View,,Active,2022-03-24,Corporate Contract,3,360.06
C0001000885,Josh,Cross,joshc@hotmail.com,+1 610 411 1803,TH,Asia Pacific,Garryfort,48,M,Leisure,2019-03-12,2019,3,Basic,None,True,English,Mastercard,Standard,,Active,,Walk-in,49,7241.78
C0001000886,Rosie,Smart,rsmart@gmail.com,+1 207 110 5492,CA,North America,Gordonbury,42,F,Leisure,2019-07-23,2019,7,Basic,Email,True,English,Apple Pay,Suite,Early Check-in,Active,2021-08-21,OTA Referral,23,5703.98
C0001000887,Laura,Hartley,laura.hartley@gmail.com,+1 315 585 2595,CO,South America,Terryport,43,F,Group,2023-11-25,2023,11,Basic,SMS,False,English,Apple Pay,Suite,,Inactive,2025-02-11,Website Direct,12,16591.63
C0001000888,Bruce,Hewitt,bruce.hewitt@gmail.com,(375) 527-9271,US,North America,North Naomichester,37,M,Leisure,2020-02-24,2020,2,Gold,Email,False,English,Visa,Deluxe,,Active,,OTA Referral,28,22458.16
C0001000889,Mark,Howell,mark85@icloud.com,(295) 443-8293,US,North America,East Shaunfurt,30,M,Leisure,2019-05-08,2019,5,Silver,SMS,False,English,Visa,Deluxe,,Active,2019-09-29,Corporate Contract,37,9915.69
C0001000890,David,Gallagher,david27@gmail.com,0483 504 137,AU,Asia Pacific,Johnsonborough,40,M,Leisure,2023-04-13,2023,4,Non-Member,Email,False,English,Apple Pay,Executive,,Active,2023-12-21,Website Direct,4,17535.01
C0001000891,Ricardo,Fischer,ricardo98@gmail.com,+49 7247 9889,DE,Europe,Mühldorf am Inn,50,M,Leisure,2023-12-03,2023,12,Silver,Email,True,German,Mastercard,Executive,,Active,,Walk-in,38,836.1
C0001000892,宁,金,宁金@outlook.com,+86 737 2150 824,CN,Asia Pacific,North Rogershire,43,M,Leisure,2019-04-04,2019,4,Platinum,Both,True,Chinese,Mastercard,Standard,,Active,2020-01-18,Walk-in,14,11780.3
C0001000893,丽华,李,丽华.李@icloud.com,,CN,Asia Pacific,Derekport,32,F,Family,2024-09-24,2024,9,Non-Member,Email,True,Chinese,Mastercard,Standard,,Inactive,2024-10-26,Website Direct,0,17159.9
C0001000894,Kathryn,Graham,kathryng@gmail.com,+44 7270 45829,GB,Europe,South Lesleyfurt,39,F,Leisure,2023-05-12,2023,5,Non-Member,Email,False,English,Mastercard,Standard,,Inactive,2024-06-23,Walk-in,4,3593.87
C0001000895,Elliot,Ryan,elliot.ryan@hotmail.com,000-000-0000,IN,Asia Pacific,Rhysbury,53,M,Leisure,2022-07-20,2022,7,Non-Member,Email,False,English,Apple Pay,Suite,,Active,,OTA Referral,3,9218.54
C0001000896,Jennifer,Wallace,jennifer2@outlook.com,+1 129 136 5135,MX,North America,Ellisport,39,F,Leisure,2023-01-16,2023,1,Basic,Email,False,English,American Express,Suite,,Active,2024-09-19,Website Direct,47,7881.28
C0001000897,Hollie,Hughes,hollie.hughes@outlook.com,(778) 033-9425,US,North America,Lake Leah,28,F,Leisure,2019-01-23,2019,1,Basic,Email,False,English,Visa,Standard,,Active,,OTA Referral,11,1733.73
C0001000898,상현,류,상류@gmail.com,+1 156 637 3480,KR,Asia Pacific,Wheelerberg,41,M,Leisure,2022-04-02,2022,4,Silver,Email,False,Korean,Visa,Deluxe,,Active,2024-08-01,Website Direct,13,8116.97
C0001000899,Agatha,Hermighausen,agathah@example.de,+49 950 84996,DE,Europe,Mallersdorf,38,F,Business,2021-06-17,2021,6,Non-Member,Email,True,German,Visa,Suite,,Active,2021-12-14,OTA Referral,1,10580.09
C0001000900,Rita,Walker,rita.walker@outlook.com,+1 945 302 4639,QA,Middle East,Louisstad,24,F,Leisure,2024-01-28,2024,1,Non-Member,SMS,False,English,Mastercard,Standard,,Active,2024-12-16,OTA Referral,1,7411.13
C0001000901,Jasmine,Griffiths,jasmine69@outlook.com,+91 392 616 1611,IN,Asia Pacific,Lordport,30,F,Business,2021-10-18,2021,10,Non-Member,SMS,True,English,Apple Pay,Executive,,Active,2023-08-14,Phone Booking,5,11101.7
C0001000902,Luis Miguel,Aller,luis miguel.aller@outlook.com,+1 988 608 3235,ES,Europe,Santa Cruz de Tenerife,32,M,Business,2022-08-29,2022,8,Gold,Email,False,Spanish,Visa,Standard,,Active,2024-06-17,OTA Referral,7,24905.32
C0001000903,Donald,Howard,donaldh@gmail.com,+1 317 997 2714,CA,North America,Cookefort,48,M,Leisure,2019-06-26,2019,6,Silver,SMS,True,English,Mastercard,Deluxe,,Inactive,2021-03-10,OTA Referral,14,20529.73
C0001000904,Paul,Begum,paul_begum@yahoo.com,(560) 546-3486,US,North America,Port Margaret,52,M,Business,2019-11-19,2019,11,Basic,SMS,True,English,Visa,Deluxe,Allergies,Active,2021-04-17,OTA Referral,41,22961.28
C0001000905,Marko,Schomber,test@test.com,+49 793 52534,DE,Europe,Grevenbroich,50,M,Group,2019-06-16,2019,6,Gold,Email,True,German,Visa,Suite,,Active,2020-07-02,Walk-in,3,14588.02
C0001000906,عبد الباقي,المهنا,عبد الباقي25@gmail.com,+1 493 480 3094,SA,Middle East,North Heather,38,M,Leisure,2023-05-15,2023,5,Basic,Email,False,Arabic,Visa,Standard,,Active,2025-08-19,OTA Referral,50,18411.41
C0001000907,Alison,Williams,alisonw@hotmail.com,,MX,North America,Carolestad,36,F,Business,2019-06-19,2019,6,Non-Member,Email,True,English,Visa,Standard,,Inactive,2019-08-25,Walk-in,3,17177.8
C0001000908,Leocadio,Torralba,ltorralba@gmail.com,+1 310 671 1022,ES,Europe,Granada,46,M,Leisure,2020-06-19,2020,6,Platinum,Email,False,Spanish,Mastercard,Standard,,Active,2022-08-03,Website Direct,18,10546.43
C0001000909,Mauro,Telesio,mauro17@gmail.com,+1 989 402 1450,IT,Europe,Travo,35,M,Family,2023-03-21,2023,3,Non-Member,Email,False,Italian,Visa,Deluxe,,Active,,Website Direct,0,2219.88
C0001000910,Bryan,Adams,badams@outlook.com,+1 212 318 9278,CA,North America,Port Lydiaborough,41,M,Business,2022-02-21,2022,2,Platinum,Both,True,English,PayPal,Executive,,Active,2024-07-18,OTA Referral,3,11460.79
C0001000911,Kathleen,Patel,guest@email.com,,QA,Middle East,Port Joannatown,34,F,Business,2019-05-13,2019,5,Silver,Email,False,English,Visa,Family,,Active,2021-10-13,Corporate Contract,3,24565.46
C0001000912,Carolyn,Roberts,carolyn_roberts@gmail.com,+1 748 429 1976,MX,North America,Harveyshire,46,F,Leisure,2021-05-17,2021,5,Silver,Email,True,English,Mastercard,Standard,,Active,2021-12-06,OTA Referral,46,14210.16
C0001000913,Jesús,Cadenas,jesús.cadenas@initech.com,+1 593 809 6716,ES,Europe,Las Palmas,45,M,Business,2023-03-13,2023,3,Non-Member,Email,True,Spanish,Mastercard,Suite,,Active,2023-04-15,OTA Referral,3,4669.95
C0001000914,Lisa,Watts,lisa19@gmail.com,+1 616 886 5310,CA,North America,East Irenemouth,41,F,Family,2024-07-22,2024,7,Basic,Email,False,English,American Express,Standard,,Inactive,2025-07-15,Walk-in,17,22411.69
C0001000915,Graham,Shah,graham23@outlook.com,+1 795 160 6398,CA,North America,Abigailhaven,32,M,Group,2023-10-26,2023,10,Non-Member,Email,False,English,Visa,Standard,,Inactive,2025-04-16,OTA Referral,3,23051.33
C0001000916,直樹,佐藤,直佐藤@gmail.com,163-788-1880,JP,Asia Pacific,Joyceborough,49,M,Leisure,2022-01-22,2022,1,Basic,Email,True,Japanese,Visa,Deluxe,,Active,2024-01-08,Corporate Contract,46,17542.15
C0001000917,Denise,Boyle,denise.boyle@gmail.com,+1 534 395 4913,SE,Europe,Cameronchester,50,F,Family,2019-04-29,2019,4,Silver,Email,True,English,Visa,Deluxe,,Active,,Corporate Contract,16,5199.22
C0001000918,Abdul,Osborne,guest@email.com,394-473-0101,US,North America,Wrighttown,40,M,Business,2020-02-01,2020,2,Basic,SMS,True,English,American Express,Family,,Active,2021-01-09,Corporate Contract,47,9458.62
C0001000919,Damien,James,damien70@gmail.com,794-892-6714,US,North America,Wheelerburgh,31,M,Family,2021-03-05,2021,3,Silver,Email,True,English,American Express,Deluxe,,Active,,Phone Booking,2,2641.5
C0001000920,Estela,Colom,estela36@gmail.com,+1 272 884 5215,AR,South America,Port نور الحقّfurt,73,F,Leisure,2022-06-07,2022,6,Non-Member,Email,True,English,Mastercard,Suite,,Active,,OTA Referral,5,9428.69
C0001000921,旭,刘,旭刘@gmail.com,321 5421 285,CN,Asia Pacific,New James,32,M,Leisure,2019-06-15,2019,6,Silver,Email,False,Chinese,American Express,Executive,,Active,2020-05-07,Website Direct,41,8558.08
C0001000922,ناهد,آل مقطة,ناهد_آل مقطة@gmail.com,+971 118 577 8326,AE,Middle East,Jameschester,39,F,Leisure,2020-07-20,2020,7,Silver,Email,True,Arabic,Mastercard,Deluxe,,Active,,Walk-in,46,164.92
C0001000923,Carmela,Águila,carmela67@hotmail.com,+1 130 256 7775,ES,Europe,Las Palmas,25,F,Business,2024-12-04,2024,12,Basic,Email,True,Spanish,Mastercard,Standard,,Active,,Phone Booking,16,3818.22
C0001000924,Abdul,Green,abdulg@gmail.com,+1 314 448 9448,CA,North America,South Lydia,41,M,Business,2024-06-26,2024,6,Basic,Email,False,English,American Express,Standard,,Inactive,2025-08-18,Phone Booking,26,10871.72
C0001000925,Emma,Hyde,emma.hyde@gmail.com,0711 552 895,AU,Asia Pacific,North Tomburgh,25,F,Business,2024-08-09,2024,8,Non-Member,Email,False,English,Mastercard,Executive,,Inactive,,Phone Booking,2,17683.98
C0001000926,秀珍,杨,秀珍杨@yahoo.com,534 9665 120,CN,Asia Pacific,New Rita,35,F,Leisure,2024-10-11,2024,10,Basic,Email,False,Chinese,American Express,Standard,,Inactive,2026-01-23,OTA Referral,6,8559.01
C0001000927,Teresa,Hughes,teresa_hughes@tyrellcorp.com,01479 080 554,GB,Europe,Bakerfort,30,F,Business,2022-10-28,2022,10,Silver,Email,True,English,Apple Pay,Standard,Non-smoking,Active,2025-09-29,OTA Referral,32,15491.23
C0001000928,Étienne,Marchand,guest@email.com,0293875542,FR,Europe,François-sur-Teixeira,33,M,Business,2020-11-09,2020,11,Non-Member,Email,True,French,American Express,Deluxe,,Active,2023-09-18,Phone Booking,0,13836.15
C0001000929,Lydia,Yates,lydiay@gmail.com,+1 702 909 5197,CA,North America,Port Barbarafort,43,F,Business,2019-12-31,2019,12,Non-Member,Email,False,English,Mastercard,Executive,"Late Check-out, Allergies",Active,,Phone Booking,4,23238.73
C0001000930,知実,坂本,知坂本@umbrellacorp.com,114-798-2601,JP,Asia Pacific,West Maria,47,F,Business,2023-04-27,2023,4,Non-Member,Email,True,Japanese,American Express,Family,,Active,,Walk-in,3,4731.59
C0001000931,Shaun,Walsh,swalsh@gmail.com,+1 646 585 9408,CA,North America,Collinsland,39,M,Leisure,2019-05-16,2019,5,Platinum,Email,True,English,Mastercard,Standard,,Active,2020-05-14,Phone Booking,3,4065.28
C0001000932,Rhys,Wallis,rhysw@yahoo.com,+1 178 346 5775,SG,Asia Pacific,Emmaburgh,27,M,Leisure,2022-02-25,2022,2,Non-Member,None,True,English,Visa,Deluxe,,Active,2024-03-30,Phone Booking,1,1478.06
C0001000933,香織,井上,香織58@gmail.com,+81 045-866-890,JP,Asia Pacific,East Charlie,48,F,Leisure,2019-03-21,2019,3,Non-Member,Email,True,Japanese,Visa,Deluxe,,Active,2019-06-27,Walk-in,3,1471.59
C0001000934,Yvonne,Wilson,yvonne_wilson@dummycorp.com,+1 184 948 6134,MX,North America,Port Frederick,34,F,Business,2022-01-04,2022,1,Non-Member,SMS,True,English,Visa,Suite,"High Floor, Allergies",Active,2023-09-19,OTA Referral,3,7838.41
C0001000935,Giovanni,Borsiere,giovannib@oscorp.com,+1 639 131 5386,IT,Europe,Mantignana,48,M,Business,2019-04-22,2019,4,Silver,Both,True,Italian,Visa,Executive,,Active,2021-11-26,Website Direct,21,14396.87
C0001000936,Albert,Jones,albertj@gmail.com,+1 654 654 7528,NL,Europe,Ameliafurt,44,M,Leisure,2019-09-28,2019,9,Basic,SMS,True,English,Visa,Standard,,Active,2022-07-22,Website Direct,37,12133.37
C0001000937,Derek,Barber,derek.barber@outlook.com,+61 984 329 681,AU,Asia Pacific,Catherinechester,45,M,Family,2024-08-22,2024,8,Non-Member,Email,True,English,Visa,Family,High Floor,Active,2024-10-28,Phone Booking,1,15912.65
C0001000938,Katy,Hammond,katy.hammond@example.se,+1 650 894 3788,SE,Europe,West Emilyberg,29,F,Business,2020-10-08,2020,10,Silver,Email,False,English,Visa,Suite,,Inactive,2021-03-30,Corporate Contract,47,15408.28
C0001000939,建,胡,建75@outlook.com,+86 096 4550 538,CN,Asia Pacific,New Sylviaton,51,M,Leisure,2019-10-09,2019,10,Platinum,Email,True,Chinese,Apple Pay,Standard,Wheelchair Accessible,Active,2020-08-29,Walk-in,45,3922.09
C0001000940,David,Cole,dcole@tyrellcorp.com,+1 654 356 2034,CA,North America,Singhport,34,M,Business,2022-05-16,2022,5,Non-Member,Email,True,English,Mastercard,Standard,,Active,2023-03-19,Website Direct,5,15299.77
C0001000941,辉,王,辉59@initech.com,992 9949 983,CN,Asia Pacific,South Stewart,45,M,Business,2023-08-17,2023,8,Basic,Email,False,Chinese,Mastercard,Standard,,Active,,Corporate Contract,8,1844.67
C0001000942,Geoffrey,Hughes,geoffrey.hughes@outlook.com,(526) 617-9999,US,North America,North Amandastad,34,M,Business,2019-10-07,2019,10,Basic,Email,True,English,Visa,Suite,"Late Check-out, Wheelchair Accessible",Active,2021-10-13,Website Direct,22,10027.9
C0001000943,Jenna,Wall,jenna12@gmail.com,+1 770 306 4807,CO,South America,Port Josephine,35,F,Group,2024-04-24,2024,4,Non-Member,Email,True,English,American Express,Suite,,Active,,OTA Referral,1,18650.49
C0001000944,Sophie,Jones,noemail@provided.com,(222) 666-7930,US,North America,Kellyton,46,F,Family,2023-06-15,2023,6,Basic,Email,False,English,PayPal,Standard,,Active,,Corporate Contract,27,8642.92
C0001000945,Brenda,Adams,brenda.adams@gmail.com,+1 152 992 2166,CA,North America,Bernardview,39,F,Family,2020-01-10,2020,1,Non-Member,Both,False,English,Mastercard,Family,,Inactive,2020-11-04,Corporate Contract,2,19361.81
C0001000946,منيع,آل محمد بن علي بن جماز,منيع_آل محمد بن علي بن جماز@gmail.com,+1 361 964 5800,SA,Middle East,East Tracy,31,M,Leisure,2023-04-15,2023,4,Silver,Email,True,Arabic,American Express,Suite,Late Check-out,Active,2024-01-14,Corporate Contract,3,6974.49
C0001000947,Natalia,Stolze,natalia.stolze@icloud.com,+49 8969 5694,DE,Europe,Wittstock,31,F,Leisure,2021-01-25,2021,1,Basic,Email,True,German,Visa,Standard,,Active,2023-06-05,OTA Referral,11,24160.63
C0001000948,Eric,Barnes,eric_barnes@outlook.com,+1 427 782 8716,SE,Europe,South Karenshire,45,M,Leisure,2023-03-03,2023,3,Silver,Email,True,English,Apple Pay,Deluxe,,Active,,Website Direct,44,23181.36
C0001000949,Glenn,Gibbons,glenn_gibbons@gmail.com,882-482-5441,US,North America,Rachaelberg,30,M,Leisure,2020-02-04,2020,2,Silver,SMS,True,English,American Express,Executive,,Active,2020-12-25,Phone Booking,35,7644.62
C0001000950,結衣,斎藤,結斎藤@outlook.com,+81 416-817-775,JP,Asia Pacific,Teresaburgh,24,F,Leisure,2022-03-29,2022,3,Non-Member,Email,True,Japanese,Google Pay,Deluxe,,Active,2025-03-16,OTA Referral,3,10525.99
C0001000951,Arthur,Hill,ahill@gmail.com,653-686-8037,US,North America,East Normanton,38,M,Leisure,2019-01-10,2019,1,Non-Member,Email,True,English,Visa,Standard,,Active,2019-05-10,Phone Booking,3,5118.13
C0001000952,Joseph,Jackson,joseph.jackson@outlook.com,+91 371 497 4961,IN,Asia Pacific,Alicetown,45,M,Leisure,2020-05-09,2020,5,Silver,Email,True,English,Visa,Ocean View,,Inactive,,Walk-in,1,2488.77
C0001000953,Maureen,Clarke,maureenc@gmail.com,+1 701 427 2633,MX,North America,Port Hazel,58,F,Leisure,2021-01-12,2021,1,Basic,Email,False,English,American Express,Standard,Non-smoking,Active,2023-10-15,Phone Booking,7,13871.7
C0001000954,Kyle,Bennett,kyle48@yahoo.com,+1 474 942 7985,CH,Europe,New Jack,28,M,Leisure,2021-10-26,2021,10,Basic,SMS,True,English,PayPal,Suite,,Active,2023-07-08,Corporate Contract,43,14279.6
C0001000955,수진,박,수진_박@gmail.com,+1 656 665 5714,KR,Asia Pacific,Younghaven,39,F,Leisure,2024-05-01,2024,5,Non-Member,Email,True,Korean,Visa,Deluxe,,Active,2024-11-05,Website Direct,3,13181.51
C0001000956,涼平,斎藤,涼平斎@gmail.com,771-362-2883,JP,Asia Pacific,Lake Joe,55,M,Leisure,2022-12-17,2022,12,Silver,Email,True,Japanese,Visa,Deluxe,,Active,2025-11-27,Walk-in,8,4143.58
C0001000957,康弘,高橋,康弘_高橋@outlook.com,098-815-8500,JP,Asia Pacific,Markbury,31,M,Family,2024-05-04,2024,5,Non-Member,Email,True,Japanese,American Express,Standard,,Active,,Corporate Contract,5,9465.3
C0001000958,Charlene,Palmer,charlene43@gmail.com,(021) 233-0767,US,North America,Port Emmaburgh,50,F,Leisure,2022-04-14,2022,4,Gold,Email,True,English,Mastercard,Standard,,Active,2024-02-01,Corporate Contract,47,184.49
C0001000959,Élise,Gallet,élise55@outlook.com,0160199067,FR,Europe,Saint Claudineboeuf,42,F,Business,2024-09-03,2024,9,Basic,Email,True,French,Apple Pay,Suite,,Active,2025-02-01,Website Direct,21,11111.29
C0001000960,聡太郎,鈴木,聡太郎.鈴木@gmail.com,+81 815-297-007,JP,Asia Pacific,South Kennethport,39,M,Leisure,2022-06-10,2022,6,Silver,Email,False,Japanese,Visa,Deluxe,,Active,2024-07-21,Website Direct,24,19051.76
C0001000961,Lucy,Spencer,lucy.spencer@yahoo.com,414-909-3369,US,North America,Lake Louise,25,F,Leisure,2019-02-10,2019,2,Gold,Email,True,English,Visa,Standard,,Active,2019-11-05,Corporate Contract,45,725.55
C0001000962,서연,김,서연김@gmail.com,+1 889 385 9287,KR,Asia Pacific,Smithstad,52,F,Leisure,2024-08-04,2024,8,Non-Member,Email,True,Korean,American Express,Standard,,Active,,Phone Booking,4,21499.68
C0001000963,Sam,Simmons,sam2@hotmail.com,+1 385 543 6576,CA,North America,New Aaronport,47,M,Leisure,2022-05-24,2022,5,Non-Member,Email,True,English,Visa,Standard,,Active,2023-04-15,OTA Referral,0,14473.77
C0001000964,Gordon,Lewis,gordon.lewis@gmail.com,+1 737 790 5022,MX,North America,Abbiechester,40,M,Leisure,2020-07-12,2020,7,Basic,Email,False,English,Mastercard,Deluxe,,Active,,OTA Referral,42,5667.47
C0001000965,Adrian,Jones,ajones@umbrellacorp.com,+1 829 378 3274,MX,North America,North Nicholasberg,45,M,Business,2024-11-16,2024,11,Basic,SMS,True,English,Mastercard,Executive,,Active,,Website Direct,16,15281.53
C0001000966,Gregory,Williams,noemail@provided.com,(573) 381-1960,US,North America,Baileytown,28,M,Family,2020-01-31,2020,1,Platinum,Email,False,English,American Express,Deluxe,,Active,,OTA Referral,50,16454.07
C0001000967,Sophie,Singh,ssingh@icloud.com,+1 632 782 1181,MX,North America,Lake Dannyfort,39,F,Business,2022-01-06,2022,1,Silver,SMS,True,English,Visa,Ocean View,,Active,2022-09-07,Corporate Contract,33,3276.15
C0001000968,さゆり,佐々木,さゆり_佐々木@acme.com,+81 227-031-827,JP,Asia Pacific,Jessicatown,38,F,Business,2024-01-14,2024,1,Non-Member,Email,False,Japanese,Mastercard,Deluxe,,Active,,Website Direct,5,2058.7
C0001000969,Joyce,Russell,test@test.com,(401) 206-2954,US,North America,Port Samueltown,40,F,Leisure,2024-07-16,2024,7,Silver,Email,False,English,Mastercard,Executive,"Early Check-in, Non-smoking",Active,2026-04-20,Website Direct,27,10999.58
C0001000970,Norman,Price,norman74@icloud.com,+1 664 878 7318,NL,Europe,Lake Paulinefort,40,M,Business,2022-06-22,2022,6,Non-Member,Email,True,English,Visa,Standard,,Active,2025-03-31,Corporate Contract,3,24049.1
C0001000971,Reynaldo,Paz,noemail@provided.com,+1 609 682 9238,ES,Europe,Alicante,46,M,Leisure,2021-11-17,2021,11,Gold,Both,True,Spanish,Visa,Standard,,Active,2022-05-06,Corporate Contract,32,10625.04
C0001000972,Gemma,Palmer,gemma.palmer@gmail.com,+1 443 713 2001,TH,Asia Pacific,New Guyton,39,F,Leisure,2024-06-04,2024,6,Gold,Email,True,English,Mastercard,Deluxe,,Active,,OTA Referral,27,6327.5
C0001000973,Julie,Jenkins,julie_jenkins@gmail.com,+1 434 330 8484,CA,North America,East Chloeshire,38,F,Group,2021-10-31,2021,10,Silver,Email,True,English,Visa,Family,,Inactive,,Corporate Contract,40,1110.73
C0001000974,Shaun,Thompson,shaun_thompson@hotmail.com,+1 959 640 8425,KW,Middle East,West Deantown,46,M,Family,2024-07-21,2024,7,Basic,Email,True,English,Visa,Deluxe,,Active,2026-07-20,Phone Booking,36,16076.29
C0001000975,Ryan,Knight,ryan.knight@outlook.com,+1 747 490 6595,SG,Asia Pacific,Barryfort,42,M,Business,2023-03-07,2023,3,Non-Member,Email,False,English,Mastercard,Executive,,Active,,OTA Referral,4,11791.78
C0001000976,Marion,Bradshaw,marion_bradshaw@gmail.com,(522) 968-9426,US,North America,New Lyndabury,45,F,Leisure,2021-05-31,2021,5,Basic,Email,False,English,Visa,Standard,,Inactive,,OTA Referral,49,24033.17
C0001000977,Mark,Wilson,mark.wilson@oscorp.com,+91 711 342 4086,IN,Asia Pacific,Port Claire,38,M,Business,2020-07-27,2020,7,Silver,Email,True,English,Visa,Executive,"High Floor, Wheelchair Accessible",Active,2020-09-26,Walk-in,18,22200.08
C0001000978,Connor,Holmes,connorh@gmail.com,+1 500 547 9069,SE,Europe,Shawfort,45,M,Leisure,2021-08-06,2021,8,Gold,SMS,True,English,Mastercard,Suite,,Active,2024-02-18,Corporate Contract,4,20310.12
C0001000979,أسيل,آل الشيخ,أسيل.آل الشيخ@gmail.com,+971 817 679 6542,AE,Middle East,North Benport,42,F,Group,2022-01-26,2022,1,Platinum,SMS,False,Arabic,Visa,Executive,,Active,,Website Direct,36,6594.75
C0001000980,Jenna,Smith,jenna.smith@gmail.com,(777) 309-9428,US,North America,South Albert,33,F,Leisure,2023-06-24,2023,6,Non-Member,SMS,True,English,PayPal,Suite,,Active,2025-06-23,Corporate Contract,3,2099.75
C0001000981,芳,徐,芳_徐@gmail.com,+86 923 2098 006,CN,Asia Pacific,South Gemma,52,F,Leisure,2021-11-08,2021,11,Non-Member,Both,False,Chinese,Apple Pay,Standard,,Active,2022-04-27,Corporate Contract,1,11863.28
C0001000982,건우,박,건박@acme.com,+1 429 898 7873,KR,Asia Pacific,Sallyside,40,M,Business,2022-09-28,2022,9,Silver,Email,True,Korean,Mastercard,Deluxe,,Active,2022-12-22,Phone Booking,31,2318.95
C0001000983,Elliot,Martin,elliot.martin@oscorp.com,+1 788 435 7208,CA,North America,Hollandberg,27,M,Business,2023-02-13,2023,2,Silver,None,True,English,Visa,Executive,,Active,,OTA Referral,39,3750.75
C0001000984,Jay,Watson,jay.watson@gmail.com,+1 370 816 9459,SE,Europe,Joannaside,41,M,Group,2022-07-18,2022,7,Silver,Email,False,English,Mastercard,Standard,,Inactive,2025-02-23,Corporate Contract,0,7969.92
C0001000985,Declan,Hargreaves,declan.hargreaves@yahoo.com,+1 800 750 8419,TH,Asia Pacific,Ronaldburgh,30,M,Business,2022-09-15,2022,9,Silver,Email,False,English,PayPal,Deluxe,,Active,,Corporate Contract,43,14619.73
C0001000986,Mark,Iqbal,mark_iqbal@gmail.com,131-209-4142,US,North America,Hilarychester,52,M,Group,2024-05-04,2024,5,Basic,Email,True,English,American Express,Standard,,Active,2024-06-26,OTA Referral,44,290.97
C0001000987,Abdul,Hill,ahill@hotmail.com,+44 2781 59498,GB,Europe,Josephineport,50,M,Leisure,2023-02-11,2023,2,Silver,SMS,True,English,Mastercard,Family,,Active,2025-06-21,Walk-in,12,15949.72
C0001000988,Nilo,Fajardo,nilo32@gmail.com,+1 179 781 9744,ES,Europe,Baleares,30,M,Group,2024-07-22,2024,7,Silver,Email,True,Spanish,Google Pay,Suite,,Active,,Corporate Contract,22,9660.8
C0001000989,Anna,Holmes,annah@gmail.com,+1 607 863 3465,SG,Asia Pacific,Curtistown,48,F,Business,2020-02-14,2020,2,Basic,Email,True,English,Visa,Standard,,Active,,Website Direct,47,18907.91
C0001000990,Terry,Thomas,tthomas@hotmail.com,+1 372 609 1175,EG,Africa,Sallymouth,42,M,Leisure,2022-01-09,2022,1,Non-Member,Email,False,English,PayPal,Standard,,Active,,Phone Booking,1,24714.77
C0001000991,Tracey,Jones,tjones@gmail.com,+1 345 258 5298,SG,Asia Pacific,Port Danielle,35,F,Family,2019-09-08,2019,9,Silver,Both,True,English,Visa,Family,,Active,,Phone Booking,10,8816.82
C0001000992,Dominic,Johnson,dominic.johnson@dummycorp.com,(124) 474-0854,US,North America,Port Kyletown,42,M,Business,2024-04-25,2024,4,Silver,Email,True,English,Visa,Standard,,Active,2026-07-02,Phone Booking,47,622.43
C0001000993,Julie,Mason,jmason@outlook.com,+1 490 892 3634,CH,Europe,Gloverland,48,F,Group,2022-11-13,2022,11,Non-Member,SMS,True,English,Visa,Deluxe,,Active,2023-06-26,Corporate Contract,1,6100.3
C0001000994,Jacob,Clarke,jacobc@gmail.com,+1 932 775 3049,MX,North America,Rebeccastad,33,M,Business,2021-02-03,2021,2,Silver,Email,False,English,Mastercard,Deluxe,,Inactive,2021-02-27,Walk-in,3,16787.86
C0001000995,June,Ball,june_ball@yahoo.com,+91 276 908 7374,IN,Asia Pacific,West Natalie,39,F,Leisure,2019-11-28,2019,11,Silver,Email,True,English,Visa,Deluxe,,Active,,OTA Referral,24,19427.86
C0001000996,康弘,山口,康弘.山口@icloud.com,+81 051-114-482,JP,Asia Pacific,Lake Karlburgh,34,M,Business,2022-09-23,2022,9,Basic,Email,True,Japanese,Visa,Deluxe,,Active,2024-02-05,Phone Booking,6,11462.36
C0001000997,Marcos,Francisco,marcosf@outlook.com,+1 435 515 9194,AR,South America,Lake نشوة,39,M,Group,2022-05-31,2022,5,Non-Member,Email,False,English,Visa,Family,,Active,2023-09-12,Website Direct,5,11507.45
C0001000998,Jeremy,Howard,noemail@provided.com,+91 155 341 1934,IN,Asia Pacific,Jonesburgh,43,M,Leisure,2024-08-30,2024,8,Non-Member,Email,False,English,Visa,Standard,"Wheelchair Accessible, Late Check-out",Active,2027-06-09,Phone Booking,3,13842.36
C0001000999,Jennifer,Cunningham,jenniferc@gmail.com,055-185-4981,US,North America,West Lewistown,39,F,Leisure,2024-09-27,2024,9,Non-Member,SMS,True,English,Mastercard,Standard,,Active,,OTA Referral,0,24032.03
C0001001000,Megan,White,meganw@oscorp.com,+1 856 161 1243,CH,Europe,East Andreashire,38,F,Business,2023-05-27,2023,5,Basic,Email,True,English,Visa,Executive,,Active,2023-08-16,Phone Booking,49,12385.76
C0001001001,Jane,Hutchinson,janeh@dummycorp.com,+1 969 688 9617,MX,North America,Hollieburgh,34,F,Business,2024-02-22,2024,2,Non-Member,Email,False,English,Visa,Standard,,Active,,OTA Referral,5,11145.29
C0001001002,Colin,Turnbull,cturnbull@outlook.com,535-642-8592,US,North America,East Karen,34,M,Leisure,2022-02-14,2022,2,Silver,Email,True,English,Visa,Suite,,Active,,OTA Referral,34,23015.03
C0001001003,Beatriz,Pinto,beatriz68@gmail.com,+55 883 2751-924,BR,South America,Elliottshire,33,F,Business,2021-10-08,2021,10,Gold,Email,True,Portuguese,Visa,Suite,,Active,,OTA Referral,1,5553.23
C0001001004,رامي,آل مقطة,رآل مقطة@gmail.com,+971 395 634 4208,AE,Middle East,Clarkeview,34,M,Business,2022-01-26,2022,1,Silver,Email,True,Arabic,Apple Pay,Ocean View,,Active,2024-11-24,Corporate Contract,23,4114.22
C0001001005,Maria Luísa,Siqueira,msiqueira@hotmail.com,+55 383 6376-095,BR,South America,Port Neiltown,41,F,Leisure,2020-01-23,2020,1,Gold,Email,True,Portuguese,Visa,Standard,,Active,2021-08-20,Corporate Contract,45,15354.41
C0001001006,Paula,Khan,paula_khan@hotmail.com,+1 500 370 2226,CH,Europe,West Brian,39,F,Business,2023-01-15,2023,1,Basic,Email,True,English,Visa,Executive,,Active,2025-02-16,Website Direct,16,17478.9
C0001001007,Graeme,Gibson,graeme68@gmail.com,+44 0730 05486,GB,Europe,Brandonport,39,M,Business,2021-11-01,2021,11,Basic,Email,True,English,Visa,Standard,,Inactive,2024-08-13,Website Direct,35,24454.76
C0001001008,Gavin,Hawkins,test@test.com,658-043-8633,US,North America,North Reece,29,M,Leisure,2022-03-07,2022,3,Gold,Email,True,English,Visa,Standard,,Active,2023-12-08,Walk-in,23,6778.02
C0001001009,Jose Luis,Jove,jose luis56@waynecorp.com,+1 507 301 5053,ES,Europe,Badajoz,43,M,Business,2022-08-30,2022,8,Gold,SMS,False,Spanish,Visa,Executive,,Active,,Walk-in,32,21954.83
C0001001010,Douglas,Allan,douglas39@gmail.com,+1 234 855 2108,SE,Europe,New Jessica,59,M,Business,2024-09-21,2024,9,Silver,SMS,False,English,Visa,Standard,,Active,2027-01-11,OTA Referral,25,10583.83
C0001001011,涛,关,涛.关@umbrellacorp.com,501 8281 387,CN,Asia Pacific,New Trevorchester,51,M,Business,2023-09-04,2023,9,Silver,Email,False,Chinese,Visa,Deluxe,,Active,,Corporate Contract,4,11312.98
C0001001012,Marcus,Hall,marcus89@umbrellacorp.com,737-061-9537,US,North America,West Lisamouth,26,M,Business,2021-04-08,2021,4,Basic,Both,True,English,American Express,Suite,,Active,2022-06-16,Website Direct,45,24991.62
C0001001013,Debra,Pritchard,debra_pritchard@acme.com,+1 397 866 1677,CA,North America,West Mohamed,26,F,Business,2019-02-21,2019,2,Basic,Email,True,English,Mastercard,Executive,,Active,,Website Direct,22,24725.15
C0001001014,Gordon,Adams,gordon_adams@gmail.com,+1 168 312 3693,CA,North America,Gregoryside,29,M,Business,2022-05-31,2022,5,Silver,SMS,True,English,American Express,Deluxe,,Active,2022-06-05,Walk-in,7,19110.29
C0001001015,Ariane,Hettner,ariane.hettner@gmail.com,+49 6239 9703,DE,Europe,Mallersdorf,37,F,Leisure,2024-02-22,2024,2,Non-Member,Email,False,German,PayPal,Suite,,Active,2026-01-30,OTA Referral,4,776.75
C0001001016,Daniel,Rowe,drowe@gmail.com,+1 892 837 8672,CA,North America,Jenniferstad,52,M,Leisure,2019-07-23,2019,7,Non-Member,Email,False,English,Mastercard,Suite,,Active,2022-02-07,Phone Booking,4,19831.05
C0001001017,Tony,Butler,tonyb@yahoo.com,(834) 648-1184,US,North America,South Lawrence,40,M,Business,2020-09-29,2020,9,Basic,Email,True,English,American Express,Ocean View,,Active,2021-10-06,OTA Referral,10,22585.92
C0001001018,Marica,Käster,maricak@gmail.com,+49 720 24011,DE,Europe,Neu-Ulm,31,F,Leisure,2019-10-28,2019,10,Non-Member,Both,True,German,Mastercard,Standard,,Active,2022-09-03,OTA Referral,3,3975.14
C0001001019,Bernard,James,bernard56@gmail.com,+1 305 540 8089,KW,Middle East,Joneshaven,32,M,Group,2019-11-14,2019,11,Non-Member,Email,True,English,Visa,Suite,,Active,2022-11-11,Corporate Contract,1,4974.71
C0001001020,Brandon,Pearson,brandon53@gmail.com,+1 522 393 2518,CA,North America,Griffithsview,34,M,Leisure,2021-09-29,2021,9,Silver,Email,True,English,American Express,Executive,,Active,2023-12-19,Phone Booking,30,11684.44
C0001001021,Ryan,Barton,ryan.barton@outlook.com,+44 5175 11588,GB,Europe,Hammondtown,48,M,Leisure,2024-06-15,2024,6,Non-Member,Email,True,English,American Express,Ocean View,,Active,2025-12-21,Walk-in,5,22137.83
C0001001022,Jennifer,Jones,jennifer.jones@gmail.com,+44 3850 54287,GB,Europe,O'Connorshire,58,F,Group,2020-02-24,2020,2,Non-Member,SMS,True,English,Mastercard,Family,,Active,,Walk-in,5,18386.63
C0001001023,Jake,Robson,jaker@dummycorp.com,+1 698 491 1549,MX,North America,South Katy,37,M,Business,2023-06-22,2023,6,Non-Member,SMS,True,English,Mastercard,Deluxe,"Non-smoking, Wheelchair Accessible",Inactive,,Website Direct,4,15739.95
C0001001024,Pierangelo,Basadonna,pierangelo98@outlook.com,+1 408 841 6418,IT,Europe,Serbariu,32,M,Leisure,2020-06-09,2020,6,Basic,Email,True,Italian,American Express,Standard,,Active,,Walk-in,48,2669.63
C0001001025,Leon,Bull,leon_bull@gmail.com,(443) 360-7034,US,North America,Hughesburgh,44,M,Group,2020-01-03,2020,1,Basic,Email,False,English,Mastercard,Standard,,Active,,Corporate Contract,36,12223.31
C0001001026,Luke,Bowen,luke_bowen@yahoo.com,+1 944 720 1645,TH,Asia Pacific,Lake Alexanderbury,39,M,Leisure,2021-11-09,2021,11,Non-Member,Email,False,English,Visa,Deluxe,,Inactive,2022-06-02,Corporate Contract,0,4727.94
C0001001027,Edu,Escolano,edu_escolano@gmail.com,+1 490 710 4541,ES,Europe,Guipúzcoa,25,M,Family,2021-07-25,2021,7,Gold,Email,True,Spanish,Visa,Executive,,Active,,Website Direct,32,23488.65
C0001001028,Philip,Reynolds,philip.reynolds@outlook.com,+1 877 262 9354,SE,Europe,Callumstad,42,M,Business,2021-11-04,2021,11,Basic,Email,True,English,Apple Pay,Executive,,Active,,Corporate Contract,12,8462.54
C0001001029,David,Oliver,doliver@globex.com,+91 292 271 1019,IN,Asia Pacific,South Max,38,M,Business,2021-06-09,2021,6,Gold,Email,True,English,Visa,Standard,,Active,,OTA Referral,38,13470.33
C0001001030,Hayley,Ward,hayley_ward@acme.com,+1 635 946 2829,MX,North America,Birchton,38,F,Business,2024-10-28,2024,10,Basic,SMS,False,English,Apple Pay,Standard,,Active,2027-08-13,Walk-in,24,17724.39
C0001001031,Kate,Reed,kate93@gmail.com,+1 305 649 1075,KW,Middle East,Lake Guyhaven,40,F,Leisure,2024-06-24,2024,6,Non-Member,SMS,True,English,Mastercard,Family,,Active,,Phone Booking,0,16119.52
C0001001032,Elliott,Cook,elliott_cook@yahoo.com,+1 919 804 7837,TH,Asia Pacific,Stephensland,47,M,Business,2023-08-24,2023,8,Non-Member,Email,True,English,Mastercard,Executive,,Active,,Walk-in,4,21613.04
C0001001033,Albert,White,albert98@outlook.com,+1 740 915 8623,CA,North America,West James,43,M,Leisure,2021-10-08,2021,10,Gold,Email,True,English,American Express,Family,"Allergies, Wheelchair Accessible",Active,,OTA Referral,1,18257.64
C0001001034,Leigh,Thompson,leigh80@icloud.com,+1 475 623 8264,CH,Europe,Jaychester,45,M,Leisure,2023-04-22,2023,4,Basic,Email,True,English,Visa,Standard,,Inactive,2025-09-29,Walk-in,19,6932.73
C0001001035,Abigail,Pollard,abigailp@gmail.com,997-048-0098,US,North America,Fraserport,49,F,Family,2022-06-25,2022,6,Platinum,Email,True,English,Visa,Deluxe,Late Check-out,Active,2024-11-25,OTA Referral,9,3349.12
C0001001036,Gordon,Henry,gordon62@example.ca,+1 675 742 9532,CA,North America,Robertsmouth,44,M,Business,2022-01-14,2022,1,Silver,Email,True,English,Mastercard,Standard,,Active,2022-05-14,OTA Referral,43,20141.04
C0001001037,Amado,Torre,amado_torre@gmail.com,+1 929 475 2449,ES,Europe,Ciudad,31,M,Leisure,2024-06-30,2024,6,Non-Member,SMS,True,Spanish,Mastercard,Standard,,Active,2025-04-01,Phone Booking,3,15819.22
C0001001038,Chelsea,Thornton,chelseat@waynecorp.com,+1 325 635 6319,CA,North America,Karlland,45,F,Business,2024-07-29,2024,7,Basic,Email,True,English,American Express,Standard,,Active,2026-05-09,OTA Referral,34,827.19
C0001001039,Abdul,Pearce,abdulp@acme.com,+1 721 822 7936,SE,Europe,Staceybury,48,M,Business,2022-05-17,2022,5,Non-Member,SMS,True,English,Visa,Deluxe,,Active,2024-01-29,Walk-in,4,13.58
C0001001040,Amanda,Luz,amanda.luz@hotmail.com,+1 758 433 6554,ES,Europe,Valencia,39,F,Leisure,2024-09-21,2024,9,Basic,Email,False,Spanish,Mastercard,Deluxe,,Active,2026-08-16,Corporate Contract,43,7078.44
C0001001041,Kerry,Saunders,kerrys@outlook.com,0703 091 357,AU,Asia Pacific,West Kelly,42,F,Family,2021-08-27,2021,8,Basic,Email,True,English,Visa,Deluxe,,Active,2022-08-13,Corporate Contract,4,4959.58
C0001001042,David,Wallis,davidw@initech.com,786-835-2854,US,North America,Annland,37,M,Business,2024-10-07,2024,10,Basic,Email,True,English,American Express,Executive,,Active,2027-05-23,Website Direct,28,24679.79
C0001001043,Joshua,French,joshua20@initech.com,770-890-6396,US,North America,New Martin,45,M,Business,2023-03-22,2023,3,Non-Member,Both,True,English,Visa,Deluxe,,Active,2023-04-08,Phone Booking,1,873.27
C0001001044,Kimberley,Edwards,kimberley_edwards@gmail.com,+1 173 337 3797,TH,Asia Pacific,East Jonathan,57,F,Leisure,2024-02-23,2024,2,Non-Member,Email,False,English,Visa,Standard,,Active,2025-12-22,Website Direct,2,1205.19
C0001001045,Enzo Gabriel,Guerra,enzo gabrielg@acme.com,+55 275 7035-233,BR,South America,South Samuelton,45,M,Business,2019-07-22,2019,7,Platinum,Email,True,Portuguese,Mastercard,Deluxe,,Active,2019-10-27,Corporate Contract,21,13381.3
C0001001046,Linda,Harris,linda32@initech.com,+1 868 194 5603,CO,South America,Port Charlene,25,F,Business,2019-01-08,2019,1,Platinum,Email,True,English,American Express,Standard,,Active,,OTA Referral,40,14319.42
C0001001047,Dennis,Williams,dennis.williams@gmail.com,+1 693 247 5541,MX,North America,Batesberg,39,M,Leisure,2019-01-27,2019,1,Basic,SMS,True,English,Visa,Standard,,Active,2020-07-30,Walk-in,19,16514.38
C0001001048,Ashley,Faulkner,ashley.faulkner@gmail.com,832-563-9904,US,North America,South Charlotteborough,58,M,Leisure,2022-10-02,2022,10,Silver,Email,False,English,Visa,Suite,,Active,2025-05-08,Walk-in,42,9232.64
C0001001049,Edith,Meyer,edith.meyer@gmail.com,+49 921 88750,DE,Europe,Grimma,28,F,Leisure,2019-03-26,2019,3,Basic,Email,False,German,Google Pay,Executive,,Inactive,2019-09-26,Corporate Contract,23,487.95
C0001001050,Max,Power,max28@outlook.com,+1 847 944 2221,CA,North America,North Leon,28,M,Group,2022-09-01,2022,9,Gold,Email,True,English,Visa,Standard,,Active,2024-11-11,Website Direct,7,10107.68
C0001001051,Ben,Stevens,ben_stevens@gmail.com,+91 352 980 2633,IN,Asia Pacific,New Joanport,37,M,Group,2019-01-16,2019,1,Silver,Email,True,English,Mastercard,Suite,,Active,,Website Direct,31,11343.67
C0001001052,Benoît,Breton,benoît.breton@yahoo.com,0024561764,FR,Europe,Hamel,41,M,Leisure,2023-06-23,2023,6,Basic,Email,True,French,Visa,Suite,,Active,2024-10-24,Website Direct,33,14353.42
C0001001053,晃,池田,晃_池田@gmail.com,266-580-5676,JP,Asia Pacific,Lake Lorraineville,33,M,Leisure,2020-08-09,2020,8,Silver,SMS,True,Japanese,PayPal,Ocean View,,Active,2022-03-13,OTA Referral,32,20163.91
C0001001054,Alison,Chapman,alisonc@outlook.com,+1 921 800 5518,CA,North America,South Jasonburgh,44,F,Family,2019-09-26,2019,9,Non-Member,Email,True,English,Visa,Suite,,Active,,Phone Booking,4,23420.03
C0001001055,Hannah,Chambers,hannah.chambers@icloud.com,+91 635 117 6990,IN,Asia Pacific,Johnsonside,41,F,Business,2021-09-06,2021,9,Silver,SMS,False,English,Visa,Suite,,Active,2023-04-22,Website Direct,34,22925.88
C0001001056,Annette,Shepherd,annette_shepherd@icloud.com,+1 746 266 1762,CH,Europe,Gavinstad,40,F,Leisure,2024-04-13,2024,4,Silver,SMS,True,English,Mastercard,Suite,,Active,2024-07-10,Walk-in,50,16142.14
C0001001057,روفيدا,آل خضير,روفيدا_آل خضير@starkindustries.com,+1 791 930 2104,SA,Middle East,New Kathrynfurt,29,F,Business,2019-04-27,2019,4,Silver,Email,False,Arabic,Visa,Ocean View,,Active,,Website Direct,6,22841.15
C0001001058,Nigel,Wilson,nigel_wilson@gmail.com,+1 425 107 3633,TH,Asia Pacific,South Melissaside,58,M,Leisure,2022-03-12,2022,3,Basic,Email,False,English,Visa,Deluxe,,Active,2022-06-04,Walk-in,44,24717.92
C0001001059,Antony,Dias,antony.dias@outlook.com,(312) 4282-845,BR,South America,North Jemmamouth,44,M,Family,2021-05-10,2021,5,Non-Member,Email,False,Portuguese,Mastercard,Suite,,Active,2023-01-09,Phone Booking,4,12785.41
C0001001060,Minna,Pärtzelt,minnap@hotmail.com,+49 080 27776,DE,Europe,Nordhausen,27,F,Leisure,2023-02-02,2023,2,Basic,Email,True,German,Mastercard,Standard,Wheelchair Accessible,Active,2024-03-23,Walk-in,31,16895.05
C0001001061,Gregory,Baker,gregory.baker@gmail.com,+1 695 365 2498,NL,Europe,Hillchester,44,M,Leisure,2021-06-02,2021,6,Basic,SMS,True,English,American Express,Executive,,Active,,Phone Booking,47,18149.96
C0001001062,Gavin,Moore,gmoore@gmail.com,+1 706 897 2312,MX,North America,Lake Zoe,43,M,Leisure,2019-01-23,2019,1,Basic,Email,True,English,PayPal,Executive,Early Check-in,Active,,OTA Referral,8,19252.73
C0001001063,Juan José,Sanchez,juan josé.sanchez@example.es,+1 526 435 1415,ES,Europe,Salamanca,51,M,Business,2022-08-18,2022,8,Non-Member,SMS,True,Spanish,Visa,Standard,,Active,2024-02-28,Website Direct,2,13005.23
C0001001064,Eric,Berrocal,eric99@outlook.com,+1 351 689 5423,ES,Europe,Ourense,38,M,Family,2024-01-11,2024,1,Non-Member,Email,True,Spanish,Mastercard,Ocean View,,Active,2024-07-14,Website Direct,2,13450.63
C0001001065,성현,고,성현_고@gmail.com,+1 905 649 7852,KR,Asia Pacific,Metcalfehaven,38,M,Group,2022-08-22,2022,8,Gold,Email,True,Korean,Mastercard,Deluxe,,Active,2023-09-04,Phone Booking,49,18118.35
C0001001066,Norman,Lee,normanl@example.us,(136) 470-6362,US,North America,South Beverley,57,M,Business,2024-10-04,2024,10,Non-Member,Email,True,English,Visa,Suite,,Active,2026-10-28,Corporate Contract,3,11864.84
C0001001067,Noé,Rincón,noér@gmail.com,+1 859 218 4140,ES,Europe,Valladolid,39,M,Group,2021-07-17,2021,7,Non-Member,Email,True,Spanish,PayPal,Deluxe,,Active,,OTA Referral,3,2923.25
C0001001068,Antony,Smith,noemail@provided.com,+1 414 152 2468,CA,North America,North Charlesstad,35,M,Family,2023-12-02,2023,12,Basic,Email,True,English,Mastercard,Standard,,Active,,Walk-in,15,18664.13
C0001001069,Michele,Adinolfi,michele_adinolfi@waynecorp.com,+1 298 475 3880,IT,Europe,San Quirico Valleriana,40,M,Business,2019-03-27,2019,3,Gold,Email,True,Italian,Mastercard,Suite,,Active,2020-01-05,Corporate Contract,7,24577.4
C0001001070,Kate,Moore,kmoore@gmail.com,+1 781 716 7696,CA,North America,Mooremouth,45,F,Leisure,2021-03-22,2021,3,Basic,Email,False,English,Visa,Suite,,Active,,Website Direct,10,19712.95
C0001001071,Richard,Turner,richard63@gmail.com,849-133-9859,US,North America,Marcberg,27,M,Leisure,2023-09-23,2023,9,Basic,Both,False,English,Visa,Suite,,Active,2025-07-06,Corporate Contract,26,11340.37
C0001001072,Wendy,Fuller,wendy.fuller@outlook.com,+1 506 187 6785,CL,South America,Teresaview,31,F,Business,2024-08-05,2024,8,Silver,Email,True,English,Mastercard,Executive,,Active,2026-01-25,Walk-in,10,5010.99
C0001001073,Amelia,Ródenas,aródenas@outlook.com,+1 940 713 2983,ES,Europe,Granada,36,F,Group,2019-11-11,2019,11,Gold,Email,False,Spanish,Visa,Standard,Wheelchair Accessible,Active,2021-11-17,Website Direct,6,12124.15
C0001001074,Oliver,Hyde,oliver.hyde@hotmail.com,+1 162 610 1105,QA,Middle East,Port Abigail,31,M,Leisure,2022-07-17,2022,7,Gold,Email,True,English,Mastercard,Standard,,Active,2022-09-17,OTA Referral,37,5039.19
C0001001075,Annette,Norman,annetten@outlook.com,(723) 900-2013,US,North America,Jamestown,38,F,Leisure,2024-08-03,2024,8,Basic,SMS,False,English,Visa,Standard,,Active,2025-11-22,Corporate Contract,6,4158.52
C0001001076,Nermin,Lehmann,nermin_lehmann@gmail.com,+49 754 89955,DE,Europe,Pritzwalk,25,F,Leisure,2023-10-14,2023,10,Non-Member,SMS,True,German,PayPal,Deluxe,,Active,2025-03-28,Walk-in,2,11521.59
C0001001077,Concha,Peláez,conchap@outlook.com,+1 877 176 7216,ES,Europe,Girona,52,F,Leisure,2020-09-14,2020,9,Basic,Email,True,Spanish,Visa,Suite,,Active,2020-12-15,Walk-in,45,11312.54
C0001001078,Kenneth,Rogers,kenneth27@gmail.com,+1 651 732 2563,SE,Europe,Millerberg,45,M,Business,2020-04-29,2020,4,Non-Member,Email,False,English,Visa,Suite,,Inactive,2021-08-11,Website Direct,0,1191.1
C0001001079,Henriette,Gonzalez,henriette60@yahoo.com,0139373606,FR,Europe,Saint Adélaïde,32,F,Family,2023-05-03,2023,5,Silver,Both,False,French,Visa,Family,,Active,2024-02-14,OTA Referral,18,13603.57
C0001001080,Stuart,Scott,stuart_scott@oscorp.com,,MX,North America,Waltonbury,26,M,Business,2022-04-08,2022,4,Gold,Email,True,English,Visa,Suite,,Active,2023-09-28,Walk-in,11,23066.71
C0001001081,Paige,Fuller,paige.fuller@outlook.com,+1 566 898 2221,CH,Europe,Lake Shane,33,F,Business,2022-09-15,2022,9,Platinum,Email,True,English,Visa,Standard,,Active,2025-07-28,Phone Booking,23,10111.34
C0001001082,Eileen,Mitchell,eileen_mitchell@waynecorp.com,0618 935 806,AU,Asia Pacific,Tracychester,50,F,Business,2019-08-27,2019,8,Basic,SMS,True,English,Mastercard,Suite,,Active,2019-10-11,Walk-in,25,14264.91
C0001001083,裕樹,高橋,裕樹.高橋@gmail.com,116-326-1946,JP,Asia Pacific,Melaniemouth,36,M,Leisure,2023-08-06,2023,8,Silver,Email,False,Japanese,Visa,Family,,Inactive,,Website Direct,29,15693.82
C0001001084,Sean,Cunningham,sean_cunningham@hotmail.com,+1 507 813 5756,NG,Africa,East Geraldineburgh,33,M,Business,2024-12-16,2024,12,Gold,Email,True,English,Mastercard,Family,,Inactive,2027-03-31,OTA Referral,30,21623.65
C0001001085,Margaret,Jones,margaret_jones@gmail.com,+1 193 740 5046,SE,Europe,Sullivanstad,27,F,Business,2020-08-19,2020,8,Basic,None,True,English,Visa,Executive,,Active,2020-09-29,Phone Booking,6,3800.85
C0001001086,정순,백,정순_백@oscorp.com,+1 753 714 6194,KR,Asia Pacific,Lake Allanville,51,F,Business,2021-07-29,2021,7,Platinum,Email,True,Korean,Apple Pay,Ocean View,,Active,2024-01-14,Website Direct,20,8750.86
C0001001087,Muzaffer,Reichmann,muzaffer_reichmann@outlook.com,+49 7470 7240,DE,Europe,Hoyerswerda,33,M,Family,2021-04-01,2021,4,Silver,Email,True,German,Mastercard,Deluxe,,Active,2023-11-21,Corporate Contract,30,9676.0
C0001001088,红,张,红_张@example.cn,+86 074 5866 029,CN,Asia Pacific,Whitemouth,38,F,Business,2019-03-25,2019,3,Non-Member,Email,True,Chinese,Visa,Executive,,Active,,Corporate Contract,4,10470.19
C0001001089,Liliana,Corbo,liliana.corbo@outlook.com,+1 960 676 6127,IT,Europe,Zibido San Giacomo,31,F,Leisure,2022-01-24,2022,1,Basic,Email,False,Italian,American Express,Standard,,Active,2022-11-11,OTA Referral,42,10983.92
C0001001090,Maristela,Núñez,maristelan@gmail.com,+1 112 507 4920,ES,Europe,Huelva,31,F,Business,2021-01-21,2021,1,Non-Member,Email,False,Spanish,Mastercard,Executive,,Active,2022-12-02,Walk-in,1,22733.28
C0001001091,Roy,O'Donnell,roy_o'donnell@hotmail.com,+1 467 522 3085,MX,North America,Dalechester,41,M,Leisure,2021-08-01,2021,8,Platinum,SMS,True,English,Visa,Standard,,Active,2023-08-14,OTA Referral,19,22188.98
C0001001092,Bethany,Carpenter,bcarpenter@outlook.com,+1 540 435 4073,CA,North America,Lake Timothyville,55,F,Leisure,2021-08-19,2021,8,Basic,Email,False,English,Google Pay,Standard,,Active,2023-01-23,Corporate Contract,42,12690.69
C0001001093,Max,Macdonald,maxm@gmail.com,+1 908 256 8683,MX,North America,Port Roy,38,M,Leisure,2021-09-21,2021,9,Non-Member,Email,True,English,Mastercard,Family,,Active,2023-06-05,Phone Booking,3,5080.88
C0001001094,Liam,Roberts,test@test.com,+61 731 381 541,AU,Asia Pacific,Albertfurt,47,M,Leisure,2023-01-28,2023,1,Non-Member,Email,False,English,Apple Pay,Executive,"High Floor, Allergies",Active,2024-03-01,Phone Booking,4,7158.55
C0001001095,Wendy,Morris,wendy.morris@outlook.com,073-985-2053,US,North America,Anthonyshire,58,F,Leisure,2019-04-29,2019,4,Basic,Email,True,English,Visa,Standard,,Active,2022-01-09,OTA Referral,38,16887.63
C0001001096,Geoffrey,Davies,test@test.com,+1 580 791 5228,MX,North America,Wyattchester,43,M,Leisure,2019-06-06,2019,6,Silver,Email,True,English,Visa,Standard,,Active,2021-04-14,Phone Booking,20,12810.34
C0001001097,Debra,Tyler,dtyler@outlook.com,+1 521 517 7199,SE,Europe,Bradshawview,41,F,Family,2021-10-10,2021,10,Gold,SMS,True,English,Visa,Ocean View,,Active,,Website Direct,41,5558.84
C0001001098,Eric,Wilson,eric.wilson@gmail.com,+1 478 908 7712,SG,Asia Pacific,Terencefort,40,M,Leisure,2023-09-08,2023,9,Silver,Email,True,English,Visa,Standard,,Active,,OTA Referral,10,882.83
C0001001099,Roxana,Puerta,roxana73@umbrellacorp.com,+1 154 114 6746,ES,Europe,Huelva,32,F,Business,2023-12-28,2023,12,Basic,Email,False,Spanish,American Express,Standard,,Active,,OTA Referral,1,19809.9
C0001001100,Kenneth,Pope,test@test.com,+1 210 420 4810,MX,North America,Port Julie,36,M,Business,2019-10-24,2019,10,Gold,Both,False,English,Visa,Standard,,Active,2020-04-04,OTA Referral,15,14011.56
C0001001101,Darren,Kelly,darrenk@yahoo.com,877-485-3184,US,North America,New Sarah,27,M,Business,2024-04-16,2024,4,Silver,Email,True,English,Visa,Deluxe,"Allergies, High Floor",Active,2026-10-12,Corporate Contract,26,21674.97
C0001001102,Bruce,Powell,bpowell@outlook.com,+1 891 593 2342,CH,Europe,Jonesville,31,M,Family,2023-04-28,2023,4,Non-Member,Email,False,English,Mastercard,Family,,Active,,Corporate Contract,2,11905.81
C0001001103,Bruce,Davies,bruce_davies@gmail.com,323-472-3152,US,North America,North Malcolm,49,M,Leisure,2024-12-25,2024,12,Silver,Email,True,English,Mastercard,Suite,,Active,2027-10-10,Walk-in,0,5746.68
C0001001104,Mandy,Field,mandy.field@waynecorp.com,0523 556 628,AU,Asia Pacific,South Jayhaven,25,F,Business,2019-12-27,2019,12,Non-Member,None,True,English,Visa,Standard,,Inactive,2020-11-22,Website Direct,0,18732.12
C0001001105,Elena,Juárez,elenaj@gmail.com,+1 215 990 3174,ES,Europe,Alicante,31,F,Family,2020-11-29,2020,11,Non-Member,Both,True,Spanish,American Express,Ocean View,,Inactive,2021-10-13,Phone Booking,5,18683.47
C0001001106,Vincent,Thompson,vincent_thompson@icloud.com,+1 359 305 6531,MX,North America,Baileyland,42,M,Leisure,2024-03-11,2024,3,Non-Member,Email,True,English,American Express,Deluxe,,Inactive,2025-09-17,OTA Referral,5,16467.29
C0001001107,Sandra,Gough,sandra.gough@gmail.com,+1 988 468 3614,QA,Middle East,East Maxton,38,F,Leisure,2024-10-31,2024,10,Silver,Email,False,English,PayPal,Standard,,Active,,Phone Booking,10,12190.94
C0001001108,伟,麦,伟_麦@gmail.com,+86 106 1228 008,CN,Asia Pacific,West Jemma,38,M,Family,2024-04-23,2024,4,Basic,None,False,Chinese,Apple Pay,Family,,Inactive,2025-04-14,OTA Referral,42,1545.26
C0001001109,Jasmine,Hall,jasmine.hall@yahoo.com,000-000-0000,SE,Europe,West Gillian,30,F,Group,2019-10-21,2019,10,Basic,Email,False,English,Mastercard,Deluxe,,Active,2020-03-03,Website Direct,14,3668.59
C0001001110,Alexandra,Brookes,alexandra32@gmail.com,+1 476 518 8079,CA,North America,West Fionabury,41,F,Leisure,2023-02-11,2023,2,Silver,Email,True,English,Visa,Standard,,Active,2024-03-03,Website Direct,10,786.82
C0001001111,Declan,Thomas,declan.thomas@hotmail.com,+1 446 181 1544,CA,North America,South Joshua,45,M,Group,2022-10-27,2022,10,Platinum,Email,True,English,Visa,Standard,,Active,,Corporate Contract,34,7310.4
C0001001112,倩,张,倩.张@gmail.com,+86 297 1101 570,CN,Asia Pacific,New Scottport,44,F,Leisure,2022-08-28,2022,8,Silver,Email,True,Chinese,American Express,Deluxe,,Active,2025-01-05,Website Direct,32,7834.74
C0001001113,Mirja,Trapp,mirja_trapp@gmail.com,000-000-0000,DE,Europe,Bad Mergentheim,49,F,Family,2023-07-19,2023,7,Non-Member,Email,True,German,Visa,Family,"Early Check-in, Wheelchair Accessible",Active,2023-09-01,OTA Referral,1,4027.6
C0001001114,Marilyn,Brown,marilyn63@gmail.com,+1 562 375 6018,CA,North America,West Eric,42,F,Business,2021-08-17,2021,8,Non-Member,SMS,False,English,American Express,Suite,,Active,2022-09-20,Phone Booking,4,8686.1
C0001001115,Eric,Sacristán,eric_sacristán@globex.com,+1 566 706 5365,ES,Europe,Girona,41,M,Business,2024-04-01,2024,4,Non-Member,Email,True,Spanish,Visa,Executive,,Active,2024-12-27,Walk-in,2,20445.52
C0001001116,Roland,Bouvet,roland29@waynecorp.com,0304588962,FR,Europe,Girard-la-Forêt,41,M,Business,2020-09-08,2020,9,Silver,Email,True,French,Visa,Executive,,Inactive,,Corporate Contract,9,21400.63
C0001001117,Hannah,Wright,hannah_wright@globex.com,+1 993 479 7974,CA,North America,New Nathantown,29,F,Business,2020-08-10,2020,8,Non-Member,Email,False,English,Mastercard,Family,"Early Check-in, Wheelchair Accessible",Inactive,2021-05-31,Corporate Contract,1,740.12
C0001001118,Julie,Simmons,jsimmons@hotmail.com,795-246-6355,US,North America,Port Leahchester,43,F,Leisure,2021-02-18,2021,2,Non-Member,SMS,True,English,Mastercard,Standard,,Active,2021-09-24,OTA Referral,2,13182.89
C0001001119,Craig,Metcalfe,craigm@outlook.com,+1 786 215 7517,ZA,Africa,North Connor,44,M,Family,2023-01-11,2023,1,Basic,Email,True,English,American Express,Deluxe,,Inactive,2023-05-08,Corporate Contract,5,1773.91
C0001001120,修平,橋本,修平51@hotmail.com,+81 536-492-883,JP,Asia Pacific,Heathtown,36,M,Leisure,2023-11-07,2023,11,Basic,Email,True,Japanese,Mastercard,Deluxe,,Active,2026-08-24,OTA Referral,4,6398.03
C0001001121,Théophile,Bernard,théophile35@outlook.com,0659632125,FR,Europe,DenisVille,55,M,Leisure,2021-09-21,2021,9,Basic,Both,False,French,Apple Pay,Executive,,Active,2024-01-22,Phone Booking,30,1075.07
C0001001122,Erol,Ritter,erol_ritter@initech.com,+49 6835 9393,DE,Europe,Monschau,39,M,Business,2021-06-29,2021,6,Basic,SMS,True,German,Visa,Executive,,Active,2022-11-23,Phone Booking,20,657.78
C0001001123,Abigail,Williamson,abigail.williamson@gmail.com,+1 358 606 4094,CA,North America,West Kathleen,34,F,Leisure,2022-06-21,2022,6,Gold,SMS,True,English,Mastercard,Standard,,Inactive,,OTA Referral,19,9531.92
C0001001124,معين,آل عطفة,معينآ@acme.com,+971 779 774 4723,AE,Middle East,Port Benjamin,47,M,Business,2024-05-12,2024,5,Non-Member,Email,False,Arabic,Visa,Suite,"Late Check-out, Non-smoking",Active,2025-10-10,OTA Referral,1,21048.83
C0001001125,Rosie,Wilson,rosiew@gmail.com,+1 357 280 2704,SG,Asia Pacific,Lawrencestad,51,F,Leisure,2022-02-20,2022,2,Non-Member,Email,True,English,Visa,Family,,Active,2024-08-07,Walk-in,3,5770.02
C0001001126,Maurice,Jones,maurice_jones@outlook.com,+1 687 991 2852,MX,North America,Barkerland,42,M,Group,2019-07-06,2019,7,Non-Member,Email,False,English,American Express,Deluxe,,Active,2019-09-26,Corporate Contract,4,17606.28
C0001001127,裕樹,藤田,裕樹_藤田@gmail.com,+81 059-057-041,JP,Asia Pacific,Matthewsmouth,37,M,Business,2021-07-09,2021,7,Non-Member,Email,True,Japanese,Mastercard,Standard,,Inactive,,Website Direct,5,10482.71
C0001001128,Eleanor,Freeman,efreeman@gmail.com,+1 632 887 8057,CA,North America,Lake Pauline,57,F,Leisure,2020-05-18,2020,5,Basic,SMS,True,English,Visa,Suite,,Active,,OTA Referral,15,12445.73
C0001001129,Dean,Holden,dholden@gmail.com,+1 107 914 9085,NG,Africa,New Patricia,29,M,Group,2022-11-24,2022,11,Silver,Email,True,English,American Express,Standard,,Active,2024-04-10,Website Direct,32,2114.26
C0001001130,Philip,Hughes,guest@email.com,+1 128 886 9752,CH,Europe,North Mohammad,25,M,Business,2023-10-23,2023,10,Basic,Email,True,English,PayPal,Ocean View,,Active,,Website Direct,25,6163.09
C0001001131,超,杨,超杨@gmail.com,028 3286 950,CN,Asia Pacific,Parkestown,32,M,Leisure,2022-02-10,2022,2,Non-Member,Email,True,Chinese,Visa,Deluxe,,Active,,Phone Booking,5,10886.95
C0001001132,Kim,Robinson,kim2@yahoo.com,+61 971 405 625,AU,Asia Pacific,East Jake,52,F,Family,2019-06-03,2019,6,Silver,Email,True,English,American Express,Deluxe,,Active,,Phone Booking,47,1177.74
C0001001133,稔,高橋,稔_高橋@gmail.com,177-745-6507,JP,Asia Pacific,Colemanport,44,M,Family,2022-01-18,2022,1,Basic,Email,False,Japanese,Visa,Deluxe,,Active,2023-06-06,Phone Booking,13,9691.16
C0001001134,太一,後藤,太一75@starkindustries.com,+81 472-430-977,JP,Asia Pacific,Porterfurt,46,M,Business,2021-04-22,2021,4,Silver,Email,True,Japanese,PayPal,Standard,,Active,2024-01-26,Walk-in,44,18495.35
C0001001135,Alix,Bernier,alix.bernier@gmail.com,0307003273,FR,Europe,Sainte ValentineBourg,31,F,Family,2024-05-16,2024,5,Basic,Email,False,French,American Express,Standard,,Active,2027-04-28,OTA Referral,4,10778.69
C0001001136,Katharine,Ackermann,katharine61@gmail.com,+49 3936 9832,DE,Europe,Gifhorn,38,F,Business,2022-03-01,2022,3,Basic,Email,True,German,Visa,Deluxe,,Inactive,2023-10-15,Walk-in,32,6817.7
C0001001137,Charlene,Lewis,charlene89@acme.com,+1 261 471 1212,QA,Middle East,Spencerstad,30,F,Business,2021-04-12,2021,4,Platinum,SMS,True,English,Visa,Standard,,Active,2022-06-30,Corporate Contract,32,20509.29
C0001001138,涼平,田中,涼平_田中@gmail.com,+81 168-119-046,JP,Asia Pacific,East Gordonberg,26,M,Group,2023-07-16,2023,7,Basic,Email,True,Japanese,PayPal,Standard,,Active,2024-03-11,Corporate Contract,30,10064.84
C0001001139,くみ子,小林,くみ子小@outlook.com,+81 770-854-655,JP,Asia Pacific,New Eric,36,F,Leisure,2019-02-22,2019,2,Gold,SMS,False,Japanese,Visa,Deluxe,,Active,2020-11-04,OTA Referral,37,14751.6
C0001001140,Debra,Day,debra72@gmail.com,+1 138 555 7070,MX,North America,Clivebury,53,F,Business,2024-04-21,2024,4,Basic,Email,False,English,Mastercard,Executive,,Active,2026-12-07,OTA Referral,47,19214.5
C0001001141,Anton,Wähner,awähner@hotmail.com,+49 7576 6734,DE,Europe,Sömmerda,36,M,Family,2020-06-19,2020,6,Silver,Email,True,German,Visa,Deluxe,,Active,2020-09-24,Phone Booking,5,4187.4
C0001001142,涼平,小川,涼平93@gmail.com,335-917-8309,JP,Asia Pacific,Port Joshua,42,M,Business,2024-05-23,2024,5,Basic,Email,False,Japanese,Visa,Executive,,Active,2024-12-07,OTA Referral,39,20506.69
C0001001143,Valerie,Lambert,valerie3@outlook.com,+1 643 793 6244,MX,North America,East Alan,35,F,Leisure,2019-04-20,2019,4,Platinum,Both,False,English,Visa,Standard,,Active,,Corporate Contract,23,9534.53
C0001001144,Robin,Shah,robins@icloud.com,06983 868 552,GB,Europe,Richardsonfort,48,M,Leisure,2022-01-28,2022,1,Basic,Email,True,English,PayPal,Executive,,Active,,Corporate Contract,22,13549.1
C0001001145,Honoré,Moreno,honoré_moreno@starkindustries.com,0688319295,FR,Europe,Prévost-sur-Wagner,25,M,Business,2020-05-14,2020,5,Silver,Email,False,French,Mastercard,Deluxe,,Active,2021-04-09,OTA Referral,10,11689.63
C0001001146,Bruce,Thornton,bruce76@gmail.com,+1 622 997 9475,MX,North America,East Richardchester,33,M,Leisure,2024-03-23,2024,3,Silver,Email,True,English,Mastercard,Family,,Active,2025-09-18,Phone Booking,46,2361.61
C0001001147,جوريّة,آل عايض,جوريّة_آل عايض@gmail.com,+971 729 680 1580,AE,Middle East,Fisherside,43,F,Leisure,2023-05-29,2023,5,Silver,SMS,False,Arabic,Mastercard,Deluxe,,Active,2024-11-18,Phone Booking,17,23230.97
C0001001148,Ian,Brady,ian48@gmail.com,+1 296 345 1219,CH,Europe,Dawsonbury,35,M,Group,2022-12-11,2022,12,Platinum,Email,True,English,Mastercard,Deluxe,,Active,2025-06-03,Website Direct,39,14196.22
C0001001149,Frederick,Stevenson,frederick_stevenson@gmail.com,746-618-4356,US,North America,Andersonfort,28,M,Group,2022-04-18,2022,4,Platinum,Both,True,English,American Express,Deluxe,,Active,2022-08-08,Walk-in,6,11740.17
C0001001150,Thibault,Gérard,thibault8@waynecorp.com,+33 899 981 062,FR,Europe,Caron-sur-Garnier,36,M,Business,2019-12-05,2019,12,Non-Member,SMS,True,French,Visa,Suite,,Active,2022-04-10,OTA Referral,5,3053.82
C0001001151,Toby,Knight,tobyk@gmail.com,+1 156 899 9377,CA,North America,Stanleyland,37,M,Leisure,2022-08-22,2022,8,Basic,Email,True,English,Visa,Suite,,Active,2025-01-04,Corporate Contract,19,14992.69
C0001001152,Marissa,Ortese,mortese@oscorp.com,+1 612 384 5041,IT,Europe,Unsere Liebe Frau Im Wald,35,F,Business,2024-09-24,2024,9,Non-Member,SMS,True,Italian,American Express,Executive,,Active,,OTA Referral,5,6364.09
C0001001153,Justin,Smith,justins@umbrellacorp.com,+1 243 205 4425,CA,North America,Perryshire,38,M,Business,2022-09-14,2022,9,Gold,SMS,True,English,Mastercard,Family,,Active,2023-02-18,Corporate Contract,25,8292.94
C0001001154,Vanessa,Rubbia,vanessar@gmail.com,+1 231 934 4290,IT,Europe,Piglio,34,F,Business,2024-05-20,2024,5,Basic,Email,True,Italian,Mastercard,Suite,,Active,2025-08-09,Corporate Contract,8,6128.63
C0001001155,Claudine,Dubois,claudine30@gmail.com,+33 951 881 461,FR,Europe,Perrierdan,40,F,Family,2020-11-04,2020,11,Basic,Email,True,French,Mastercard,Deluxe,,Inactive,,Walk-in,33,18520.99
C0001001156,Amanda,Abbott,amanda.abbott@umbrellacorp.com,+1 943 601 3675,MX,North America,Lewiston,38,F,Business,2019-06-18,2019,6,Non-Member,Email,True,English,American Express,Deluxe,,Active,,Corporate Contract,2,11428.83
C0001001157,Declan,Fuller,declanf@outlook.com,526-506-2538,US,North America,Port Jeremytown,36,M,Family,2023-03-20,2023,3,Non-Member,Email,True,English,Visa,Family,Early Check-in,Active,2025-02-27,Website Direct,0,22579.3
C0001001158,Malcolm,Parsons,malcolmp@cyberdyne.com,(537) 018-0621,US,North America,Pearcetown,49,M,Business,2023-12-26,2023,12,Non-Member,SMS,False,English,Mastercard,Family,,Inactive,2026-04-01,OTA Referral,4,2140.06
C0001001159,George,Campbell,georgec@dummycorp.com,+1 809 211 3710,CA,North America,Sophiefurt,32,M,Business,2020-08-30,2020,8,Basic,Email,False,English,American Express,Executive,,Active,2023-05-22,Phone Booking,6,18153.72
C0001001160,Nicola,Savage,noemail@provided.com,+1 460 792 7357,SE,Europe,East Georginamouth,34,F,Business,2023-11-21,2023,11,Non-Member,Email,True,English,Google Pay,Deluxe,,Active,2024-06-06,OTA Referral,2,23590.88
C0001001161,Patricia,John,patricia.john@hotmail.com,0322 434 923,AU,Asia Pacific,Lake Staceyton,49,F,Family,2024-05-28,2024,5,Silver,Email,False,English,Mastercard,Standard,,Active,2026-07-14,Walk-in,50,10395.04
C0001001162,Claire,Ahmed,claire_ahmed@gmail.com,+1 520 183 1063,SG,Asia Pacific,South Nigelshire,30,F,Leisure,2024-07-23,2024,7,Gold,Email,False,English,Mastercard,Ocean View,,Active,2026-04-22,Corporate Contract,47,21139.4
C0001001163,Jorge,Pazos,jpazos@hotmail.com,+1 252 177 8336,ES,Europe,Badajoz,51,M,Leisure,2022-05-24,2022,5,Basic,SMS,True,Spanish,Visa,Standard,,Active,,Corporate Contract,18,13193.24
C0001001164,은서,김,은서_김@starkindustries.com,+1 568 852 1764,KR,Asia Pacific,Carrmouth,30,F,Business,2024-10-01,2024,10,Silver,SMS,True,Korean,Mastercard,Family,,Active,2025-03-05,OTA Referral,37,7546.52
C0001001165,Annette,Smith,noemail@provided.com,+1 876 100 6118,KW,Middle East,North Gemma,40,F,Group,2022-12-03,2022,12,Silver,Email,True,English,Visa,Deluxe,,Inactive,2023-02-01,Walk-in,0,19941.48
C0001001166,Anneli,Bolander,abolander@outlook.com,+49 510 90040,DE,Europe,Oschatz,45,F,Leisure,2024-11-27,2024,11,Basic,Email,False,German,Mastercard,Standard,,Active,2027-01-06,Corporate Contract,5,16506.57
C0001001167,Reece,Lewis,reece_lewis@gmail.com,+1 443 223 1046,NL,Europe,East Karen,46,M,Leisure,2020-02-02,2020,2,Basic,Email,False,English,Mastercard,Deluxe,,Active,2021-06-12,Corporate Contract,31,6704.03
C0001001168,Kate,Smith,kates@icloud.com,+1 925 935 2249,MX,North America,South Nicholas,39,F,Leisure,2020-06-29,2020,6,Silver,Both,True,English,American Express,Standard,,Active,,Corporate Contract,50,17826.16
C0001001169,Alice,Howarth,alice94@gmail.com,+1 274 498 3135,MX,North America,West Timothy,46,F,Group,2019-02-27,2019,2,Silver,Email,False,English,American Express,Standard,,Inactive,2020-12-05,Corporate Contract,1,13839.32
C0001001170,Glen,Smith,glens@gmail.com,+1 447 932 7870,MX,North America,East Graham,43,M,Leisure,2024-06-25,2024,6,Non-Member,Email,True,English,Mastercard,Suite,,Inactive,2025-11-18,OTA Referral,5,8108.65
C0001001171,Gerard,Dunn,gerardd@tyrellcorp.com,+61 538 379 482,AU,Asia Pacific,East Annashire,33,M,Business,2021-09-14,2021,9,Platinum,Both,False,English,Visa,Suite,,Active,2024-05-13,Walk-in,49,8683.4
C0001001172,Shannon,Armstrong,shannon_armstrong@acme.com,584-913-7079,US,North America,Lake Keith,27,F,Business,2022-11-17,2022,11,Non-Member,Email,False,English,American Express,Executive,,Active,2024-11-30,Website Direct,4,17690.83
C0001001173,François,Colin,françois.colin@gmail.com,+33 233 794 219,FR,Europe,Schneider,33,M,Leisure,2021-11-08,2021,11,Platinum,Email,True,French,Visa,Standard,,Active,,Corporate Contract,47,11058.21
C0001001174,Robert,Klapp,robert_klapp@outlook.com,+49 1940 8039,DE,Europe,Zossen,63,M,Leisure,2023-04-14,2023,4,Non-Member,SMS,True,German,American Express,Deluxe,,Active,,Phone Booking,5,19599.22
C0001001175,Henriette,Lambert,henriette47@tyrellcorp.com,+33 793 286 236,FR,Europe,Lucas,35,F,Business,2022-09-30,2022,9,Basic,Email,False,French,Google Pay,Suite,,Inactive,2024-04-13,Corporate Contract,34,12545.12
C0001001176,飞,迟,飞迟@initech.com,+86 290 0305 013,CN,Asia Pacific,South Bradleyfurt,37,M,Business,2022-02-16,2022,2,Basic,Email,True,Chinese,Visa,Executive,,Active,2022-08-29,OTA Referral,36,5993.53
C0001001177,Toby,Matthews,tmatthews@outlook.com,+1 838 980 1707,MX,North America,Amberchester,49,M,Leisure,2023-11-28,2023,11,Basic,Email,True,English,Visa,Executive,,Active,,Phone Booking,47,15603.52
C0001001178,Guido,Comisso,guidoc@gmail.com,+1 108 346 1677,IT,Europe,Ameglio,34,M,Group,2019-09-26,2019,9,Silver,Email,False,Italian,Visa,Standard,,Active,,Walk-in,9,1736.11
C0001001179,Karl,Simpson,karls@gmail.com,+1 858 464 8557,CA,North America,South Catherine,28,M,Leisure,2024-12-13,2024,12,Non-Member,Email,True,English,Google Pay,Standard,,Inactive,2026-12-01,Walk-in,0,11630.86
C0001001180,Holly,Smith,holly24@example.se,+1 598 542 6100,SE,Europe,Lake Connor,30,F,Business,2022-06-01,2022,6,Silver,Email,True,English,PayPal,Suite,,Active,2024-09-08,OTA Referral,48,8724.58
C0001001181,Jonathan,Young,jonathany@waynecorp.com,+1 525 360 1193,KE,Africa,North Josephine,43,M,Business,2019-11-21,2019,11,Non-Member,Email,False,English,Visa,Executive,,Active,,Phone Booking,0,24071.89
C0001001182,Scott,Jones,scott5@dummycorp.com,+91 432 366 7842,IN,Asia Pacific,Kemphaven,25,M,Business,2023-03-31,2023,3,Non-Member,Email,True,English,Visa,Executive,,Inactive,2023-09-11,OTA Referral,1,13106.02
C0001001183,Kieran,Bradley,kbradley@outlook.com,+91 273 567 1101,IN,Asia Pacific,Lake Alexanderbury,35,M,Group,2019-12-26,2019,12,Silver,Email,True,English,Visa,Deluxe,,Active,2020-08-10,Corporate Contract,48,3655.16
C0001001184,Marcelle,Hernandez,marcelle_hernandez@dummycorp.com,+33 438 469 883,FR,Europe,Sainte Anne,52,F,Business,2023-04-20,2023,4,Basic,Email,True,French,Mastercard,Executive,,Active,,OTA Referral,44,20645.79
C0001001185,Shirley,Hill,shirley_hill@outlook.com,(471) 407-4656,US,North America,Frankstad,51,F,Leisure,2021-05-18,2021,5,Platinum,Email,True,English,PayPal,Family,"Early Check-in, Allergies",Active,2023-04-12,Website Direct,19,5992.39
C0001001186,Lauren,Clements,laurenc@gmail.com,+1 655 419 6618,SE,Europe,Lynnebury,42,F,Leisure,2024-08-25,2024,8,Non-Member,Email,False,English,Visa,Standard,,Inactive,2025-11-01,OTA Referral,0,10034.67
C0001001187,Katy,Weston,katy99@gmail.com,+1 930 896 1696,TH,Asia Pacific,Brandontown,45,F,Leisure,2019-04-19,2019,4,Silver,Email,False,English,Visa,Deluxe,"High Floor, Non-smoking",Active,2020-12-01,Walk-in,35,17311.71
C0001001188,Lydia,Collins,lydia_collins@yahoo.com,+1 565 366 2966,CH,Europe,Rosetown,48,F,Leisure,2022-01-06,2022,1,Basic,SMS,True,English,Mastercard,Deluxe,,Active,,Phone Booking,35,9917.62
C0001001189,은정,백,은정백@gmail.com,+1 190 375 4135,KR,Asia Pacific,Dobsonbury,47,F,Leisure,2024-10-31,2024,10,Basic,Email,False,Korean,Mastercard,Family,,Active,2025-02-18,Phone Booking,8,23813.19
C0001001190,Irmgard,Kusch,irmgardk@waynecorp.com,+49 3805 1917,DE,Europe,Dinslaken,49,F,Business,2022-06-06,2022,6,Silver,Email,True,German,Visa,Deluxe,,Inactive,2024-07-07,OTA Referral,37,20253.94
C0001001191,Sean,Brown,sean.brown@outlook.com,+1 541 109 7207,MX,North America,East Luke,37,M,Family,2023-09-21,2023,9,Silver,Email,True,English,Apple Pay,Standard,,Active,2025-08-12,OTA Referral,30,15699.98
C0001001192,Lynn,Thompson,lynnt@initech.com,+1 819 635 3366,KW,Middle East,Wilsonfort,34,F,Business,2022-09-21,2022,9,Silver,Email,True,English,Visa,Suite,,Active,2023-11-17,Phone Booking,1,16552.02
C0001001193,Nicole,Wood,guest@email.com,+1 802 174 2621,NL,Europe,Sheilabury,44,F,Leisure,2023-08-14,2023,8,Non-Member,Email,False,English,Visa,Standard,,Active,,Phone Booking,2,20071.07
C0001001194,Anthony,Birch,abirch@outlook.com,+61 547 433 379,AU,Asia Pacific,South Yvonnetown,39,M,Leisure,2021-02-18,2021,2,Basic,Email,False,English,Mastercard,Suite,,Active,,Corporate Contract,24,686.98
C0001001195,Viridiana,Esposito,vesposito@gmail.com,+1 856 385 8665,IT,Europe,Nuova Olonio,46,F,Leisure,2021-02-14,2021,2,Silver,SMS,False,Italian,Mastercard,Deluxe,,Active,2023-06-23,Walk-in,24,17156.57
C0001001196,Robin,Ellis,noemail@provided.com,392-714-6406,US,North America,Marianside,51,M,Business,2023-01-19,2023,1,Non-Member,Both,True,English,Mastercard,Suite,,Active,2024-11-10,Corporate Contract,4,9520.57
C0001001197,Nicolas,Daniel,nicolasd@gmail.com,+33 952 473 806,FR,Europe,Lagarde,42,M,Leisure,2024-06-05,2024,6,Gold,Email,True,French,American Express,Deluxe,,Inactive,,Corporate Contract,1,24629.13
C0001001198,ميثاق,آل العسكري,ميثاق12@cyberdyne.com,+971 844 240 7950,AE,Middle East,Beverleyview,27,M,Business,2023-02-10,2023,2,Non-Member,Both,True,Arabic,Visa,Suite,,Active,,OTA Referral,1,19531.36
C0001001199,Sylvia,Carter,sylvia_carter@hotmail.com,+1 277 718 2070,CH,Europe,Myersfurt,28,F,Leisure,2019-07-15,2019,7,Basic,Email,True,English,Google Pay,Standard,,Active,2022-05-08,Website Direct,48,12505.92
C0001001200,Katy,Fletcher,katyf@starkindustries.com,599-991-8124,US,North America,Mollyfurt,38,F,Business,2021-05-07,2021,5,Silver,Email,True,English,American Express,Executive,,Active,2021-07-07,Phone Booking,33,22333.74
C0001001201,Maureen,Hurst,mhurst@hotmail.com,+1 398 523 3157,MX,North America,West Alan,36,F,Leisure,2019-05-12,2019,5,Gold,Email,False,English,American Express,Standard,,Active,,Website Direct,26,17870.2
C0001001202,Conor,Lewis,conor_lewis@yahoo.com,08353 311 808,GB,Europe,Begumberg,51,M,Leisure,2023-01-17,2023,1,Silver,Email,True,English,Apple Pay,Standard,,Active,,OTA Referral,38,19217.12
C0001001203,Elliott,Begum,elliottb@outlook.com,+1 547 440 4487,CH,Europe,West Kathleen,36,M,Leisure,2024-12-16,2024,12,Silver,Email,True,English,Visa,Suite,,Active,,OTA Referral,44,4479.22
C0001001204,David,Fox,david_fox@icloud.com,+1 624 859 5261,MX,North America,Allenside,48,M,Family,2022-10-21,2022,10,Silver,SMS,False,English,Mastercard,Standard,"Non-smoking, Late Check-out",Active,2023-04-08,Corporate Contract,23,3932.11
C0001001205,Odalis,Mendez,odalis_mendez@gmail.com,+1 328 175 2893,ES,Europe,Albacete,35,F,Business,2019-10-26,2019,10,Platinum,Email,False,Spanish,Mastercard,Suite,,Inactive,2021-04-12,Website Direct,14,6266.02
C0001001206,Melanie,Holland,mholland@tyrellcorp.com,(268) 393-6416,US,North America,West Jordanmouth,33,F,Business,2020-01-29,2020,1,Basic,Email,True,English,Visa,Executive,,Active,2020-11-10,Corporate Contract,2,8131.17
C0001001207,Garry,Walker,garryw@gmail.com,+1 711 676 3879,CA,North America,South Alexandrafurt,32,M,Leisure,2024-02-23,2024,2,Basic,Email,True,English,Visa,Deluxe,,Active,2026-08-12,Walk-in,27,1069.96
C0001001208,Geneviève,Sanchez,geneviève30@icloud.com,0792506143,FR,Europe,Clerc-la-Forêt,47,F,Leisure,2022-02-09,2022,2,Gold,Email,False,French,American Express,Executive,"Allergies, Non-smoking",Active,2022-03-20,Corporate Contract,20,3720.63
C0001001209,Jordan,Morgan,jordan73@cyberdyne.com,+1 312 626 9930,TH,Asia Pacific,Millerfurt,25,M,Business,2024-09-19,2024,9,Basic,SMS,True,English,Visa,Executive,,Active,2025-11-27,OTA Referral,21,9932.14
C0001001210,Joaquina,Casanovas,joaquina.casanovas@gmail.com,+1 279 216 9110,ES,Europe,Cantabria,35,F,Family,2022-09-03,2022,9,Silver,Email,False,Spanish,Apple Pay,Deluxe,,Active,2025-04-11,Website Direct,25,11763.6
C0001001211,لينا,آل خضير,لآل خضير@outlook.com,+971 758 351 2303,AE,Middle East,Robertsbury,46,F,Leisure,2022-05-31,2022,5,Non-Member,Email,True,Arabic,Mastercard,Deluxe,,Active,2023-10-26,Walk-in,3,11233.64
C0001001212,Joel,Stevenson,joel.stevenson@yahoo.com,+1 843 691 2664,NL,Europe,Collinsville,46,M,Family,2022-08-11,2022,8,Gold,Email,False,English,Mastercard,Family,,Active,2025-04-30,OTA Referral,27,5724.51
C0001001213,John,Morris,jmorris@gmail.com,(183) 889-4600,US,North America,Sandraview,43,M,Leisure,2019-03-17,2019,3,Basic,Both,True,English,American Express,Suite,,Active,2019-12-10,OTA Referral,27,6639.93
C0001001214,Mary,Evans,mary_evans@yahoo.com,+44 3526 09413,GB,Europe,Jenkinsshire,51,F,Family,2019-11-08,2019,11,Silver,Email,True,English,American Express,Suite,,Active,2022-05-23,OTA Referral,32,16086.37
C0001001215,Patricia,Neveu,noemail@provided.com,0833410475,FR,Europe,Sainte Nathalie,35,F,Leisure,2020-11-02,2020,11,Non-Member,Email,False,French,PayPal,Deluxe,"Late Check-out, Allergies",Inactive,2022-02-11,Corporate Contract,3,10205.22
C0001001216,Brandon,King,bking@waynecorp.com,+1 467 124 7044,CA,North America,New Donnahaven,37,M,Business,2023-07-12,2023,7,Silver,Email,False,English,American Express,Deluxe,,Active,2024-01-07,OTA Referral,37,16318.42
C0001001217,성수,이,성수.이@gmail.com,+1 934 855 9992,KR,Asia Pacific,Smithmouth,38,M,Family,2023-05-04,2023,5,Basic,Email,False,Korean,Visa,Suite,,Active,2025-02-04,OTA Referral,27,1514.4
C0001001218,زاكي,المغاولة,زالمغاولة@yahoo.com,+1 556 325 2254,SA,Middle East,West Jacqueline,52,M,Leisure,2023-04-30,2023,4,Basic,Email,True,Arabic,Visa,Standard,,Active,2024-07-17,Phone Booking,48,9865.51
C0001001219,Mandy,Lee,mandy_lee@umbrellacorp.com,423-811-4968,US,North America,West Fiona,29,F,Business,2022-04-15,2022,4,Silver,Email,False,English,Visa,Ocean View,"High Floor, Late Check-out",Active,2024-11-20,Corporate Contract,2,14181.41
C0001001220,建国,朱,建朱@outlook.com,+86 675 8276 858,CN,Asia Pacific,West Gail,41,M,Family,2020-10-09,2020,10,Gold,SMS,True,Chinese,Mastercard,Deluxe,Late Check-out,Active,,Website Direct,44,1100.16
C0001001221,Rael,Leão,rleão@outlook.com,(533) 9022-897,BR,South America,Woodton,29,M,Family,2023-07-22,2023,7,Basic,Both,True,Portuguese,Visa,Standard,,Active,2025-11-26,OTA Referral,37,4656.67
C0001001222,Joshua,White,joshuaw@starkindustries.com,+1 982 463 8567,MX,North America,North Lydia,41,M,Business,2020-02-06,2020,2,Gold,Email,True,English,Visa,Suite,,Active,2022-11-06,Corporate Contract,25,17245.15
C0001001223,Marie,Gardner,mgardner@outlook.com,+1 969 944 8412,CH,Europe,Mathewbury,21,F,Leisure,2019-06-21,2019,6,Non-Member,Email,True,English,Visa,Family,,Inactive,2020-01-10,OTA Referral,4,284.03
C0001001224,Kerry,Greenwood,kerry_greenwood@outlook.com,+1 730 116 9205,MX,North America,Lake Martynbury,42,F,Leisure,2024-04-23,2024,4,Basic,Email,False,English,PayPal,Deluxe,,Active,2026-07-01,Corporate Contract,20,4602.5
C0001001225,丽娟,孟,丽娟.孟@starkindustries.com,+86 032 1562 404,CN,Asia Pacific,Lake Laurentown,33,F,Business,2019-04-02,2019,4,Basic,Email,False,Chinese,Mastercard,Standard,,Active,2020-03-24,Phone Booking,2,4828.51
C0001001226,Catherine,Hall,catherine24@outlook.com,(233) 719-0750,US,North America,South Brandon,34,F,Leisure,2023-07-18,2023,7,Basic,SMS,True,English,Visa,Standard,,Active,,Corporate Contract,33,1030.34
C0001001227,Natasha,Ward,nward@gmail.com,08699 293 553,GB,Europe,North Elliechester,46,F,Leisure,2024-08-24,2024,8,Non-Member,Email,True,English,American Express,Suite,,Active,2025-12-15,Corporate Contract,1,2507.15
C0001001228,Rhys,Turner,rturner@initech.com,+1 223 871 1772,MX,North America,Port Janeton,31,M,Business,2022-01-21,2022,1,Silver,SMS,True,English,Apple Pay,Executive,,Inactive,,Website Direct,21,8226.55
C0001001229,Katie,Hilton,katie_hilton@waynecorp.com,+1 743 865 6309,MX,North America,Port Nathan,51,F,Business,2023-03-24,2023,3,Basic,Email,True,English,Apple Pay,Deluxe,,Active,,Website Direct,12,10122.1
C0001001230,Derek,Mitchell,derek_mitchell@dummycorp.com,+1 529 256 5920,MX,North America,New Lawrenceport,25,M,Business,2021-01-06,2021,1,Non-Member,Email,True,English,Mastercard,Suite,,Active,,OTA Referral,5,18737.99
C0001001231,Jack,Moore,jack89@initech.com,+1 591 592 5643,CA,North America,West Maureenland,25,M,Business,2023-12-04,2023,12,Silver,SMS,True,English,Visa,Executive,,Active,,OTA Referral,30,5491.58
C0001001232,Gary,Patel,gary.patel@waynecorp.com,+44 2546 78738,GB,Europe,Jasminechester,43,M,Business,2021-08-30,2021,8,Basic,Email,True,English,Apple Pay,Executive,"Non-smoking, Allergies",Inactive,2023-04-03,Corporate Contract,15,2112.67
C0001001233,Alan,Smith,alans@gmail.com,+91 581 235 8151,IN,Asia Pacific,Port Kathleen,39,M,Leisure,2022-01-14,2022,1,Basic,Email,True,English,Visa,Executive,,Active,2023-08-02,Website Direct,37,13629.56
C0001001234,琴,燕,琴燕@gmail.com,145 4311 569,CN,Asia Pacific,West Julie,39,F,Group,2023-02-27,2023,2,Basic,Both,True,Chinese,Visa,Suite,,Active,,OTA Referral,23,1878.41
C0001001235,Rosario,Teruel,rosario84@gmail.com,+1 580 655 9244,AR,South America,ضاحكhaven,55,F,Family,2022-12-25,2022,12,Platinum,Email,True,English,Visa,Deluxe,"Late Check-out, Wheelchair Accessible",Active,2023-02-03,Walk-in,1,17271.91
C0001001236,Katherine,Williams,katherine.williams@gmail.com,+1 305 710 1973,SG,Asia Pacific,Jeffreyland,51,F,Leisure,2019-04-28,2019,4,Gold,Email,False,English,Visa,Standard,"Non-smoking, Late Check-out",Active,2019-04-28,Walk-in,1,13760.73
C0001001237,جلنار,آل سلطان,guest@email.com,+971 363 183 8900,AE,Middle East,Eleanorville,28,F,Business,2023-10-05,2023,10,Gold,Email,True,Arabic,Apple Pay,Executive,,Active,2023-11-27,Phone Booking,6,22402.8
C0001001238,知実,松本,知実_松本@icloud.com,456-576-7817,JP,Asia Pacific,North Louis,38,F,Family,2019-02-18,2019,2,Platinum,Email,True,Japanese,Visa,Deluxe,,Active,2021-05-06,OTA Referral,14,13674.86
C0001001239,Donald,Glover,guest@email.com,(132) 612-6275,US,North America,South Garethberg,21,M,Leisure,2024-10-20,2024,10,Basic,SMS,False,English,Visa,Deluxe,High Floor,Active,2026-10-29,Phone Booking,4,7087.86
C0001001240,Robin,Stevens,robin22@gmail.com,+91 487 767 9309,IN,Asia Pacific,Hargreavesburgh,44,M,Group,2021-08-03,2021,8,Silver,Email,False,English,Visa,Deluxe,,Active,,OTA Referral,8,1129.83
C0001001241,Dominic,Lamb,dlamb@outlook.com,+1 874 462 1715,TH,Asia Pacific,Carlyview,34,M,Leisure,2023-02-26,2023,2,Gold,Email,False,English,Visa,Standard,,Active,,Corporate Contract,25,8157.38
C0001001242,Zoe,Owen,zoe69@outlook.com,+1 401 704 2376,NG,Africa,Smithchester,29,F,Leisure,2019-02-04,2019,2,Platinum,Email,True,English,Mastercard,Standard,,Active,2022-01-05,Walk-in,20,6226.63
C0001001243,Abigail,Davies,abigail11@hotmail.com,+1 690 519 4311,CA,North America,Morganfort,27,F,Leisure,2022-03-15,2022,3,Non-Member,Email,True,English,Visa,Standard,,Active,,OTA Referral,2,16442.87
C0001001244,Arthur,Smith,arthur_smith@outlook.com,(592) 673-9765,US,North America,Victorchester,29,M,Leisure,2024-05-18,2024,5,Basic,SMS,True,English,Mastercard,Family,,Inactive,2024-05-21,Walk-in,24,17101.96
C0001001245,Allan,Ball,allan24@gmail.com,+1 730 951 5785,CO,South America,East Jayneshire,40,M,Leisure,2024-09-24,2024,9,Non-Member,Email,True,English,Visa,Standard,,Active,,Website Direct,3,13209.73
C0001001246,Kelly,Walker,kelly65@gmail.com,+91 873 779 3078,IN,Asia Pacific,Donnachester,45,F,Leisure,2024-01-28,2024,1,Basic,Both,False,English,Mastercard,Suite,,Active,,Website Direct,10,10150.71
C0001001247,Sandra,Fox,sandra_fox@gmail.com,+1 202 138 7306,SG,Asia Pacific,Barneshaven,41,F,Business,2024-03-14,2024,3,Basic,Both,False,English,Visa,Deluxe,,Active,,Walk-in,48,7834.72
C0001001248,Dimitri,Dowerg,dimitri_dowerg@gmail.com,+49 9878 4971,DE,Europe,Neuss,31,M,Business,2021-07-16,2021,7,Silver,SMS,True,German,Mastercard,Standard,,Active,2023-11-22,Website Direct,3,12147.85
C0001001249,Alan,Fraser,alan.fraser@example.sg,+1 722 860 7029,SG,Asia Pacific,Francisside,38,M,Business,2021-08-23,2021,8,Silver,Email,True,English,Mastercard,Suite,,Active,2022-02-11,OTA Referral,13,14782.41
C0001001250,Terry,Houghton,noemail@provided.com,+1 633 143 6490,TH,Asia Pacific,East Donna,36,M,Leisure,2019-10-06,2019,10,Silver,None,True,English,Visa,Deluxe,,Inactive,,Walk-in,45,17091.71
C0001001251,Rodolfo,Filippini,rodolfo.filippini@gmail.com,000-000-0000,IT,Europe,Montalcinello,39,M,Leisure,2022-07-14,2022,7,Silver,Email,True,Italian,Mastercard,Deluxe,,Active,2025-02-03,OTA Referral,27,3600.48
C0001001252,Kevin,Lloyd,klloyd@oscorp.com,+1 244 275 2579,CA,North America,Andersonbury,28,M,Business,2020-11-11,2020,11,Gold,Email,True,English,Google Pay,Suite,,Active,2021-07-10,Walk-in,10,4303.46
C0001001253,Rita,Moss,rita71@tyrellcorp.com,+1 767 401 3134,SE,Europe,North Shannonview,32,F,Business,2022-02-02,2022,2,Platinum,SMS,False,English,Mastercard,Deluxe,,Active,,Corporate Contract,11,21499.24
C0001001254,Rosemary,Bailey,rbailey@example.th,+1 498 856 6701,TH,Asia Pacific,Jacksonstad,39,F,Business,2023-11-20,2023,11,Basic,Email,False,English,Mastercard,Suite,"Late Check-out, Non-smoking",Active,2024-08-25,Corporate Contract,1,13508.18
C0001001255,Rachael,Holmes,rachael.holmes@gmail.com,+1 787 643 3354,ZA,Africa,North Kyle,34,F,Leisure,2022-05-11,2022,5,Platinum,Email,False,English,Visa,Executive,,Active,,Corporate Contract,5,10509.05
C0001001256,지우,김,지김@gmail.com,+1 637 599 5785,KR,Asia Pacific,Allenburgh,39,F,Leisure,2023-11-18,2023,11,Basic,Email,True,Korean,Google Pay,Suite,,Inactive,,OTA Referral,23,23365.66
C0001001257,Javi,Oliva,javi_oliva@outlook.com,+1 253 453 6866,ES,Europe,Álava,36,M,Family,2024-02-19,2024,2,Non-Member,Email,False,Spanish,Apple Pay,Deluxe,,Active,,Phone Booking,5,16469.56
C0001001258,Antony,Porter,antony.porter@gmail.com,+1 281 374 7780,SE,Europe,Graystad,54,M,Leisure,2024-11-02,2024,11,Basic,SMS,True,English,Mastercard,Standard,,Active,2027-04-18,Phone Booking,29,500.56
C0001001259,Frederick,Mason,frederick_mason@yahoo.com,+1 334 523 9664,NL,Europe,Port Kimview,34,M,Business,2020-08-04,2020,8,Silver,Email,True,English,Visa,Deluxe,,Inactive,2022-04-23,Walk-in,31,3607.54
C0001001260,Mary,Pearce,mpearce@gmail.com,956-341-3615,US,North America,Port Jayport,25,F,Business,2019-07-15,2019,7,Silver,Email,True,English,Visa,Executive,,Active,,Website Direct,39,19860.51
C0001001261,Joanne,Winter,jwinter@gmail.com,+1 291 460 4329,MX,North America,Gordonport,37,F,Leisure,2020-08-05,2020,8,Basic,Email,False,English,Mastercard,Standard,"Allergies, Wheelchair Accessible",Active,2021-10-30,Phone Booking,8,9736.11
C0001001262,Nicholas,Browne,nicholas.browne@gmail.com,+1 381 297 1443,CH,Europe,North Carolineport,31,M,Leisure,2021-06-13,2021,6,Non-Member,Email,True,English,Visa,Standard,,Active,2023-12-29,Walk-in,5,15062.22
C0001001263,영환,최,영환최@yahoo.com,+1 640 435 5479,KR,Asia Pacific,Port Jodie,48,M,Family,2022-08-28,2022,8,Gold,Email,True,Korean,Mastercard,Standard,,Active,2025-05-18,Walk-in,11,14902.41
C0001001264,Toni,Gabbana,toni64@yahoo.com,+1 531 610 4536,IT,Europe,Ipplis,32,M,Leisure,2023-04-09,2023,4,Basic,Email,False,Italian,American Express,Standard,,Active,,Phone Booking,36,18132.79
C0001001265,Hollie,Gibson,hollieg@waynecorp.com,+1 456 666 3585,SE,Europe,Davieshaven,41,F,Business,2023-02-22,2023,2,Basic,Both,False,English,American Express,Suite,"Wheelchair Accessible, Non-smoking",Active,,OTA Referral,48,21429.46
C0001001266,Mohammad,Owens,mohammad43@initech.com,+1 284 715 8585,SG,Asia Pacific,Emmaborough,39,M,Business,2023-07-31,2023,7,Non-Member,SMS,False,English,Mastercard,Executive,,Active,2024-12-10,Website Direct,0,2162.11
C0001001267,Philip,Evans,philipe@tyrellcorp.com,(689) 412-8536,US,North America,East Kayleighchester,26,M,Business,2022-04-28,2022,4,Non-Member,Both,True,English,Visa,Deluxe,,Inactive,2023-02-12,Walk-in,5,22234.53
C0001001268,Paula,Willis,paula87@outlook.com,+1 254 577 2906,CA,North America,Brandonbury,50,F,Leisure,2022-10-17,2022,10,Basic,Email,True,English,Visa,Executive,,Active,2025-08-26,Walk-in,37,9246.01
C0001001269,Lucy,Watkins,lwatkins@outlook.com,+1 117 466 9881,MX,North America,South Gavin,60,F,Leisure,2021-08-08,2021,8,Non-Member,Email,True,English,Visa,Deluxe,,Active,2023-04-28,Corporate Contract,0,22335.64
C0001001270,Tiziana,Chinnici,tizianac@dummycorp.com,+1 260 523 4194,IT,Europe,Clivio,49,F,Business,2019-10-04,2019,10,Gold,SMS,True,Italian,Visa,Executive,,Active,2020-08-18,Corporate Contract,35,7003.36
C0001001271,Nicholas,Robertson,nrobertson@tyrellcorp.com,+91 927 880 6383,IN,Asia Pacific,South Carolynbury,38,M,Business,2024-10-11,2024,10,Basic,Email,True,English,Visa,Standard,,Active,2026-12-23,Walk-in,28,22692.76
C0001001272,Mohammed,Craig,mohammed.craig@gmail.com,+1 123 232 8498,CA,North America,Oliverland,50,M,Leisure,2019-10-09,2019,10,Basic,Email,False,English,Visa,Standard,,Active,2021-11-09,OTA Referral,18,11198.19
C0001001273,Raymond,Clark,raymond_clark@gmail.com,+1 115 638 5092,CA,North America,Elliottmouth,43,M,Business,2022-01-25,2022,1,Non-Member,Email,True,English,Visa,Family,,Inactive,2022-03-27,OTA Referral,0,20.17
C0001001274,Jay,Wilson,jay.wilson@gmail.com,+1 495 622 2497,TH,Asia Pacific,New Lesleybury,31,M,Business,2024-10-31,2024,10,Non-Member,Email,True,English,Mastercard,Suite,,Active,2025-11-22,Corporate Contract,2,20070.95
C0001001275,Bethan,Donnelly,bethan.donnelly@gmail.com,+1 810 364 6428,MX,North America,East Albert,41,F,Family,2019-01-22,2019,1,Basic,Email,True,English,Visa,Suite,,Active,2020-07-21,OTA Referral,37,11318.93
C0001001276,Elliot,White,elliot_white@gmail.com,+1 619 801 3434,CH,Europe,Bruceside,48,M,Leisure,2024-11-23,2024,11,Silver,Email,False,English,Visa,Standard,,Active,,Phone Booking,18,10773.74
C0001001277,Dean,Pearce,dpearce@outlook.com,+91 953 340 1994,IN,Asia Pacific,Kevinfurt,52,M,Leisure,2019-01-06,2019,1,Basic,Email,True,English,Visa,Deluxe,,Active,2020-07-24,Website Direct,43,23996.69
C0001001278,Malcolm,Nicholson,guest@email.com,+61 541 068 623,AU,Asia Pacific,New Karl,25,M,Business,2022-08-30,2022,8,Silver,Email,False,English,Visa,Standard,,Active,,Website Direct,33,12868.05
C0001001279,서영,박,서영박@yahoo.com,+1 670 914 1212,KR,Asia Pacific,Dorothychester,57,F,Leisure,2024-10-25,2024,10,Silver,Email,True,Korean,Visa,Deluxe,,Active,2025-12-25,Website Direct,21,12099.67
C0001001280,June,Pearson,junep@outlook.com,+1 238 869 3876,CA,North America,Elliottmouth,48,F,Leisure,2023-11-07,2023,11,Non-Member,Email,False,English,Mastercard,Standard,"Allergies, High Floor",Active,,Corporate Contract,1,13801.28
C0001001281,상현,고,상현.고@outlook.com,+1 604 342 2418,KR,Asia Pacific,Fionaborough,44,M,Family,2019-11-23,2019,11,Basic,Email,True,Korean,American Express,Ocean View,,Active,2020-01-16,Phone Booking,40,18746.62
C0001001282,Roger,Bartlett,rbartlett@yahoo.com,000-000-0000,GB,Europe,South Alexchester,39,M,Family,2024-09-14,2024,9,Basic,SMS,False,English,American Express,Standard,,Active,2025-10-20,OTA Referral,3,9777.14
C0001001283,Elizabeth,Ellis,elizabeth_ellis@gmail.com,425-326-4273,US,North America,Ameliaburgh,43,F,Group,2022-10-20,2022,10,Basic,Email,True,English,American Express,Executive,,Active,2024-01-02,Corporate Contract,30,34.22
C0001001284,Elliott,Baxter,elliott45@gmail.com,+1 592 673 9794,CA,North America,Hillton,33,M,Leisure,2023-11-09,2023,11,Platinum,Email,True,English,Visa,Family,Non-smoking,Active,2025-12-06,OTA Referral,20,11834.03
C0001001285,Sandra,Poerio,sandra21@globex.com,+1 747 662 6329,IT,Europe,Mercato San Severino,26,F,Business,2024-01-01,2024,1,Non-Member,Both,True,Italian,Mastercard,Deluxe,,Inactive,,Phone Booking,5,20061.23
C0001001286,Aurelio,Téllez,aurelio.téllez@gmail.com,+1 243 389 2826,AR,South America,West سفير,45,M,Family,2022-08-12,2022,8,Silver,Email,True,English,Google Pay,Deluxe,"Allergies, Early Check-in",Inactive,,Walk-in,38,14974.76
C0001001287,Janice,Lawrence,janice.lawrence@oscorp.com,+1 411 177 8533,CH,Europe,West Anthonychester,25,F,Business,2022-01-11,2022,1,Platinum,Email,True,English,Mastercard,Executive,,Active,2024-10-27,Corporate Contract,36,1025.49
C0001001288,Maria,Rhodes,mrhodes@gmail.com,+61 479 516 969,AU,Asia Pacific,Annetteton,45,F,Leisure,2023-01-26,2023,1,Non-Member,SMS,False,English,Visa,Standard,,Active,2025-07-30,Website Direct,5,7710.24
C0001001289,도현,이,도현.이@oscorp.com,+1 556 437 2433,KR,Asia Pacific,Brettshire,34,M,Business,2022-11-13,2022,11,Silver,Email,False,Korean,Mastercard,Executive,,Active,2025-10-09,OTA Referral,35,14874.13
C0001001290,민준,이,민준이@gmail.com,+1 271 794 7527,KR,Asia Pacific,Douglasbury,36,M,Leisure,2020-08-13,2020,8,Non-Member,Email,True,Korean,Mastercard,Deluxe,,Inactive,,Phone Booking,1,1569.76
C0001001291,민수,이,민수80@gmail.com,+1 847 143 9116,KR,Asia Pacific,Kaurport,58,M,Leisure,2019-08-06,2019,8,Basic,SMS,True,Korean,Visa,Standard,,Active,,Corporate Contract,18,15133.96
C0001001292,Joshua,West,joshuaw@icloud.com,+1 484 672 2724,TH,Asia Pacific,Whiteport,36,M,Business,2021-09-10,2021,9,Silver,Email,True,English,Visa,Suite,,Active,,Walk-in,0,10178.39
C0001001293,Venancio,Bandello,venancio.bandello@hotmail.com,+1 649 404 5523,IT,Europe,Palagnana,43,M,Leisure,2020-12-08,2020,12,Non-Member,Email,True,Italian,American Express,Standard,Early Check-in,Active,2023-01-12,Phone Booking,5,1802.05
C0001001294,Gerald,Brennan,gerald_brennan@outlook.com,,SG,Asia Pacific,North Hugh,33,M,Leisure,2022-02-03,2022,2,Basic,Email,True,English,Apple Pay,Deluxe,Wheelchair Accessible,Active,2023-02-24,Website Direct,42,8667.03
C0001001295,Dawn,Williams,dawn_williams@icloud.com,+1 148 897 6049,QA,Middle East,Lake Annton,48,F,Group,2023-07-30,2023,7,Silver,Email,False,English,Visa,Suite,,Inactive,,Corporate Contract,44,24507.47
C0001001296,Édouard,Lecomte,édouardl@hotmail.com,0827880812,FR,Europe,Saint François,43,M,Leisure,2019-06-22,2019,6,Non-Member,Email,True,French,Visa,Standard,,Active,2021-03-30,Corporate Contract,2,19634.88
C0001001297,Marian,Clarke,marian.clarke@outlook.com,864-025-8316,US,North America,Aarontown,41,F,Leisure,2024-08-11,2024,8,Basic,SMS,True,English,Visa,Ocean View,,Active,2025-10-12,OTA Referral,28,23685.96
C0001001298,Yvonne,Ross,yvonne26@yahoo.com,(422) 294-9243,US,North America,New Sophie,44,F,Business,2024-11-11,2024,11,Silver,Email,True,English,Mastercard,Deluxe,,Active,2026-08-14,Website Direct,19,11945.74
C0001001299,Jayne,Rowe,jayne.rowe@gmail.com,+1 461 117 5297,NL,Europe,West Janiceton,50,F,Leisure,2022-02-03,2022,2,Silver,Email,True,English,Visa,Deluxe,,Active,2022-03-28,Walk-in,47,23393.87
C0001001300,Samuel,Dennis,samuel_dennis@umbrellacorp.com,+1 298 265 6749,ZA,Africa,Garryburgh,37,M,Business,2024-05-16,2024,5,Silver,Email,True,English,Visa,Executive,,Active,2026-12-27,Corporate Contract,14,20544.47
C0001001301,Marc,Edwards,marce@gmail.com,+1 894 412 8608,CA,North America,North Yvonneport,36,M,Leisure,2019-01-21,2019,1,Gold,Email,False,English,Visa,Standard,"Early Check-in, High Floor",Active,2020-02-15,Walk-in,50,6690.66
C0001001302,Ashleigh,Hopkins,ahopkins@outlook.com,+1 743 722 8205,SE,Europe,New Anneport,42,F,Business,2024-12-03,2024,12,Non-Member,Email,False,English,Apple Pay,Suite,,Active,2025-01-15,OTA Referral,4,16441.56
C0001001303,太一,村上,太一村@gmail.com,165-534-9856,JP,Asia Pacific,Burketown,34,M,Family,2022-03-10,2022,3,Basic,Email,False,Japanese,Mastercard,Standard,,Active,2022-06-07,Website Direct,21,788.64
C0001001304,Connor,Young,connory@gmail.com,+1 493 903 1421,CA,North America,East Rosemary,45,M,Leisure,2019-04-24,2019,4,Gold,Email,True,English,Visa,Executive,,Inactive,2020-02-12,Phone Booking,17,10866.12
C0001001305,Claire,Saunders,claire_saunders@dummycorp.com,+1 797 341 2513,NL,Europe,Hannahview,25,F,Business,2020-05-24,2020,5,Non-Member,Email,False,English,Visa,Standard,,Active,2022-07-04,Corporate Contract,1,19477.33
C0001001306,지아,이,지이@outlook.com,+1 557 176 2433,KR,Asia Pacific,North Jayberg,38,F,Leisure,2019-01-31,2019,1,Non-Member,Email,True,Korean,Visa,Suite,,Active,2019-04-10,Phone Booking,1,13526.21
C0001001307,Aurora,Alberdi,aurora74@umbrellacorp.com,+1 333 699 5815,ES,Europe,Barcelona,44,F,Business,2024-03-15,2024,3,Basic,Email,True,Spanish,Apple Pay,Suite,,Active,2024-12-15,Walk-in,50,3608.13
C0001001308,Jeffrey,Roberts,jeffrey90@hotmail.com,+1 522 574 7622,MX,North America,Sykesburgh,53,M,Leisure,2022-02-15,2022,2,Basic,SMS,True,English,Mastercard,Deluxe,,Inactive,2024-06-04,Corporate Contract,23,16971.97
C0001001309,Clifford,Henry,chenry@gmail.com,+1 640 558 2113,CO,South America,New Hazel,29,M,Leisure,2019-06-11,2019,6,Non-Member,Email,True,English,Mastercard,Standard,,Active,2020-07-08,Website Direct,2,383.7
C0001001310,Annette,Peters,annettep@gmail.com,07432 299 482,GB,Europe,Lake Denis,32,F,Group,2023-02-02,2023,2,Gold,Email,False,English,Visa,Deluxe,,Active,2025-01-17,Website Direct,44,493.06
C0001001311,Nathan,Mitchell,nathanm@gmail.com,+91 287 220 5246,IN,Asia Pacific,East Catherinemouth,37,M,Leisure,2023-08-26,2023,8,Gold,SMS,True,English,Visa,Deluxe,,Active,2025-06-21,Walk-in,7,6237.75
C0001001312,想,任,想_任@icloud.com,+86 489 0712 620,CN,Asia Pacific,South Victor,55,M,Business,2024-08-02,2024,8,Silver,SMS,True,Chinese,Visa,Executive,,Active,2026-03-07,Corporate Contract,29,17638.65
C0001001313,Garry,Hunt,garry14@outlook.com,+1 920 734 3303,CA,North America,New Lawrencestad,46,M,Business,2019-06-14,2019,6,Gold,Email,True,English,Mastercard,Deluxe,"Non-smoking, High Floor",Active,2021-12-20,Website Direct,13,22646.57
C0001001314,منتصر,الشايع,منتصر47@outlook.com,+971 198 609 7275,AE,Middle East,Harrisborough,31,M,Leisure,2024-01-04,2024,1,Gold,Both,True,Arabic,PayPal,Standard,,Active,2025-06-09,Walk-in,50,21046.85
C0001001315,Teresa,Little,teresa_little@yahoo.com,000-000-0000,US,North America,East Paulchester,40,F,Group,2022-01-28,2022,1,Basic,Email,True,English,Mastercard,Family,,Active,,Phone Booking,0,8281.47
C0001001316,Kerry,Nash,knash@globex.com,+1 710 417 6146,CA,North America,Port Catherinefurt,38,F,Business,2021-09-24,2021,9,Gold,Both,False,English,Visa,Suite,,Inactive,2022-02-19,Phone Booking,28,13591.88
C0001001317,Paula,Butler,noemail@provided.com,+61 568 323 133,AU,Asia Pacific,Victorberg,53,F,Leisure,2019-05-14,2019,5,Basic,Email,True,English,Visa,Standard,,Active,,Phone Booking,22,3420.08
C0001001318,Louis,Kemp,louis42@gmail.com,+1 344 694 5679,MX,North America,Bankston,50,M,Leisure,2024-02-26,2024,2,Non-Member,SMS,True,English,American Express,Deluxe,,Active,2025-02-24,Walk-in,5,12608.61
C0001001319,Julie,Macdonald,julie.macdonald@outlook.com,(693) 551-6436,US,North America,Joanhaven,33,F,Leisure,2019-10-01,2019,10,Silver,SMS,True,English,Mastercard,Family,,Active,2020-09-17,Phone Booking,0,22793.74
C0001001320,明美,三浦,明美.三浦@gmail.com,+81 343-608-273,JP,Asia Pacific,New Michellestad,38,F,Family,2022-06-13,2022,6,Silver,Email,True,Japanese,Mastercard,Suite,,Active,2025-04-07,Phone Booking,43,10139.59
C0001001321,千代,伊藤,千代_伊藤@icloud.com,000-000-0000,JP,Asia Pacific,New Antony,54,F,Leisure,2019-07-11,2019,7,Basic,Email,True,Japanese,Visa,Suite,,Active,2021-03-26,Phone Booking,28,12696.37
C0001001322,Chelsea,Holmes,cholmes@hotmail.com,+1 766 877 8176,CA,North America,Davieschester,30,F,Business,2023-07-18,2023,7,Gold,Email,True,English,Visa,Suite,,Active,2024-12-17,Walk-in,0,16310.38
C0001001323,Liam,Jones,liam.jones@acme.com,+1 180 343 8949,CH,Europe,Chloefurt,25,M,Business,2020-09-16,2020,9,Silver,SMS,True,English,Visa,Family,,Active,2021-07-02,Website Direct,1,11620.21
C0001001324,Deborah,Shaw,deborah.shaw@dummycorp.com,+1 739 816 5803,NL,Europe,Victoriaborough,28,F,Business,2024-12-13,2024,12,Non-Member,Email,True,English,PayPal,Deluxe,,Active,2025-05-17,Phone Booking,5,20505.75
C0001001325,Justin,Goddard,justin74@hotmail.com,+1 965 949 6789,SG,Asia Pacific,East Jadeside,36,M,Leisure,2019-10-18,2019,10,Gold,Email,False,English,Mastercard,Suite,,Active,2021-05-20,Phone Booking,29,5770.99
C0001001326,Ruth,Warren,ruth.warren@globex.com,+1 698 347 7987,CA,North America,Port Bethany,37,F,Business,2021-07-29,2021,7,Non-Member,Both,False,English,Visa,Suite,"Allergies, Late Check-out",Active,2023-03-09,OTA Referral,0,9079.51
C0001001327,Valerie,Smith,valerie.smith@icloud.com,+1 389 219 8104,CA,North America,North Ellie,50,F,Leisure,2024-07-26,2024,7,Silver,SMS,False,English,Visa,Standard,,Active,2025-08-02,Corporate Contract,12,3871.71
C0001001328,Linda,Green,linda.green@umbrellacorp.com,+1 672 728 5143,NL,Europe,Iainberg,44,F,Business,2019-06-13,2019,6,Gold,Both,False,English,Mastercard,Deluxe,,Inactive,2022-04-05,Walk-in,41,16064.44
C0001001329,Peter,Thorpe,petert@gmail.com,+1 852 714 1923,MX,North America,Granthaven,30,M,Group,2020-09-30,2020,9,Basic,Email,False,English,Apple Pay,Suite,,Active,,Phone Booking,41,8966.99
C0001001330,Joanne,Morris,joannem@gmail.com,,CA,North America,Jacobhaven,25,F,Leisure,2023-05-08,2023,5,Non-Member,Email,True,English,Visa,Standard,,Active,,Phone Booking,5,11835.87
C0001001331,Trevor,Osborne,trevor_osborne@acme.com,+1 394 760 7745,CA,North America,Kennedymouth,28,M,Business,2024-12-30,2024,12,Non-Member,Email,True,English,Google Pay,Ocean View,,Active,2026-10-21,Walk-in,0,21714.88
C0001001332,Owen,Clarke,owen_clarke@gmail.com,+1 762 492 6602,NL,Europe,Morrismouth,42,M,Leisure,2021-02-05,2021,2,Non-Member,SMS,False,English,PayPal,Deluxe,,Inactive,2023-04-28,Website Direct,3,24313.82
C0001001333,Karen,Day,karen.day@gmail.com,(136) 508-4057,US,North America,Nicoleborough,46,F,Business,2021-01-11,2021,1,Platinum,None,False,English,Visa,Standard,,Active,,OTA Referral,31,16562.81
C0001001334,Brett,Gould,brettg@gmail.com,212-511-1864,US,North America,East Russell,35,M,Leisure,2023-02-04,2023,2,Gold,Email,True,English,American Express,Standard,,Active,,Walk-in,27,14528.47
C0001001335,Beatriz,Fajardo,beatriz_fajardo@dummycorp.com,+1 977 355 6368,ES,Europe,Sevilla,38,F,Business,2024-09-29,2024,9,Basic,Email,False,Spanish,Visa,Suite,,Active,2025-06-30,Corporate Contract,10,23398.23
C0001001336,Marian,Parker,marian_parker@yahoo.com,+1 420 226 7206,MX,North America,Lake Kathryn,41,F,Leisure,2022-05-29,2022,5,Non-Member,SMS,False,English,Apple Pay,Deluxe,,Active,2023-09-07,Phone Booking,2,12886.4
C0001001337,Karen,Bishop,karenb@yahoo.com,+1 950 528 7022,SG,Asia Pacific,West Abdul,38,F,Leisure,2022-08-31,2022,8,Gold,SMS,False,English,American Express,Suite,,Active,2025-06-05,Phone Booking,45,10461.58
C0001001338,Oliver,Wyatt,oliver2@gmail.com,+1 346 619 2259,SG,Asia Pacific,Davidview,38,M,Leisure,2019-02-18,2019,2,Non-Member,SMS,False,English,Mastercard,Family,,Active,,Walk-in,5,14158.38
C0001001339,Glen,Morris,glenm@gmail.com,,NL,Europe,Webstershire,48,M,Business,2024-06-17,2024,6,Silver,Email,False,English,Visa,Family,,Active,,Website Direct,16,7211.84
C0001001340,Barry,Hicks,barry58@outlook.com,+61 147 088 030,AU,Asia Pacific,East Sara,47,M,Leisure,2022-04-08,2022,4,Platinum,Email,True,English,Apple Pay,Standard,,Active,2024-01-10,Corporate Contract,49,20254.44
C0001001341,Simon,Smith,simon70@outlook.com,+1 459 520 9078,CA,North America,North Rachaelside,37,M,Leisure,2023-05-29,2023,5,Basic,Email,True,English,American Express,Suite,,Active,2023-11-30,Website Direct,21,19985.22
C0001001342,Mark,Herbert,mherbert@gmail.com,000-000-0000,MX,North America,Jacksonborough,34,M,Leisure,2020-02-29,2020,2,Non-Member,Email,True,English,Mastercard,Deluxe,,Active,2022-08-23,Corporate Contract,4,24553.82
C0001001343,Marian,Berry,marianb@gmail.com,+1 204 280 6383,TH,Asia Pacific,North Leanne,23,F,Group,2024-06-23,2024,6,Gold,SMS,False,English,Visa,Suite,,Active,2025-11-16,Phone Booking,1,22183.03
C0001001344,영환,이,영환47@outlook.com,+1 683 997 4430,KR,Asia Pacific,Lake Tracey,40,M,Leisure,2024-08-09,2024,8,Silver,SMS,True,Korean,Mastercard,Standard,,Active,2027-03-06,Walk-in,50,19919.3
C0001001345,Joseph,Herbert,joseph.herbert@starkindustries.com,+1 546 312 1827,QA,Middle East,West Victoria,41,M,Business,2023-09-11,2023,9,Silver,Email,False,English,Apple Pay,Executive,,Active,2025-10-14,Corporate Contract,6,4558.37
C0001001346,Sandra,Butler,sandra5@initech.com,+1 427 825 6629,CA,North America,Walkermouth,54,F,Business,2020-05-25,2020,5,Basic,Email,True,English,Mastercard,Executive,,Inactive,,Website Direct,44,6951.82
C0001001347,Lynn,Morris,lynn.morris@gmail.com,+1 288 579 9634,CH,Europe,South Jamesfort,25,F,Business,2020-01-02,2020,1,Basic,Email,True,English,Visa,Standard,,Active,2021-05-02,OTA Referral,21,19466.5
C0001001348,시우,윤,시우.윤@outlook.com,+1 403 381 9085,KR,Asia Pacific,Port Olivia,35,M,Leisure,2023-04-17,2023,4,Basic,SMS,True,Korean,Visa,Suite,,Active,,Corporate Contract,42,3984.03
C0001001349,Reece,Green,guest@email.com,953-625-5488,US,North America,Hollowayborough,54,M,Business,2021-02-24,2021,2,Gold,SMS,False,English,Visa,Executive,,Active,2021-06-03,Website Direct,49,23907.41
C0001001350,Thorben,Gunpf,thorben.gunpf@outlook.com,+49 1489 6257,DE,Europe,Borken,35,M,Group,2021-08-12,2021,8,Silver,Email,True,German,Visa,Family,,Active,2024-05-31,OTA Referral,36,22608.63
C0001001351,جودي,شربتلي,جوديش@gmail.com,+1 344 916 1030,SA,Middle East,Hallview,35,F,Leisure,2022-01-03,2022,1,Silver,Email,True,Arabic,PayPal,Standard,,Active,2023-11-11,Corporate Contract,1,9082.81
C0001001352,Antoine,Fabre,antoine40@cyberdyne.com,0877956510,FR,Europe,Sainte Joséphine,52,M,Business,2019-12-23,2019,12,Basic,SMS,True,French,Mastercard,Deluxe,,Active,2022-01-03,Corporate Contract,10,9476.42
C0001001353,Melanie,Smith,melanies@outlook.com,+1 694 271 5407,CA,North America,Chambershaven,50,F,Leisure,2020-02-03,2020,2,Silver,Email,True,English,Mastercard,Deluxe,,Inactive,2022-05-15,Corporate Contract,38,24617.16
C0001001354,Paul,Morrison,paulm@globex.com,+1 519 477 1084,SG,Asia Pacific,Lindseyborough,42,M,Business,2019-09-01,2019,9,Silver,SMS,False,English,Mastercard,Executive,,Active,2021-11-29,Corporate Contract,17,24062.37
C0001001355,Julian,Long,julian.long@gmail.com,(263) 366-2451,US,North America,Milesmouth,32,M,Business,2020-07-21,2020,7,Silver,SMS,True,English,Mastercard,Standard,,Active,,Website Direct,48,6237.03
C0001001356,Colin,Burrows,colin_burrows@globex.com,+1 709 461 4369,MX,North America,North Clare,54,M,Business,2024-10-06,2024,10,Non-Member,Email,True,English,Apple Pay,Executive,,Active,2026-02-16,Walk-in,0,3959.81
C0001001357,Leonard,Lewis,leonard97@outlook.com,07453 592 106,GB,Europe,West Amelia,36,M,Business,2024-08-20,2024,8,Basic,Email,True,English,Visa,Suite,,Active,2025-02-10,Walk-in,3,23679.91
C0001001358,Susan,Young,syoung@dummycorp.com,+1 253 668 4885,CA,North America,East Marcus,34,F,Business,2021-12-17,2021,12,Silver,Email,False,English,Visa,Executive,"Wheelchair Accessible, Late Check-out",Active,,Walk-in,15,7319.92
C0001001359,Louis,Holmes,louis_holmes@gmail.com,537-983-7701,US,North America,South Carolyn,56,M,Leisure,2020-01-25,2020,1,Non-Member,SMS,True,English,PayPal,Executive,,Active,2021-06-30,Phone Booking,4,6800.3
C0001001360,Melanie,Davies,melanie88@outlook.com,+1 615 257 5073,SE,Europe,East Gregoryfort,35,F,Leisure,2022-06-03,2022,6,Gold,Email,True,English,Visa,Standard,,Active,2023-02-22,Website Direct,34,6044.29
C0001001361,Holly,Johnson,guest@email.com,+91 546 201 6166,IN,Asia Pacific,South Gemma,34,F,Leisure,2020-08-29,2020,8,Silver,Email,False,English,Mastercard,Standard,"Allergies, Non-smoking",Active,2020-09-07,Corporate Contract,25,5712.4
C0001001362,Stéphanie,Chevalier,stéphanie.chevalier@initech.com,0019069989,FR,Europe,Gay,39,F,Business,2020-01-21,2020,1,Basic,Email,True,French,Mastercard,Family,,Active,2021-08-06,Walk-in,13,9058.67
C0001001363,Annetta,Pacillo,annetta.pacillo@gmail.com,+1 640 599 8577,IT,Europe,San Gregorio D'Ippona,26,F,Business,2023-05-05,2023,5,Basic,Email,True,Italian,American Express,Deluxe,,Active,2023-11-23,Website Direct,30,18156.59
C0001001364,George,Bibi,george.bibi@icloud.com,+1 789 486 6069,NL,Europe,Port Kathrynview,59,M,Leisure,2024-09-24,2024,9,Silver,Email,True,English,Visa,Standard,,Active,2026-08-26,Website Direct,4,3074.81
C0001001365,Terence,Middleton,terence_middleton@gmail.com,+1 749 986 4026,KW,Middle East,New Adamland,32,M,Business,2019-01-01,2019,1,Platinum,Email,True,English,Visa,Deluxe,,Active,,OTA Referral,19,11753.63
C0001001366,Amanda,Bull,abull@gmail.com,239-256-7025,US,North America,Kimberleyport,32,F,Leisure,2023-03-11,2023,3,Silver,Email,True,English,Visa,Standard,,Active,,OTA Referral,35,17543.48
C0001001367,Grace,Middleton,gmiddleton@gmail.com,964-793-0947,US,North America,Port Charlotte,36,F,Family,2022-09-04,2022,9,Gold,Both,True,English,Visa,Standard,,Active,2024-06-04,Website Direct,6,23103.14
C0001001368,Georges,Schneider,georgess@gmail.com,0905810897,FR,Europe,Cohen-sur-Mer,44,M,Leisure,2021-07-15,2021,7,Gold,Email,True,French,Visa,Deluxe,,Active,,Phone Booking,19,13310.45
C0001001369,Victoria,Bruce,victoria_bruce@gmail.com,+1 751 339 6209,NL,Europe,Alexandraland,57,F,Leisure,2023-06-28,2023,6,Non-Member,Both,True,English,Visa,Standard,,Active,2025-09-26,Walk-in,2,21735.27
C0001001370,Graham,Wright,gwright@outlook.com,+1 273 516 1967,TH,Asia Pacific,New Clareborough,25,M,Leisure,2021-08-02,2021,8,Gold,Email,True,English,Mastercard,Suite,,Active,2024-05-24,Website Direct,43,8824.88
C0001001371,Juan Manuel,Machado,jmachado@yahoo.com,+1 651 546 9521,ES,Europe,Granada,56,M,Leisure,2022-12-22,2022,12,Non-Member,Email,False,Spanish,Google Pay,Standard,,Active,2025-02-18,OTA Referral,2,21661.2
C0001001372,Annette,Richards,arichards@gmail.com,+61 869 891 140,AU,Asia Pacific,Smithburgh,61,F,Leisure,2021-10-12,2021,10,Basic,SMS,False,English,Mastercard,Deluxe,,Active,2023-02-15,Website Direct,38,9099.19
C0001001373,Adrian,Rowley,adrianr@outlook.com,+1 697 410 8424,SG,Asia Pacific,Normanstad,33,M,Leisure,2022-12-05,2022,12,Basic,Email,False,English,Apple Pay,Suite,,Active,,Phone Booking,15,1919.62
C0001001374,준호,김,준호_김@oscorp.com,+1 238 112 4300,KR,Asia Pacific,Ritamouth,46,M,Business,2024-05-03,2024,5,Basic,Email,True,Korean,Mastercard,Suite,,Inactive,2024-07-05,Walk-in,3,15562.39
C0001001375,Antony,Pratt,antony67@outlook.com,259-175-5076,US,North America,Bowenmouth,30,M,Family,2019-10-06,2019,10,Gold,Email,False,English,Visa,Standard,,Active,,OTA Referral,1,14464.5
C0001001376,Dario,Comeriato,dcomeriato@gmail.com,+1 490 770 8992,IT,Europe,San Pietro Di Cadore,42,M,Leisure,2019-03-07,2019,3,Non-Member,Both,False,Italian,Mastercard,Deluxe,,Active,2019-04-13,Phone Booking,5,738.6
C0001001377,Hilary,John,hilary_john@globex.com,+1 841 468 1729,TH,Asia Pacific,Connorfort,36,F,Business,2021-04-30,2021,4,Silver,Email,True,English,Visa,Suite,,Active,,Website Direct,12,17862.87
C0001001378,Suzanne,Cartwright,suzanne_cartwright@gmail.com,+1 715 699 8189,SG,Asia Pacific,Taylorstad,52,F,Leisure,2020-01-21,2020,1,Basic,Email,True,English,Mastercard,Deluxe,,Active,2022-05-19,Walk-in,29,3042.78
C0001001379,Denise,Porter,dporter@waynecorp.com,(967) 762-1033,US,North America,Jasonborough,43,F,Business,2020-11-16,2020,11,Non-Member,Email,True,English,Visa,Suite,"Late Check-out, Early Check-in",Inactive,2022-03-02,Website Direct,4,4415.17
C0001001380,Christian,Fleming,christian_fleming@globex.com,+1 270 438 9641,SE,Europe,South Martinville,37,M,Business,2024-05-02,2024,5,Non-Member,Email,True,English,Visa,Deluxe,,Active,,Walk-in,2,1431.26
C0001001381,Sharon,Ward,sward@gmail.com,+91 175 571 8356,IN,Asia Pacific,North Douglasburgh,39,F,Family,2019-03-01,2019,3,Gold,Email,True,English,Visa,Ocean View,"Early Check-in, Late Check-out",Active,2021-04-23,Corporate Contract,15,15629.2
C0001001382,Helen,Donnelly,helen33@outlook.com,+1 650 994 6299,CA,North America,East Mandy,50,F,Leisure,2024-02-10,2024,2,Basic,SMS,True,English,Apple Pay,Standard,,Inactive,2024-11-27,Corporate Contract,43,9936.24
C0001001383,Maria Laura,da Rocha,maria laura.da rocha@gmail.com,+55 828 8503-114,BR,South America,Lake Shane,50,F,Family,2023-06-14,2023,6,Silver,Email,True,Portuguese,PayPal,Executive,,Active,2023-11-15,Walk-in,40,7445.22
C0001001384,Chelsea,Jones,chelseaj@hotmail.com,+1 950 105 8774,SG,Asia Pacific,Chloeshire,52,F,Group,2024-09-18,2024,9,Non-Member,Email,False,English,Mastercard,Standard,,Active,2025-03-11,Corporate Contract,5,4837.46
C0001001385,Stephen,Reynolds,stephenr@gmail.com,+1 915 108 5470,NL,Europe,Greenshire,57,M,Leisure,2021-02-04,2021,2,Basic,Email,False,English,Mastercard,Deluxe,"Non-smoking, Early Check-in",Active,2021-12-04,Phone Booking,9,17916.76
C0001001386,Laetitia,Maury,laetitiam@hotmail.com,0792581495,FR,Europe,Blondel-les-Bains,35,F,Business,2023-10-31,2023,10,Basic,SMS,True,French,Mastercard,Standard,,Active,,OTA Referral,24,5024.7
C0001001387,Lewis,Richards,lewis64@gmail.com,+1 906 187 1981,QA,Middle East,Lake Maxchester,53,M,Group,2024-04-26,2024,4,Gold,Email,False,English,Visa,Standard,,Active,2025-06-17,Phone Booking,17,19322.36
C0001001388,Lee,Griffiths,lee25@cyberdyne.com,+1 880 472 9793,TH,Asia Pacific,Kennethborough,41,M,Business,2020-08-10,2020,8,Non-Member,Email,True,English,Mastercard,Executive,,Active,,Corporate Contract,0,4478.63
C0001001389,Daniel,Evans,devans@gmail.com,315-886-5931,US,North America,North Donnaland,37,M,Leisure,2023-09-15,2023,9,Basic,Email,False,English,Mastercard,Family,,Active,2026-01-22,Phone Booking,30,5456.28
C0001001390,裕太,小林,裕太.小林@gmail.com,+81 562-572-413,JP,Asia Pacific,Mohamedmouth,59,M,Leisure,2021-02-03,2021,2,Non-Member,SMS,True,Japanese,Visa,Standard,,Active,2023-12-29,Phone Booking,4,18007.42
C0001001391,Toby,Evans,toby.evans@gmail.com,(218) 705-2397,US,North America,Phillipsmouth,48,M,Leisure,2023-08-12,2023,8,Non-Member,Email,False,English,American Express,Executive,,Active,2026-01-16,Walk-in,4,6015.64
C0001001392,Bryan,Wood,bwood@outlook.com,+1 114 219 8464,MX,North America,Lake Conorburgh,42,M,Business,2022-12-01,2022,12,Platinum,SMS,False,English,Visa,Executive,,Inactive,2025-10-22,Walk-in,8,14689.74
C0001001393,Gabriel,Tena,gtena@dummycorp.com,+1 715 981 9898,ES,Europe,Cuenca,30,M,Business,2022-10-28,2022,10,Platinum,Email,True,Spanish,Visa,Standard,,Inactive,2023-04-29,Phone Booking,2,941.7
C0001001394,Marcella,Pertile,marcella28@gmail.com,+1 535 287 3136,IT,Europe,Panarea,48,F,Leisure,2022-01-25,2022,1,Silver,Email,False,Italian,Visa,Suite,,Active,,Phone Booking,50,5466.63
C0001001395,Pamela,Coles,pamela32@outlook.com,000-000-0000,MX,North America,Janicefurt,49,F,Group,2023-05-09,2023,5,Basic,None,True,English,Mastercard,Deluxe,,Active,,Website Direct,30,20340.77
C0001001396,Christine,Spencer,guest@email.com,+1 739 792 6001,CA,North America,Lake Stewart,35,F,Business,2024-08-06,2024,8,Non-Member,Email,True,English,Apple Pay,Suite,,Active,2027-06-28,OTA Referral,5,449.96
C0001001397,Trevor,Johnson,trevor.johnson@hotmail.com,+1 367 280 1836,CA,North America,Dylanfurt,43,M,Leisure,2024-08-27,2024,8,Non-Member,Email,True,English,Mastercard,Executive,,Active,,Walk-in,4,1507.35
C0001001398,Sam,Clark,sam42@hotmail.com,+1 684 682 9770,CH,Europe,Charliemouth,38,M,Leisure,2020-06-14,2020,6,Basic,SMS,False,English,Visa,Suite,,Active,,Walk-in,42,10064.42
C0001001399,수빈,김,수빈_김@hotmail.com,+1 927 196 7331,KR,Asia Pacific,South Aaronbury,41,F,Group,2019-06-03,2019,6,Basic,Email,True,Korean,Visa,Deluxe,,Active,2020-11-03,Walk-in,38,13925.59
C0001001400,Alessia,Fiorucci,test@test.com,+1 630 348 4588,IT,Europe,Naso,30,F,Family,2019-05-28,2019,5,Basic,Email,True,Italian,Visa,Family,,Active,2021-09-20,Website Direct,45,9148.13
C0001001401,Richard,Jordan,rjordan@gmail.com,+1 272 190 4038,NL,Europe,Port Christine,44,M,Business,2023-01-06,2023,1,Non-Member,Email,True,English,Visa,Executive,,Active,2023-08-20,Corporate Contract,1,449.2
C0001001402,Denis,Jones,denisj@hotmail.com,+1 673 115 2883,ZA,Africa,West Hughburgh,25,M,Business,2020-08-19,2020,8,Silver,Email,False,English,Visa,Family,,Active,,Website Direct,48,6514.92
C0001001403,Alice,Brown,aliceb@gmail.com,+1 858 565 7483,MX,North America,Lake Maria,33,F,Leisure,2022-06-30,2022,6,Gold,SMS,True,English,Visa,Standard,"Wheelchair Accessible, Late Check-out",Active,2024-04-02,Corporate Contract,14,9116.71
C0001001404,Cengiz,Gieß,cgieß@gmail.com,+49 4455 4957,DE,Europe,Senftenberg,32,M,Leisure,2022-05-25,2022,5,Non-Member,Email,False,German,Mastercard,Suite,Wheelchair Accessible,Active,2024-05-10,OTA Referral,2,3146.52
C0001001405,지아,양,지아_양@gmail.com,+1 226 108 1139,KR,Asia Pacific,New Mariachester,49,F,Leisure,2024-04-02,2024,4,Non-Member,Email,True,Korean,Visa,Standard,,Active,2024-08-08,Website Direct,0,20093.47
C0001001406,Bethan,Howard,bhoward@outlook.com,682-467-5357,US,North America,North Marilyn,33,F,Leisure,2024-01-26,2024,1,Basic,Email,False,English,Google Pay,Deluxe,Late Check-out,Active,2025-03-25,Phone Booking,11,14036.0
C0001001407,Hans-Detlef,Wernecke,hans-detlef.wernecke@gmail.com,+49 5218 5604,DE,Europe,Schweinfurt,32,M,Family,2022-06-30,2022,6,Silver,Email,True,German,Mastercard,Deluxe,,Active,2024-09-16,OTA Referral,23,12835.74
C0001001408,지민,김,지민김@hotmail.com,+1 520 911 8595,KR,Asia Pacific,Paulton,37,F,Leisure,2019-10-09,2019,10,Basic,SMS,True,Korean,Visa,Deluxe,,Inactive,2020-10-03,Corporate Contract,35,812.23
C0001001409,Joan,Cooper,joan.cooper@dummycorp.com,+91 893 705 2330,IN,Asia Pacific,South Geraldine,34,F,Business,2020-09-29,2020,9,Platinum,SMS,False,English,American Express,Deluxe,,Active,2021-06-25,Corporate Contract,22,8166.84
C0001001410,Frank,Taylor,frank92@initech.com,208-489-1803,US,North America,Nigelbury,34,M,Business,2022-08-12,2022,8,Basic,Email,True,English,Apple Pay,Executive,,Active,2024-10-10,Walk-in,5,23114.34
C0001001411,Bryan,Bryant,bryanb@outlook.com,(760) 685-4780,US,North America,Smithfurt,35,M,Leisure,2019-05-05,2019,5,Non-Member,Email,True,English,American Express,Deluxe,,Active,,OTA Referral,4,6412.9
C0001001412,Wendy,Brooks,wendy_brooks@gmail.com,+44 1790 02332,GB,Europe,East Aaronstad,34,F,Business,2019-02-07,2019,2,Non-Member,Email,True,English,Mastercard,Standard,,Active,,Walk-in,0,7908.93
C0001001413,Thomas,Barnes,thomas73@gmail.com,518-865-8022,US,North America,Daviesfort,48,M,Leisure,2020-12-06,2020,12,Non-Member,Email,True,English,Mastercard,Ocean View,,Active,2021-08-17,OTA Referral,1,13862.59
C0001001414,Carly,Thompson,cthompson@hotmail.com,+1 104 276 3253,NL,Europe,Jonesmouth,44,F,Leisure,2023-05-03,2023,5,Silver,Email,True,English,American Express,Standard,,Inactive,2024-12-22,Corporate Contract,8,17438.38
C0001001415,Katy,Thomas,kthomas@gmail.com,0163 269 544,AU,Asia Pacific,North Eleanorburgh,33,F,Family,2019-01-06,2019,1,Gold,Email,False,English,Visa,Standard,,Active,2019-06-04,OTA Referral,42,6139.26
C0001001416,Georgina,Wong,gwong@outlook.com,+1 431 686 4256,NL,Europe,South Royfort,38,F,Leisure,2022-11-01,2022,11,Basic,Email,False,English,Mastercard,Suite,,Active,2025-03-24,Phone Booking,15,14231.87
C0001001417,Gerald,Godfrey,geraldg@dummycorp.com,+1 947 153 9555,CA,North America,East Leon,25,M,Business,2021-12-23,2021,12,Basic,Email,True,English,Visa,Suite,,Active,,Phone Booking,40,13258.39
C0001001418,Benoît,Meunier,bmeunier@gmail.com,+33 778 993 617,FR,Europe,Sainte Jeannedan,37,M,Group,2019-10-06,2019,10,Platinum,Email,True,French,American Express,Deluxe,,Active,2021-11-15,Walk-in,40,12221.84
C0001001419,Mohammed,Scott,mscott@gmail.com,+1 139 939 5004,NL,Europe,Port Lisa,35,M,Business,2023-05-24,2023,5,Silver,Both,False,English,Mastercard,Ocean View,,Active,2023-08-08,OTA Referral,8,19877.42
C0001001420,Simon,Rhodes,noemail@provided.com,+1 522 397 7383,KE,Africa,Joanville,51,M,Leisure,2019-01-14,2019,1,Basic,Email,True,English,Mastercard,Standard,,Active,2021-07-01,OTA Referral,5,1412.01
C0001001421,Carl,Johnson,carlj@outlook.com,+1 912 156 1298,SG,Asia Pacific,Hudsonshire,55,M,Business,2019-11-19,2019,11,Basic,Email,True,English,Mastercard,Executive,,Inactive,2022-09-22,Walk-in,10,19126.16
C0001001422,Shaun,Willis,shaun.willis@gmail.com,+1 311 796 2150,MX,North America,New Irene,44,M,Leisure,2019-11-21,2019,11,Non-Member,Email,True,English,Visa,Executive,,Active,2021-07-21,Phone Booking,3,24232.46
C0001001423,Denis,Green,dgreen@gmail.com,+1 283 404 7203,KW,Middle East,Lake Louis,40,M,Group,2023-05-04,2023,5,Silver,Email,True,English,American Express,Standard,,Active,2024-03-22,Website Direct,19,14307.62
C0001001424,Gerard,Johnston,gerard.johnston@gmail.com,+91 503 594 1065,IN,Asia Pacific,Smithshire,33,M,Family,2022-09-13,2022,9,Silver,Email,False,English,Apple Pay,Standard,,Inactive,2023-08-07,Corporate Contract,20,22447.81
C0001001425,Annette,Scott,annette.scott@tyrellcorp.com,+1 578 370 5994,CH,Europe,West James,41,F,Business,2022-01-07,2022,1,Basic,Both,True,English,Visa,Executive,,Active,2022-04-20,Corporate Contract,33,11590.23
C0001001426,Anny,Noack,anny.noack@yahoo.com,+49 571 94873,DE,Europe,Bayreuth,48,F,Leisure,2024-06-28,2024,6,Gold,Email,False,German,Mastercard,Executive,"Allergies, Non-smoking",Active,2027-01-04,Walk-in,38,5805.03
C0001001427,Cheryl,Oliver,cherylo@gmail.com,+1 313 291 9345,NL,Europe,Hopestad,22,F,Group,2020-01-17,2020,1,Silver,Email,False,English,Visa,Standard,,Active,2021-04-02,Walk-in,50,2089.1
C0001001428,博,林,博.林@gmail.com,409 4967 434,CN,Asia Pacific,Edwardshaven,36,M,Leisure,2021-02-02,2021,2,Non-Member,Both,True,Chinese,Visa,Standard,,Active,2021-04-24,Corporate Contract,4,10890.07
C0001001429,Iain,Smith,ismith@icloud.com,+1 389 406 9313,CL,South America,East Graham,33,M,Business,2022-06-26,2022,6,Basic,Email,False,English,Visa,Deluxe,,Active,,Phone Booking,1,4079.67
C0001001430,Bradley,Stokes,test@test.com,000-000-0000,CA,North America,Lake Barbara,45,M,Leisure,2019-03-03,2019,3,Silver,Email,True,English,PayPal,Standard,,Active,2020-06-13,OTA Referral,44,10182.9
C0001001431,Alison,Miles,alisonm@gmail.com,+1 779 365 4090,MX,North America,Johnberg,41,F,Business,2022-03-25,2022,3,Basic,Email,True,English,Mastercard,Ocean View,,Inactive,2022-04-22,Phone Booking,2,1514.34
C0001001432,Dawn,Sanders,dawns@example.nl,+1 387 562 1427,NL,Europe,Lake Damien,43,F,Business,2020-08-20,2020,8,Non-Member,Email,False,English,PayPal,Suite,Wheelchair Accessible,Active,,Website Direct,1,11483.75
C0001001433,阳,凌,阳_凌@hotmail.com,144 8046 247,CN,Asia Pacific,East Lesleyton,46,M,Leisure,2024-12-02,2024,12,Non-Member,Email,True,Chinese,Visa,Executive,,Active,,Website Direct,3,16619.62
C0001001434,Laura,Fox,lauraf@hotmail.com,0839 388 655,AU,Asia Pacific,New Melissaville,30,F,Leisure,2023-02-11,2023,2,Silver,Email,True,English,Mastercard,Deluxe,,Active,2025-05-23,Website Direct,24,7834.43
C0001001435,Ian,Cross,ian5@gmail.com,+1 275 930 8234,SG,Asia Pacific,West Leighland,31,M,Leisure,2019-11-07,2019,11,Silver,Email,True,English,Mastercard,Deluxe,,Active,2020-09-17,Corporate Contract,0,2883.65
C0001001436,Louise,Duffy,louise_duffy@gmail.com,059-079-0423,US,North America,Port Lydiafurt,33,F,Group,2020-09-07,2020,9,Basic,Email,True,English,Mastercard,Standard,,Active,,Corporate Contract,25,2828.1
C0001001437,William,Leclercq,william_leclercq@gmail.com,0081234826,FR,Europe,Charrier-sur-Thomas,43,M,Leisure,2023-03-28,2023,3,Non-Member,Email,True,French,Visa,Suite,,Inactive,2023-09-13,Website Direct,4,18227.34
C0001001438,Aaron,Long,aaronl@gmail.com,+1 950 306 9238,SG,Asia Pacific,North Stewart,38,M,Family,2024-01-31,2024,1,Non-Member,Email,False,English,Visa,Ocean View,,Active,,Phone Booking,4,4292.26
C0001001439,Zacharie,Pires,zachariep@outlook.com,+33 557 617 699,FR,Europe,Evrard-sur-Andre,38,M,Business,2023-08-06,2023,8,Non-Member,Email,False,French,Visa,Standard,,Active,,OTA Referral,3,2303.08
C0001001440,Eleanor,Parsons,test@test.com,+1 177 741 4077,CA,North America,Port Glenn,39,F,Leisure,2019-04-11,2019,4,Non-Member,Email,True,English,Visa,Standard,,Inactive,2020-07-11,OTA Referral,3,15547.39
C0001001441,Adam,Dawson,adam.dawson@example.kw,+1 406 231 6654,KW,Middle East,North Martynborough,39,M,Business,2023-05-29,2023,5,Non-Member,Email,True,English,Visa,Executive,,Active,2024-10-02,Walk-in,5,4800.58
C0001001442,Katie,Palmer,kpalmer@gmail.com,+1 774 752 6465,SG,Asia Pacific,Kerryland,54,F,Leisure,2024-05-25,2024,5,Basic,SMS,True,English,Mastercard,Family,,Active,2024-09-23,Corporate Contract,38,14117.81
C0001001443,Antoine,Robin,antoiner@outlook.com,0382882667,FR,Europe,Lerouxnec,43,M,Leisure,2024-03-24,2024,3,Non-Member,Email,False,French,Mastercard,Standard,,Active,,OTA Referral,5,16053.76
C0001001444,عبد الإله,المهنا,عبد الإله_المهنا@oscorp.com,+1 420 880 4892,SA,Middle East,Carolview,45,M,Business,2021-02-05,2021,2,Non-Member,Both,True,Arabic,Mastercard,Suite,,Active,,Walk-in,1,3392.41
C0001001445,Felipe,Porto,fporto@icloud.com,000-000-0000,BR,South America,Lisaborough,28,M,Business,2020-01-22,2020,1,Basic,Email,True,Portuguese,Visa,Standard,,Inactive,2021-05-25,OTA Referral,31,21290.2
C0001001446,Fabrizio,Visconti,fabrizio.visconti@dummycorp.com,+1 583 726 9584,IT,Europe,Ittireddu,44,M,Business,2022-10-08,2022,10,Gold,Email,True,Italian,Visa,Standard,,Active,2025-08-31,Walk-in,40,21065.36
C0001001447,Nath,Hubert,nathh@outlook.com,0107028525,FR,Europe,Dupont,51,F,Leisure,2023-05-10,2023,5,Silver,SMS,False,French,Mastercard,Standard,,Active,2026-02-10,OTA Referral,33,19376.86
C0001001448,Jasmine,Wright,jasmine38@starkindustries.com,555-648-2751,US,North America,Henryton,43,F,Business,2023-02-06,2023,2,Gold,Email,True,English,Visa,Executive,,Active,,OTA Referral,7,4123.97
C0001001449,Antoine,Lemonnier,test@test.com,+33 576 437 136,FR,Europe,Sainte Yves,35,M,Business,2019-05-08,2019,5,Gold,Both,False,French,Mastercard,Executive,,Active,2021-09-07,OTA Referral,1,17047.18
C0001001450,聡太郎,佐藤,聡太郎30@tyrellcorp.com,461-305-6117,JP,Asia Pacific,Lake Shannon,39,M,Business,2019-10-20,2019,10,Platinum,Email,False,Japanese,Mastercard,Suite,,Active,2020-08-24,Corporate Contract,19,11078.68
C0001001451,Henny,Scheel,hennys@gmail.com,+49 542 99052,DE,Europe,Garmisch-Partenkirchen,46,F,Leisure,2019-03-01,2019,3,Silver,Email,True,German,Visa,Deluxe,,Active,2021-10-21,Corporate Contract,20,19982.29
C0001001452,Maria,Mendes,maria_mendes@example.br,(924) 9350-969,BR,South America,North Paige,33,F,Business,2019-07-01,2019,7,Silver,Email,False,Portuguese,Mastercard,Suite,,Active,2019-12-29,Website Direct,27,5527.84
C0001001453,Jill,Carroll,jill43@gmail.com,+1 415 200 3984,CH,Europe,East Kennethmouth,35,F,Leisure,2024-05-11,2024,5,Non-Member,Email,False,English,Mastercard,Deluxe,,Active,,Website Direct,3,5216.51
C0001001454,Alice,Poirier,alice_poirier@outlook.com,+33 523 971 900,FR,Europe,Lelièvre,33,F,Leisure,2020-02-19,2020,2,Basic,Email,False,French,Mastercard,Suite,,Inactive,,Corporate Contract,4,1762.37
C0001001455,Eric,Pearson,ericp@outlook.com,0214 030 456,AU,Asia Pacific,Evansmouth,52,M,Leisure,2024-12-26,2024,12,Non-Member,SMS,True,English,Mastercard,Standard,,Active,2027-02-20,Website Direct,5,24591.99
C0001001456,Shirley,Anderson,shirleya@starkindustries.com,+1 248 764 6718,SE,Europe,New Leonard,46,F,Business,2019-12-20,2019,12,Platinum,Email,False,English,American Express,Executive,,Active,2021-12-10,Phone Booking,30,12955.04
C0001001457,Joseph,Davis,jdavis@umbrellacorp.com,+1 831 393 2729,MX,North America,Staceyburgh,34,M,Business,2023-08-16,2023,8,Basic,Email,True,English,American Express,Deluxe,,Active,2023-11-15,Phone Booking,25,10639.93
C0001001458,Charles,Harrison,charlesh@gmail.com,+61 293 906 120,AU,Asia Pacific,Tylerbury,52,M,Family,2022-06-14,2022,6,Non-Member,Email,True,English,PayPal,Standard,,Active,,Corporate Contract,4,8135.59
C0001001459,Callum,Wilson,callum_wilson@gmail.com,0839 712 373,AU,Asia Pacific,Kirkport,38,M,Business,2020-07-10,2020,7,Gold,Email,True,English,Visa,Executive,,Active,,Phone Booking,37,19994.69
C0001001460,Thomas,Cox,tcox@hotmail.com,288-251-2504,US,North America,Yvonnechester,44,M,Leisure,2023-05-13,2023,5,Basic,Email,False,English,Mastercard,Suite,,Active,2024-10-18,Corporate Contract,45,10880.32
C0001001461,太郎,福田,太郎_福田@umbrellacorp.com,573-435-5404,JP,Asia Pacific,South Vincentport,50,M,Business,2024-05-03,2024,5,Non-Member,Both,True,Japanese,Mastercard,Ocean View,,Active,2027-03-19,Corporate Contract,1,5284.32
C0001001462,Connor,Jones,test@test.com,(250) 038-1359,US,North America,Leonardmouth,47,M,Leisure,2023-03-06,2023,3,Basic,Email,False,English,Visa,Family,,Inactive,2024-09-27,Phone Booking,30,2627.94
C0001001463,동현,김,동현.김@gmail.com,+1 716 863 3464,KR,Asia Pacific,Lake Yvonneland,42,M,Family,2022-03-24,2022,3,Basic,Email,True,Korean,Mastercard,Suite,,Active,2024-12-22,OTA Referral,0,13584.46
C0001001464,Louis,Giraud,louisg@yahoo.com,0449600032,FR,Europe,Voisin-sur-Garcia,52,M,Leisure,2020-02-16,2020,2,Non-Member,Email,True,French,Mastercard,Standard,,Active,,Phone Booking,3,3497.51
C0001001465,Micheletto,Colletti,test@test.com,+1 637 496 6880,IT,Europe,Madonna Del Sasso,33,M,Business,2023-02-22,2023,2,Basic,Both,True,Italian,American Express,Suite,Wheelchair Accessible,Active,,Corporate Contract,38,1902.87
C0001001466,Simon,Johnson,sjohnson@gmail.com,+1 395 243 6036,MX,North America,Port Mathew,52,M,Leisure,2024-06-08,2024,6,Non-Member,Email,True,English,American Express,Deluxe,,Inactive,2026-04-22,Corporate Contract,0,21887.66
C0001001467,Chelsea,Mason,cmason@gmail.com,(225) 906-6695,US,North America,Smithville,48,F,Leisure,2024-03-20,2024,3,Non-Member,Email,True,English,Visa,Family,,Active,2025-12-05,Corporate Contract,1,6844.35
C0001001468,Mandy,Powell,mpowell@gmail.com,+1 562 109 5220,CA,North America,East Dylan,43,F,Leisure,2022-06-24,2022,6,Silver,Email,False,English,Visa,Suite,,Inactive,,Website Direct,7,20675.51
C0001001469,영미,김,영김@gmail.com,+1 744 157 5740,KR,Asia Pacific,West Elliott,47,F,Group,2019-10-14,2019,10,Non-Member,Email,False,Korean,Visa,Suite,,Active,,Corporate Contract,4,11692.36
C0001001470,Mohammed,Webb,mohammed.webb@yahoo.com,+1 281 601 2735,CH,Europe,South Joe,43,M,Leisure,2021-08-31,2021,8,Gold,Both,False,English,PayPal,Standard,,Inactive,2023-12-07,Website Direct,33,24793.57
C0001001471,Stephen,Hughes,stephen.hughes@gmail.com,(079) 851-9480,US,North America,North Peter,34,M,Business,2019-05-21,2019,5,Silver,Email,True,English,PayPal,Suite,,Active,2021-03-18,Walk-in,15,9078.9
C0001001472,Andrea,Otero,andrea_otero@tyrellcorp.com,+1 305 406 4127,ES,Europe,Salamanca,28,F,Business,2022-05-27,2022,5,Platinum,SMS,True,Spanish,PayPal,Executive,,Active,2025-03-07,Phone Booking,49,11922.73
C0001001473,Ryan,Marshall,ryanm@gmail.com,+91 994 153 7507,IN,Asia Pacific,Chapmantown,36,M,Leisure,2024-05-13,2024,5,Non-Member,Email,False,English,American Express,Suite,,Active,2024-09-16,OTA Referral,4,17216.29
C0001001474,Linda,Long,linda92@gmail.com,+1 634 412 1203,KW,Middle East,Bishopport,47,F,Group,2022-11-08,2022,11,Basic,Both,True,English,Visa,Suite,,Active,2022-12-09,Corporate Contract,9,3265.95
C0001001475,Kerry,Patel,kerry_patel@outlook.com,+1 969 365 8624,SG,Asia Pacific,Port Anthony,46,F,Group,2024-06-29,2024,6,Non-Member,SMS,False,English,Mastercard,Suite,,Active,2025-05-11,Website Direct,0,24942.69
C0001001476,Darren,Martin,noemail@provided.com,+1 321 247 7576,CA,North America,West Hayley,31,M,Business,2020-02-08,2020,2,Basic,SMS,False,English,Visa,Family,,Active,,OTA Referral,17,10189.14
C0001001477,Darren,Williams,dwilliams@gmail.com,+1 625 542 2169,EG,Africa,East Bradley,24,M,Leisure,2024-11-06,2024,11,Basic,SMS,True,English,Visa,Standard,,Active,2025-06-15,Phone Booking,25,15444.93
C0001001478,Barry,Brookes,barryb@initech.com,+1 885 954 7992,CA,North America,East Valerie,26,M,Business,2024-10-16,2024,10,Basic,Email,True,English,Visa,Deluxe,,Active,2025-01-21,Phone Booking,49,3216.19
C0001001479,Matthew,West,matthew73@oscorp.com,+1 691 550 9262,NG,Africa,West Karl,39,M,Business,2020-05-22,2020,5,Basic,Email,False,English,Mastercard,Deluxe,"Allergies, Late Check-out",Active,,Walk-in,26,12705.53
C0001001480,Max,Davis,max_davis@example.nl,+1 464 639 9618,NL,Europe,New Jeremy,50,M,Business,2020-11-15,2020,11,Basic,Email,True,English,Visa,Deluxe,,Active,2021-11-25,Corporate Contract,32,7620.61
C0001001481,Jasmine,Hill,jasmine19@hotmail.com,+1 342 163 3709,KE,Africa,Sheilashire,30,F,Group,2021-05-07,2021,5,Silver,Email,False,English,Visa,Standard,,Active,,Phone Booking,11,20463.72
C0001001482,Dale,Cook,dcook@outlook.com,+91 643 851 5734,IN,Asia Pacific,South Kevin,35,M,Business,2019-08-13,2019,8,Basic,Email,True,English,Visa,Suite,,Active,2022-05-16,Corporate Contract,27,15596.82
C0001001483,Lydia,Scott,lydia.scott@gmail.com,+1 111 424 8123,SE,Europe,North Markside,36,F,Business,2024-12-18,2024,12,Silver,Email,True,English,Visa,Deluxe,High Floor,Active,,Website Direct,29,129.95
C0001001484,Mehdi,Schlosser,mehdi_schlosser@yahoo.com,+49 891 05482,DE,Europe,Dresden,39,M,Family,2019-01-08,2019,1,Platinum,SMS,False,German,Visa,Deluxe,,Active,,Walk-in,38,13357.36
C0001001485,Jason,Davis,jason_davis@hotmail.com,+91 918 101 4344,IN,Asia Pacific,New Stanleytown,44,M,Leisure,2019-07-27,2019,7,Gold,Email,False,English,Visa,Standard,,Active,2020-03-13,Walk-in,42,2317.63
C0001001486,Victoriano,Puente,victoriano40@yahoo.com,+1 482 928 6698,ES,Europe,La Coruña,37,M,Business,2019-04-08,2019,4,Basic,Both,False,Spanish,Mastercard,Executive,,Active,,OTA Referral,12,20062.42
C0001001487,Alex,Hall,alexh@gmail.com,0426 991 297,AU,Asia Pacific,New Chloemouth,44,M,Family,2023-09-21,2023,9,Silver,Email,True,English,Mastercard,Family,,Active,2025-04-29,OTA Referral,38,12430.86
C0001001488,Kayleigh,Ryan,kryan@outlook.com,(939) 570-7125,US,North America,Austinland,41,F,Group,2019-12-14,2019,12,Platinum,Both,True,English,Mastercard,Suite,,Inactive,2021-07-21,Corporate Contract,43,17479.39
C0001001489,Trevor,Harris,trevor.harris@gmail.com,+1 263 105 2677,TH,Asia Pacific,East Bethanyberg,45,M,Leisure,2020-10-09,2020,10,Silver,Email,False,English,Visa,Suite,,Active,2022-12-16,Corporate Contract,24,6874.23
C0001001490,俊,刘,俊7@gmail.com,669 6466 502,CN,Asia Pacific,Lake Margaretton,48,M,Family,2024-06-23,2024,6,Silver,SMS,True,Chinese,American Express,Ocean View,,Active,2027-03-05,Phone Booking,2,4128.58
C0001001491,Tony,Smith,tony_smith@gmail.com,+1 383 204 1951,QA,Middle East,Griffinmouth,30,M,Leisure,2024-09-14,2024,9,Basic,SMS,True,English,Visa,Suite,,Active,2025-02-01,OTA Referral,9,16962.73
C0001001492,Rosie,Coates,rosiec@hotmail.com,,CH,Europe,South Raymond,30,F,Leisure,2021-12-25,2021,12,Non-Member,Email,True,English,Mastercard,Family,,Active,2022-08-20,Website Direct,1,1023.11
C0001001493,Rita,Evans,rita8@gmail.com,+1 627 451 1783,NL,Europe,West Jayne,37,F,Leisure,2023-05-26,2023,5,Non-Member,Email,True,English,American Express,Executive,,Active,,Phone Booking,5,8465.26
C0001001494,Kieran,Lewis,klewis@outlook.com,+1 920 619 5385,QA,Middle East,Conortown,40,M,Business,2020-10-07,2020,10,Gold,Email,True,English,Visa,Executive,,Active,2020-10-18,Walk-in,34,3601.21
C0001001495,Théophile,Roussel,théophile_roussel@gmail.com,0697883925,FR,Europe,Sainte Alexandria-la-Forêt,36,M,Leisure,2019-11-21,2019,11,Non-Member,Email,True,French,Visa,Standard,,Active,,Corporate Contract,0,10540.28
C0001001496,Joanne,Garner,joanneg@globex.com,002-611-2746,US,North America,Lake Wayne,43,F,Business,2022-01-31,2022,1,Basic,Email,False,English,Mastercard,Deluxe,,Active,2024-10-29,Phone Booking,44,15808.19
C0001001497,Diane,McCarthy,dmccarthy@outlook.com,+1 990 669 8072,SE,Europe,Tomshire,35,F,Family,2021-05-02,2021,5,Non-Member,Email,True,English,Visa,Deluxe,,Active,2022-03-16,Corporate Contract,0,1420.92
C0001001498,Katie,Slater,katie68@umbrellacorp.com,+1 546 659 3554,MX,North America,Gordonburgh,35,F,Business,2024-01-11,2024,1,Non-Member,Email,True,English,Mastercard,Deluxe,,Active,2026-05-07,Phone Booking,1,16505.6
C0001001499,Catherine,Powell,guest@email.com,+1 801 811 5163,MX,North America,Port Ryan,32,F,Business,2024-05-07,2024,5,Silver,Email,True,English,Visa,Suite,,Active,2025-04-17,Walk-in,45,1610.57
C0001001500,裕太,佐藤,裕太佐@tyrellcorp.com,228-875-7915,JP,Asia Pacific,Port Ben,50,M,Business,2020-01-16,2020,1,Silver,Email,True,Japanese,Visa,Deluxe,,Inactive,,Phone Booking,6,19357.84
C0001001501,Hannah,Smith,hannah.smith@gmail.com,685-091-1211,US,North America,Gavinville,29,F,Business,2022-06-24,2022,6,Basic,Email,True,English,Apple Pay,Executive,,Active,2023-02-23,Walk-in,40,19870.83
C0001001502,Kirsty,Thorpe,kirstyt@gmail.com,+91 159 791 4248,IN,Asia Pacific,New Peter,45,F,Leisure,2019-10-12,2019,10,Non-Member,Email,True,English,Mastercard,Deluxe,,Active,,Phone Booking,3,21550.77
C0001001503,도윤,이,도윤이@gmail.com,+1 632 868 3008,KR,Asia Pacific,New Matthewburgh,35,M,Business,2024-11-09,2024,11,Non-Member,Email,False,Korean,Visa,Executive,,Active,2027-02-01,OTA Referral,4,14230.86
C0001001504,Antony,Conway,antony_conway@oscorp.com,+1 618 931 8827,CO,South America,Port Douglas,37,M,Business,2023-01-27,2023,1,Non-Member,Both,True,English,Apple Pay,Executive,,Active,2024-11-30,OTA Referral,0,12972.15
C0001001505,Alan,Lucas,alan_lucas@hotmail.com,+1 557 120 7753,CA,North America,West Philip,31,M,Leisure,2019-05-29,2019,5,Non-Member,SMS,True,English,Visa,Standard,,Active,,Walk-in,5,17800.37
C0001001506,Lynn,Saunders,lynn_saunders@globex.com,+1 362 427 7795,SG,Asia Pacific,Deantown,46,F,Business,2021-03-15,2021,3,Silver,Both,False,English,Apple Pay,Executive,,Active,2021-12-22,OTA Referral,4,22580.58
C0001001507,Dorothée,Renard,dorothée_renard@gmail.com,0948968012,FR,Europe,Klein,39,F,Leisure,2023-09-17,2023,9,Gold,Email,False,French,Visa,Ocean View,,Active,2025-09-30,Walk-in,37,2462.11
C0001001508,Charlotte,Atkinson,charlottea@dummycorp.com,+1 508 376 4116,CA,North America,East Alan,42,F,Business,2021-07-05,2021,7,Basic,Email,False,English,Apple Pay,Executive,,Active,2023-05-14,Phone Booking,8,9152.68
C0001001509,Eligio,Sanjuan,esanjuan@gmail.com,+1 140 409 8405,ES,Europe,Álava,40,M,Leisure,2022-07-03,2022,7,Non-Member,Email,False,Spanish,Visa,Standard,,Active,2023-11-26,Website Direct,0,20907.95
C0001001510,Bruce,Kaur,bruce92@gmail.com,+1 604 607 6065,CA,North America,Marionland,42,M,Business,2023-05-16,2023,5,Non-Member,SMS,False,English,Visa,Suite,"Early Check-in, Wheelchair Accessible",Active,2026-02-17,Corporate Contract,4,22504.29
C0001001511,James,Richards,james90@example.ca,+1 417 829 5200,CA,North America,Donaldport,32,M,Business,2024-10-02,2024,10,Silver,Both,False,English,American Express,Deluxe,,Active,2025-02-26,Walk-in,25,17787.32
C0001001512,Harriet,Bell,harriet38@yahoo.com,404-449-4139,US,North America,East Marion,37,F,Leisure,2023-11-11,2023,11,Silver,Email,False,English,Visa,Family,,Inactive,2024-09-29,Phone Booking,44,21364.05
C0001001513,Phillip,Evans,phillip.evans@gmail.com,+1 427 891 7534,SG,Asia Pacific,North Hollie,35,M,Business,2020-06-23,2020,6,Non-Member,Email,True,English,American Express,Executive,,Inactive,2021-05-27,Walk-in,4,2867.26
C0001001514,Denise,Butler,deniseb@icloud.com,+1 723 234 7687,CA,North America,Brownshire,43,F,Family,2021-07-08,2021,7,Non-Member,Email,True,English,Visa,Deluxe,,Inactive,,Corporate Contract,1,6957.98
C0001001515,Kelly,Taylor,kelly_taylor@outlook.com,+1 303 173 9073,CH,Europe,North Janiceland,50,F,Leisure,2024-05-28,2024,5,Silver,Email,False,English,Mastercard,Executive,,Active,2027-01-15,Corporate Contract,43,17368.83
C0001001516,Hans Peter,Mühle,hans peter.mühle@gmail.com,+49 006 18971,DE,Europe,Arnstadt,30,M,Business,2023-06-22,2023,6,Non-Member,Both,True,German,Google Pay,Deluxe,,Active,2024-04-28,Walk-in,0,11174.05
C0001001517,Graham,Thomas,gthomas@waynecorp.com,+61 525 453 787,AU,Asia Pacific,Wallshire,43,M,Business,2023-07-13,2023,7,Basic,Email,True,English,Google Pay,Deluxe,"Allergies, Wheelchair Accessible",Active,,Phone Booking,24,12986.73
C0001001518,Gregory,Glover,gglover@outlook.com,+61 723 882 000,AU,Asia Pacific,Judithfort,31,M,Business,2021-11-04,2021,11,Non-Member,Email,True,English,Visa,Executive,,Inactive,2022-12-16,Website Direct,0,11973.02
C0001001519,Mark,Bailey,markb@outlook.com,+1 872 524 9865,CO,South America,West Natasha,37,M,Group,2022-08-02,2022,8,Gold,Email,True,English,Visa,Standard,,Active,2024-10-08,OTA Referral,42,24809.46
C0001001520,Louise,Watkins,louise_watkins@icloud.com,+1 695 496 3249,MX,North America,Webbmouth,42,F,Leisure,2022-07-16,2022,7,Non-Member,Email,False,English,American Express,Suite,,Active,,OTA Referral,1,23333.13
C0001001521,Kenneth,Abbott,kenneth1@gmail.com,+1 492 345 1499,NL,Europe,New Bradleyberg,50,M,Leisure,2023-09-19,2023,9,Basic,Email,False,English,Visa,Standard,"High Floor, Late Check-out",Active,2025-03-17,Website Direct,25,5366.89
C0001001522,Paige,Browne,paige17@tyrellcorp.com,+1 318 595 1375,CA,North America,New James,33,F,Business,2020-07-01,2020,7,Platinum,SMS,False,English,Mastercard,Ocean View,,Active,2020-07-07,OTA Referral,13,22001.51
C0001001523,Mathew,Simpson,mathew_simpson@gmail.com,+1 365 656 7067,NL,Europe,Derektown,51,M,Leisure,2024-04-25,2024,4,Non-Member,SMS,True,English,American Express,Family,,Active,,OTA Referral,3,12979.41
C0001001524,Isabel,Maestre,imaestre@yahoo.com,+1 419 622 6032,ES,Europe,La Coruña,46,F,Leisure,2023-05-28,2023,5,Basic,Email,False,Spanish,Mastercard,Suite,,Active,2024-02-10,Corporate Contract,25,6563.93
C0001001525,Kevin,Fisher,kevin97@hotmail.com,(448) 271-0479,US,North America,Hughesport,32,M,Family,2019-01-21,2019,1,Silver,SMS,True,English,Visa,Deluxe,,Active,2021-11-28,Phone Booking,47,6097.65
C0001001526,Lydia,Lewis,lydia.lewis@yahoo.com,+1 893 163 9639,CH,Europe,North Jay,38,F,Business,2023-10-05,2023,10,Silver,Email,False,English,Mastercard,Suite,,Active,2026-09-03,Phone Booking,18,9272.58
C0001001527,Ian,Booth,ibooth@gmail.com,+1 312 213 5411,CA,North America,Liamland,33,M,Leisure,2024-05-08,2024,5,Basic,SMS,False,English,Visa,Standard,,Inactive,2024-09-11,Corporate Contract,1,1789.16
C0001001528,Josh,Duffy,jduffy@gmail.com,08848 042 966,GB,Europe,South Lorraine,45,M,Leisure,2024-07-17,2024,7,Basic,SMS,True,English,Google Pay,Standard,,Active,,Walk-in,0,9368.59
C0001001529,Adrian,Hawkins,ahawkins@gmail.com,310-668-3769,US,North America,Port Sarahbury,36,M,Business,2020-07-03,2020,7,Non-Member,Email,False,English,American Express,Executive,Late Check-out,Active,2022-04-13,Walk-in,4,10018.78
C0001001530,Natasha,Armstrong,natasha_armstrong@tyrellcorp.com,0171 743 764,AU,Asia Pacific,North Melanie,34,F,Business,2023-03-24,2023,3,Non-Member,Email,True,English,Visa,Suite,,Active,,Walk-in,0,10801.12
C0001001531,Graham,Patel,graham_patel@hotmail.com,+1 423 546 3496,CA,North America,Trevorside,46,M,Leisure,2022-01-21,2022,1,Non-Member,Email,True,English,American Express,Standard,,Active,2023-09-25,Corporate Contract,4,3568.7
C0001001532,Chloe,Austin,chloe.austin@gmail.com,+1 421 985 6019,MX,North America,Dylanshire,53,F,Leisure,2023-03-30,2023,3,Basic,Email,False,English,American Express,Standard,,Active,2024-11-28,Website Direct,17,11739.55
C0001001533,Lynn,Jackson,lynn.jackson@icloud.com,+1 781 210 6342,TH,Asia Pacific,Kirstyshire,43,F,Leisure,2020-11-20,2020,11,Gold,Email,True,English,Mastercard,Standard,,Active,2023-08-14,Phone Booking,45,16894.01
C0001001534,Matthew,Morgan,mmorgan@yahoo.com,+1 514 778 6736,NL,Europe,Patelfurt,44,M,Family,2024-06-02,2024,6,Silver,SMS,True,English,Visa,Standard,"Early Check-in, Late Check-out",Active,2027-03-09,Phone Booking,8,12720.09
C0001001535,Frances,Jennings,frances_jennings@initech.com,(083) 654-8674,US,North America,Joneschester,40,F,Business,2023-04-20,2023,4,Basic,SMS,True,English,Mastercard,Suite,,Active,,Corporate Contract,0,9869.26
C0001001536,Jay,Haynes,jay_haynes@gmail.com,+91 673 603 2447,IN,Asia Pacific,Martynville,39,M,Leisure,2023-02-07,2023,2,Non-Member,Both,True,English,Mastercard,Suite,,Active,,Phone Booking,5,3914.94
C0001001537,Paige,Bishop,pbishop@gmail.com,+1 739 291 8776,MX,North America,South Shirley,47,F,Leisure,2021-08-03,2021,8,Basic,Email,True,English,Mastercard,Standard,,Active,2021-09-30,OTA Referral,27,24225.31
C0001001538,Irmtraud,Nette,irmtraudn@outlook.com,+49 950 87040,DE,Europe,Bergzabern,46,F,Leisure,2023-09-26,2023,9,Silver,SMS,True,German,Visa,Executive,,Active,2025-06-23,Corporate Contract,3,18837.74
C0001001539,Damian,Atkinson,damian_atkinson@gmail.com,(549) 097-3746,US,North America,Dylanmouth,57,M,Leisure,2019-09-06,2019,9,Non-Member,SMS,True,English,PayPal,Executive,,Inactive,2021-10-20,Phone Booking,1,9230.82
C0001001540,Zoé,Charrier,zoé.charrier@gmail.com,+33 574 606 512,FR,Europe,Delaunay-les-Bains,38,F,Leisure,2023-11-30,2023,11,Silver,SMS,False,French,Google Pay,Deluxe,,Active,2023-12-01,Website Direct,25,10221.4
C0001001541,Renée,Lombard,rlombard@gmail.com,0245107682,FR,Europe,Charrier,30,F,Family,2022-03-17,2022,3,Non-Member,Email,True,French,Apple Pay,Family,,Active,2022-04-27,Phone Booking,2,10323.02
C0001001542,بتلاء,آل محمد بن علي بن جماز,بتلاء.آل محمد بن علي بن جماز@outlook.com,+1 435 386 1191,SA,Middle East,Patelton,29,F,Leisure,2021-03-29,2021,3,Silver,Email,True,Arabic,Visa,Standard,,Active,,Phone Booking,45,16064.06
C0001001543,Sally,Thompson,sthompson@umbrellacorp.com,+1 148 719 1473,SG,Asia Pacific,Smartbury,45,F,Business,2019-08-01,2019,8,Platinum,Email,False,English,Mastercard,Suite,,Active,2021-01-22,Corporate Contract,44,7712.06
C0001001544,Roger,Forster,rforster@gmail.com,+1 952 223 8066,MX,North America,Robertstad,51,M,Family,2019-05-11,2019,5,Gold,SMS,True,English,Mastercard,Standard,,Active,2021-10-05,Corporate Contract,46,24074.17
C0001001545,سمير,المشاولة,سالمشاولة@outlook.com,000-000-0000,AE,Middle East,Brayshire,33,M,Family,2022-05-15,2022,5,Silver,Email,True,Arabic,Mastercard,Deluxe,,Active,2024-11-09,Phone Booking,48,8809.72
C0001001546,Craig,Lewis,craigl@yahoo.com,+1 953 589 7004,CA,North America,North Julia,38,M,Leisure,2020-01-26,2020,1,Platinum,Email,True,English,Visa,Deluxe,,Active,2021-12-17,Walk-in,23,19142.45
C0001001547,Beatrice,Castelli,beatrice_castelli@outlook.com,+1 243 848 5999,IT,Europe,Casale Litta,35,F,Leisure,2024-03-24,2024,3,Basic,Email,True,Italian,Visa,Executive,,Active,,Walk-in,41,18677.28
C0001001548,Calixto,Cisneros,calixto38@gmail.com,+1 925 403 8646,ES,Europe,Madrid,52,M,Leisure,2022-05-26,2022,5,Basic,SMS,True,Spanish,Visa,Deluxe,,Active,,Corporate Contract,0,22922.77
C0001001549,Gilbert,Maurice,gilbert_maurice@gmail.com,0890831238,FR,Europe,Laine,34,M,Leisure,2024-01-26,2024,1,Non-Member,SMS,True,French,Mastercard,Deluxe,,Active,2024-02-28,OTA Referral,0,11578.72
C0001001550,Leopoldo,Vivaldi,leopoldov@tyrellcorp.com,+1 194 699 2557,IT,Europe,Briga Alta,36,M,Business,2023-10-18,2023,10,Basic,Email,False,Italian,Mastercard,Executive,,Active,2025-02-06,Website Direct,30,4681.76
C0001001551,Kim,Hall,kim.hall@outlook.com,+1 451 245 2726,MX,North America,Port Terence,45,F,Business,2019-05-06,2019,5,Non-Member,Email,True,English,American Express,Executive,,Active,,Website Direct,3,16540.91
C0001001552,Joan,Wilson,joan.wilson@gmail.com,+1 624 247 8731,CH,Europe,Alexandratown,43,F,Business,2019-08-02,2019,8,Non-Member,Email,True,English,Mastercard,Standard,"Non-smoking, Early Check-in",Active,,Walk-in,4,13603.83
C0001001553,Rosie,Hartley,rosieh@cyberdyne.com,03825 100 605,GB,Europe,East Georgina,33,F,Business,2024-09-02,2024,9,Silver,Email,False,English,Visa,Deluxe,,Active,2026-01-13,Walk-in,10,8991.4
C0001001554,Ben,Carpenter,ben18@gmail.com,000-000-0000,IN,Asia Pacific,Harrisbury,57,M,Leisure,2019-01-29,2019,1,Basic,SMS,False,English,Mastercard,Suite,,Active,2020-10-31,Phone Booking,6,7353.93
C0001001555,Rhys,Hobbs,rhys.hobbs@acme.com,(099) 365-2931,US,North America,East Kyle,30,M,Business,2020-01-29,2020,1,Basic,Email,True,English,Mastercard,Standard,,Active,2021-12-14,Website Direct,4,22030.65
C0001001556,Edward,Kemp,edward.kemp@cyberdyne.com,+1 227 424 4259,NL,Europe,New Naomi,47,M,Business,2023-09-18,2023,9,Non-Member,Email,True,English,Visa,Executive,,Active,2024-09-07,Phone Booking,3,683.15
C0001001557,岩,张,岩96@outlook.com,+86 579 3047 716,CN,Asia Pacific,Thomasberg,34,M,Business,2023-08-09,2023,8,Basic,Email,False,Chinese,Visa,Suite,"Wheelchair Accessible, Allergies",Active,2025-06-25,Walk-in,50,10427.16
C0001001558,Halil,Bähr,halil.bähr@cyberdyne.com,+49 142 82999,DE,Europe,Suhl,46,M,Business,2021-04-01,2021,4,Non-Member,SMS,False,German,Mastercard,Standard,,Active,,Phone Booking,2,1919.44
C0001001559,Jade,Clark,jade44@gmail.com,+44 2684 61113,GB,Europe,Pagebury,32,F,Family,2023-09-18,2023,9,Basic,Email,True,English,Visa,Deluxe,,Active,2025-09-03,Website Direct,42,16235.74
C0001001560,Lesley,Lawrence,lesley37@gmail.com,+1 104 494 1764,SE,Europe,Lake Tomstad,46,F,Family,2023-11-15,2023,11,Non-Member,SMS,False,English,Mastercard,Family,,Active,,Corporate Contract,2,1874.29
C0001001561,Scott,Edwards,sedwards@outlook.com,+1 993 971 1939,CA,North America,Gallagherton,35,M,Group,2024-02-05,2024,2,Non-Member,Email,True,English,Mastercard,Standard,,Active,2025-08-06,Phone Booking,0,8898.06
C0001001562,Lindsey,Simpson,lindsey55@gmail.com,+1 678 904 1136,CA,North America,West Elliott,33,F,Leisure,2021-01-15,2021,1,Silver,Email,False,English,Visa,Deluxe,,Inactive,2022-07-03,Walk-in,24,24201.66
C0001001563,Lynne,Richardson,lrichardson@hotmail.com,+1 281 955 4185,MX,North America,South Grace,37,F,Group,2021-04-20,2021,4,Silver,Email,True,English,PayPal,Standard,,Inactive,2022-08-26,OTA Referral,29,1741.31
C0001001564,Christine,James,cjames@cyberdyne.com,+1 364 327 5298,CA,North America,Elaineburgh,46,F,Business,2023-06-08,2023,6,Gold,Both,True,English,Visa,Family,,Active,2023-06-09,Corporate Contract,24,24930.19
C0001001565,Norman,Webb,norman_webb@gmail.com,(705) 227-6868,US,North America,Mohammadview,31,M,Leisure,2023-07-18,2023,7,Silver,Both,True,English,Visa,Standard,"Wheelchair Accessible, Allergies",Active,,Phone Booking,22,2284.45
C0001001566,Dale,Moore,dale.moore@hotmail.com,0011 851 609,AU,Asia Pacific,West Hazel,45,M,Leisure,2022-07-11,2022,7,Non-Member,Email,True,English,Visa,Standard,,Active,,Walk-in,3,12343.03
C0001001567,Cameron,King,cameronk@icloud.com,(392) 507-7750,US,North America,North Joannamouth,39,M,Family,2019-01-22,2019,1,Gold,Email,True,English,Visa,Standard,,Active,2020-01-28,OTA Referral,32,10209.46
C0001001568,Gary,Kelly,gkelly@gmail.com,+1 761 136 9870,CA,North America,Eleanorton,43,M,Leisure,2023-10-10,2023,10,Platinum,Email,True,English,Visa,Deluxe,,Active,2024-06-24,OTA Referral,25,4252.49
C0001001569,拓真,三浦,拓真10@outlook.com,+81 454-082-875,JP,Asia Pacific,Charlieburgh,37,M,Leisure,2024-11-30,2024,11,Gold,Email,True,Japanese,Google Pay,Standard,,Active,,Corporate Contract,5,21009.56
C0001001570,红霞,冯,红霞冯@gmail.com,+86 373 2529 562,CN,Asia Pacific,Gavinfort,45,M,Leisure,2021-03-14,2021,3,Silver,Email,False,Chinese,American Express,Suite,,Active,,Phone Booking,49,20650.79
C0001001571,Scott,Norris,scott96@waynecorp.com,+1 617 624 2543,CH,Europe,Port Lynn,29,M,Business,2019-06-28,2019,6,Basic,Email,False,English,Mastercard,Ocean View,"Non-smoking, Allergies",Active,,Corporate Contract,39,6494.18
C0001001572,Lewis,Richards,lewis_richards@gmail.com,+1 313 733 7980,KW,Middle East,Douglasville,40,M,Leisure,2023-01-11,2023,1,Basic,Email,False,English,Google Pay,Executive,,Active,2025-03-13,OTA Referral,5,10726.55
C0001001573,민준,장,민준75@yahoo.com,+1 788 727 9411,KR,Asia Pacific,Port Declantown,24,M,Group,2023-10-10,2023,10,Non-Member,SMS,False,Korean,Visa,Standard,,Active,2026-07-22,OTA Referral,1,22345.47
C0001001574,Ida,Klingelhöfer,ida40@gmail.com,+49 781 29023,DE,Europe,Weißwasser,49,F,Family,2021-01-08,2021,1,Gold,Email,False,German,Mastercard,Deluxe,,Inactive,,OTA Referral,50,17615.01
C0001001575,성호,배,성배@gmail.com,+1 369 879 4552,KR,Asia Pacific,North Pamelahaven,40,M,Leisure,2019-10-20,2019,10,Basic,Email,False,Korean,Visa,Executive,,Active,2022-05-22,Walk-in,18,2624.62
C0001001576,Gabriela,Otto,gabrielao@icloud.com,+49 387 01203,DE,Europe,Heiligenstadt,58,F,Leisure,2022-02-15,2022,2,Non-Member,Email,True,German,Visa,Executive,Early Check-in,Active,2024-03-11,Corporate Contract,0,9872.2
C0001001577,Brenda,Osborne,brenda90@outlook.com,+1 435 385 3253,SG,Asia Pacific,Mitchellstad,32,F,Leisure,2022-05-22,2022,5,Gold,Email,True,English,Mastercard,Deluxe,,Active,2025-04-14,Phone Booking,47,6553.69
C0001001578,Caroline,Holland,caroline_holland@gmail.com,+1 800 916 4011,CA,North America,Sandersland,37,F,Leisure,2019-03-15,2019,3,Platinum,Email,True,English,Visa,Executive,,Active,,Website Direct,49,16287.5
C0001001579,Isabel,Castañeda,isabel_castañeda@outlook.com,,ES,Europe,Sevilla,35,F,Leisure,2020-06-19,2020,6,Platinum,SMS,True,Spanish,Visa,Standard,,Active,2021-08-15,Phone Booking,2,3875.47
C0001001580,Rita,Hesse,ritah@outlook.com,+49 152 87881,DE,Europe,Scheinfeld,47,F,Leisure,2019-03-27,2019,3,Gold,Email,True,German,Visa,Standard,,Active,2021-10-15,OTA Referral,32,3774.36
C0001001581,Marion,Brown,marionb@yahoo.com,+1 205 295 9938,MX,North America,Michaelhaven,37,F,Leisure,2019-07-05,2019,7,Silver,Email,False,English,American Express,Suite,,Inactive,2021-11-14,Phone Booking,21,13766.21
C0001001582,Aitor,Anaya,aitor.anaya@initech.com,+1 536 768 3902,AR,South America,شربتليstad,46,M,Business,2020-10-07,2020,10,Non-Member,Email,True,English,Mastercard,Suite,,Inactive,2023-06-01,Corporate Contract,0,6352.34
C0001001583,Konstantin,Hänel,khänel@gmail.com,+49 045 22019,DE,Europe,Rudolstadt,48,M,Family,2023-06-01,2023,6,Basic,Email,False,German,Visa,Deluxe,,Active,,Walk-in,44,8191.66
C0001001584,Richard,Davies,noemail@provided.com,08231 725 720,GB,Europe,Natashamouth,31,M,Business,2022-06-16,2022,6,Silver,Email,True,English,Google Pay,Deluxe,,Active,2024-09-27,Phone Booking,45,12066.36
C0001001585,Edelgard,Bloch,edelgardb@starkindustries.com,+49 7519 4640,DE,Europe,Riesa,29,F,Business,2019-05-27,2019,5,Non-Member,Email,False,German,Mastercard,Standard,,Active,2021-10-28,OTA Referral,5,12140.0
C0001001586,Aimee,Middleton,aimee_middleton@gmail.com,+1 917 731 5185,NL,Europe,South Stephenchester,43,F,Leisure,2024-09-25,2024,9,Non-Member,Email,True,English,PayPal,Deluxe,,Active,,Walk-in,3,2489.82
C0001001587,Maurice,Clarke,maurice_clarke@cyberdyne.com,+1 334 549 3877,CH,Europe,Edwardsville,39,M,Business,2024-07-01,2024,7,Silver,Email,False,English,Visa,Standard,,Active,,Walk-in,14,15207.55
C0001001588,Darren,Hussain,darren.hussain@starkindustries.com,+1 356 663 5117,CA,North America,North Katie,41,M,Business,2021-10-20,2021,10,Silver,SMS,True,English,Mastercard,Standard,,Active,,Walk-in,17,6925.68
C0001001589,Damien,Blake,damien_blake@initech.com,+1 252 877 9793,NL,Europe,Amberside,33,M,Business,2019-02-02,2019,2,Silver,Email,True,English,American Express,Suite,,Active,2019-11-18,Phone Booking,3,11847.62
C0001001590,花子,太田,花太田@cyberdyne.com,+81 878-080-797,JP,Asia Pacific,East Ericchester,25,F,Business,2023-11-02,2023,11,Basic,Both,True,Japanese,Apple Pay,Suite,,Active,,Corporate Contract,29,2553.45
C0001001591,Vincenzo,Antonetti,vincenzo_antonetti@yahoo.com,+1 460 882 9623,IT,Europe,Gorzano,45,M,Leisure,2019-03-04,2019,3,Gold,Email,True,Italian,Visa,Standard,,Active,,Website Direct,6,1998.93
C0001001592,Connor,Brown,cbrown@gmail.com,+1 641 495 4146,SE,Europe,Lake Melaniehaven,30,M,Leisure,2024-02-17,2024,2,Basic,Email,True,English,Mastercard,Executive,,Active,,Walk-in,50,6402.4
C0001001593,建平,朱,建平朱@gmail.com,199 1426 290,CN,Asia Pacific,Abigailborough,34,M,Leisure,2023-08-19,2023,8,Non-Member,Email,True,Chinese,Mastercard,Deluxe,,Active,2024-05-05,Walk-in,5,4835.14
C0001001594,Janet,Watkins,janet.watkins@gmail.com,+1 208 805 8096,SE,Europe,North Douglasmouth,44,F,Business,2024-11-13,2024,11,Platinum,Both,True,English,Visa,Executive,,Active,,Website Direct,30,10399.34
C0001001595,Irene,Allan,irene_allan@outlook.com,+1 576 663 3029,MX,North America,Clarketown,54,F,Leisure,2019-03-22,2019,3,Gold,Both,True,English,American Express,Executive,,Active,,Phone Booking,7,10900.81
C0001001596,Stephanie,Davey,stephanie.davey@acme.com,+1 747 995 2404,TH,Asia Pacific,North Joel,29,F,Business,2021-11-10,2021,11,Silver,Email,False,English,Visa,Executive,,Active,,Phone Booking,27,12459.04
C0001001597,Linda,Evans,linda35@gmail.com,+1 431 620 3878,MX,North America,Graemeburgh,48,F,Leisure,2019-10-14,2019,10,Silver,Email,True,English,Visa,Standard,,Inactive,2020-10-10,Corporate Contract,34,5048.94
C0001001598,Tom,Barber,tom32@outlook.com,+1 584 422 3080,SE,Europe,West Paige,37,M,Business,2020-09-11,2020,9,Gold,None,True,English,Mastercard,Family,,Active,,Website Direct,7,3387.43
C0001001599,Thomas,Bentley,thomas.bentley@gmail.com,+91 774 764 9058,IN,Asia Pacific,Jonesbury,42,M,Family,2019-02-20,2019,2,Gold,Email,False,English,Mastercard,Standard,"Wheelchair Accessible, Allergies",Active,2021-12-08,Corporate Contract,1,21651.05
C0001001600,Gianni,Rusticucci,gianni.rusticucci@initech.com,+1 697 240 5446,IT,Europe,Su Pinu,32,M,Business,2021-07-01,2021,7,Silver,SMS,True,Italian,Visa,Executive,,Inactive,2021-12-15,Website Direct,34,833.08
C0001001601,Clotilde,Codina,clotildec@yahoo.com,+1 880 334 4390,ES,Europe,Burgos,34,F,Leisure,2022-08-09,2022,8,Gold,Email,True,Spanish,Mastercard,Executive,,Active,2023-06-27,Walk-in,42,16519.88
C0001001602,Paula,Giles,noemail@provided.com,(910) 980-6834,US,North America,Jonesside,27,F,Group,2024-04-08,2024,4,Basic,Email,True,English,Mastercard,Standard,,Active,2024-07-08,OTA Referral,26,19020.78
C0001001603,Rodolfo,Ungaretti,rodolfo.ungaretti@gmail.com,+1 744 343 3023,IT,Europe,Sambuca Di Sicilia,40,M,Leisure,2023-09-12,2023,9,Silver,SMS,False,Italian,Visa,Executive,,Active,2026-02-07,Website Direct,6,20589.34
C0001001604,Lorraine,Morris,lmorris@outlook.com,+1 122 719 5083,CA,North America,Joanmouth,38,F,Leisure,2022-04-19,2022,4,Silver,Email,False,English,Apple Pay,Suite,,Inactive,2022-09-27,Corporate Contract,5,3730.24
C0001001605,Diane,Marshall,diane.marshall@umbrellacorp.com,(581) 490-5149,US,North America,Martinland,48,F,Business,2020-01-24,2020,1,Basic,Both,False,English,Visa,Standard,,Active,,Phone Booking,39,21241.47
C0001001606,Dean,Reynolds,dean.reynolds@hotmail.com,000-000-0000,CH,Europe,Albertfurt,49,M,Business,2022-09-14,2022,9,Basic,Email,True,English,American Express,Family,Wheelchair Accessible,Active,,Website Direct,1,12964.37
C0001001607,Dale,Marsh,dale15@hotmail.com,469-614-3913,US,North America,South Kevinburgh,49,M,Leisure,2019-04-23,2019,4,Basic,Email,False,English,Visa,Standard,Allergies,Inactive,,Website Direct,15,2650.74
C0001001608,Heather,Page,noemail@provided.com,+1 272 749 1529,NL,Europe,Jonesville,50,F,Leisure,2024-06-23,2024,6,Non-Member,Email,False,English,Visa,Executive,,Active,,Phone Booking,3,23322.07
C0001001609,Maureen,Mistry,mmistry@gmail.com,+1 465 824 6595,CH,Europe,New Deniseville,51,F,Leisure,2023-12-12,2023,12,Non-Member,Email,True,English,PayPal,Executive,,Active,2026-03-02,Corporate Contract,2,2716.28
C0001001610,Cristina,Cafarchia,cristina.cafarchia@dummycorp.com,+1 724 681 3886,IT,Europe,Riotorto,35,F,Business,2022-06-02,2022,6,Basic,Email,False,Italian,Mastercard,Suite,,Active,2022-06-21,Walk-in,21,6822.04
C0001001611,Sam,Pugh,sam.pugh@gmail.com,+91 253 561 1921,IN,Asia Pacific,South Gavin,45,M,Leisure,2022-10-27,2022,10,Silver,Email,True,English,Mastercard,Suite,,Active,2023-09-16,Phone Booking,11,1445.35
C0001001612,Dorothy,White,dorothy.white@outlook.com,+1 658 688 7244,MX,North America,Jillhaven,28,F,Leisure,2022-07-19,2022,7,Basic,Email,True,English,American Express,Deluxe,,Inactive,2022-10-20,Corporate Contract,11,23317.69
C0001001613,Francis,Ahmed,francis98@globex.com,+1 837 633 1592,CA,North America,West Richardberg,31,M,Business,2019-11-17,2019,11,Basic,Email,True,English,Visa,Ocean View,,Active,2021-12-30,OTA Referral,46,9793.44
C0001001614,Naomi,Davies,noemail@provided.com,+1 362 722 2689,MX,North America,Bruceberg,54,F,Leisure,2019-04-20,2019,4,Gold,Email,True,English,Mastercard,Standard,,Active,2021-05-03,Walk-in,14,8794.43
C0001001615,Hellmuth,Schulz,hellmuth89@initech.com,+49 0838 6352,DE,Europe,Uelzen,36,M,Business,2024-05-27,2024,5,Non-Member,Email,False,German,American Express,Deluxe,,Active,2025-02-20,Corporate Contract,3,325.96
C0001001616,Raymond,Hill,raymond.hill@gmail.com,0927 939 205,AU,Asia Pacific,South Luketon,41,M,Leisure,2024-11-16,2024,11,Silver,Email,True,English,Mastercard,Family,,Active,2025-04-04,Corporate Contract,24,12241.26
C0001001617,ميار,المشاولة,ميارا@gmail.com,+1 490 508 6750,SA,Middle East,Port Owen,43,F,Leisure,2023-01-13,2023,1,Silver,Email,True,Arabic,Apple Pay,Standard,,Inactive,2024-10-08,Walk-in,18,6216.08
C0001001618,Toby,Watts,toby_watts@waynecorp.com,(416) 497-3954,US,North America,Port Lesliefort,25,M,Business,2023-08-21,2023,8,Gold,Email,False,English,PayPal,Suite,,Inactive,,Corporate Contract,17,116.49
C0001001619,Lauren,Thomson,lauren.thomson@gmail.com,+91 428 947 9807,IN,Asia Pacific,South Georginaberg,42,F,Leisure,2019-07-14,2019,7,Silver,Email,True,English,Mastercard,Deluxe,,Active,2019-12-28,Phone Booking,49,3102.29
C0001001620,Jessica,Lloyd,jessica_lloyd@umbrellacorp.com,380-827-1624,US,North America,Malcolmmouth,43,F,Business,2022-05-11,2022,5,Gold,SMS,True,English,PayPal,Deluxe,"Non-smoking, High Floor",Active,2024-12-24,Phone Booking,43,16783.79
C0001001621,翔太,伊藤,翔太伊@gmail.com,+81 820-245-838,JP,Asia Pacific,North Damienbury,48,M,Leisure,2023-09-23,2023,9,Non-Member,Email,True,Japanese,Mastercard,Family,,Active,2024-02-24,Phone Booking,1,24257.59
C0001001622,Martin,Barnes,martin28@yahoo.com,+1 296 815 3240,MX,North America,South Shaun,49,M,Leisure,2022-05-24,2022,5,Gold,SMS,False,English,Mastercard,Suite,,Active,2024-10-05,Walk-in,0,20276.71
C0001001623,Karen,Finch,karenf@gmail.com,04299 804 197,GB,Europe,Rhysview,26,F,Leisure,2019-12-04,2019,12,Silver,SMS,False,English,Visa,Standard,,Active,2022-08-28,Website Direct,4,20612.52
C0001001624,Cristina,Persico,cristina6@tyrellcorp.com,+1 947 366 6859,IT,Europe,Roccaranieri,38,F,Business,2024-05-06,2024,5,Gold,SMS,False,Italian,Google Pay,Deluxe,Allergies,Inactive,,Corporate Contract,5,13422.55
C0001001625,Madeleine,Descamps,mdescamps@yahoo.com,0050421965,FR,Europe,Delannoy-sur-Deschamps,45,F,Leisure,2020-12-20,2020,12,Non-Member,Email,False,French,Visa,Executive,,Active,2023-06-04,Website Direct,0,5138.69
C0001001626,学,清水,学.清水@acme.com,011-735-7313,JP,Asia Pacific,Mossfurt,35,M,Business,2023-06-19,2023,6,Non-Member,Email,True,Japanese,American Express,Deluxe,,Active,,Corporate Contract,4,15586.06
C0001001627,Samantha,Wallis,samantha_wallis@gmail.com,000-000-0000,SE,Europe,Jacksonburgh,36,F,Leisure,2023-08-13,2023,8,Basic,Email,True,English,Mastercard,Ocean View,,Active,,Phone Booking,12,11428.44
C0001001628,Maurilio,Marcacci,mmarcacci@outlook.com,+1 873 395 4423,IT,Europe,Carnate,34,M,Family,2024-04-20,2024,4,Basic,Email,False,Italian,Visa,Standard,,Active,2024-11-12,Phone Booking,37,21601.96
C0001001629,Maurice,Miah,guest@email.com,+1 937 310 3797,CA,North America,Thompsonmouth,32,M,Business,2023-06-27,2023,6,Basic,Email,True,English,Mastercard,Deluxe,,Active,2026-04-27,Phone Booking,36,21551.66
C0001001630,Louise,Roberts,louiser@tyrellcorp.com,+1 465 883 5431,CA,North America,Lucybury,28,F,Business,2022-03-24,2022,3,Basic,SMS,True,English,American Express,Suite,Late Check-out,Active,2023-01-18,OTA Referral,7,15625.32
C0001001631,Michael,Griffiths,michael7@starkindustries.com,(186) 730-2428,US,North America,Savagetown,40,M,Business,2019-03-28,2019,3,Non-Member,Email,True,English,Visa,Suite,,Active,2021-12-21,Website Direct,5,19616.5
C0001001632,Alison,Woods,alison_woods@gmail.com,+1 456 684 1576,MX,North America,Tinashire,47,F,Leisure,2021-05-28,2021,5,Non-Member,Email,True,English,Apple Pay,Deluxe,Allergies,Active,2023-10-24,Phone Booking,3,967.52
C0001001633,Gerald,Butler,geraldb@gmail.com,+1 109 988 2196,CA,North America,Port Margaretbury,43,M,Leisure,2022-11-11,2022,11,Silver,SMS,True,English,PayPal,Standard,,Active,2022-12-26,Phone Booking,13,7381.21
C0001001634,Nath,Meyer,nath_meyer@outlook.com,+33 603 062 987,FR,Europe,Dupont,46,F,Leisure,2022-03-11,2022,3,Basic,Email,False,French,PayPal,Standard,,Active,2024-01-02,Corporate Contract,14,22619.19
C0001001635,Ellie,Glover,ellie.glover@gmail.com,0396 233 410,AU,Asia Pacific,Hughesborough,35,F,Group,2019-02-07,2019,2,Basic,Email,False,English,Visa,Family,,Active,2021-12-04,Phone Booking,41,3188.0
C0001001636,Dominic,Rose,drose@outlook.com,+61 063 580 187,AU,Asia Pacific,Samanthastad,38,M,Leisure,2021-07-01,2021,7,Gold,Both,True,English,American Express,Ocean View,,Active,2022-02-08,Walk-in,19,10603.87
C0001001637,林,吴,林52@outlook.com,+86 435 6557 788,CN,Asia Pacific,Thompsonmouth,33,M,Leisure,2023-08-01,2023,8,Silver,Email,True,Chinese,Mastercard,Standard,,Active,2025-01-02,Corporate Contract,14,5857.75
C0001001638,Amador,Rodríguez,amador_rodríguez@gmail.com,+1 353 271 2822,ES,Europe,Asturias,47,M,Leisure,2023-07-07,2023,7,Silver,Email,False,Spanish,Mastercard,Family,,Active,2025-03-21,Phone Booking,47,10425.15
C0001001639,Stanley,Hart,stanley.hart@example.ca,+1 109 896 3694,CA,North America,West Louis,40,M,Business,2022-02-16,2022,2,Platinum,Email,False,English,Visa,Suite,,Active,2023-07-31,Corporate Contract,7,24.12
C0001001640,Gerald,Smith,gerald_smith@gmail.com,+1 639 395 1789,SE,Europe,Batesburgh,48,M,Leisure,2022-11-22,2022,11,Basic,Email,True,English,Visa,Standard,,Active,2024-02-08,Corporate Contract,9,15705.55
C0001001641,Angela,Palmer,apalmer@starkindustries.com,,CO,South America,New Howard,40,F,Business,2023-11-29,2023,11,Basic,Email,False,English,Visa,Standard,,Active,2024-01-29,OTA Referral,27,8330.54
C0001001642,성호,장,성호57@oscorp.com,+1 945 236 3730,KR,Asia Pacific,South Ian,42,M,Business,2021-08-17,2021,8,Silver,Email,False,Korean,American Express,Deluxe,,Active,2023-02-10,Walk-in,18,5318.29
C0001001643,Ester,Estrada,estere@outlook.com,+1 942 471 9919,AR,South America,Lake رباحberg,33,F,Leisure,2021-03-07,2021,3,Non-Member,Email,True,English,PayPal,Standard,,Inactive,2021-03-27,Corporate Contract,0,19962.93
C0001001644,성수,박,성수_박@outlook.com,+1 134 164 4433,KR,Asia Pacific,Ellieton,49,M,Business,2019-12-20,2019,12,Silver,Email,False,Korean,Apple Pay,Suite,,Active,2022-04-29,Corporate Contract,39,8023.34
C0001001645,Hans-Joachim,Beier,hans-joachimb@hotmail.com,,DE,Europe,Badalzungen,39,M,Leisure,2023-02-12,2023,2,Basic,Email,True,German,Apple Pay,Executive,,Active,2024-09-19,Website Direct,18,14585.79
C0001001646,Melanie,Morgan,mmorgan@gmail.com,,TH,Asia Pacific,Port Rosiemouth,49,F,Leisure,2019-09-05,2019,9,Non-Member,None,True,English,Mastercard,Standard,,Active,2020-05-07,Phone Booking,2,15291.23
C0001001647,Amelia,Spencer,amelia_spencer@gmail.com,+1 146 282 9734,CA,North America,Debraside,34,F,Leisure,2020-02-29,2020,2,Basic,SMS,False,English,Visa,Deluxe,,Active,2022-04-28,Phone Booking,10,11522.35
C0001001648,Colin,Evans,colin17@gmail.com,+1 802 659 8802,QA,Middle East,Watkinsfort,49,M,Leisure,2019-02-15,2019,2,Basic,Email,True,English,Visa,Deluxe,"Wheelchair Accessible, Early Check-in",Active,2020-05-11,Phone Booking,18,20476.68
C0001001649,Josephine,Ahmed,josephine_ahmed@gmail.com,+91 711 309 1298,IN,Asia Pacific,Gillianfort,42,F,Family,2023-12-22,2023,12,Silver,SMS,True,English,PayPal,Deluxe,,Active,2026-02-01,OTA Referral,12,11597.81
C0001001650,Craig,McCarthy,craig.mccarthy@gmail.com,+1 902 440 5937,CH,Europe,North Jake,46,M,Leisure,2019-07-11,2019,7,Silver,Email,False,English,Mastercard,Standard,,Inactive,2020-12-28,OTA Referral,4,16370.83
C0001001651,Catherine,Blanc,catherine78@yahoo.com,+33 060 582 840,FR,Europe,Moulindan,45,F,Business,2023-08-12,2023,8,Basic,Email,True,French,Visa,Deluxe,,Active,2025-12-17,OTA Referral,27,23724.72
C0001001652,Danny,Wood,dwood@gmail.com,+91 718 264 6698,IN,Asia Pacific,Andreaton,59,M,Leisure,2019-05-31,2019,5,Platinum,Email,True,English,Mastercard,Deluxe,,Active,2020-09-25,Walk-in,26,19172.42
C0001001653,Leanne,Johnson,ljohnson@gmail.com,+91 145 862 3480,IN,Asia Pacific,Port Kevin,49,F,Family,2024-06-17,2024,6,Basic,SMS,False,English,Mastercard,Standard,,Active,2024-09-18,OTA Referral,43,11780.57
C0001001654,Allan,Ross,allan.ross@umbrellacorp.com,+1 549 935 7024,CA,North America,East Marcusport,37,M,Business,2020-08-28,2020,8,Basic,Email,False,English,Google Pay,Deluxe,,Active,2021-07-03,Website Direct,39,6402.6
C0001001655,Abigail,Butler,abigailb@gmail.com,+1 316 851 3937,SE,Europe,Abbiefurt,48,F,Family,2021-12-24,2021,12,Gold,SMS,True,English,Mastercard,Standard,,Active,,OTA Referral,37,20050.45
C0001001656,David,Meunier,david_meunier@gmail.com,0512281719,FR,Europe,DelaunayBourg,35,M,Business,2024-05-01,2024,5,Non-Member,Email,False,French,Mastercard,Suite,,Inactive,2025-02-15,Corporate Contract,1,8611.86
C0001001657,Carolyn,King,cking@yahoo.com,+1 762 724 6287,NG,Africa,Benfort,48,F,Leisure,2024-02-19,2024,2,Non-Member,Email,False,English,PayPal,Standard,,Active,2024-05-05,Walk-in,0,1560.75
C0001001658,상훈,김,상훈_김@gmail.com,+1 545 374 9136,KR,Asia Pacific,West Aimeefurt,50,M,Leisure,2021-06-28,2021,6,Non-Member,Email,False,Korean,Visa,Deluxe,,Active,,Website Direct,5,24376.54
C0001001659,Lorraine,Mann,lorraine26@hotmail.com,05882 734 361,GB,Europe,Gillburgh,45,F,Leisure,2020-09-24,2020,9,Basic,Email,True,English,Mastercard,Family,,Active,2023-01-29,Phone Booking,49,962.79
C0001001660,Elaine,Jackson,elaine_jackson@globex.com,0819 419 774,AU,Asia Pacific,Port Melanieside,42,F,Business,2021-02-04,2021,2,Basic,Email,False,English,Google Pay,Suite,,Active,2022-02-20,OTA Referral,39,1129.3
C0001001661,Sarah,Cooper,sarah34@hotmail.com,+1 665 695 8306,MX,North America,Hendersonborough,35,F,Group,2019-02-22,2019,2,Silver,Email,False,English,Visa,Ocean View,,Active,2021-01-27,Corporate Contract,30,19208.39
C0001001662,Napoleone,Petrassi,napoleone.petrassi@gmail.com,+1 799 286 6165,IT,Europe,Albano Laziale,30,M,Leisure,2020-08-18,2020,8,Basic,SMS,False,Italian,American Express,Family,,Active,2023-08-04,Walk-in,4,20453.59
C0001001663,Hilary,Martin,hilary.martin@globex.com,+1 497 296 4589,MX,North America,Martynhaven,29,F,Business,2021-11-05,2021,11,Basic,SMS,False,English,Mastercard,Standard,,Active,2022-03-06,OTA Referral,48,15869.97
C0001001664,William,Shah,williams@gmail.com,+91 830 307 7477,IN,Asia Pacific,Port Jennifer,38,M,Family,2019-08-20,2019,8,Non-Member,Email,False,English,American Express,Standard,,Active,,Phone Booking,4,11314.13
C0001001665,Jade,Poole,jpoole@gmail.com,09850 192 911,GB,Europe,Turnerberg,36,F,Leisure,2020-08-30,2020,8,Platinum,SMS,True,English,Visa,Suite,,Active,,Website Direct,13,12818.94
C0001001666,Russell,Gray,russell.gray@gmail.com,+1 301 708 7508,CA,North America,New Dennischester,43,M,Group,2021-03-17,2021,3,Non-Member,Email,True,English,Mastercard,Executive,,Inactive,,Website Direct,2,9072.31
C0001001667,Marie,Woods,mariew@oscorp.com,+1 960 527 8799,MX,North America,Declanberg,34,F,Business,2021-07-28,2021,7,Silver,Email,False,English,Google Pay,Deluxe,,Active,2023-05-08,Website Direct,44,19489.97
C0001001668,Claudine,Royer,croyer@oscorp.com,+33 997 919 719,FR,Europe,Bouchetboeuf,43,F,Business,2023-08-03,2023,8,Basic,Email,False,French,Visa,Suite,,Active,,Website Direct,49,22137.17
C0001001669,Aaron,Richardson,aaronr@gmail.com,+1 855 725 3408,TH,Asia Pacific,Staceyhaven,33,M,Family,2024-01-23,2024,1,Basic,Email,True,English,Visa,Standard,,Active,2026-11-26,Phone Booking,27,10070.51
C0001001670,Marie,Williams,mwilliams@example.in,+91 575 302 9735,IN,Asia Pacific,Greenwoodmouth,47,F,Business,2020-10-29,2020,10,Silver,Email,True,English,Visa,Executive,,Active,2022-12-06,OTA Referral,6,10364.54
C0001001671,Maria Vitória,Silveira,maria vitória_silveira@tyrellcorp.com,+55 083 9968-927,BR,South America,Mohamedmouth,34,F,Business,2024-05-05,2024,5,Silver,Both,True,Portuguese,Visa,Deluxe,,Active,2025-04-24,Website Direct,45,4179.56
C0001001672,Benjamin,McCarthy,benjaminm@icloud.com,,US,North America,Charleshaven,32,M,Leisure,2022-05-10,2022,5,Gold,Email,True,English,Apple Pay,Standard,,Active,2025-03-28,Phone Booking,14,20126.12
C0001001673,Jasmine,Martin,jasmine.martin@gmail.com,+1 773 284 6731,TH,Asia Pacific,Lake Martyn,45,F,Group,2019-04-15,2019,4,Gold,Email,False,English,Mastercard,Deluxe,,Active,,Phone Booking,37,5617.3
C0001001674,Norman,Owen,nowen@gmail.com,+1 464 316 4819,SG,Asia Pacific,Rosiefort,43,M,Business,2019-05-21,2019,5,Platinum,Email,True,English,Visa,Suite,,Active,2021-07-04,Corporate Contract,4,20233.12
C0001001675,Glen,Harris,gharris@hotmail.com,361-739-9967,US,North America,North Marilyn,24,M,Leisure,2023-03-06,2023,3,Basic,SMS,True,English,Mastercard,Standard,,Active,,Walk-in,20,21489.41
C0001001676,دانية,آل مقطة,دانية.آل مقطة@outlook.com,+971 763 246 2587,AE,Middle East,New Carly,48,F,Leisure,2019-04-28,2019,4,Platinum,Email,False,Arabic,Google Pay,Family,,Active,2020-03-25,Website Direct,5,2496.04
C0001001677,حفيظ,حجار,حفيظ34@hotmail.com,+1 269 763 4460,SA,Middle East,Port Bryanborough,50,M,Family,2022-02-16,2022,2,Basic,Email,True,Arabic,Visa,Executive,,Active,2024-07-14,Phone Booking,7,23264.11
C0001001678,Margot,Berger,margot_berger@outlook.com,0828120136,FR,Europe,Legrand-sur-Pereira,35,F,Leisure,2022-05-14,2022,5,Silver,Email,False,French,Mastercard,Deluxe,,Active,,OTA Referral,21,21440.6
C0001001679,Benjamin,Johnston,benjamin66@gmail.com,+44 7339 59776,GB,Europe,Port Susan,38,M,Leisure,2022-01-11,2022,1,Basic,Email,False,English,Mastercard,Standard,,Active,2023-11-18,Walk-in,17,1898.57
C0001001680,Henry,James,henry.james@acme.com,+1 525 577 8570,MX,North America,Smithton,59,M,Business,2024-01-05,2024,1,Silver,SMS,True,English,PayPal,Suite,,Active,,OTA Referral,40,24284.48
C0001001681,Davi,Abreu,davi.abreu@dummycorp.com,+55 223 8547-090,BR,South America,Joshuaville,37,M,Business,2023-05-01,2023,5,Non-Member,Email,True,Portuguese,Apple Pay,Executive,Early Check-in,Inactive,2026-02-06,Website Direct,4,21893.29
C0001001682,Graeme,Williams,graeme.williams@outlook.com,(784) 362-5277,US,North America,Waltonfurt,39,M,Leisure,2022-04-21,2022,4,Gold,Email,False,English,Apple Pay,Deluxe,,Inactive,,Corporate Contract,15,24192.16
C0001001683,Gemma,Harper,gemmah@gmail.com,0951 754 861,AU,Asia Pacific,East Alan,44,F,Leisure,2019-05-30,2019,5,Silver,Email,False,English,Mastercard,Executive,,Active,2019-07-20,Corporate Contract,2,8029.25
C0001001684,Leon,Morris,leon56@gmail.com,+1 324 564 8927,CA,North America,Douglaschester,41,M,Leisure,2019-07-19,2019,7,Basic,Both,False,English,Visa,Deluxe,,Active,,Corporate Contract,36,23604.79
C0001001685,Joan,Powell,joan.powell@gmail.com,219-654-0251,US,North America,South Dominicchester,62,F,Leisure,2024-02-24,2024,2,Basic,Email,False,English,Visa,Suite,,Inactive,2024-05-02,Corporate Contract,8,22674.3
C0001001686,晨,薛,晨.薛@gmail.com,940 9805 385,CN,Asia Pacific,Alexanderview,32,M,Leisure,2022-03-01,2022,3,Platinum,Email,False,Chinese,American Express,Standard,,Active,2023-12-23,Corporate Contract,27,9091.01
C0001001687,Jake,Richardson,jake_richardson@yahoo.com,+1 811 564 6738,QA,Middle East,Thomasstad,44,M,Leisure,2024-03-25,2024,3,Silver,Email,False,English,PayPal,Deluxe,,Inactive,2026-01-26,Phone Booking,17,19815.12
C0001001688,Stephanie,Burton,stephanie.burton@gmail.com,+44 6145 29992,GB,Europe,Hayeshaven,32,F,Leisure,2020-01-28,2020,1,Silver,Email,False,English,Visa,Family,"Allergies, Non-smoking",Active,2022-08-07,Corporate Contract,8,17995.49
C0001001689,Jonathan,Doherty,jonathand@outlook.com,+1 636 971 8146,ZA,Africa,Duncanhaven,49,M,Group,2021-08-26,2021,8,Non-Member,Email,True,English,Visa,Standard,,Inactive,2023-08-22,Phone Booking,3,11264.66
C0001001690,ابتكار,آل الشيخ,guest@email.com,+1 953 416 6982,SA,Middle East,North Joan,39,F,Leisure,2024-04-30,2024,4,Basic,Email,True,Arabic,American Express,Family,,Active,2025-04-26,OTA Referral,18,22146.52
C0001001691,Gareth,Bell,gbell@gmail.com,+1 370 291 4366,MX,North America,Marcstad,37,M,Leisure,2024-08-29,2024,8,Silver,Both,True,English,Visa,Deluxe,,Active,2026-05-07,Website Direct,40,19900.1
C0001001692,知実,田中,noemail@provided.com,+81 362-923-077,JP,Asia Pacific,Lucychester,47,F,Business,2022-06-03,2022,6,Non-Member,Email,True,Japanese,Visa,Standard,,Inactive,2023-02-24,Phone Booking,0,21980.05
C0001001693,Frank,Shaw,frank.shaw@outlook.com,021-428-3351,US,North America,Smithberg,36,M,Group,2021-10-30,2021,10,Basic,Both,True,English,Visa,Suite,,Active,,Corporate Contract,17,10119.1
C0001001694,Brett,Davies,brett.davies@globex.com,+1 978 185 8288,CL,South America,Stephanieburgh,40,M,Business,2021-08-09,2021,8,Gold,SMS,True,English,Visa,Executive,,Inactive,2022-06-23,Walk-in,46,13059.37
C0001001695,Ronald,Clarke,rclarke@dummycorp.com,990-845-5272,US,North America,West Michelle,39,M,Business,2024-02-03,2024,2,Non-Member,Email,False,English,Visa,Suite,,Active,2024-12-20,Phone Booking,0,9577.66
C0001001696,Marc,Jarvis,marc_jarvis@outlook.com,+1 458 128 3746,CH,Europe,Sandersonside,38,M,Family,2021-05-19,2021,5,Basic,SMS,True,English,Mastercard,Family,,Active,2022-08-13,Walk-in,1,17946.17
C0001001697,Mohammad,Fletcher,mohammad14@gmail.com,,GB,Europe,Port Elliot,41,M,Leisure,2023-07-27,2023,7,Silver,SMS,False,English,American Express,Standard,,Active,2023-08-13,Website Direct,48,2298.18
C0001001698,Rachael,White,rachael_white@gmail.com,(177) 643-0182,US,North America,Williamsfort,48,F,Family,2022-02-27,2022,2,Basic,Both,True,English,Visa,Family,,Active,2022-07-22,OTA Referral,44,6455.67
C0001001699,淳,山崎,淳36@gmail.com,+81 269-079-573,JP,Asia Pacific,Dohertyville,40,M,Leisure,2023-01-24,2023,1,Non-Member,Email,True,Japanese,Mastercard,Family,,Active,2025-01-17,Website Direct,1,5858.11
C0001001700,Frank,Walsh,frank.walsh@gmail.com,+1 905 265 5847,TH,Asia Pacific,Nicolefurt,44,M,Leisure,2022-03-06,2022,3,Non-Member,SMS,True,English,Apple Pay,Standard,,Active,,OTA Referral,4,2933.65
C0001001701,상현,한,상현한@gmail.com,+1 930 962 4381,KR,Asia Pacific,New Abdultown,50,M,Leisure,2020-05-16,2020,5,Silver,Email,True,Korean,Mastercard,Deluxe,,Active,2020-09-30,Walk-in,3,8323.35
C0001001702,Steven,Smith,stevens@outlook.com,(071) 444-7622,US,North America,North Reeceville,33,M,Family,2022-03-09,2022,3,Silver,Email,True,English,Visa,Deluxe,,Active,2023-09-08,Walk-in,9,9477.87
C0001001703,晨,曹,晨.曹@cyberdyne.com,153 9330 597,CN,Asia Pacific,Maxbury,36,M,Business,2023-06-12,2023,6,Non-Member,Email,False,Chinese,PayPal,Standard,"Early Check-in, Allergies",Active,2023-08-06,Website Direct,3,3271.15
C0001001704,Julia,Blasco,julia22@outlook.com,+1 746 105 7656,AR,South America,المغاولةview,41,F,Leisure,2024-07-29,2024,7,Silver,Email,True,English,Visa,Executive,Early Check-in,Active,,OTA Referral,19,9865.24
C0001001705,Karl,Russell,krussell@yahoo.com,+1 871 978 9296,MX,North America,Lake Suzanneburgh,32,M,Family,2021-09-12,2021,9,Platinum,Email,False,English,Visa,Standard,,Inactive,2024-09-02,Walk-in,45,1202.29
C0001001706,지아,김,지아김@gmail.com,+1 793 211 4966,KR,Asia Pacific,Brooksberg,37,F,Leisure,2024-03-10,2024,3,Non-Member,Email,True,Korean,American Express,Standard,,Active,2024-06-08,Walk-in,4,5244.4
C0001001707,Connor,Jenkins,connor.jenkins@gmail.com,+1 857 437 6348,MX,North America,Joannahaven,28,M,Business,2019-06-21,2019,6,Gold,Email,False,English,Visa,Deluxe,,Active,,Corporate Contract,25,17324.73
C0001001708,Billy,Johnson,billyj@gmail.com,+1 672 233 1847,CH,Europe,Oliverbury,25,M,Business,2024-08-07,2024,8,Silver,Email,True,English,Mastercard,Deluxe,,Active,2026-11-27,Walk-in,31,5891.57
C0001001709,Daniel,Vincent,dvincent@yahoo.com,+1 165 428 8953,TH,Asia Pacific,Geraldineland,26,M,Group,2024-08-03,2024,8,Basic,Email,False,English,Visa,Standard,,Active,2026-01-09,Phone Booking,4,2560.5
C0001001710,結衣,木村,結衣_木村@initech.com,301-272-0852,JP,Asia Pacific,Clareland,44,F,Business,2023-06-12,2023,6,Non-Member,Email,True,Japanese,Visa,Suite,Wheelchair Accessible,Active,2024-12-13,Website Direct,1,9326.0
C0001001711,Lee,Scott,lee_scott@waynecorp.com,+91 607 551 6576,IN,Asia Pacific,Waltonside,37,M,Business,2023-06-06,2023,6,Basic,Email,False,English,Visa,Standard,,Active,2023-09-01,Walk-in,11,8725.09
C0001001712,Ross,Newman,ross.newman@gmail.com,+1 317 941 3057,MX,North America,East Shannon,34,M,Group,2024-10-14,2024,10,Non-Member,Email,True,English,Visa,Deluxe,,Active,2025-04-04,Walk-in,3,4965.06
C0001001713,Shaun,Morris,shaunm@gmail.com,(471) 920-0014,US,North America,Pughside,18,M,Leisure,2020-07-06,2020,7,Basic,Email,True,English,Mastercard,Standard,,Inactive,,Phone Booking,6,10402.31
C0001001714,Luke,Roberts,luke_roberts@gmail.com,+1 726 414 5191,CO,South America,Baxterchester,42,M,Group,2019-10-03,2019,10,Silver,Email,True,English,Mastercard,Family,,Active,2022-02-02,Corporate Contract,5,9926.64
C0001001715,Lee,Johnson,noemail@provided.com,+1 639 751 5735,NL,Europe,Shannonfurt,41,M,Leisure,2022-01-28,2022,1,Silver,Email,True,English,Apple Pay,Deluxe,,Active,,Walk-in,4,5993.43
C0001001716,Rita,Moore,rita29@starkindustries.com,+1 899 159 3145,SG,Asia Pacific,Port Scott,42,F,Business,2022-06-28,2022,6,Silver,Email,False,English,Visa,Suite,,Active,2023-11-26,Phone Booking,27,11054.48
C0001001717,아름,박,아박@example.kr,+1 298 808 8319,KR,Asia Pacific,Amystad,50,F,Business,2023-03-12,2023,3,Non-Member,SMS,True,Korean,Mastercard,Standard,,Active,2024-08-08,Corporate Contract,4,24468.84
C0001001718,Brian,Robson,brobson@icloud.com,+1 243 408 5954,SE,Europe,South William,37,M,Leisure,2023-02-12,2023,2,Silver,Email,True,English,Visa,Suite,,Active,2024-12-10,Website Direct,24,15670.87
C0001001719,Ryan,Williamson,rwilliamson@hotmail.com,+1 548 115 7049,KW,Middle East,Leighstad,45,M,Business,2024-02-28,2024,2,Gold,SMS,True,English,Mastercard,Suite,,Active,2024-05-18,OTA Referral,18,18010.08
C0001001720,Alice,Smith,alice76@waynecorp.com,+1 723 532 2752,CL,South America,Angelaton,44,F,Business,2021-10-13,2021,10,Basic,Email,False,English,Visa,Standard,,Inactive,,OTA Referral,12,24824.19
C0001001721,Patricia,Field,patricia_field@initech.com,+1 205 388 7100,MX,North America,Sandraberg,38,F,Business,2021-08-25,2021,8,Silver,Email,True,English,Visa,Standard,,Active,,Walk-in,38,9655.4
C0001001722,Ricky,King,ricky.king@gmail.com,+1 401 375 9747,MX,North America,Lake Louisport,37,M,Leisure,2022-05-29,2022,5,Silver,Email,True,English,Visa,Deluxe,Allergies,Active,2022-11-03,Website Direct,35,1875.72
C0001001723,坤,石,坤.石@gmail.com,+86 071 1739 029,CN,Asia Pacific,Benside,52,M,Leisure,2019-04-13,2019,4,Gold,Email,True,Chinese,Visa,Standard,,Inactive,2020-07-28,Phone Booking,22,7586.49
C0001001724,Dean,Smith,deans@gmail.com,+1 783 968 9873,SE,Europe,Lawrencefurt,36,M,Leisure,2021-10-20,2021,10,Basic,Email,False,English,American Express,Deluxe,,Active,,OTA Referral,48,7100.66
C0001001725,Colin,Hayes,colin3@gmail.com,+1 307 856 6635,SE,Europe,West Debra,46,M,Leisure,2022-08-14,2022,8,Silver,SMS,True,English,Mastercard,Standard,,Active,2024-04-15,Corporate Contract,10,4886.58
C0001001726,Katherine,Walsh,katherine.walsh@oscorp.com,+1 218 560 7690,SG,Asia Pacific,Elizabethhaven,36,F,Business,2023-04-12,2023,4,Basic,SMS,True,English,Mastercard,Deluxe,"Non-smoking, Allergies",Active,2023-10-15,Walk-in,36,4177.76
C0001001727,阳,陈,阳陈@umbrellacorp.com,571 8097 517,CN,Asia Pacific,North Sian,43,M,Business,2019-12-19,2019,12,Basic,Email,False,Chinese,Visa,Suite,,Inactive,2022-01-14,Walk-in,41,17849.01
C0001001728,Jay,Black,jblack@icloud.com,+1 550 152 8649,NL,Europe,Wattsport,40,M,Group,2023-01-25,2023,1,Basic,SMS,True,English,Visa,Standard,,Inactive,,Corporate Contract,21,24714.44
C0001001729,Shannon,Kelly,skelly@outlook.com,07290 832 183,GB,Europe,South Maxland,49,F,Leisure,2023-09-04,2023,9,Non-Member,None,True,English,Visa,Deluxe,,Active,2025-11-05,Walk-in,1,22720.93
C0001001730,Antony,Thompson,antony.thompson@gmail.com,+1 693 748 5985,SG,Asia Pacific,Port Jeremy,25,M,Business,2022-08-16,2022,8,Gold,Email,True,English,Mastercard,Suite,Non-smoking,Active,2022-12-25,Phone Booking,17,16728.82
C0001001731,Mark,Davies,mdavies@gmail.com,+91 379 476 2820,IN,Asia Pacific,West Sylvia,50,M,Leisure,2024-01-18,2024,1,Basic,Email,True,English,Visa,Deluxe,,Active,,Walk-in,24,5435.64
C0001001732,Rhys,Naylor,rhys67@gmail.com,+1 631 112 8978,MX,North America,Greenchester,43,M,Leisure,2020-06-11,2020,6,Platinum,SMS,True,English,Mastercard,Standard,,Active,2023-05-21,Phone Booking,0,1633.66
C0001001733,Jordán,Esparza,jordán.esparza@tyrellcorp.com,+1 922 687 8910,ES,Europe,Zaragoza,52,M,Business,2019-08-25,2019,8,Basic,Email,True,Spanish,Visa,Executive,High Floor,Active,,Phone Booking,35,4981.72
C0001001734,Catherine,Campbell,catherine72@gmail.com,+1 470 326 6452,MX,North America,Davistown,53,F,Leisure,2019-03-01,2019,3,Basic,Email,True,English,Mastercard,Standard,,Active,2020-07-16,OTA Referral,50,15370.47
C0001001735,Toby,Greenwood,tobyg@outlook.com,910-871-9635,US,North America,South Leonchester,36,M,Leisure,2021-04-26,2021,4,Basic,Email,True,English,Mastercard,Standard,,Active,2024-04-15,Walk-in,46,9653.55
C0001001736,Kathleen,Morris,kathleen.morris@example.in,+91 724 724 9938,IN,Asia Pacific,Gerardchester,39,F,Business,2020-09-09,2020,9,Silver,Email,True,English,Visa,Suite,,Active,2020-09-23,Phone Booking,14,20555.25
C0001001737,Billy,Carroll,billy.carroll@gmail.com,+1 932 450 9072,MX,North America,South Gerardshire,36,M,Business,2021-05-03,2021,5,Basic,Email,False,English,Visa,Deluxe,,Inactive,2021-08-04,Corporate Contract,5,6943.78
C0001001738,Vanessa,Chapman,vanessa_chapman@gmail.com,+1 589 108 5791,CH,Europe,New Aimeefurt,41,F,Leisure,2021-11-03,2021,11,Basic,SMS,False,English,Mastercard,Suite,,Active,2022-07-02,Phone Booking,18,146.23
C0001001739,くみ子,中川,く中川@cyberdyne.com,+81 861-533-026,JP,Asia Pacific,East Sylviashire,43,F,Business,2019-04-11,2019,4,Basic,Email,True,Japanese,Visa,Suite,,Active,2019-12-13,OTA Referral,13,10285.42
C0001001740,Valerie,Lloyd,valerie.lloyd@outlook.com,+1 374 904 2873,SE,Europe,South Oliver,31,F,Leisure,2024-05-28,2024,5,Silver,SMS,True,English,Visa,Deluxe,,Active,2025-07-26,OTA Referral,2,3541.81
C0001001741,Clifford,Jones,clifford_jones@gmail.com,+1 697 161 4204,CA,North America,West Aimeeport,50,M,Leisure,2022-05-17,2022,5,Silver,Email,True,English,Mastercard,Standard,,Active,2023-01-24,Website Direct,9,10950.59
C0001001742,Gary,Coleman,gary.coleman@globex.com,878-532-4361,US,North America,Jasminebury,28,M,Business,2023-08-09,2023,8,Silver,Both,False,English,Visa,Standard,,Active,2026-03-18,OTA Referral,28,11875.98
C0001001743,Alice,Thomas,alice_thomas@gmail.com,+1 395 703 6676,KW,Middle East,Lake Michelleside,37,F,Leisure,2022-03-19,2022,3,Silver,Email,True,English,Mastercard,Executive,,Active,,Corporate Contract,29,22225.48
C0001001744,斌,梁,斌5@gmail.com,885 2434 152,CN,Asia Pacific,North Chloe,39,M,Leisure,2022-04-14,2022,4,Silver,Email,True,Chinese,American Express,Standard,,Active,,Walk-in,11,10381.87
C0001001745,عماد,آل جعفر,عآل جعفر@outlook.com,+971 352 842 6095,AE,Middle East,North Gerald,34,M,Leisure,2024-07-22,2024,7,Silver,Email,True,Arabic,Visa,Standard,,Active,2027-03-03,OTA Referral,14,6919.17
C0001001746,Gordon,Griffiths,gordong@acme.com,+1 828 190 4908,QA,Middle East,Joanmouth,38,M,Business,2022-01-07,2022,1,Basic,SMS,True,English,Apple Pay,Ocean View,,Active,,Walk-in,48,23889.97
C0001001747,동현,전,동현76@hotmail.com,000-000-0000,KR,Asia Pacific,Mandyberg,49,M,Leisure,2019-06-05,2019,6,Basic,Both,False,Korean,Visa,Family,"Early Check-in, Non-smoking",Active,2020-06-06,Walk-in,17,23234.14
C0001001748,Frances,Hobbs,fhobbs@outlook.com,+1 713 314 8557,ZA,Africa,West Elliottstad,35,F,Group,2023-03-24,2023,3,Non-Member,Email,True,English,PayPal,Standard,,Active,2023-09-10,Phone Booking,2,11409.18
C0001001749,Ann,Wheeler,ann.wheeler@umbrellacorp.com,(334) 465-8048,US,North America,Franceston,52,F,Business,2023-08-26,2023,8,Basic,None,True,English,American Express,Suite,,Active,2025-07-16,Phone Booking,7,14190.96
C0001001750,Jane,Jones,jane58@gmail.com,+1 694 880 6902,MX,North America,Lake Carlberg,40,F,Leisure,2019-12-21,2019,12,Gold,Email,True,English,Visa,Deluxe,,Active,2020-09-02,Walk-in,18,6850.01
C0001001751,Benjamin,Brady,benjamin75@outlook.com,(592) 944-9612,US,North America,Thompsonville,36,M,Family,2023-01-09,2023,1,Silver,Email,True,English,Visa,Family,,Active,,Phone Booking,50,19410.86
C0001001752,Elaine,Walker,elainew@gmail.com,00378 814 795,GB,Europe,East Brandon,43,F,Business,2023-03-31,2023,3,Non-Member,SMS,False,English,Mastercard,Suite,Late Check-out,Active,2024-10-19,Website Direct,0,11566.81
C0001001753,Graeme,Hall,ghall@gmail.com,+91 479 353 8816,IN,Asia Pacific,Bruceton,51,M,Leisure,2021-06-18,2021,6,Gold,Email,False,English,Visa,Deluxe,,Active,2022-12-08,OTA Referral,11,6741.91
C0001001754,香織,長谷川,香織.長谷川@gmail.com,743-366-0600,JP,Asia Pacific,Alexandrafurt,44,F,Group,2021-02-02,2021,2,Silver,Email,False,Japanese,Visa,Family,,Active,2022-02-28,OTA Referral,40,5825.74
C0001001755,Terry,Adams,terrya@starkindustries.com,+1 625 721 9135,MX,North America,Gordonberg,39,M,Business,2019-12-11,2019,12,Silver,Email,True,English,Mastercard,Deluxe,,Active,2021-12-28,Walk-in,11,17866.01
C0001001756,Trini,Roda,troda@outlook.com,+1 617 395 2446,ES,Europe,Burgos,48,F,Leisure,2022-02-09,2022,2,Non-Member,Both,False,Spanish,Visa,Family,,Active,,Walk-in,3,16729.12
C0001001757,Michael,Jones,michael2@yahoo.com,+1 403 445 6965,CO,South America,East Amanda,45,M,Leisure,2021-01-14,2021,1,Silver,SMS,True,English,Visa,Executive,,Active,,Website Direct,9,13491.83
C0001001758,Kenneth,Ahmed,kahmed@gmail.com,,SE,Europe,North Norman,35,M,Leisure,2019-11-23,2019,11,Non-Member,Email,True,English,Apple Pay,Family,,Active,,OTA Referral,5,51.87
C0001001759,미숙,안,미숙.안@gmail.com,+1 913 640 7761,KR,Asia Pacific,Gavinmouth,33,F,Leisure,2024-10-09,2024,10,Basic,Email,False,Korean,Visa,Family,,Active,2027-04-01,Website Direct,15,1895.47
C0001001760,Laura,Wood,laura18@hotmail.com,+1 122 181 9077,MX,North America,Alexton,46,F,Business,2020-01-18,2020,1,Silver,Email,False,English,Mastercard,Suite,,Active,2021-01-19,Walk-in,9,2346.15
C0001001761,Diane,Harris,dianeh@yahoo.com,+1 582 584 4214,MX,North America,Port Olivertown,34,F,Leisure,2019-07-31,2019,7,Silver,Email,True,English,Mastercard,Standard,,Active,2021-11-29,Website Direct,20,7240.47
C0001001762,强,孙,强孙@umbrellacorp.com,+86 656 6895 374,CN,Asia Pacific,East Julia,33,M,Business,2023-06-21,2023,6,Non-Member,Email,True,Chinese,Visa,Suite,,Active,2025-05-16,OTA Referral,0,19655.84
C0001001763,성진,김,성김@gmail.com,+1 965 122 4795,KR,Asia Pacific,Ellischester,44,M,Family,2023-12-04,2023,12,Gold,Email,False,Korean,Apple Pay,Deluxe,,Active,2024-03-08,Corporate Contract,46,24330.83
C0001001764,Denise,Clark,denise_clark@gmail.com,0014 224 048,AU,Asia Pacific,South Carolebury,42,F,Leisure,2024-09-10,2024,9,Basic,Email,True,English,Visa,Suite,,Active,,Phone Booking,39,24423.38
C0001001765,Jacob,O'Sullivan,jacob_o'sullivan@tyrellcorp.com,+1 942 851 1689,MX,North America,Mohammedhaven,33,M,Business,2023-10-10,2023,10,Basic,Email,False,English,Apple Pay,Deluxe,,Active,2026-05-15,Website Direct,30,22359.97
C0001001766,Charlene,Jenkins,charlene11@gmail.com,+44 0968 13740,GB,Europe,Paynefort,30,F,Business,2019-03-21,2019,3,Basic,Email,False,English,PayPal,Family,,Active,2021-10-19,Website Direct,24,12774.8
C0001001767,Claire,Evans,claire.evans@yahoo.com,450-085-0801,US,North America,East Rhys,35,F,Family,2021-07-08,2021,7,Silver,Email,True,English,Mastercard,Standard,,Active,,OTA Referral,6,18630.53
C0001001768,Gerald,French,gerald.french@gmail.com,+1 474 962 6408,CH,Europe,New Ian,35,M,Business,2022-01-28,2022,1,Silver,Email,True,English,Mastercard,Executive,"Non-smoking, Wheelchair Accessible",Active,2024-02-14,Corporate Contract,27,12945.22
C0001001769,Edward,Lee,edward23@outlook.com,+1 859 706 8273,MX,North America,Malcolmstad,45,M,Leisure,2024-06-11,2024,6,Basic,Email,True,English,Apple Pay,Standard,"Wheelchair Accessible, Early Check-in",Inactive,2024-12-21,Walk-in,32,12755.78
C0001001770,Ross,Parkes,test@test.com,+44 4279 27963,GB,Europe,Reedburgh,48,M,Leisure,2021-09-02,2021,9,Basic,Email,False,English,Visa,Standard,,Active,2022-05-31,OTA Referral,7,22787.89
C0001001771,Jennifer,Green,jenniferg@umbrellacorp.com,+1 805 216 7163,MX,North America,New Lesliechester,27,F,Business,2022-01-26,2022,1,Silver,Email,True,English,Visa,Executive,,Active,,Phone Booking,36,600.03
C0001001772,Emma,Martin,emartin@gmail.com,+49 410 49083,DE,Europe,Erbisdorf,45,F,Leisure,2024-02-22,2024,2,Non-Member,Email,True,German,Visa,Standard,,Active,,Walk-in,1,19728.34
C0001001773,Nicholas,Wood,nwood@gmail.com,+44 0327 59309,GB,Europe,South Dannystad,31,M,Business,2022-09-22,2022,9,Basic,Email,False,English,Apple Pay,Suite,,Active,2023-09-27,OTA Referral,30,11039.55
C0001001774,旭,王,旭.王@dummycorp.com,751 7350 341,CN,Asia Pacific,Andreamouth,29,M,Business,2020-11-19,2020,11,Silver,Email,True,Chinese,Mastercard,Family,"Allergies, Early Check-in",Active,,Phone Booking,16,21213.81
C0001001775,Sandra,Clark,sandrac@umbrellacorp.com,+1 265 854 8743,MX,North America,South Christopherport,41,F,Business,2021-02-16,2021,2,Non-Member,Email,True,English,Visa,Executive,,Active,2021-09-26,OTA Referral,5,19958.39
C0001001776,Patrick,Roberts,proberts@waynecorp.com,+1 661 514 9060,MX,North America,Williamsmouth,44,M,Business,2023-02-13,2023,2,Platinum,Email,True,English,American Express,Executive,,Active,,Walk-in,40,17429.95
C0001001777,Richard,Payne,richard.payne@yahoo.com,+44 5300 39577,GB,Europe,Daviesstad,46,M,Leisure,2023-12-20,2023,12,Basic,Email,True,English,PayPal,Suite,"Allergies, High Floor",Inactive,,OTA Referral,3,3494.22
C0001001778,Toby,Morris,tobym@gmail.com,+91 736 549 1476,IN,Asia Pacific,East Jane,36,M,Leisure,2021-02-18,2021,2,Basic,SMS,True,English,PayPal,Executive,Late Check-out,Active,2023-02-18,Phone Booking,48,21461.85
C0001001779,Samuel,Harris,samuel.harris@gmail.com,878-307-4614,US,North America,South Margaretshire,44,M,Leisure,2021-12-07,2021,12,Silver,Email,False,English,Mastercard,Deluxe,,Active,2024-05-14,Website Direct,42,10399.87
C0001001780,Aimee,Brown,aimee.brown@gmail.com,(835) 857-4907,US,North America,Lake Mohamedchester,36,F,Leisure,2021-06-20,2021,6,Non-Member,Email,True,English,Mastercard,Standard,,Active,,OTA Referral,0,6989.84
C0001001781,Chloe,Clarke,chloe70@gmail.com,+1 312 545 7249,SG,Asia Pacific,Georgiafort,34,F,Family,2019-03-28,2019,3,Silver,Email,False,English,Visa,Ocean View,,Active,,Corporate Contract,49,12996.21
C0001001782,Stanley,Reeves,stanleyr@outlook.com,+1 568 643 3073,MX,North America,Samchester,41,M,Family,2023-08-01,2023,8,Non-Member,Email,True,English,Visa,Standard,,Active,2023-08-18,Website Direct,3,14938.08
C0001001783,Leonard,Howarth,lhowarth@hotmail.com,+1 728 152 7272,MX,North America,Ellieberg,33,M,Leisure,2020-05-02,2020,5,Basic,Email,False,English,Mastercard,Suite,,Active,2022-07-26,Walk-in,1,17916.34
C0001001784,Gary,Martin,gary_martin@hotmail.com,+1 669 967 3983,QA,Middle East,Conorbury,52,M,Leisure,2023-04-23,2023,4,Non-Member,Email,True,English,Visa,Ocean View,,Active,2023-08-28,OTA Referral,1,20716.02
C0001001785,Véronique,Masse,véronique.masse@outlook.com,+33 299 098 498,FR,Europe,Vallée-sur-Guillet,39,F,Family,2023-08-02,2023,8,Non-Member,Email,False,French,American Express,Deluxe,,Active,2026-04-02,Website Direct,2,628.89
C0001001786,Chelsea,Fowler,cfowler@outlook.com,547-101-6116,US,North America,Port Linda,46,F,Family,2023-05-31,2023,5,Gold,SMS,True,English,Visa,Standard,,Inactive,,Website Direct,47,16815.55
C0001001787,Kevin,Fox,kevin.fox@yahoo.com,+1 626 721 3098,NG,Africa,Port Matthew,43,M,Leisure,2019-05-08,2019,5,Gold,Email,True,English,Visa,Standard,,Active,2021-03-08,OTA Referral,48,22753.86
C0001001788,Emmanuel,Weber,emmanuel75@globex.com,+33 255 105 860,FR,Europe,Reynaud,60,M,Business,2024-12-06,2024,12,Gold,Email,True,French,Visa,Suite,,Active,,Walk-in,45,21576.05
C0001001789,Graham,Williams,graham.williams@dummycorp.com,+61 639 034 413,AU,Asia Pacific,Jenniferton,27,M,Business,2022-06-30,2022,6,Basic,Email,True,English,Mastercard,Standard,,Active,2023-06-08,Walk-in,50,10476.9
C0001001790,Kim,Thompson,kim42@yahoo.com,000-000-0000,US,North America,Forsterside,37,F,Family,2024-08-27,2024,8,Basic,Email,True,English,Visa,Deluxe,Early Check-in,Active,2026-08-28,Phone Booking,24,24783.68
C0001001791,Carla,Matthäi,cmatthäi@outlook.com,+49 205 73936,DE,Europe,Kleve,44,F,Family,2022-01-08,2022,1,Gold,Email,True,German,Mastercard,Deluxe,,Active,2022-07-25,Phone Booking,43,3012.51
C0001001792,Catherine,Dawson,catherined@waynecorp.com,+91 790 636 2144,IN,Asia Pacific,Lake Karlbury,35,F,Business,2024-10-24,2024,10,Basic,Email,True,English,Visa,Ocean View,,Inactive,2024-12-07,Walk-in,18,8122.32
C0001001793,Adam,Chapman,noemail@provided.com,+1 756 527 1820,MX,North America,Riceside,27,M,Business,2020-03-06,2020,3,Basic,Email,True,English,Mastercard,Executive,,Active,,Website Direct,17,18063.28
C0001001794,Mark,Howard,mark.howard@umbrellacorp.com,+1 420 904 3480,CA,North America,South Terence,33,M,Business,2022-11-22,2022,11,Silver,Email,False,English,Apple Pay,Suite,,Active,2023-06-22,Phone Booking,9,23205.4
C0001001795,Stephen,Dobson,stephend@gmail.com,+1 656 808 8458,TH,Asia Pacific,West Kylehaven,38,M,Leisure,2023-10-07,2023,10,Silver,Email,True,English,Mastercard,Ocean View,,Active,2025-09-26,Phone Booking,17,22318.71
C0001001796,Donna,Wright,donna.wright@gmail.com,+1 741 870 9613,MX,North America,Suzanneshire,45,F,Business,2024-01-19,2024,1,Non-Member,Email,True,English,PayPal,Ocean View,,Active,2026-05-23,Website Direct,3,7099.53
C0001001797,玉华,李,玉华_李@gmail.com,+86 515 6970 418,CN,Asia Pacific,South Robinberg,48,F,Leisure,2023-08-14,2023,8,Gold,Email,True,Chinese,Visa,Standard,High Floor,Active,2024-11-18,OTA Referral,47,1294.75
C0001001798,Damien,Mellor,damien.mellor@gmail.com,+1 477 127 7747,CH,Europe,Hayesshire,41,M,Leisure,2019-12-08,2019,12,Non-Member,Email,True,English,Visa,Executive,,Active,2022-01-02,Phone Booking,0,22361.09
C0001001799,Haroldo,Mercader,haroldo.mercader@gmail.com,+1 373 287 9287,ES,Europe,Castellón,44,M,Family,2019-08-04,2019,8,Gold,Email,True,Spanish,Visa,Standard,,Active,,Walk-in,26,3767.5
C0001001800,Marcus,Davies,test@test.com,+1 862 116 2837,NL,Europe,Reecemouth,43,M,Family,2023-12-26,2023,12,Non-Member,SMS,False,English,Visa,Suite,"Non-smoking, Late Check-out",Active,,Corporate Contract,2,24139.7
C0001001801,Annamaria,Palombi,annamaria_palombi@waynecorp.com,+1 241 816 1585,IT,Europe,Galleno,25,F,Business,2022-08-09,2022,8,Basic,SMS,False,Italian,Mastercard,Standard,,Active,2023-05-26,Walk-in,50,6476.42
C0001001802,Megan,Khan,megan26@gmail.com,+1 420 810 8541,CA,North America,West Sandraport,37,F,Leisure,2022-10-11,2022,10,Basic,Email,False,English,Google Pay,Deluxe,,Active,2023-03-03,Website Direct,20,20297.53
C0001001803,Frederick,Gardiner,frederick2@icloud.com,000-000-0000,MX,North America,West Bernardstad,53,M,Leisure,2024-01-28,2024,1,Non-Member,Email,True,English,Visa,Ocean View,,Active,2026-09-27,Website Direct,3,5754.67
C0001001804,Antony,Naylor,antony78@outlook.com,+1 537 945 2899,QA,Middle East,West Naomiport,57,M,Leisure,2022-03-18,2022,3,Basic,Email,False,English,Visa,Standard,High Floor,Active,,Website Direct,19,21168.28
C0001001805,Frances,Howard,fhoward@yahoo.com,+1 953 626 6011,CH,Europe,South Joshua,37,F,Leisure,2019-04-27,2019,4,Basic,Email,True,English,Visa,Deluxe,,Active,,OTA Referral,12,8004.21
C0001001806,Henriette,Adam,henriettea@gmail.com,+33 083 475 941,FR,Europe,JoubertBourg,34,F,Leisure,2022-08-27,2022,8,Gold,Email,True,French,Mastercard,Deluxe,,Active,2023-07-25,Website Direct,23,24688.7
C0001001807,Denise,Reed,denise35@dummycorp.com,+44 7895 50373,GB,Europe,West Bruce,42,F,Business,2019-12-10,2019,12,Gold,Email,False,English,Mastercard,Suite,,Active,2022-08-19,Walk-in,39,20168.43
C0001001808,Áurea,Fernandez,áurea.fernandez@gmail.com,+1 890 470 3951,ES,Europe,Pontevedra,46,F,Group,2022-11-12,2022,11,Silver,Email,True,Spanish,American Express,Standard,,Active,,Walk-in,35,17129.1
C0001001809,Michela,Gelli,guest@email.com,+1 559 138 2356,IT,Europe,Villafontana,46,F,Leisure,2020-07-18,2020,7,Non-Member,Email,False,Italian,Google Pay,Suite,,Active,2022-02-27,OTA Referral,5,1478.18
C0001001810,Edward,Fox,edward_fox@gmail.com,+1 208 193 5599,CL,South America,Darrenmouth,44,M,Leisure,2022-01-26,2022,1,Silver,Email,True,English,Mastercard,Executive,,Active,2022-08-14,OTA Referral,37,23577.92
C0001001811,Maurice,Gordon,guest@email.com,+1 894 841 1519,TH,Asia Pacific,Benjaminshire,46,M,Leisure,2022-06-13,2022,6,Non-Member,Email,False,English,Mastercard,Deluxe,,Active,2023-05-03,Phone Booking,4,960.28
C0001001812,Richard,Holmes,richard.holmes@hotmail.com,+1 828 154 6595,CA,North America,Tuckerview,35,M,Leisure,2024-08-12,2024,8,Basic,Email,False,English,Visa,Standard,,Active,2026-03-12,Phone Booking,15,13895.61
C0001001813,知実,中村,知実中@tyrellcorp.com,+81 379-428-436,JP,Asia Pacific,New Anne,36,F,Business,2023-08-01,2023,8,Basic,Both,True,Japanese,Visa,Suite,,Active,2025-03-05,Website Direct,13,8302.11
C0001001814,Kyle,Day,kyled@outlook.com,(758) 741-4813,US,North America,Port Mandytown,39,M,Group,2019-05-22,2019,5,Silver,Email,True,English,Mastercard,Standard,,Inactive,2022-04-27,Phone Booking,39,24278.32
C0001001815,Toribio,Salamanca,toribio_salamanca@gmail.com,+1 395 430 5987,ES,Europe,Tarragona,29,M,Group,2019-10-20,2019,10,Silver,Email,False,Spanish,American Express,Standard,,Active,2020-09-26,Corporate Contract,15,7217.52
C0001001816,جاد,شربتلي,جاد.شربتلي@cyberdyne.com,+971 930 658 6912,AE,Middle East,Port Sandra,35,M,Business,2019-02-05,2019,2,Silver,Both,True,Arabic,American Express,Deluxe,,Active,2019-11-12,Phone Booking,40,19815.52
C0001001817,Nathalie,Fabre,nfabre@icloud.com,+33 464 125 091,FR,Europe,Saint Paulinenec,42,F,Group,2022-05-18,2022,5,Platinum,Both,True,French,Visa,Deluxe,Non-smoking,Active,,Walk-in,41,9814.52
C0001001818,Gerard,Harris,gerardh@gmail.com,+1 447 757 2638,SG,Asia Pacific,Port Amandaview,47,M,Leisure,2023-09-21,2023,9,Gold,Email,True,English,American Express,Standard,"Wheelchair Accessible, Late Check-out",Active,,Website Direct,0,15819.44
C0001001819,Nicole,Law,nicolel@outlook.com,00656 809 910,GB,Europe,New Jeremyville,40,F,Leisure,2019-12-08,2019,12,Silver,Email,False,English,Mastercard,Standard,,Inactive,2021-08-24,Website Direct,40,325.14
C0001001820,Craig,Arnold,craig81@outlook.com,328-918-6731,US,North America,Pearcefurt,40,M,Group,2022-01-04,2022,1,Silver,Email,True,English,American Express,Standard,,Active,,Website Direct,44,7030.06
C0001001821,Barbara,Loredan,barbara33@gmail.com,+1 419 468 9709,IT,Europe,Sant'Elena,47,F,Group,2022-11-26,2022,11,Gold,SMS,True,Italian,Visa,Standard,,Active,2023-11-14,Phone Booking,8,20620.52
C0001001822,Waltraud,Ruppert,waltraud99@initech.com,+49 118 02047,DE,Europe,Eggenfelden,41,F,Business,2023-06-28,2023,6,Silver,Email,True,German,Visa,Suite,,Inactive,,Corporate Contract,25,22608.35
C0001001823,Katie,Pratt,katie.pratt@gmail.com,+1 313 198 8912,NG,Africa,Kellyview,45,F,Leisure,2021-06-04,2021,6,Silver,Email,False,English,Visa,Standard,,Active,2021-11-16,Website Direct,5,2645.68
C0001001824,Lucy,Slater,lucy19@dummycorp.com,0822 610 679,AU,Asia Pacific,Port Helen,29,F,Business,2022-09-16,2022,9,Platinum,Email,True,English,Visa,Deluxe,,Inactive,2023-05-24,Website Direct,30,5643.94
C0001001825,Rebecca,Parsons,rebecca_parsons@outlook.com,+1 541 900 2031,CA,North America,Hudsonburgh,37,F,Leisure,2022-08-12,2022,8,Gold,Email,True,English,American Express,Standard,,Active,2023-09-22,Corporate Contract,31,4716.39
C0001001826,Marion,Taylor,guest@email.com,0963 120 889,AU,Asia Pacific,West Clarebury,32,F,Leisure,2019-12-07,2019,12,Non-Member,Email,True,English,Visa,Standard,,Active,,Corporate Contract,1,1057.97
C0001001827,João Gabriel,Cirino,joão gabriel_cirino@gmail.com,+55 483 7852-373,BR,South America,North Marcusland,35,M,Family,2022-07-07,2022,7,Basic,Email,True,Portuguese,Visa,Executive,,Active,2025-06-18,Phone Booking,10,2387.58
C0001001828,Jake,Williams,jake_williams@outlook.com,800-636-0206,US,North America,Lydiahaven,33,M,Leisure,2024-11-26,2024,11,Non-Member,SMS,False,English,American Express,Deluxe,,Active,2025-11-10,Website Direct,1,17691.16
C0001001829,淑兰,刘,淑兰.刘@acme.com,+86 157 6162 245,CN,Asia Pacific,North Lisa,46,F,Business,2024-07-22,2024,7,Non-Member,Email,False,Chinese,Apple Pay,Suite,,Active,2027-01-25,Corporate Contract,0,24114.77
C0001001830,Martin,Butler,martinb@gmail.com,07759 569 127,GB,Europe,Blakefort,47,M,Group,2023-07-17,2023,7,Non-Member,Email,False,English,Visa,Executive,,Inactive,2024-06-03,Walk-in,4,14631.15
C0001001831,민수,김,민수.김@oscorp.com,+1 624 381 2960,KR,Asia Pacific,North Paul,46,M,Business,2024-07-25,2024,7,Silver,Email,False,Korean,American Express,Family,,Active,2026-10-14,Corporate Contract,15,7281.18
C0001001832,Charlie,Burton,charlieb@icloud.com,+91 282 487 2280,IN,Asia Pacific,Port Paulineton,34,M,Leisure,2023-04-18,2023,4,Basic,Both,True,English,Visa,Deluxe,,Active,2025-08-18,Website Direct,8,6881.29
C0001001833,Marilyn,Brown,mbrown@gmail.com,+1 705 194 6870,ZA,Africa,Matthewsborough,31,F,Group,2021-10-30,2021,10,Non-Member,Email,True,English,Mastercard,Suite,,Active,2022-04-13,Walk-in,0,19974.78
C0001001834,智也,井上,智也_井上@yahoo.com,679-772-6547,JP,Asia Pacific,North Alexville,34,M,Family,2024-06-19,2024,6,Non-Member,Email,True,Japanese,Visa,Executive,,Active,2027-02-05,Website Direct,4,12129.56
C0001001835,Emily,Warner,ewarner@gmail.com,+61 162 185 750,AU,Asia Pacific,Whittakerport,40,F,Leisure,2024-08-06,2024,8,Non-Member,Email,True,English,American Express,Suite,High Floor,Active,2027-02-20,Website Direct,0,109.65
C0001001836,Mohammed,Singh,msingh@gmail.com,+1 566 342 6827,CA,North America,Harveybury,47,M,Leisure,2020-06-23,2020,6,Non-Member,Email,True,English,Visa,Standard,,Inactive,2022-01-08,Website Direct,3,21168.18
C0001001837,Jake,Moore,jakem@gmail.com,903-516-0246,US,North America,West Abigailstad,54,M,Group,2023-04-03,2023,4,Silver,Email,True,English,Mastercard,Standard,,Active,2024-05-02,OTA Referral,38,24858.88
C0001001838,Dorita,Ureña,dureña@outlook.com,+1 358 711 3339,AR,South America,East خلوصي,44,F,Family,2024-05-17,2024,5,Basic,Email,True,English,Visa,Executive,,Active,2026-11-05,OTA Referral,19,2046.91
C0001001839,Graeme,Iqbal,graeme.iqbal@outlook.com,+1 766 234 5910,CA,North America,Karlburgh,45,M,Leisure,2021-01-02,2021,1,Basic,Email,False,English,American Express,Executive,,Active,,Walk-in,13,10916.51
C0001001840,Kimberley,Kelly,kimberleyk@gmail.com,+1 304 351 7016,CA,North America,East Brenda,38,F,Group,2019-11-13,2019,11,Non-Member,Email,True,English,Mastercard,Suite,,Active,2020-10-19,Walk-in,0,9166.96
C0001001841,Christian,Glover,christiang@hotmail.com,+1 539 671 6470,TH,Asia Pacific,New Clivetown,33,M,Group,2023-01-18,2023,1,Non-Member,Email,False,English,Mastercard,Deluxe,,Active,,Corporate Contract,0,10749.43
C0001001842,Linda,Knight,linda58@gmail.com,+1 547 146 3223,MX,North America,Katyland,50,F,Leisure,2019-05-09,2019,5,Non-Member,Email,True,English,Visa,Family,,Inactive,2021-02-09,OTA Referral,3,11514.69
C0001001843,Néstor,Córdoba,néstor_córdoba@outlook.com,+1 459 170 8354,ES,Europe,Álava,25,M,Business,2019-02-25,2019,2,Non-Member,SMS,False,Spanish,Mastercard,Suite,,Active,2021-11-06,Corporate Contract,5,13088.12
C0001001844,Robin,Patel,rpatel@outlook.com,0251 113 741,AU,Asia Pacific,New Dorothyview,54,M,Leisure,2020-01-03,2020,1,Basic,Email,False,English,American Express,Standard,,Inactive,2020-02-15,OTA Referral,41,4078.48
C0001001845,Barbara,Richardson,barbarar@icloud.com,+1 355 922 8854,MX,North America,Brownfort,29,F,Family,2020-06-10,2020,6,Basic,Both,True,English,American Express,Family,,Active,,OTA Referral,27,9510.91
C0001001846,Kyle,Newman,kyle27@outlook.com,+1 307 568 3838,SG,Asia Pacific,New Abbiechester,55,M,Leisure,2022-11-04,2022,11,Platinum,SMS,True,English,Visa,Standard,,Active,2024-03-25,Corporate Contract,9,14199.63
C0001001847,Guy,Kirk,guyk@gmail.com,+1 538 280 7719,SG,Asia Pacific,Henryfort,48,M,Leisure,2022-03-28,2022,3,Non-Member,Email,False,English,Visa,Standard,,Active,2022-04-12,Phone Booking,5,17649.96
C0001001848,Marion,Cox,mcox@gmail.com,+1 578 294 4764,MX,North America,North Natashashire,27,F,Leisure,2020-02-28,2020,2,Non-Member,SMS,False,English,Mastercard,Standard,,Inactive,2022-09-03,Corporate Contract,4,13931.57
C0001001849,Roy,Powell,roy85@gmail.com,+1 790 560 9001,CA,North America,Fieldmouth,48,M,Family,2023-01-26,2023,1,Basic,Email,True,English,Visa,Standard,,Active,2023-07-02,OTA Referral,25,9054.9
C0001001850,Patricia,Cañellas,pcañellas@tyrellcorp.com,+1 716 311 8576,ES,Europe,Castellón,38,F,Business,2020-09-27,2020,9,Basic,Email,True,Spanish,Visa,Deluxe,,Active,2020-10-18,Phone Booking,17,4365.44
C0001001851,Paige,Wilson,paige.wilson@outlook.com,+1 872 405 5573,MX,North America,East Douglas,53,F,Leisure,2024-09-20,2024,9,Silver,None,True,English,Apple Pay,Standard,,Active,2027-04-11,Website Direct,27,8930.66
C0001001852,Gregory,Walton,gregory_walton@cyberdyne.com,+1 362 484 2187,MX,North America,South Bradley,38,M,Business,2021-05-17,2021,5,Silver,Email,False,English,Visa,Deluxe,,Active,2023-10-06,OTA Referral,32,8313.3
C0001001853,Alison,Gardner,agardner@gmail.com,+1 613 192 5699,MX,North America,Lake Keith,47,F,Family,2024-09-14,2024,9,Basic,Email,True,English,Apple Pay,Deluxe,,Active,2026-05-11,OTA Referral,2,4471.98
C0001001854,Stephanie,Walters,stephanie_walters@icloud.com,+1 579 964 2838,CH,Europe,Port Adammouth,52,F,Leisure,2022-06-17,2022,6,Platinum,Email,True,English,Visa,Family,,Active,2024-10-05,Corporate Contract,48,1531.37
C0001001855,Catherine,Auger,catherine70@umbrellacorp.com,0541968376,FR,Europe,Berthelot,40,F,Business,2020-02-21,2020,2,Silver,Email,False,French,Visa,Suite,,Active,,Walk-in,17,17335.64
C0001001856,Mirko,Moneta,mirkom@outlook.com,+1 462 414 5966,IT,Europe,Collelongo,33,M,Leisure,2023-11-24,2023,11,Non-Member,SMS,True,Italian,Visa,Standard,,Active,,Website Direct,4,21317.2
C0001001857,Elliot,Davis,edavis@dummycorp.com,+1 684 798 7165,SE,Europe,Sallyville,37,M,Business,2022-02-17,2022,2,Non-Member,Email,False,English,Visa,Ocean View,,Active,2023-11-07,Website Direct,5,14859.5
C0001001858,Giulia,Segni,test@test.com,+1 769 900 1619,IT,Europe,Centurano,42,F,Business,2024-01-28,2024,1,Basic,SMS,True,Italian,Mastercard,Executive,,Active,2026-01-10,OTA Referral,44,13301.32
C0001001859,健一,太田,健一.太田@globex.com,+81 766-044-037,JP,Asia Pacific,Millerville,34,M,Business,2021-09-16,2021,9,Gold,Email,False,Japanese,Visa,Standard,,Active,2023-05-18,Phone Booking,48,2932.51
C0001001860,Lee,Smith,lee6@gmail.com,+44 3972 53304,GB,Europe,West Bradleyland,36,M,Leisure,2023-06-16,2023,6,Basic,SMS,False,English,Visa,Standard,,Active,,Corporate Contract,50,19835.93
C0001001861,Julie,West,julie99@initech.com,+1 730 385 8230,CA,North America,East Pauline,26,F,Business,2023-12-12,2023,12,Basic,Email,True,English,Apple Pay,Standard,,Active,2025-03-03,Phone Booking,19,13755.26
C0001001862,Charlotte,Davies,cdavies@gmail.com,+1 346 684 8805,CA,North America,Shawberg,25,F,Business,2024-06-14,2024,6,Gold,SMS,True,English,PayPal,Deluxe,,Active,2025-12-18,Phone Booking,46,7452.07
C0001001863,Pero,Holzapfel,pero8@outlook.com,+49 0475 9542,DE,Europe,Dachau,26,M,Leisure,2022-07-23,2022,7,Silver,SMS,True,German,Mastercard,Executive,,Active,,OTA Referral,46,22319.97
C0001001864,معزّ,آل علي,test@test.com,+1 587 937 2353,SA,Middle East,Johnfort,22,M,Leisure,2024-06-15,2024,6,Basic,SMS,False,Arabic,PayPal,Standard,Allergies,Active,,OTA Referral,10,22003.37
C0001001865,Debra,Hill,debrah@outlook.com,+1 972 663 1891,CA,North America,Fergusontown,26,F,Group,2023-03-13,2023,3,Non-Member,Email,True,English,PayPal,Family,,Active,2026-01-24,OTA Referral,1,14074.76
C0001001866,Katherine,Morris,katherine_morris@gmail.com,+1 749 216 2563,CA,North America,West Elaine,31,F,Leisure,2021-11-24,2021,11,Basic,Email,False,English,Visa,Family,,Active,2023-02-01,Phone Booking,25,18708.17
C0001001867,Kate,Blake,kate23@gmail.com,+1 619 929 4775,CL,South America,Hickston,43,F,Leisure,2024-05-03,2024,5,Non-Member,Both,False,English,Mastercard,Standard,"Allergies, Non-smoking",Inactive,,Walk-in,2,10745.82
C0001001868,Sheila,Begum,sheila_begum@gmail.com,+1 644 657 3750,MX,North America,Daviesview,47,F,Leisure,2022-06-06,2022,6,Basic,Email,False,English,Visa,Standard,,Active,2023-02-02,Website Direct,22,20370.88
C0001001869,Sally,Pritchard,sally_pritchard@gmail.com,+1 181 749 2316,NG,Africa,Kennedytown,64,F,Leisure,2024-01-17,2024,1,Non-Member,Email,True,English,American Express,Family,,Inactive,2026-12-30,Website Direct,1,20465.72
C0001001870,Jordan,Gilbert,jgilbert@gmail.com,0672 639 261,AU,Asia Pacific,West Dale,25,M,Business,2024-03-28,2024,3,Basic,Email,True,English,Visa,Suite,,Active,2025-06-25,Website Direct,47,13310.46
C0001001871,Cheryl,Baldwin,cbaldwin@outlook.com,+1 305 573 2347,NL,Europe,Phillipmouth,33,F,Group,2023-06-23,2023,6,Non-Member,SMS,False,English,Visa,Standard,,Active,,Corporate Contract,3,16262.94
C0001001872,Annette,Wright,annette28@outlook.com,+1 613 595 8542,SG,Asia Pacific,Katherinefort,49,F,Group,2022-09-21,2022,9,Basic,Email,False,English,Mastercard,Executive,,Inactive,,Phone Booking,16,9598.43
C0001001873,Connor,Palmer,connor91@gmail.com,+1 333 955 5741,CA,North America,Turnerland,57,M,Business,2021-07-01,2021,7,Basic,Email,True,English,Visa,Ocean View,,Active,2022-11-17,Phone Booking,14,12910.93
C0001001874,Katy,Dixon,katy.dixon@gmail.com,+1 118 851 6605,QA,Middle East,Rachaelview,41,F,Leisure,2024-03-24,2024,3,Non-Member,Email,False,English,Visa,Ocean View,,Active,,OTA Referral,1,20822.39
C0001001875,Frances,Collins,frances59@waynecorp.com,918-464-6516,US,North America,South Rosiefort,35,F,Business,2022-07-29,2022,7,Non-Member,Email,False,English,Mastercard,Deluxe,,Active,2023-10-09,Website Direct,1,7907.89
C0001001876,直人,中村,直人中@acme.com,+81 348-518-948,JP,Asia Pacific,Leslieville,32,M,Business,2019-10-04,2019,10,Silver,Email,False,Japanese,American Express,Executive,,Active,2022-02-06,Website Direct,10,3139.9
C0001001877,Dorothy,Carter,dorothy16@oscorp.com,+1 952 833 2599,CA,North America,Franktown,41,F,Business,2021-06-18,2021,6,Non-Member,SMS,False,English,American Express,Executive,,Active,2022-07-12,OTA Referral,0,23554.42
C0001001878,Leanne,Collier,leanne.collier@icloud.com,000-000-0000,CA,North America,New Valerieland,37,F,Leisure,2022-09-07,2022,9,Silver,Email,True,English,Mastercard,Family,,Active,2023-08-28,Phone Booking,43,8896.51
C0001001879,Paolo,Metella,pmetella@gmail.com,+1 556 953 5248,IT,Europe,Costa Serina,37,M,Leisure,2023-01-27,2023,1,Non-Member,Email,True,Italian,Apple Pay,Suite,"Late Check-out, Wheelchair Accessible",Active,2023-04-25,Phone Booking,1,13474.89
C0001001880,Sara,Williams,sara47@gmail.com,+1 593 668 7934,NL,Europe,Lydiatown,36,F,Leisure,2022-09-11,2022,9,Platinum,Both,True,English,American Express,Suite,,Active,2025-06-01,Corporate Contract,28,17553.44
C0001001881,Benjamin,Ramos,benjaminr@outlook.com,+55 094 0133-239,BR,South America,Cookmouth,39,M,Leisure,2024-01-29,2024,1,Basic,Email,False,Portuguese,Visa,Standard,,Active,2024-03-10,OTA Referral,7,10622.01
C0001001882,Frederick,Quinn,noemail@provided.com,460-894-5759,US,North America,New Alexander,43,M,Business,2019-08-02,2019,8,Non-Member,Email,False,English,Google Pay,Suite,,Active,2021-01-31,Website Direct,2,12189.1
C0001001883,Carole,Sharp,carole_sharp@gmail.com,+1 666 201 4274,MX,North America,Porterchester,30,F,Business,2023-08-16,2023,8,Basic,SMS,False,English,Mastercard,Standard,,Active,,OTA Referral,15,22520.0
C0001001884,Beverley,Short,beverleys@yahoo.com,+1 183 110 8255,SE,Europe,East Shirley,37,F,Leisure,2023-03-25,2023,3,Silver,Email,True,English,Visa,Standard,,Active,2025-04-25,Website Direct,3,10285.04
C0001001885,Linda,Butcher,lindab@outlook.com,+1 586 108 4145,CA,North America,Mitchellstad,47,F,Leisure,2024-10-01,2024,10,Silver,Email,True,English,Mastercard,Standard,,Active,2025-10-11,Phone Booking,12,22485.97
C0001001886,Joe,Archer,jarcher@acme.com,+1 231 578 1379,SE,Europe,North Cliffordmouth,65,M,Business,2022-06-08,2022,6,Non-Member,SMS,True,English,Visa,Deluxe,,Active,2022-09-17,OTA Referral,4,9861.47
C0001001887,Chelsea,Kelly,chelsea_kelly@waynecorp.com,+1 770 369 1659,MX,North America,West Elizabeth,37,F,Business,2022-06-08,2022,6,Basic,Email,True,English,American Express,Deluxe,,Active,2024-05-24,OTA Referral,8,9370.21
C0001001888,Chloe,Hope,chloe.hope@outlook.com,0068 947 014,AU,Asia Pacific,East Nataliechester,40,F,Leisure,2021-05-28,2021,5,Non-Member,SMS,False,English,Mastercard,Executive,,Active,2021-11-13,Corporate Contract,0,11752.28
C0001001889,Maureen,Howard,maureen78@hotmail.com,+1 792 173 2048,MX,North America,Janettown,37,F,Group,2019-08-26,2019,8,Non-Member,Email,True,English,Visa,Deluxe,,Active,2022-04-17,Corporate Contract,5,21545.9
C0001001890,Pablo,Amo,pablo.amo@gmail.com,+1 869 601 9422,ES,Europe,Guadalajara,47,M,Leisure,2020-11-25,2020,11,Non-Member,Email,True,Spanish,Mastercard,Standard,,Inactive,2021-09-23,OTA Referral,3,8457.02
C0001001891,Harriet,Coleman,harriet.coleman@gmail.com,+1 488 272 1226,CA,North America,Marcuston,30,F,Group,2022-10-01,2022,10,Silver,Email,True,English,Mastercard,Family,,Inactive,,Corporate Contract,9,14897.48
C0001001892,Vanessa,Butler,vanessa71@outlook.com,0192 042 302,AU,Asia Pacific,Lake Eileenfort,36,F,Leisure,2022-07-20,2022,7,Silver,Email,False,English,PayPal,Standard,"Early Check-in, Late Check-out",Active,2024-03-07,OTA Referral,4,179.67
C0001001893,坤,王,坤.王@gmail.com,690 1789 002,CN,Asia Pacific,Singhside,35,M,Family,2021-06-19,2021,6,Silver,Email,True,Chinese,Mastercard,Standard,,Active,,Website Direct,30,13730.15
C0001001894,Anna,Greenwood,anna.greenwood@cyberdyne.com,+91 374 155 7270,IN,Asia Pacific,East Bernardburgh,40,F,Business,2023-04-10,2023,4,Non-Member,Email,True,English,Visa,Standard,,Active,2026-02-01,Phone Booking,2,20972.91
C0001001895,Angela,Barton,angelab@outlook.com,+1 329 362 8225,TH,Asia Pacific,Slaterton,38,F,Group,2024-08-01,2024,8,Basic,Email,True,English,Apple Pay,Family,,Active,,Website Direct,37,14582.48
C0001001896,Frederick,Harrison,frederick3@outlook.com,08294 703 651,GB,Europe,Hicksport,47,M,Leisure,2023-04-01,2023,4,Basic,SMS,True,English,Mastercard,Standard,,Active,2024-02-12,Website Direct,31,16337.48
C0001001897,Neil,Henderson,neilh@outlook.com,+1 567 642 5192,TH,Asia Pacific,Port Alexander,34,M,Leisure,2023-10-25,2023,10,Non-Member,SMS,True,English,Google Pay,Standard,,Active,2026-07-13,Phone Booking,5,15739.82
C0001001898,William,Mitchell,william_mitchell@dummycorp.com,(485) 298-7043,US,North America,Port Dominicton,41,M,Business,2023-09-12,2023,9,Gold,Email,True,English,PayPal,Standard,,Active,2024-03-16,OTA Referral,1,8556.17
C0001001899,Howard,Lees,howardl@gmail.com,+44 3275 16937,GB,Europe,Ronaldshire,39,M,Leisure,2019-10-25,2019,10,Silver,Email,True,English,Apple Pay,Standard,,Active,,Walk-in,39,22090.35
C0001001900,Mandy,Scott,mandy35@gmail.com,+1 484 352 5065,CO,South America,Williamsstad,42,F,Family,2021-01-25,2021,1,Silver,Email,True,English,Visa,Standard,,Active,2021-10-02,OTA Referral,46,7371.21
C0001001901,Jules,Grégoire,julesg@gmail.com,0025115462,FR,Europe,Lombard-sur-Gilles,47,M,Business,2020-02-20,2020,2,Basic,Email,True,French,Visa,Standard,,Active,2020-12-22,Phone Booking,1,6808.04
C0001001902,Melania,Nordio,melania52@globex.com,+1 419 679 2683,IT,Europe,Olivola,47,F,Business,2022-07-25,2022,7,Non-Member,Both,True,Italian,PayPal,Standard,,Active,2025-02-28,Corporate Contract,1,6301.95
C0001001903,Vincent,Clark,vincent.clark@hotmail.com,+1 524 313 6560,CA,North America,Winterport,47,M,Business,2022-01-20,2022,1,Silver,Email,True,English,Visa,Suite,,Active,2022-04-24,Website Direct,40,24678.85
C0001001904,Lewis,Watkins,lwatkins@hotmail.com,153-918-1533,US,North America,Antonyhaven,32,M,Business,2021-08-26,2021,8,Basic,Both,True,English,Visa,Executive,,Active,,Walk-in,22,17345.25
C0001001905,Tracy,Adams,tracy1@gmail.com,+1 408 832 1540,MX,North America,New Fiona,44,F,Leisure,2024-06-23,2024,6,Non-Member,None,False,English,Google Pay,Deluxe,,Active,2027-02-03,Walk-in,1,24230.84
C0001001906,Eleanor,Johnson,eleanor_johnson@initech.com,+1 650 953 5376,MX,North America,Boothshire,37,F,Business,2022-08-10,2022,8,Non-Member,Email,True,English,Mastercard,Deluxe,,Active,2025-08-09,OTA Referral,0,340.97
C0001001907,영자,김,영자김@gmail.com,+1 252 107 4782,KR,Asia Pacific,Port Marcton,33,F,Family,2024-07-07,2024,7,Gold,Email,True,Korean,Apple Pay,Ocean View,,Active,2026-06-28,Website Direct,30,282.46
C0001001908,Dylan,Fletcher,dylanf@tyrellcorp.com,508-749-5415,US,North America,Susanburgh,28,M,Business,2020-08-23,2020,8,Basic,Email,True,English,Mastercard,Executive,"Allergies, Non-smoking",Active,2021-06-05,OTA Referral,16,2355.93
C0001001909,Peter,Thomas,peter86@gmail.com,(630) 598-4113,US,North America,East Natashaside,45,M,Leisure,2020-06-24,2020,6,Basic,Both,False,English,Visa,Standard,,Active,2020-09-09,Corporate Contract,11,24294.48
C0001001910,Yves,Bruneau,ybruneau@outlook.com,0419010019,FR,Europe,Lefèvre,50,M,Leisure,2021-05-25,2021,5,Platinum,SMS,False,French,Visa,Deluxe,,Active,2024-05-14,Phone Booking,39,12421.0
C0001001911,Philip,White,philip_white@gmail.com,+1 305 887 2025,NL,Europe,Harristown,44,M,Leisure,2020-11-18,2020,11,Gold,Email,False,English,Visa,Executive,,Active,2022-07-07,Walk-in,50,1559.33
C0001001912,Jamie,Welch,jamie.welch@dummycorp.com,+1 494 356 3623,MX,North America,Lake Elliot,31,M,Business,2024-06-13,2024,6,Silver,Email,True,English,Visa,Standard,,Active,2026-10-17,OTA Referral,34,13007.73
C0001001913,Marcus,Evans,guest@email.com,07081 376 840,GB,Europe,New Joanshire,40,M,Leisure,2023-07-31,2023,7,Basic,SMS,False,English,Mastercard,Executive,,Active,2026-03-07,OTA Referral,36,16245.23
C0001001914,Alan,Butler,alan83@gmail.com,+91 873 694 4683,IN,Asia Pacific,East Donnachester,43,M,Leisure,2022-08-13,2022,8,Basic,Email,True,English,Apple Pay,Family,,Inactive,2023-03-20,Walk-in,8,22335.72
C0001001915,Cameron,Burton,cameron.burton@yahoo.com,166-420-1255,US,North America,Terencefurt,40,M,Business,2024-10-22,2024,10,Basic,Email,False,English,American Express,Standard,,Inactive,2027-09-21,Phone Booking,35,21569.76
C0001001916,Gary,Harrison,gary.harrison@tyrellcorp.com,+1 547 528 1635,CA,North America,North Anthonyport,36,M,Business,2024-04-30,2024,4,Silver,Email,False,English,PayPal,Standard,,Active,2024-10-18,Corporate Contract,19,19794.3
C0001001917,John,Hill,john.hill@dummycorp.com,+1 212 864 3206,MX,North America,Jayneside,33,M,Business,2020-02-17,2020,2,Basic,Email,False,English,Mastercard,Suite,,Active,2023-02-09,Website Direct,42,23740.5
C0001001918,Mathew,Walters,mathew.walters@gmail.com,+1 269 139 7133,TH,Asia Pacific,North Abbie,37,M,Family,2019-09-30,2019,9,Gold,Email,True,English,Mastercard,Deluxe,,Inactive,2020-11-22,Phone Booking,1,19176.22
C0001001919,直子,田中,直田中@gmail.com,+81 178-374-252,JP,Asia Pacific,Georgeberg,31,F,Business,2023-07-27,2023,7,Basic,SMS,True,Japanese,Visa,Suite,,Active,2025-11-20,Phone Booking,7,9810.12
C0001001920,Abdul,Davison,abdul25@yahoo.com,+1 759 717 2623,CA,North America,Lake Ireneburgh,40,M,Leisure,2022-04-24,2022,4,Platinum,Email,True,English,Mastercard,Standard,,Active,,OTA Referral,36,16452.37
C0001001921,宁,赵,宁82@gmail.com,+86 096 1501 386,CN,Asia Pacific,Port Pamelafort,39,M,Business,2019-11-15,2019,11,Platinum,Email,True,Chinese,Visa,Suite,,Active,2020-03-28,Corporate Contract,9,7762.97
C0001001922,Jenna,Smith,jenna52@hotmail.com,+1 597 191 3722,NL,Europe,Patelside,51,F,Leisure,2019-08-06,2019,8,Basic,Email,True,English,Visa,Suite,,Active,2020-05-15,OTA Referral,41,6275.72
C0001001923,Anne,Perrin,anne_perrin@gmail.com,0144015242,FR,Europe,De Oliveira,46,F,Family,2021-07-12,2021,7,Silver,Email,True,French,Visa,Suite,"Late Check-out, Wheelchair Accessible",Inactive,,OTA Referral,35,20844.81
C0001001924,Fortunata,Manolesso,fortunatam@yahoo.com,+1 974 372 9049,IT,Europe,Segonzano,49,F,Family,2023-11-16,2023,11,Non-Member,SMS,True,Italian,Visa,Suite,,Inactive,2026-06-24,OTA Referral,0,8173.15
C0001001925,Ezequiel,Español,ezequiele@gmail.com,+1 196 208 1721,ES,Europe,Girona,38,M,Leisure,2022-02-19,2022,2,Silver,Email,True,Spanish,American Express,Executive,,Active,2024-06-19,Walk-in,42,21852.7
C0001001926,Ben,Welch,ben_welch@starkindustries.com,+1 213 944 7659,MX,North America,Maxland,35,M,Business,2023-02-05,2023,2,Gold,SMS,True,English,Visa,Executive,,Active,2024-01-01,OTA Referral,24,3574.76
C0001001927,H.-Dieter,Johann,h.-dieter82@oscorp.com,000-000-0000,DE,Europe,Rothenburg ob der Tauber,34,M,Business,2022-08-03,2022,8,Platinum,Email,False,German,Visa,Executive,,Active,,Corporate Contract,39,13530.91
C0001001928,Marianne,Pruvost,marianne15@icloud.com,+33 954 124 427,FR,Europe,Dupuis-les-Bains,47,F,Leisure,2023-04-09,2023,4,Basic,Email,False,French,Apple Pay,Executive,"Early Check-in, Non-smoking",Active,,Website Direct,34,9534.04
C0001001929,Luke,Turner,luke_turner@gmail.com,(191) 230-7135,US,North America,Williamland,44,M,Leisure,2023-03-06,2023,3,Basic,Email,True,English,Apple Pay,Family,,Active,2025-07-18,Website Direct,36,10067.77
C0001001930,Clifford,Ross,cross@gmail.com,000-000-0000,MX,North America,Carlyport,36,M,Leisure,2023-05-14,2023,5,Non-Member,Email,False,English,Visa,Deluxe,,Active,2023-11-21,Corporate Contract,4,7300.94
C0001001931,Georgina,Howard,georginah@initech.com,+1 915 127 2778,MX,North America,Prestonfort,25,F,Business,2021-05-05,2021,5,Non-Member,Email,False,English,Visa,Suite,,Active,2024-03-26,Corporate Contract,0,13957.01
C0001001932,Luchino,Ramazzotti,lramazzotti@icloud.com,+1 752 444 3576,IT,Europe,Lugagnano Val D'Arda,32,M,Leisure,2021-12-25,2021,12,Non-Member,Email,True,Italian,Visa,Deluxe,,Active,,Walk-in,5,12866.94
C0001001933,Allan,Parkin,allan89@hotmail.com,+1 224 409 7409,CA,North America,Lake Darrenchester,45,M,Group,2022-11-05,2022,11,Non-Member,Email,True,English,Visa,Executive,,Active,2025-10-23,Walk-in,4,24050.15
C0001001934,Loni,Fischer,loni46@globex.com,+49 2541 2699,DE,Europe,Darmstadt,37,F,Business,2022-07-28,2022,7,Gold,Both,True,German,Visa,Suite,,Inactive,2024-01-10,OTA Referral,31,5949.31
C0001001935,Vanessa,Whittaker,vwhittaker@yahoo.com,+1 300 559 1805,CA,North America,West Maureen,26,F,Leisure,2020-06-26,2020,6,Non-Member,SMS,True,English,Mastercard,Deluxe,,Inactive,2023-06-24,OTA Referral,0,23452.83
C0001001936,Eduardo,Pastor,eduardo.pastor@outlook.com,(797) 6620-285,BR,South America,South Brian,54,M,Group,2020-06-05,2020,6,Basic,Email,True,Portuguese,Visa,Executive,,Active,2023-01-17,Phone Booking,39,23813.52
C0001001937,Nicola,Sykes,nicola.sykes@gmail.com,+1 526 423 4139,MX,North America,Lisaborough,41,F,Leisure,2020-06-16,2020,6,Basic,SMS,False,English,Visa,Standard,,Active,2022-11-01,Corporate Contract,36,7094.81
C0001001938,Cecília,da Luz,cecília_da luz@yahoo.com,(269) 7896-340,BR,South America,Garryview,49,F,Family,2022-06-18,2022,6,Basic,Both,True,Portuguese,PayPal,Family,"Early Check-in, Non-smoking",Active,,OTA Referral,46,13684.43
C0001001939,Gerard,Taylor,gtaylor@outlook.com,+1 779 938 2206,CA,North America,Smithbury,42,M,Group,2024-08-15,2024,8,Basic,Email,True,English,Visa,Executive,,Active,2026-06-29,Phone Booking,43,22679.85
C0001001940,수빈,배,수배@gmail.com,+1 850 280 7910,KR,Asia Pacific,West Kieranshire,46,F,Leisure,2021-03-12,2021,3,Non-Member,Email,True,Korean,Apple Pay,Standard,,Active,2023-06-08,Phone Booking,0,8032.84
C0001001941,Aaron,Slater,aaron.slater@gmail.com,+1 757 361 3989,NL,Europe,East Russell,38,M,Leisure,2019-05-10,2019,5,Silver,Email,False,English,American Express,Standard,,Active,2019-07-04,Website Direct,37,14421.53
C0001001942,민서,이,test@test.com,+1 641 468 6505,KR,Asia Pacific,Iainside,47,F,Leisure,2021-03-03,2021,3,Non-Member,Email,True,Korean,Mastercard,Deluxe,,Active,2022-07-15,Corporate Contract,5,21611.67
C0001001943,Eleanor,Foster,eleanor_foster@gmail.com,+61 079 110 097,AU,Asia Pacific,Hazeltown,42,F,Leisure,2022-02-11,2022,2,Gold,Email,False,English,Visa,Standard,,Active,2022-08-11,Website Direct,26,12199.3
C0001001944,Aurélie,Pons,test@test.com,0163401156,FR,Europe,Lemaire,48,F,Business,2023-03-12,2023,3,Basic,SMS,True,French,Visa,Deluxe,,Active,,Walk-in,8,11381.49
C0001001945,Nathan,Knowles,nathan49@dummycorp.com,+61 676 392 483,AU,Asia Pacific,New Aimee,35,M,Business,2020-07-25,2020,7,Basic,Email,False,English,PayPal,Suite,,Active,,Walk-in,48,17292.1
C0001001946,Frauke,Anders,frauke.anders@gmail.com,+49 9607 6172,DE,Europe,Ribnitz-Damgarten,47,F,Leisure,2024-02-21,2024,2,Basic,Both,True,German,Mastercard,Deluxe,,Active,2025-08-24,Website Direct,47,10311.86
C0001001947,Bethan,Hargreaves,bethan83@gmail.com,+91 109 187 4128,IN,Asia Pacific,Lake Michael,50,F,Leisure,2023-06-26,2023,6,Basic,Both,True,English,Visa,Standard,,Active,2025-03-02,Walk-in,12,7421.28
C0001001948,涼平,鈴木,涼鈴木@outlook.com,+81 053-203-160,JP,Asia Pacific,Matthewton,44,M,Family,2019-09-23,2019,9,Non-Member,Both,True,Japanese,Visa,Executive,,Inactive,,Corporate Contract,5,88.98
C0001001949,주원,최,주최@tyrellcorp.com,+1 260 194 9487,KR,Asia Pacific,Lake David,43,M,Business,2020-08-05,2020,8,Basic,SMS,False,Korean,Mastercard,Standard,,Active,2023-05-26,OTA Referral,50,20078.28
C0001001950,Bethan,Savage,bethan_savage@gmail.com,(625) 260-7051,US,North America,Davidchester,53,F,Group,2019-09-28,2019,9,Silver,Email,True,English,American Express,Deluxe,,Active,,OTA Referral,46,19884.81
C0001001951,Rita,Akhtar,rita70@example.ca,+1 818 997 9692,CA,North America,Wardville,25,F,Business,2020-07-31,2020,7,Silver,SMS,True,English,American Express,Standard,,Active,2021-01-21,OTA Referral,6,10587.3
C0001001952,Mohammad,Clark,mclark@gmail.com,+1 255 595 3463,MX,North America,East Emily,36,M,Business,2019-03-18,2019,3,Silver,Email,True,English,Mastercard,Family,,Active,,OTA Referral,18,3874.65
C0001001953,Matilda,Sibilia,matilda70@yahoo.com,000-000-0000,IT,Europe,Caloveto,43,F,Leisure,2023-01-17,2023,1,Gold,Both,False,Italian,Apple Pay,Standard,,Inactive,2023-11-27,Walk-in,42,15685.97
C0001001954,知実,藤井,知実.藤井@acme.com,+81 992-240-392,JP,Asia Pacific,Pollardville,28,F,Business,2021-10-29,2021,10,Platinum,SMS,True,Japanese,Mastercard,Standard,,Active,2023-08-23,OTA Referral,1,13769.58
C0001001955,Sarah,Bailey,sarah.bailey@hotmail.com,+1 582 287 5878,SG,Asia Pacific,East Bethan,40,F,Leisure,2019-12-18,2019,12,Basic,Email,True,English,PayPal,Executive,,Active,2020-11-01,OTA Referral,5,9280.32
C0001001956,سلطان,آل حسين,سلطانآ@outlook.com,+971 594 720 3424,AE,Middle East,Lesleychester,44,M,Leisure,2024-08-11,2024,8,Basic,Email,True,Arabic,Visa,Standard,,Active,2025-08-14,OTA Referral,49,9429.65
C0001001957,لتين,العجلان,لالعجلان@gmail.com,+1 144 835 8767,SA,Middle East,Jonathanborough,49,F,Leisure,2024-09-23,2024,9,Non-Member,SMS,True,Arabic,PayPal,Executive,,Active,,Website Direct,4,2138.65
C0001001958,Joanna,Wells,joanna2@gmail.com,+1 279 321 4679,CH,Europe,Clivemouth,36,F,Leisure,2021-08-10,2021,8,Platinum,Email,True,English,Visa,Deluxe,,Active,2023-11-08,Walk-in,50,13348.49
C0001001959,Donna,Cole,donnac@hotmail.com,(212) 807-3416,US,North America,Walkermouth,37,F,Leisure,2021-02-14,2021,2,Non-Member,Email,True,English,Visa,Executive,,Active,2022-02-01,Website Direct,1,3827.02
C0001001960,Steven,Page,steven74@outlook.com,(329) 803-2369,US,North America,Grayburgh,43,M,Leisure,2023-08-19,2023,8,Non-Member,Email,False,English,Visa,Family,,Active,,Phone Booking,5,11618.44
C0001001961,Milo,Borghese,milob@gmail.com,+1 879 493 7206,IT,Europe,Burgos,52,M,Leisure,2024-06-22,2024,6,Silver,Email,True,Italian,PayPal,Deluxe,,Active,,Phone Booking,40,22504.77
C0001001962,Raymond,Ingram,guest@email.com,+1 781 110 2224,CA,North America,Damienton,37,M,Business,2024-11-12,2024,11,Basic,Email,True,English,Mastercard,Standard,Early Check-in,Active,2027-07-21,Corporate Contract,1,13809.91
C0001001963,Jamie,Cox,jamie24@gmail.com,+61 760 287 879,AU,Asia Pacific,Walkermouth,52,M,Leisure,2019-11-27,2019,11,Non-Member,SMS,True,English,Mastercard,Suite,,Inactive,2020-11-09,Website Direct,4,4426.06
C0001001964,Cameron,Robson,cameronr@hotmail.com,(089) 001-9286,US,North America,North Damian,46,M,Group,2019-05-09,2019,5,Non-Member,Email,False,English,American Express,Deluxe,,Active,2019-12-17,Walk-in,4,23069.51
C0001001965,Abigail,Williams,abigail_williams@hotmail.com,+1 382 922 7529,MX,North America,West Daletown,32,F,Leisure,2022-08-16,2022,8,Basic,SMS,True,English,Visa,Family,Wheelchair Accessible,Active,2023-10-08,OTA Referral,13,19102.89
C0001001966,Carly,Bennett,carly_bennett@icloud.com,+1 941 873 6374,CH,Europe,Brettmouth,42,F,Leisure,2020-11-21,2020,11,Platinum,Email,True,English,Visa,Executive,,Active,2022-10-15,Corporate Contract,6,14811.44
C0001001967,Damian,Smith,damian_smith@gmail.com,+1 561 275 2776,CO,South America,East Judith,25,M,Business,2019-05-13,2019,5,Platinum,Email,True,English,Visa,Suite,,Active,2021-07-16,OTA Referral,31,3375.79
C0001001968,Robin,Savage,robin.savage@gmail.com,(611) 107-6425,US,North America,North Aaronport,34,M,Leisure,2022-07-12,2022,7,Basic,Both,True,English,PayPal,Standard,,Active,,Phone Booking,29,640.21
C0001001969,현준,김,현준.김@cyberdyne.com,+1 653 783 8552,KR,Asia Pacific,South Douglasstad,34,M,Business,2024-08-21,2024,8,Silver,Email,True,Korean,Visa,Ocean View,,Active,2026-10-04,Walk-in,14,17719.79
C0001001970,Denise,Smith,denise.smith@oscorp.com,+1 470 992 7769,NL,Europe,Burtonchester,44,F,Business,2021-09-21,2021,9,Gold,Email,False,English,American Express,Suite,,Inactive,2024-04-23,Corporate Contract,0,19000.17
C0001001971,Howard,Gibson,hgibson@outlook.com,+44 5689 16117,GB,Europe,Janemouth,37,M,Family,2021-06-12,2021,6,Basic,Email,True,English,Mastercard,Deluxe,,Active,,Corporate Contract,24,22055.36
C0001001972,재현,우,재현우@hotmail.com,+1 812 785 1024,KR,Asia Pacific,New Phillipchester,33,M,Leisure,2020-02-06,2020,2,Non-Member,SMS,False,Korean,American Express,Standard,,Active,2022-08-25,Walk-in,5,19610.72
C0001001973,Camille,Weber,camille99@hotmail.com,0171483399,FR,Europe,Baron-sur-Mathieu,49,F,Group,2019-01-19,2019,1,Non-Member,SMS,True,French,Google Pay,Suite,,Inactive,,Walk-in,4,10794.1
C0001001974,Jack,Brady,jackb@outlook.com,+1 290 178 3354,MX,North America,Mannburgh,44,M,Leisure,2019-10-27,2019,10,Gold,Email,True,English,Mastercard,Standard,,Active,2020-08-02,Website Direct,49,21186.02
C0001001975,Emily,Matthews,ematthews@outlook.com,+1 480 479 1118,SE,Europe,Marieland,43,F,Leisure,2021-09-22,2021,9,Non-Member,Email,False,English,Visa,Standard,,Active,2023-11-12,Website Direct,5,6684.59
C0001001976,Jeffrey,Gregory,jeffrey18@gmail.com,+1 839 872 2204,NL,Europe,New Emily,40,M,Business,2023-09-30,2023,9,Silver,SMS,True,English,Visa,Executive,,Active,2025-12-31,Website Direct,34,1535.12
C0001001977,Jeremy,Giles,jeremyg@gmail.com,+1 878 855 1647,ZA,Africa,South Janet,46,M,Business,2024-10-04,2024,10,Non-Member,SMS,True,English,Visa,Executive,,Active,2025-10-15,Walk-in,2,13088.13
C0001001978,Robert,Davies,robertd@outlook.com,+44 5372 88035,GB,Europe,New Beverleyland,46,M,Leisure,2022-05-26,2022,5,Silver,Both,False,English,Google Pay,Executive,,Active,,Corporate Contract,18,10531.26
C0001001979,Liam,Turner,test@test.com,(933) 453-4680,US,North America,West Mohammad,52,M,Leisure,2024-05-25,2024,5,Basic,Email,True,English,Visa,Standard,,Active,,Phone Booking,6,2564.43
C0001001980,Amber,Robinson,arobinson@initech.com,+1 421 830 2126,KW,Middle East,West Paul,25,F,Business,2019-08-14,2019,8,Gold,Email,True,English,Mastercard,Executive,,Active,2020-12-11,Walk-in,0,12040.67
C0001001981,Stephanie,Richardson,srichardson@gmail.com,+1 911 566 9498,NL,Europe,West Barryborough,43,F,Leisure,2021-04-06,2021,4,Gold,Email,True,English,Visa,Deluxe,,Active,2022-05-21,Website Direct,17,6613.19
C0001001982,Jeremy,Douglas,jeremy15@outlook.com,+1 496 877 2080,SG,Asia Pacific,New Barbara,48,M,Business,2019-04-29,2019,4,Non-Member,Email,False,English,Visa,Suite,,Active,2019-06-02,Website Direct,4,18873.61
C0001001983,Terry,Murray,terry82@outlook.com,000-000-0000,US,North America,East Lyndaburgh,42,M,Leisure,2020-11-12,2020,11,Non-Member,Email,True,English,Visa,Executive,,Inactive,2023-10-12,Phone Booking,2,14537.25
C0001001984,Peter,Roberts,peterr@gmail.com,+1 714 530 8233,MX,North America,Lake Harryland,53,M,Leisure,2023-01-25,2023,1,Platinum,Email,False,English,Apple Pay,Standard,,Inactive,2024-06-17,Phone Booking,42,11877.96
C0001001985,Simon,Conway,test@test.com,(066) 518-8593,US,North America,North Marion,32,M,Business,2022-06-06,2022,6,Non-Member,Email,False,English,Mastercard,Executive,Allergies,Active,,Walk-in,1,17328.25
C0001001986,Carolyn,Hartley,carolyn_hartley@outlook.com,(029) 966-4784,US,North America,Davieston,30,F,Family,2019-02-11,2019,2,Gold,Email,False,English,American Express,Family,,Active,,OTA Referral,39,11990.09
C0001001987,Joel,Kent,joelk@gmail.com,+1 712 686 4681,SG,Asia Pacific,West Robin,27,M,Family,2019-12-10,2019,12,Basic,SMS,False,English,Mastercard,Suite,,Active,2019-12-13,Corporate Contract,49,13902.02
C0001001988,Kimberley,Foster,kimberley.foster@yahoo.com,+1 337 577 8577,CH,Europe,Kellyfurt,41,F,Leisure,2019-11-29,2019,11,Non-Member,SMS,True,English,Mastercard,Standard,,Active,,Walk-in,1,5481.43
C0001001989,Kevin,Döring,kevin36@outlook.com,+49 5348 3862,DE,Europe,Lübz,43,M,Leisure,2023-08-16,2023,8,Basic,Email,True,German,Mastercard,Suite,,Active,,OTA Referral,32,20397.46
C0001001990,真綾,石井,真石井@waynecorp.com,120-297-4572,JP,Asia Pacific,Bowenville,29,F,Business,2020-02-22,2020,2,Platinum,Email,True,Japanese,Mastercard,Suite,"Non-smoking, High Floor",Active,2020-08-28,Phone Booking,32,18505.99
C0001001991,Yvonne,Greenwood,yvonneg@gmail.com,+1 971 219 3822,NL,Europe,New Dorothy,38,F,Family,2024-06-20,2024,6,Silver,Email,False,English,Visa,Deluxe,,Active,2025-12-14,Corporate Contract,22,23107.18
C0001001992,Irma,Cabezas,icabezas@gmail.com,+1 297 890 3812,AR,South America,South مشفق,49,F,Leisure,2019-09-02,2019,9,Gold,Email,True,English,American Express,Deluxe,,Active,2022-08-30,Phone Booking,9,15104.48
C0001001993,Óscar,Expósito,óscar_expósito@gmail.com,+1 504 646 8613,AR,South America,Port مَسعد,43,M,Leisure,2021-01-09,2021,1,Platinum,Both,False,English,American Express,Suite,,Active,,Corporate Contract,17,18936.15
C0001001994,Donald,Barry,donald_barry@outlook.com,+1 337 751 9048,TH,Asia Pacific,Royhaven,34,M,Leisure,2022-06-17,2022,6,Silver,Email,True,English,Apple Pay,Standard,Allergies,Active,,Website Direct,7,22795.2
C0001001995,Stuart,Jones,sjones@gmail.com,+1 517 602 6893,MX,North America,New Jonathanton,45,M,Leisure,2020-01-14,2020,1,Non-Member,Email,True,English,Visa,Family,,Inactive,,Phone Booking,4,6776.7
C0001001996,Alexandra,Wright,awright@outlook.com,0071 528 679,AU,Asia Pacific,Port Jackberg,25,F,Family,2022-01-31,2022,1,Non-Member,Email,True,English,Visa,Deluxe,,Active,,Phone Booking,2,4130.24
C0001001997,현지,김,현지47@gmail.com,+1 264 320 2377,KR,Asia Pacific,Port Shanehaven,42,F,Family,2020-11-28,2020,11,Non-Member,Email,True,Korean,American Express,Suite,,Active,,Phone Booking,5,11860.75
C0001001998,Baldomero,Torrents,btorrents@gmail.com,+1 132 761 2608,ES,Europe,Soria,42,M,Leisure,2022-11-11,2022,11,Basic,Email,True,Spanish,Apple Pay,Ocean View,"Allergies, High Floor",Active,2023-05-28,Walk-in,23,18208.79
C0001001999,涛,顾,涛顾@outlook.com,+86 919 5297 577,CN,Asia Pacific,East Charlesside,31,M,Leisure,2021-02-12,2021,2,Platinum,Email,True,Chinese,Visa,Deluxe,"Wheelchair Accessible, High Floor",Inactive,2021-03-28,OTA Referral,36,10424.63
C0001002000,Jonathan,Turner,jonathan73@outlook.com,+1 960 410 6122,TH,Asia Pacific,Lake Tina,48,M,Leisure,2023-09-16,2023,9,Non-Member,Email,True,English,Mastercard,Deluxe,,Active,2026-04-23,OTA Referral,1,6070.44
C0001002001,Carly,Wade,carly.wade@gmail.com,(944) 778-7673,US,North America,South Frankstad,37,F,Group,2020-06-11,2020,6,Basic,Email,False,English,Visa,Ocean View,,Active,2022-04-23,Phone Booking,22,22607.32
C0001002002,수빈,김,수빈.김@gmail.com,+1 246 533 6106,KR,Asia Pacific,Lyndachester,30,F,Leisure,2020-02-21,2020,2,Basic,Email,False,Korean,Visa,Standard,,Active,2022-02-15,Walk-in,37,10138.72
C0001002003,Julia,Sims,julias@hotmail.com,(382) 647-9550,US,North America,West Mohammed,45,F,Group,2019-10-03,2019,10,Silver,Email,True,English,Visa,Suite,,Active,,OTA Referral,41,9596.18
C0001002004,Shaun,Holland,shaun.holland@outlook.com,+1 612 253 1699,QA,Middle East,Dianeberg,43,M,Group,2020-02-25,2020,2,Platinum,Email,True,English,Visa,Standard,,Inactive,,Phone Booking,20,788.96
C0001002005,Graham,Browne,graham86@gmail.com,+1 984 146 2979,QA,Middle East,Elaineberg,43,M,Leisure,2019-02-02,2019,2,Non-Member,SMS,False,English,Visa,Deluxe,,Active,2021-12-29,OTA Referral,4,8323.28
C0001002006,Kathryn,Reed,kathrynr@gmail.com,+1 517 305 4335,QA,Middle East,New Leigh,48,F,Leisure,2022-06-29,2022,6,Gold,Email,True,English,American Express,Executive,,Active,2025-03-22,Corporate Contract,21,2858.65
C0001002007,راما,آل بن لافي,راما.آل بن لافي@gmail.com,+1 815 530 2823,SA,Middle East,New Rebeccaburgh,50,F,Leisure,2021-05-07,2021,5,Non-Member,Email,True,Arabic,Visa,Family,,Active,,Website Direct,4,21699.27
C0001002008,Harry,Jennings,harry_jennings@gmail.com,+1 591 626 5171,MX,North America,Port Garryside,38,M,Leisure,2023-05-06,2023,5,Silver,Email,True,English,American Express,Family,,Active,,OTA Referral,35,8742.19
C0001002009,Luke,Graham,luke.graham@outlook.com,+61 678 584 540,AU,Asia Pacific,West James,36,M,Group,2020-07-27,2020,7,Basic,Email,False,English,Visa,Standard,,Active,,Phone Booking,31,2721.49
C0001002010,Pamela,Patel,pamelap@acme.com,+1 247 534 7331,SE,Europe,Ruthborough,38,F,Business,2022-09-07,2022,9,Silver,Email,True,English,Mastercard,Deluxe,,Active,2024-07-19,Walk-in,1,20098.9
C0001002011,Beverley,Lewis,beverley.lewis@dummycorp.com,+1 120 209 9314,SG,Asia Pacific,Marilynport,34,F,Business,2023-11-29,2023,11,Non-Member,Email,False,English,Mastercard,Standard,,Active,2025-02-28,Corporate Contract,0,4983.16
C0001002012,يسري,آل بن ظافر,يسريآ@outlook.com,+971 268 821 3337,AE,Middle East,South Max,40,M,Business,2024-05-14,2024,5,Non-Member,Both,True,Arabic,PayPal,Standard,,Active,,OTA Referral,2,12832.04
C0001002013,Melanie,Morgan,melanie.morgan@gmail.com,+1 963 301 5570,SG,Asia Pacific,Aliceshire,44,F,Business,2020-08-06,2020,8,Basic,None,False,English,Visa,Suite,,Active,2023-04-12,Walk-in,16,4641.65
C0001002014,Mary,Williams,mary_williams@umbrellacorp.com,+44 1296 06456,GB,Europe,Lewismouth,35,F,Business,2023-05-05,2023,5,Basic,Email,True,English,Visa,Ocean View,,Inactive,2024-06-08,Phone Booking,9,4199.24
C0001002015,Connor,Bolton,cbolton@yahoo.com,+1 630 208 8228,QA,Middle East,Port Norman,46,M,Family,2023-12-25,2023,12,Basic,Email,True,English,Mastercard,Deluxe,,Active,,Corporate Contract,33,11694.58
C0001002016,Hugh,Kennedy,hugh.kennedy@outlook.com,+1 304 338 1121,MX,North America,Mauriceborough,30,M,Leisure,2023-10-03,2023,10,Silver,Both,True,English,American Express,Deluxe,,Inactive,2025-06-26,Phone Booking,33,9224.25
C0001002017,Hayley,Williams,hayley_williams@oscorp.com,+91 937 289 8749,IN,Asia Pacific,Miahmouth,36,F,Business,2022-10-29,2022,10,Non-Member,SMS,False,English,Visa,Executive,,Active,2023-11-06,Corporate Contract,3,17531.31
C0001002018,Brian,Jones,brian.jones@gmail.com,+1 211 940 3454,CH,Europe,West Lorrainestad,43,M,Leisure,2022-10-04,2022,10,Silver,Email,True,English,Apple Pay,Family,"Non-smoking, Early Check-in",Active,2024-09-15,Corporate Contract,26,296.72
C0001002019,Lynda,Warren,lynda.warren@acme.com,+1 390 688 4930,CA,North America,Robinsontown,39,F,Business,2023-06-14,2023,6,Platinum,Email,True,English,Google Pay,Deluxe,,Active,,Phone Booking,38,1827.37
C0001002020,Georges,Paul,georges.paul@gmail.com,+33 271 352 453,FR,Europe,Delorme,42,M,Leisure,2024-08-17,2024,8,Silver,Email,True,French,Google Pay,Deluxe,,Active,2026-12-10,Corporate Contract,43,13144.43
C0001002021,Gillian,Morris,gmorris@outlook.com,+1 694 157 6259,CO,South America,Lake Vincentstad,34,F,Group,2019-11-12,2019,11,Silver,Email,False,English,American Express,Standard,Wheelchair Accessible,Active,2021-02-16,Website Direct,45,7039.54
C0001002022,Wayne,Harvey,wharvey@outlook.com,+1 271 942 4300,SE,Europe,East Andrew,44,M,Leisure,2022-04-17,2022,4,Gold,Email,True,English,American Express,Standard,Non-smoking,Active,2022-08-04,OTA Referral,23,13544.48
C0001002023,Sally,Walker,sally.walker@starkindustries.com,(743) 888-3498,US,North America,New Alan,42,F,Business,2023-08-15,2023,8,Basic,Email,True,English,Mastercard,Standard,,Active,,OTA Referral,28,935.73
C0001002024,도윤,박,noemail@provided.com,+1 112 776 5585,KR,Asia Pacific,Lake Jasminefort,32,M,Business,2019-02-28,2019,2,Non-Member,Email,True,Korean,Visa,Standard,,Active,2020-02-04,Walk-in,2,4582.0
C0001002025,James,Gill,james78@outlook.com,+1 475 429 6590,SG,Asia Pacific,North Mitchellchester,55,M,Leisure,2024-08-20,2024,8,Platinum,Email,False,English,Visa,Executive,,Active,2026-09-22,Walk-in,31,16720.24
C0001002026,Marc,Lambert,marc59@yahoo.com,+1 772 282 9308,SE,Europe,North Stephanieport,40,M,Family,2024-07-12,2024,7,Basic,Email,True,English,American Express,Suite,,Active,2027-02-11,Website Direct,22,17317.15
C0001002027,Scott,Blake,scott.blake@umbrellacorp.com,+91 378 793 4955,IN,Asia Pacific,Albertland,37,M,Business,2020-07-28,2020,7,Non-Member,Email,True,English,American Express,Standard,,Active,2020-10-23,Phone Booking,2,15455.3
C0001002028,June,Welch,june72@starkindustries.com,946-311-4461,US,North America,Katebury,38,F,Business,2020-08-21,2020,8,Basic,Email,False,English,Mastercard,Deluxe,,Active,2021-12-15,Website Direct,10,20333.53
C0001002029,Naomi,Brennan,naomi.brennan@tyrellcorp.com,+1 216 779 4099,CO,South America,Wendyberg,32,F,Business,2019-06-28,2019,6,Silver,Email,False,English,Visa,Standard,,Active,2020-07-15,Corporate Contract,50,19377.87
C0001002030,Luke,Quinn,luke.quinn@gmail.com,(794) 423-3306,US,North America,Bernardtown,41,M,Leisure,2023-06-22,2023,6,Basic,Email,True,English,American Express,Standard,,Active,2024-05-23,Walk-in,27,21288.56
C0001002031,Kayleigh,Sanders,kayleigh95@gmail.com,+1 228 160 9768,SE,Europe,Boothburgh,36,F,Business,2022-05-27,2022,5,Gold,Email,True,English,Visa,Family,,Active,2023-11-02,Phone Booking,50,6649.64
C0001002032,Patrick,Matthews,pmatthews@waynecorp.com,+1 702 603 5232,TH,Asia Pacific,Lake Mathewchester,39,M,Business,2021-01-16,2021,1,Silver,Email,True,English,Visa,Standard,,Active,2023-08-30,OTA Referral,20,21929.33
C0001002033,Elizabeth,Norris,enorris@globex.com,+1 542 283 8301,NL,Europe,Port Glenmouth,33,F,Business,2024-05-10,2024,5,Non-Member,Email,True,English,American Express,Executive,,Active,,Corporate Contract,3,7758.78
C0001002034,Colin,Shaw,colin.shaw@gmail.com,+1 652 173 4023,CA,North America,South Wendy,37,M,Leisure,2019-05-08,2019,5,Basic,Email,True,English,Mastercard,Suite,,Inactive,,Corporate Contract,33,17849.63
C0001002035,Lisa,Francis,lisa.francis@gmail.com,+91 472 943 6704,IN,Asia Pacific,Lake Kelly,58,F,Leisure,2024-07-07,2024,7,Basic,SMS,False,English,Mastercard,Executive,,Inactive,,Walk-in,2,351.72
C0001002036,Odalis,Menendez,guest@email.com,+1 783 667 8678,ES,Europe,Baleares,49,F,Business,2021-09-15,2021,9,Gold,Email,False,Spanish,Google Pay,Standard,,Active,2023-03-30,Corporate Contract,14,16369.48
C0001002037,Mathew,Jones,mathewj@outlook.com,+91 193 823 6138,IN,Asia Pacific,South Brandon,34,M,Leisure,2024-05-20,2024,5,Basic,Email,False,English,Visa,Family,,Active,2027-03-16,Website Direct,34,23290.05
C0001002038,César,Cerro,césarc@gmail.com,+1 283 919 1352,ES,Europe,Ourense,55,M,Leisure,2024-05-16,2024,5,Silver,Email,True,Spanish,Mastercard,Deluxe,,Active,2027-01-06,Corporate Contract,10,16845.88
C0001002039,Alison,Morris,alison16@gmail.com,+1 867 672 3926,CH,Europe,Port Jemma,30,F,Business,2024-12-20,2024,12,Silver,Email,True,English,American Express,Executive,,Active,,Corporate Contract,25,23631.62
C0001002040,Eligio,Ferrer,eferrer@gmail.com,+1 893 226 5900,ES,Europe,Murcia,52,M,Leisure,2022-03-15,2022,3,Platinum,Both,True,Spanish,Mastercard,Standard,,Active,2022-07-25,Corporate Contract,21,6112.24
C0001002041,Elliott,Matthews,elliott7@waynecorp.com,+1 123 190 7232,MX,North America,West Alantown,39,M,Business,2020-09-29,2020,9,Non-Member,Email,True,English,Mastercard,Deluxe,,Active,2023-04-28,Walk-in,0,24086.25
C0001002042,Declan,Roberts,droberts@gmail.com,+1 374 519 7194,CH,Europe,Annettefurt,37,M,Family,2023-07-21,2023,7,Basic,Email,True,English,Mastercard,Standard,,Active,2024-09-01,OTA Referral,31,23978.19
C0001002043,ساطع,آل حسين,سآل حسين@waynecorp.com,+971 850 297 5888,AE,Middle East,Blakeview,25,M,Business,2019-07-03,2019,7,Basic,SMS,False,Arabic,Visa,Deluxe,,Inactive,,Phone Booking,49,8992.34
C0001002044,Joel,Whitehouse,joel.whitehouse@gmail.com,+1 824 204 3849,NL,Europe,Georginashire,42,M,Leisure,2019-10-20,2019,10,Gold,Email,False,English,Visa,Standard,,Active,2020-10-26,Phone Booking,36,1955.56
C0001002045,Arturo,Coppola,acoppola@umbrellacorp.com,+1 253 592 5304,IT,Europe,Elmas,38,M,Business,2023-09-28,2023,9,Non-Member,Email,False,Italian,PayPal,Deluxe,"Early Check-in, Non-smoking",Active,2023-10-12,Website Direct,1,21204.75
C0001002046,Phillip,Clark,phillipc@gmail.com,+1 373 246 5056,MX,North America,Barretttown,51,M,Leisure,2022-05-07,2022,5,Gold,Email,False,English,American Express,Ocean View,Non-smoking,Active,2022-05-09,OTA Referral,1,11630.9
C0001002047,Barry,Bell,barry_bell@gmail.com,+1 883 182 9643,CH,Europe,South David,31,M,Leisure,2021-09-23,2021,9,Gold,Both,False,English,Mastercard,Standard,,Active,2024-03-10,Corporate Contract,1,12354.34
C0001002048,Christian,McCarthy,christian.mccarthy@gmail.com,+1 598 621 9001,MX,North America,Marshallburgh,44,M,Leisure,2022-04-26,2022,4,Silver,Email,False,English,Apple Pay,Deluxe,Early Check-in,Active,,Phone Booking,23,18967.91
C0001002049,Graeme,Bailey,graemeb@acme.com,+1 353 360 6036,NL,Europe,New Gregory,25,M,Business,2023-08-31,2023,8,Non-Member,Email,True,English,Mastercard,Ocean View,,Active,,Website Direct,3,23873.87
C0001002050,Timothée,Mary,tmary@gmail.com,+33 732 396 130,FR,Europe,Baronboeuf,48,M,Leisure,2021-08-09,2021,8,Gold,Email,False,French,PayPal,Deluxe,,Active,2022-01-24,Website Direct,34,12183.95
C0001002051,Elba,Hervia,elbah@gmail.com,+1 486 360 6875,AR,South America,North ريّان,50,F,Leisure,2023-01-07,2023,1,Silver,SMS,False,English,Visa,Standard,,Inactive,2023-01-10,Walk-in,43,11476.52
C0001002052,Jade,Thompson,jthompson@outlook.com,,AU,Asia Pacific,Fostermouth,49,F,Family,2022-02-25,2022,2,Silver,Both,False,English,Visa,Ocean View,,Active,,Corporate Contract,8,18995.45
C0001002053,Sarah,Barker,sarah_barker@globex.com,(466) 544-5128,US,North America,Jeffreyland,47,F,Business,2022-09-01,2022,9,Gold,Email,True,English,Visa,Deluxe,,Active,2025-08-25,Walk-in,5,11544.47
C0001002054,Elliott,Campbell,elliottc@gmail.com,+1 113 500 6504,MX,North America,Port Jodie,54,M,Leisure,2024-07-04,2024,7,Basic,Email,True,English,Visa,Standard,,Active,2025-11-25,Walk-in,1,14104.47
C0001002055,楠,张,楠52@outlook.com,500 4726 252,CN,Asia Pacific,New Harriet,35,M,Leisure,2023-05-20,2023,5,Basic,Email,True,Chinese,Visa,Standard,,Active,2024-05-02,Walk-in,35,2545.47
C0001002056,Callum,Ward,callum46@tyrellcorp.com,+1 466 239 9711,CH,Europe,West Graeme,35,M,Business,2022-10-08,2022,10,Basic,SMS,False,English,Visa,Standard,,Active,2023-12-23,Corporate Contract,35,8004.57
C0001002057,Leah,Hamilton,leah_hamilton@yahoo.com,+1 332 304 9908,CA,North America,Port Ryan,50,F,Leisure,2024-01-06,2024,1,Gold,SMS,True,English,Mastercard,Standard,,Active,,Walk-in,21,3207.67
C0001002058,Albert,Ward,albertw@outlook.com,+91 754 331 5341,IN,Asia Pacific,North Bethan,37,M,Leisure,2024-08-11,2024,8,Gold,SMS,False,English,American Express,Standard,,Active,2026-07-29,OTA Referral,42,20828.08
C0001002059,영호,김,영호김@gmail.com,+1 504 887 8564,KR,Asia Pacific,Eileenview,35,M,Group,2024-12-23,2024,12,Basic,Email,False,Korean,Visa,Suite,,Active,2026-06-08,Phone Booking,22,9484.88
C0001002060,영철,김,영철_김@gmail.com,,KR,Asia Pacific,Clareshire,31,M,Leisure,2024-05-06,2024,5,Non-Member,SMS,True,Korean,Visa,Standard,,Active,2026-05-22,OTA Referral,3,13974.0
C0001002061,Carole,Porter,cporter@gmail.com,+1 968 492 1030,MX,North America,Port Joannafort,41,F,Leisure,2020-08-23,2020,8,Basic,Both,True,English,PayPal,Suite,,Active,2023-05-28,Walk-in,30,13980.67
C0001002062,Peter,Sullivan,peter86@hotmail.com,+1 105 756 2953,CA,North America,East Natashaview,41,M,Leisure,2023-04-04,2023,4,Silver,Email,True,English,Mastercard,Deluxe,,Active,2024-03-29,Walk-in,19,12825.97
C0001002063,Catherine,Nixon,catherine_nixon@outlook.com,+1 781 232 6690,CH,Europe,Armstrongburgh,39,F,Family,2024-07-22,2024,7,Gold,SMS,True,English,Mastercard,Ocean View,,Active,2026-11-16,Corporate Contract,11,21643.1
C0001002064,Matthew,Davidson,matthew.davidson@gmail.com,+1 757 929 2659,CA,North America,Leonmouth,42,M,Business,2024-02-26,2024,2,Silver,Email,False,English,Google Pay,Standard,,Active,2026-09-02,Walk-in,29,4263.11
C0001002065,Sandra,Davies,sandra_davies@tyrellcorp.com,+1 719 104 9934,CA,North America,Carrollfort,36,F,Business,2020-03-07,2020,3,Basic,Email,False,English,Mastercard,Executive,,Active,2022-11-03,Website Direct,42,8222.45
C0001002066,Clifford,Miller,clifford_miller@gmail.com,+1 837 402 7585,MX,North America,West Neil,37,M,Leisure,2021-04-22,2021,4,Gold,Email,True,English,Google Pay,Standard,,Active,2022-05-23,OTA Referral,5,22294.1
C0001002067,Ruggero,Bresciani,ruggerob@gmail.com,+1 864 513 8836,IT,Europe,Agello,33,M,Leisure,2023-10-26,2023,10,Non-Member,SMS,False,Italian,Visa,Suite,,Active,2025-05-18,Corporate Contract,5,3187.13
C0001002068,Jack,Watson,jackw@outlook.com,+1 592 283 7329,MX,North America,New Justin,52,M,Leisure,2019-10-15,2019,10,Silver,Email,False,English,American Express,Suite,,Inactive,,Walk-in,13,6683.21
C0001002069,Paige,Holden,paige70@outlook.com,+1 497 385 4456,MX,North America,Tomberg,49,F,Business,2023-04-17,2023,4,Non-Member,Email,True,English,Visa,Executive,Early Check-in,Active,2025-06-11,Website Direct,2,18706.72
C0001002070,Dominic,Gray,dgray@gmail.com,0681 526 315,AU,Asia Pacific,North Helenborough,41,M,Leisure,2023-05-24,2023,5,Gold,Email,False,English,Visa,Standard,,Active,2024-03-08,OTA Referral,49,23638.85
C0001002071,Hannah,Lloyd,hannah_lloyd@gmail.com,+1 775 170 8369,MX,North America,Kellyport,42,F,Business,2020-11-18,2020,11,Basic,Email,True,English,Visa,Executive,,Active,,Website Direct,47,14375.67
C0001002072,Harry,Morris,hmorris@outlook.com,+1 489 609 4535,TH,Asia Pacific,Lake Andrewton,38,M,Family,2022-02-08,2022,2,Basic,Email,False,English,Google Pay,Deluxe,,Active,,Website Direct,3,15679.07
C0001002073,Lucio,Amaldi,lucio91@initech.com,+1 467 120 6688,IT,Europe,Cortino,25,M,Business,2023-08-24,2023,8,Non-Member,Email,False,Italian,Mastercard,Suite,,Active,,Corporate Contract,4,8332.49
C0001002074,Roger,Henderson,roger.henderson@hotmail.com,+1 209 431 8744,SE,Europe,Port Leslieview,39,M,Leisure,2019-12-23,2019,12,Platinum,SMS,True,English,American Express,Executive,,Active,,OTA Referral,28,6833.54
C0001002075,Wayne,Bibi,wbibi@gmail.com,+61 491 769 487,AU,Asia Pacific,Shaneburgh,40,M,Leisure,2024-05-11,2024,5,Non-Member,Email,True,English,Mastercard,Suite,,Active,2025-07-22,Corporate Contract,1,6713.43
C0001002076,Louise,Marshall,louise82@gmail.com,+91 209 942 6999,IN,Asia Pacific,Kellyhaven,47,F,Family,2021-02-22,2021,2,Silver,Email,True,English,American Express,Standard,,Active,2023-11-01,Corporate Contract,29,19102.65
C0001002077,Éric,Morel,éricm@gmail.com,+33 568 061 338,FR,Europe,Lefèvre,41,M,Group,2023-10-01,2023,10,Non-Member,Email,False,French,Apple Pay,Deluxe,,Active,,Website Direct,4,3508.14
C0001002078,Gisela,Ruano,gisela.ruano@outlook.com,000-000-0000,ES,Europe,Ourense,44,F,Business,2024-07-09,2024,7,Silver,Email,True,Spanish,Visa,Executive,"Wheelchair Accessible, Non-smoking",Active,,Website Direct,29,19942.42
C0001002079,Jasmine,Singh,jasmine_singh@outlook.com,+1 121 209 8644,CO,South America,North Derekberg,50,F,Group,2019-05-24,2019,5,Non-Member,Email,False,English,Visa,Family,,Active,,Website Direct,2,1748.92
C0001002080,은주,김,은김@gmail.com,+1 990 481 8646,KR,Asia Pacific,Jonathanland,54,F,Leisure,2020-08-06,2020,8,Silver,SMS,True,Korean,Visa,Family,,Active,,Walk-in,41,21738.14
C0001002081,Philip,Green,philip83@gmail.com,+1 357 957 2486,CO,South America,Carpenterchester,45,M,Leisure,2023-09-12,2023,9,Non-Member,Email,True,English,American Express,Standard,,Active,,Walk-in,2,18449.92
C0001002082,Bernard,Jenkins,bernardj@umbrellacorp.com,+1 109 973 2617,QA,Middle East,West Rosemary,42,M,Business,2022-07-31,2022,7,Platinum,Email,True,English,Mastercard,Standard,,Active,,Website Direct,43,3473.5
C0001002083,도윤,박,도박@gmail.com,,KR,Asia Pacific,Lake Rickyview,33,M,Leisure,2021-06-30,2021,6,Basic,Email,False,Korean,Mastercard,Ocean View,,Inactive,2022-04-04,Corporate Contract,2,12115.64
C0001002084,Shannon,Harris,shannon90@gmail.com,+1 481 195 1954,CA,North America,West Glenn,27,F,Group,2024-08-04,2024,8,Silver,Email,False,English,Visa,Standard,,Active,2025-02-27,Corporate Contract,4,9670.47
C0001002085,Stephanie,Hill,stephanie76@umbrellacorp.com,+1 799 715 4198,MX,North America,Carlville,34,F,Business,2022-06-02,2022,6,Gold,Email,False,English,Visa,Deluxe,,Active,,Phone Booking,1,16413.51
C0001002086,Joshua,Mills,joshua.mills@outlook.com,+1 871 243 2013,CA,North America,New Charliefort,57,M,Leisure,2023-11-14,2023,11,Basic,Email,False,English,Mastercard,Deluxe,"Wheelchair Accessible, Late Check-out",Active,2025-06-29,OTA Referral,10,18160.04
C0001002087,Allan,Whitehead,allan_whitehead@gmail.com,,CA,North America,Josephinehaven,34,M,Family,2024-06-21,2024,6,Non-Member,SMS,True,English,Visa,Standard,,Active,,Corporate Contract,0,2325.55
C0001002088,Valerie,Mason,valerie_mason@initech.com,06656 753 878,GB,Europe,Mollymouth,44,F,Business,2022-12-20,2022,12,Silver,Both,True,English,Visa,Suite,,Active,2023-02-21,Website Direct,48,10471.13
C0001002089,Marion,Hill,mhill@hotmail.com,287-828-3349,US,North America,Noblechester,37,F,Leisure,2019-07-16,2019,7,Silver,Email,True,English,Google Pay,Standard,,Active,2019-08-13,Walk-in,47,16224.53
C0001002090,Tracey,Thompson,traceyt@dummycorp.com,065-380-3005,US,North America,Francisstad,38,F,Business,2022-10-21,2022,10,Non-Member,Email,True,English,Mastercard,Deluxe,,Inactive,2024-01-08,Corporate Contract,5,3373.68
C0001002091,Lawrence,Clarke,lclarke@outlook.com,+1 440 783 2743,NL,Europe,Port Cameron,48,M,Leisure,2021-04-04,2021,4,Non-Member,Both,True,English,American Express,Standard,,Active,,Corporate Contract,1,9932.84
C0001002092,Louise,Patel,louise_patel@cyberdyne.com,+1 983 955 8827,CA,North America,Damiantown,38,F,Business,2021-08-20,2021,8,Basic,Email,False,English,Visa,Deluxe,,Active,2023-09-02,Phone Booking,7,10027.22
C0001002093,Martyn,Martin,martyn.martin@outlook.com,+1 619 447 5377,MX,North America,Carolineville,37,M,Leisure,2023-01-24,2023,1,Non-Member,Both,True,English,Visa,Standard,,Active,2023-09-18,Phone Booking,1,6329.94
C0001002094,H.-Dieter,Dobes,hdobes@starkindustries.com,+49 042 37855,DE,Europe,Luckenwalde,35,M,Business,2019-11-09,2019,11,Platinum,Email,True,German,Visa,Standard,,Active,2021-06-15,Corporate Contract,20,21507.16
C0001002095,红霞,陈,红霞陈@outlook.com,+86 295 9033 288,CN,Asia Pacific,Charlesview,32,M,Leisure,2024-01-30,2024,1,Non-Member,SMS,True,Chinese,PayPal,Standard,,Active,2026-05-26,Corporate Contract,2,5317.49
C0001002096,Joan,Ahmed,joan.ahmed@gmail.com,+1 856 673 6060,CA,North America,Graceberg,39,F,Leisure,2019-07-09,2019,7,Silver,Email,True,English,American Express,Standard,,Active,2021-09-19,Corporate Contract,7,23370.24
C0001002097,Alonso,Roura,alonso.roura@gmail.com,+1 115 485 1491,ES,Europe,Asturias,44,M,Business,2020-06-07,2020,6,Silver,Email,False,Spanish,Visa,Executive,,Active,,Walk-in,30,23451.74
C0001002098,James,Cox,jcox@gmail.com,+1 131 561 3279,MX,North America,Lake Julianmouth,43,M,Leisure,2019-11-28,2019,11,Gold,Both,False,English,PayPal,Standard,,Active,2021-01-06,Walk-in,46,17027.11
C0001002099,Mitchell,Pearson,mitchellp@gmail.com,+1 308 708 7016,MX,North America,Baileyshire,49,M,Leisure,2021-11-11,2021,11,Non-Member,Email,True,English,Apple Pay,Deluxe,,Active,2023-06-03,Walk-in,3,10419.17
C0001002100,Aaron,Dickinson,aaron_dickinson@starkindustries.com,832-318-1129,US,North America,North Nathanborough,37,M,Business,2023-04-04,2023,4,Basic,None,False,English,American Express,Executive,"Non-smoking, Late Check-out",Active,2023-10-06,Website Direct,21,20975.69
C0001002101,성훈,양,성양@dummycorp.com,+1 578 619 6614,KR,Asia Pacific,New Damian,48,M,Business,2019-09-04,2019,9,Basic,Email,True,Korean,Apple Pay,Executive,,Active,2021-09-11,OTA Referral,7,9829.76
C0001002102,Shane,Wilkinson,shanew@initech.com,+1 466 120 9161,MX,North America,North Lauren,37,M,Business,2021-11-23,2021,11,Gold,SMS,True,English,Visa,Suite,,Active,2022-03-17,OTA Referral,6,6443.67
C0001002103,直人,林,直人林@waynecorp.com,730-949-5192,JP,Asia Pacific,Carlborough,30,M,Business,2019-08-28,2019,8,Silver,Email,True,Japanese,Visa,Executive,,Inactive,2022-03-05,OTA Referral,36,3879.93
C0001002104,亮介,中島,test@test.com,+81 964-085-234,JP,Asia Pacific,Lake Melissa,46,M,Leisure,2022-06-29,2022,6,Basic,Email,True,Japanese,American Express,Standard,Allergies,Active,2024-09-10,Walk-in,10,7188.96
C0001002105,Melina,Peixoto,melina.peixoto@acme.com,(681) 2152-340,BR,South America,New Julianshire,39,F,Business,2023-07-10,2023,7,Non-Member,Email,True,Portuguese,Visa,Deluxe,,Inactive,2024-05-23,Website Direct,0,16656.06
C0001002106,Patricia,Smith,patricia11@oscorp.com,+1 236 219 7579,CA,North America,Dennishaven,39,F,Business,2023-05-05,2023,5,Basic,Email,True,English,PayPal,Suite,Wheelchair Accessible,Active,2025-06-11,Website Direct,25,21064.55
C0001002107,Raymond,Webb,raymond.webb@gmail.com,+61 320 630 458,AU,Asia Pacific,North Julieton,53,M,Leisure,2019-02-26,2019,2,Silver,Email,True,English,Mastercard,Deluxe,,Active,,Phone Booking,25,3893.05
C0001002108,Rhys,Connolly,test@test.com,+1 988 202 5914,QA,Middle East,Lake Sallyport,35,M,Business,2022-12-02,2022,12,Gold,Email,True,English,PayPal,Suite,,Active,2024-01-02,Website Direct,39,13116.0
C0001002109,淑兰,赵,淑兰_赵@acme.com,457 4246 321,CN,Asia Pacific,Port Bruce,46,F,Business,2020-06-16,2020,6,Silver,Email,True,Chinese,Mastercard,Deluxe,,Active,2023-04-06,Website Direct,31,505.14
C0001002110,민지,황,민지황@gmail.com,+1 984 965 7947,KR,Asia Pacific,Leahbury,44,F,Family,2024-02-13,2024,2,Silver,Email,True,Korean,Visa,Deluxe,,Active,2025-06-29,Walk-in,3,15025.51
C0001002111,Derek,Hart,derek8@hotmail.com,813-790-5456,US,North America,North Harryshire,43,M,Family,2019-10-15,2019,10,Non-Member,Email,True,English,Visa,Executive,,Inactive,2020-05-10,Website Direct,2,7011.48
C0001002112,宁,邵,宁邵@gmail.com,716 8891 832,CN,Asia Pacific,Lake Rosemaryside,37,M,Group,2022-07-01,2022,7,Gold,Email,True,Chinese,Visa,Standard,,Active,2025-01-03,OTA Referral,16,19116.55
C0001002113,Valerie,Ward,vward@outlook.com,+1 348 721 5525,MX,North America,Hutchinsonberg,45,F,Family,2023-02-14,2023,2,Non-Member,Email,True,English,Mastercard,Suite,,Active,2024-10-12,Corporate Contract,0,8673.31
C0001002114,Iain,Burton,iain95@starkindustries.com,+1 960 294 2199,MX,North America,Mandyland,42,M,Business,2023-10-20,2023,10,Basic,Email,False,English,Apple Pay,Executive,,Active,,Phone Booking,3,12055.93
C0001002115,Lynne,Warner,lynne_warner@oscorp.com,+1 897 617 3264,SE,Europe,Hendersonport,33,F,Business,2022-09-02,2022,9,Gold,Email,False,English,Visa,Deluxe,,Active,2024-03-31,Walk-in,20,23449.22
C0001002116,Jodie,Gordon,jodie.gordon@outlook.com,+1 483 180 4227,CA,North America,Stephenport,29,F,Leisure,2024-09-05,2024,9,Basic,Both,False,English,Mastercard,Standard,,Active,,Phone Booking,44,17866.1
C0001002117,Pamela,Dean,pamela41@oscorp.com,+44 2455 48892,GB,Europe,Natalieland,27,F,Business,2021-01-19,2021,1,Basic,SMS,True,English,PayPal,Standard,,Active,2023-07-08,Walk-in,44,14370.69
C0001002118,Hanne,Holt,hanneh@outlook.com,+49 421 30733,DE,Europe,Eisenhüttenstadt,36,F,Leisure,2024-04-26,2024,4,Silver,Email,False,German,Mastercard,Standard,,Active,,OTA Referral,28,23062.46
C0001002119,Philip,Burke,philip.burke@yahoo.com,+1 840 600 4704,CA,North America,West Angelafort,51,M,Leisure,2023-01-28,2023,1,Silver,Email,True,English,Mastercard,Standard,,Active,,OTA Referral,19,3801.96
C0001002120,David,Tucker,david.tucker@yahoo.com,+1 728 747 6387,MX,North America,West Sallystad,49,M,Leisure,2019-10-28,2019,10,Non-Member,Email,True,English,American Express,Family,,Active,2021-04-05,Phone Booking,0,13929.78
C0001002121,William,Rose,wrose@gmail.com,+1 546 370 7683,TH,Asia Pacific,Mitchellland,25,M,Business,2022-03-15,2022,3,Platinum,Email,False,English,Visa,Executive,,Active,,Phone Booking,34,4122.87
C0001002122,Molly,Lewis,molly83@example.se,+1 216 689 2670,SE,Europe,West Sheilafort,25,F,Business,2024-02-09,2024,2,Non-Member,Both,False,English,Visa,Suite,,Active,2026-04-05,Walk-in,3,17740.92
C0001002123,Barbara,Wood,barbaraw@hotmail.com,+1 399 455 1445,CA,North America,North Pamela,47,F,Leisure,2021-01-10,2021,1,Silver,Email,False,English,Visa,Standard,,Active,2023-12-28,OTA Referral,13,14960.23
C0001002124,Steven,French,steven_french@outlook.com,+1 381 957 6485,TH,Asia Pacific,Charlieville,38,M,Leisure,2022-05-11,2022,5,Platinum,Email,False,English,Visa,Deluxe,,Active,2024-05-31,Walk-in,48,5224.37
C0001002125,欢,廖,noemail@provided.com,806 0772 506,CN,Asia Pacific,Port Wendy,35,M,Business,2022-01-14,2022,1,Gold,Both,True,Chinese,American Express,Deluxe,,Active,2024-11-17,OTA Referral,0,14423.71
C0001002126,Clare,Fletcher,clare_fletcher@waynecorp.com,615-284-3555,US,North America,Sylviastad,32,F,Business,2023-12-19,2023,12,Basic,SMS,True,English,Visa,Ocean View,,Active,2026-11-15,OTA Referral,0,14902.41
C0001002127,Manuel,Abellán,manuel_abellán@tyrellcorp.com,+1 530 354 1982,ES,Europe,Guipúzcoa,37,M,Business,2024-09-26,2024,9,Basic,SMS,False,Spanish,PayPal,Standard,,Active,2025-09-07,Walk-in,31,20390.35
C0001002128,坤,谢,坤谢@starkindustries.com,+86 137 5663 123,CN,Asia Pacific,Milesborough,33,M,Business,2019-09-16,2019,9,Gold,Email,True,Chinese,Visa,Deluxe,,Active,,Website Direct,4,714.87
C0001002129,Darren,Clark,darren_clark@yahoo.com,09131 081 368,GB,Europe,Katieville,53,M,Leisure,2020-10-08,2020,10,Basic,Email,True,English,Mastercard,Ocean View,,Active,2023-04-10,Walk-in,12,22014.28
C0001002130,예준,김,예준김@gmail.com,+1 568 261 6738,KR,Asia Pacific,New Jamieburgh,50,M,Leisure,2020-02-14,2020,2,Platinum,Email,True,Korean,Mastercard,Family,,Active,2020-07-08,Corporate Contract,29,12125.82
C0001002131,Hayley,Hale,hayley73@outlook.com,+1 947 501 5099,MX,North America,Taylorburgh,44,F,Leisure,2021-08-26,2021,8,Silver,Email,True,English,Visa,Standard,,Active,2021-11-20,Walk-in,6,20751.11
C0001002132,Bernard,Thompson,bernard.thompson@gmail.com,+1 507 799 4262,NL,Europe,West Chloe,29,M,Business,2023-06-16,2023,6,Basic,Email,False,English,Google Pay,Executive,,Inactive,2023-12-15,Website Direct,37,14195.92
C0001002133,Leslie,Bates,leslie_bates@gmail.com,+1 912 239 1128,CH,Europe,Port Patriciabury,40,M,Business,2022-04-25,2022,4,Non-Member,Email,True,English,Mastercard,Deluxe,,Active,2022-09-06,Corporate Contract,0,13201.61
C0001002134,Mathew,Hill,mathew.hill@outlook.com,02828 410 383,GB,Europe,North Brian,34,M,Family,2021-05-26,2021,5,Non-Member,Email,True,English,Visa,Deluxe,,Active,,Website Direct,3,16310.09
C0001002135,Ian,Bond,ian.bond@dummycorp.com,+91 540 796 1112,IN,Asia Pacific,South Francesca,34,M,Business,2019-08-03,2019,8,Silver,Email,True,English,Visa,Suite,,Active,2021-10-31,Walk-in,48,13856.52
C0001002136,Alan,Stephens,alan.stephens@gmail.com,228-524-6621,US,North America,North Bradley,41,M,Family,2024-11-29,2024,11,Silver,Email,True,English,PayPal,Suite,,Active,2025-09-29,Walk-in,44,24260.66
C0001002137,Christian,Wood,christian30@globex.com,+1 734 187 8024,CA,North America,Smithburgh,38,M,Business,2019-07-31,2019,7,Gold,SMS,True,English,Mastercard,Deluxe,,Active,,Walk-in,42,1126.52
C0001002138,Alan,Rose,guest@email.com,151-345-2513,US,North America,Lake Jordan,34,M,Business,2023-06-13,2023,6,Silver,SMS,True,English,Mastercard,Suite,,Active,2023-10-20,OTA Referral,15,14635.48
C0001002139,Samuel,Lucas,slucas@outlook.com,+91 158 594 1884,IN,Asia Pacific,Jodiemouth,43,M,Leisure,2022-07-13,2022,7,Basic,Email,True,English,Visa,Standard,High Floor,Inactive,2024-12-16,Phone Booking,32,7632.59
C0001002140,Elliott,Saunders,elliott27@gmail.com,+1 411 747 8923,CH,Europe,Gerardmouth,29,M,Business,2020-03-25,2020,3,Basic,Email,True,English,Visa,Suite,,Inactive,,Website Direct,43,14255.0
C0001002141,Bertrand,Hamon,bertrand51@gmail.com,0046594542,FR,Europe,Saint Claude,32,M,Leisure,2022-02-17,2022,2,Silver,Email,True,French,Visa,Standard,,Active,2022-07-10,Phone Booking,14,11785.93
C0001002142,Georgina,Talbot,georginat@gmail.com,(703) 709-2127,US,North America,East Teresaport,35,F,Leisure,2020-09-23,2020,9,Basic,None,False,English,American Express,Standard,"Wheelchair Accessible, Early Check-in",Active,,OTA Referral,17,21788.99
C0001002143,加奈,佐藤,加奈.佐藤@gmail.com,+81 936-641-438,JP,Asia Pacific,Adamston,37,F,Group,2023-12-18,2023,12,Basic,SMS,False,Japanese,Apple Pay,Suite,,Inactive,,Website Direct,27,16561.12
C0001002144,Charles,Wright,cwright@cyberdyne.com,+1 460 146 6109,MX,North America,Williamsfort,42,M,Business,2024-02-26,2024,2,Non-Member,Email,True,English,Mastercard,Executive,,Active,,Walk-in,4,14931.91
C0001002145,Henry,Walker,henryw@initech.com,+1 355 919 2600,SG,Asia Pacific,Edwardshire,33,M,Business,2022-01-10,2022,1,Basic,Both,True,English,Mastercard,Standard,"Late Check-out, Allergies",Active,2024-01-12,Walk-in,47,5416.97
C0001002146,Sophie,Traore,sophiet@gmail.com,0131410240,FR,Europe,Perrindan,37,F,Leisure,2022-09-30,2022,9,Silver,SMS,True,French,PayPal,Deluxe,,Inactive,2024-04-06,OTA Referral,50,15577.48
C0001002147,Michelle,Burke,michelleb@gmail.com,+1 233 102 1987,MX,North America,Donnastad,45,F,Leisure,2021-12-06,2021,12,Basic,Both,False,English,Visa,Standard,,Active,2022-05-20,Phone Booking,24,15660.83
C0001002148,Ernesto,Menendez,ernesto.menendez@globex.com,+1 347 612 2949,ES,Europe,Albacete,34,M,Business,2022-01-10,2022,1,Silver,Email,False,Spanish,Apple Pay,Ocean View,,Active,2022-12-09,OTA Referral,4,101.91
C0001002149,Margaret,Clarke,margaret55@icloud.com,+1 140 329 5680,MX,North America,Richardsonfort,46,F,Business,2021-06-07,2021,6,Basic,Email,True,English,Visa,Family,,Active,2024-03-09,Website Direct,18,15370.0
C0001002150,Paul,Barbier,paul.barbier@example.fr,+33 198 902 739,FR,Europe,Launay,41,M,Business,2022-08-12,2022,8,Non-Member,Email,False,French,Mastercard,Suite,,Active,2022-11-09,Website Direct,0,7352.28
C0001002151,Lynn,Davies,test@test.com,+1 404 577 4439,CA,North America,Flynnton,26,F,Business,2022-10-09,2022,10,Basic,Email,False,English,Mastercard,Executive,,Active,,Website Direct,14,15479.76
C0001002152,Sam,Taylor,staylor@starkindustries.com,+1 170 991 8481,MX,North America,Port Hilary,29,M,Business,2019-04-16,2019,4,Silver,SMS,False,English,Mastercard,Suite,,Active,2021-10-01,Corporate Contract,49,9168.18
C0001002153,Declan,Green,declan48@tyrellcorp.com,+1 271 547 4657,CA,North America,Cameronville,44,M,Business,2022-10-25,2022,10,Silver,Email,True,English,American Express,Standard,,Active,,Phone Booking,19,6223.33
C0001002154,Marie,Hardy,marie_hardy@gmail.com,+1 317 734 4906,MX,North America,Lake Anna,28,F,Leisure,2022-02-16,2022,2,Non-Member,Email,True,English,Visa,Executive,,Active,2022-05-07,Walk-in,1,9363.35
C0001002155,Bernardo,Chiesa,bernardo_chiesa@outlook.com,+1 350 436 1703,IT,Europe,Magnano,49,M,Leisure,2024-01-07,2024,1,Basic,Email,True,Italian,Visa,Standard,,Active,2027-01-02,Phone Booking,40,3917.04
C0001002156,桃子,佐々木,桃子佐@gmail.com,562-600-7275,JP,Asia Pacific,Michaelville,49,F,Leisure,2023-06-03,2023,6,Non-Member,Email,True,Japanese,Mastercard,Deluxe,,Active,2025-12-24,Corporate Contract,1,20149.25
C0001002157,재호,이,재호_이@gmail.com,+1 153 470 2576,KR,Asia Pacific,North Jayne,40,M,Family,2022-02-09,2022,2,Silver,Email,True,Korean,Mastercard,Deluxe,,Active,2024-03-19,Corporate Contract,30,14880.37
C0001002158,Guy,Lynch,guyl@outlook.com,+1 688 825 2303,MX,North America,Katyview,25,M,Leisure,2023-03-01,2023,3,Non-Member,Email,False,English,Apple Pay,Suite,,Active,2024-05-30,Website Direct,2,9255.24
C0001002159,Ashley,Parkin,ashley_parkin@outlook.com,+1 110 750 5729,CA,North America,West Annette,53,M,Leisure,2022-01-04,2022,1,Non-Member,SMS,False,English,Visa,Family,,Active,2023-11-07,Corporate Contract,4,20207.03
C0001002160,Ann,Jackson,ann_jackson@gmail.com,+1 777 414 5808,CH,Europe,Daviesmouth,52,F,Leisure,2024-02-28,2024,2,Silver,SMS,False,English,Mastercard,Standard,,Active,,Corporate Contract,22,4185.37
C0001002161,Oliver,Reid,oliver.reid@hotmail.com,+1 364 937 4242,CA,North America,Smithburgh,41,M,Business,2019-06-16,2019,6,Basic,Both,True,English,Visa,Suite,Early Check-in,Inactive,2022-03-05,Corporate Contract,28,24901.13
C0001002162,Owen,Burke,owen79@icloud.com,+1 236 413 4191,NL,Europe,Janetton,36,M,Leisure,2024-08-27,2024,8,Basic,Email,False,English,Visa,Standard,,Active,2024-10-29,Corporate Contract,44,9325.96
C0001002163,Patricia,Mitchell,patricia98@umbrellacorp.com,+1 510 434 1482,SE,Europe,East Hayley,26,F,Business,2023-01-13,2023,1,Basic,Email,False,English,Mastercard,Standard,,Active,,Corporate Contract,20,5812.84
C0001002164,Colin,Collins,colin14@outlook.com,+1 891 840 4139,NL,Europe,Ahmedside,37,M,Group,2020-08-21,2020,8,Basic,Email,False,English,Visa,Standard,,Inactive,2021-01-10,OTA Referral,17,4645.94
C0001002165,Karl,Newton,knewton@globex.com,+1 110 804 1436,CA,North America,New Carolstad,27,M,Business,2020-12-03,2020,12,Basic,Email,False,English,Visa,Executive,,Inactive,2023-11-02,Corporate Contract,12,23692.77
C0001002166,Kelly,Norman,kelly39@gmail.com,08261 740 462,GB,Europe,West Carolynburgh,49,F,Leisure,2023-10-07,2023,10,Basic,Email,True,English,Mastercard,Standard,,Active,2025-12-24,Walk-in,48,18962.67
C0001002167,Jozef,Freudenberger,jfreudenberger@example.de,+49 585 44705,DE,Europe,Eggenfelden,31,M,Business,2024-02-12,2024,2,Platinum,SMS,False,German,American Express,Standard,,Active,,Walk-in,13,20673.89
C0001002168,Maurice,Stone,maurices@gmail.com,+1 308 739 8607,CA,North America,Harrisland,55,M,Leisure,2024-02-24,2024,2,Basic,Email,True,English,Visa,Suite,,Active,2024-09-11,OTA Referral,39,15038.3
C0001002169,Anna,Henderson,anna_henderson@gmail.com,+1 735 299 8242,TH,Asia Pacific,Thomasberg,36,F,Leisure,2022-01-13,2022,1,Non-Member,SMS,True,English,Visa,Standard,,Active,2023-11-26,Corporate Contract,4,4415.2
C0001002170,Antonello,Casini,noemail@provided.com,+1 326 909 2302,IT,Europe,Castel Cerreto,44,M,Leisure,2021-08-05,2021,8,Non-Member,Email,True,Italian,Visa,Suite,,Active,2023-01-27,Walk-in,4,12205.62
C0001002171,Danny,Andrews,danny54@initech.com,+44 8052 23875,GB,Europe,Lake Joan,27,M,Business,2020-10-15,2020,10,Gold,Email,True,English,Mastercard,Executive,,Active,2022-02-02,Website Direct,14,7347.14
C0001002172,Jill,Scott,jill.scott@outlook.com,+1 590 891 5643,MX,North America,Huntport,47,F,Leisure,2022-03-05,2022,3,Non-Member,SMS,False,English,Visa,Standard,High Floor,Inactive,,OTA Referral,4,16803.87
C0001002173,Mohamed,Pearson,mohamedp@hotmail.com,+1 818 195 4102,NL,Europe,Wilsonburgh,46,M,Leisure,2020-09-12,2020,9,Non-Member,Email,True,English,Mastercard,Standard,"Early Check-in, Allergies",Active,2023-02-16,Corporate Contract,1,9122.05
C0001002174,建平,杨,建平杨@gmail.com,+86 687 6051 687,CN,Asia Pacific,Grahamport,50,M,Leisure,2019-01-20,2019,1,Silver,Email,True,Chinese,American Express,Family,,Active,2021-06-24,Website Direct,25,24892.59
C0001002175,Carolina,Soprano,carolina_soprano@umbrellacorp.com,+1 692 106 5582,IT,Europe,Marchesino,25,F,Business,2024-11-13,2024,11,Non-Member,Email,False,Italian,Visa,Suite,"Late Check-out, Allergies",Active,2025-10-07,Website Direct,3,20256.32
C0001002176,Callum,Jones,callum_jones@outlook.com,+1 925 914 6489,CA,North America,Port Francis,40,M,Business,2023-02-07,2023,2,Gold,Email,True,English,Mastercard,Suite,,Active,,Walk-in,42,5827.99
C0001002177,Geraldine,Shaw,geraldine.shaw@yahoo.com,+1 416 309 9653,SE,Europe,Julianville,35,F,Leisure,2022-08-23,2022,8,Platinum,Email,False,English,Visa,Standard,,Active,2024-12-13,OTA Referral,25,20640.79
C0001002178,Charlie,Field,test@test.com,(215) 521-6083,US,North America,Lake Shane,39,M,Leisure,2023-10-03,2023,10,Gold,Email,True,English,Mastercard,Standard,,Active,,OTA Referral,5,14485.85
C0001002179,Jack,Hill,jack32@yahoo.com,+1 213 791 1565,CA,North America,East Lisa,49,M,Family,2024-09-28,2024,9,Basic,Email,True,English,Mastercard,Suite,,Active,,Corporate Contract,17,6654.3
C0001002180,里佳,小林,里佳88@waynecorp.com,+81 854-384-152,JP,Asia Pacific,Rachelstad,42,F,Business,2023-10-31,2023,10,Silver,Email,False,Japanese,American Express,Deluxe,,Active,2025-04-17,Walk-in,49,18346.47
C0001002181,Donald,Barker,dbarker@gmail.com,+1 852 182 8077,CA,North America,Banksshire,39,M,Family,2019-01-17,2019,1,Silver,SMS,True,English,Mastercard,Standard,,Active,2019-12-20,OTA Referral,50,13268.05
C0001002182,James,Lewis,james_lewis@hotmail.com,+1 182 230 5006,CA,North America,Joantown,43,M,Leisure,2021-05-11,2021,5,Non-Member,Email,False,English,Visa,Deluxe,,Inactive,2024-02-07,Corporate Contract,5,1611.83
C0001002183,Gavin,Wood,gavinw@starkindustries.com,+1 237 887 9063,NL,Europe,Collinsport,39,M,Business,2024-11-08,2024,11,Basic,Email,False,English,Visa,Standard,,Active,2027-09-29,Corporate Contract,39,4702.48
C0001002184,ناديه,آل معيض,ناديهآ@cyberdyne.com,000-000-0000,SA,Middle East,West Lindseybury,25,F,Business,2024-06-26,2024,6,Non-Member,Email,True,Arabic,PayPal,Suite,,Active,2027-05-03,Walk-in,1,18364.54
C0001002185,Hilary,Stone,hilarys@hotmail.com,+1 926 289 9184,CH,Europe,Charlenechester,25,F,Business,2022-11-21,2022,11,Platinum,Email,True,English,Mastercard,Standard,"Wheelchair Accessible, Early Check-in",Active,2024-04-25,Walk-in,39,3960.18
C0001002186,Luke,Smith,luke.smith@gmail.com,+1 767 335 9629,CA,North America,Whittakerborough,46,M,Leisure,2023-12-22,2023,12,Gold,Email,True,English,Google Pay,Family,,Active,,OTA Referral,13,118.21
C0001002187,Rosie,Cooper,rosie_cooper@icloud.com,+1 210 914 6530,MX,North America,Janicehaven,39,F,Family,2023-10-27,2023,10,Silver,Email,True,English,Apple Pay,Standard,Early Check-in,Active,2024-02-07,Walk-in,44,7866.19
C0001002188,Gareth,Lucas,glucas@gmail.com,+91 747 875 4835,IN,Asia Pacific,West Sara,28,M,Leisure,2019-06-24,2019,6,Gold,SMS,True,English,Mastercard,Standard,,Active,,OTA Referral,47,16677.69
C0001002189,Paula,Taylor,paula_taylor@outlook.com,922-494-6321,US,North America,Henryland,24,F,Leisure,2019-05-01,2019,5,Gold,Email,False,English,Visa,Suite,Late Check-out,Active,2020-09-07,Website Direct,15,15676.01
C0001002190,Sheila,Smith,sheila_smith@starkindustries.com,+1 799 505 2376,MX,North America,Lake Alexmouth,42,F,Business,2023-07-18,2023,7,Basic,Email,False,English,Mastercard,Executive,,Active,2024-05-05,Walk-in,8,20438.45
C0001002191,Charlie,Davies,cdavies@gmail.com,+1 900 870 7670,MX,North America,Lisaville,48,M,Family,2022-05-21,2022,5,Gold,Email,True,English,Mastercard,Suite,,Active,2024-03-31,Website Direct,32,12343.64
C0001002192,Maria,Burton,mariab@gmail.com,+1 360 911 4696,SG,Asia Pacific,Thomasborough,49,F,Leisure,2022-09-12,2022,9,Non-Member,Email,True,English,Visa,Deluxe,,Active,,Corporate Contract,5,14337.48
C0001002193,Enrico,Scarpa,enricos@gmail.com,+1 422 368 4367,IT,Europe,Ventimiglia,33,M,Leisure,2021-09-03,2021,9,Silver,SMS,False,Italian,Apple Pay,Deluxe,,Inactive,,Walk-in,7,5171.45
C0001002194,Allegra,Metella,allegram@initech.com,+1 854 319 1903,IT,Europe,Gaby,41,F,Business,2023-10-16,2023,10,Non-Member,Email,True,Italian,Visa,Deluxe,,Inactive,,OTA Referral,0,14839.16
C0001002195,Maureen,Smith,msmith@gmail.com,+1 618 404 5589,TH,Asia Pacific,Clarkburgh,44,F,Leisure,2023-02-15,2023,2,Silver,Email,True,English,Visa,Deluxe,,Active,2025-02-27,Corporate Contract,32,24095.43
C0001002196,Sian,Potter,test@test.com,+1 594 177 5515,CA,North America,Scotttown,46,F,Family,2020-09-22,2020,9,Basic,SMS,False,English,American Express,Deluxe,,Active,2021-08-05,Phone Booking,14,10699.2
C0001002197,Stewart,Sims,stewarts@oscorp.com,+1 187 927 7871,SG,Asia Pacific,Hughesport,36,M,Business,2019-03-14,2019,3,Silver,Email,True,English,American Express,Family,Late Check-out,Active,2019-06-05,Phone Booking,43,6619.21
C0001002198,Laura,Webster,guest@email.com,+1 519 537 3037,CA,North America,Christopherchester,63,F,Business,2023-02-19,2023,2,Non-Member,Email,True,English,Google Pay,Family,,Active,,Phone Booking,1,21155.78
C0001002199,Reece,Reeves,rreeves@globex.com,+1 423 270 1205,NL,Europe,Morrismouth,27,M,Business,2021-08-05,2021,8,Basic,Email,False,English,American Express,Executive,,Active,2022-07-06,Walk-in,28,10165.55
C0001002200,Amber,Hutchinson,amber_hutchinson@gmail.com,+1 447 738 4705,MX,North America,West Sarahfort,42,F,Leisure,2019-04-05,2019,4,Silver,Email,True,English,Visa,Executive,,Active,2019-06-11,OTA Referral,10,1344.81
C0001002201,Joan,Rowley,joanr@gmail.com,+1 955 808 5858,CH,Europe,Marianfurt,26,F,Business,2021-05-28,2021,5,Basic,Email,True,English,PayPal,Ocean View,,Active,,Walk-in,43,11238.6
C0001002202,Marga,Hauffer,marga.hauffer@gmail.com,+49 9905 3830,DE,Europe,Bergzabern,55,F,Leisure,2023-01-17,2023,1,Silver,Email,True,German,Visa,Family,,Active,2025-11-14,OTA Referral,8,5587.92
C0001002203,Ryan,Armstrong,ryan_armstrong@gmail.com,199-271-2415,US,North America,Webbfurt,47,M,Leisure,2022-01-12,2022,1,Basic,Email,True,English,Mastercard,Deluxe,,Active,2024-01-27,OTA Referral,42,1557.54
C0001002204,Sean,Benson,noemail@provided.com,+1 292 130 4619,CA,North America,Lake Aimeefort,44,M,Leisure,2024-01-12,2024,1,Non-Member,SMS,True,English,Mastercard,Suite,,Active,2024-05-07,Corporate Contract,4,11181.21
C0001002205,Anna,Baker,annab@gmail.com,+1 441 286 3376,CA,North America,Guybury,39,F,Leisure,2019-01-08,2019,1,Platinum,Email,True,English,American Express,Family,,Active,2020-12-15,Walk-in,17,21111.36
C0001002206,Jeffrey,Fisher,jfisher@outlook.com,+1 262 659 5540,TH,Asia Pacific,East Douglas,32,M,Family,2021-04-17,2021,4,Silver,Email,True,English,PayPal,Deluxe,,Inactive,,Website Direct,40,5785.04
C0001002207,Abigail,Brown,abrown@outlook.com,+1 435 796 2319,NL,Europe,North Vincentmouth,43,F,Leisure,2024-06-13,2024,6,Non-Member,Email,True,English,Mastercard,Deluxe,,Active,2025-11-06,Website Direct,5,2963.77
C0001002208,Carolyn,Simpson,carolyn_simpson@gmail.com,+1 836 931 9339,SE,Europe,South Jadeland,47,F,Family,2023-05-20,2023,5,Non-Member,Email,True,English,PayPal,Standard,,Active,2025-02-09,Website Direct,3,2245.72
C0001002209,Paige,Barton,paige.barton@gmail.com,644-842-7487,US,North America,Bondberg,51,F,Family,2019-02-16,2019,2,Non-Member,SMS,True,English,Mastercard,Deluxe,,Active,2020-06-24,Corporate Contract,4,7043.08
C0001002210,Robert,Gill,robert_gill@gmail.com,560-822-9921,US,North America,South Stevenview,41,M,Group,2019-11-02,2019,11,Silver,Email,False,English,American Express,Standard,"Allergies, Wheelchair Accessible",Active,2020-12-31,Corporate Contract,46,3028.0
C0001002211,Pastora,Puga,ppuga@gmail.com,+1 938 587 1529,ES,Europe,Ávila,58,F,Leisure,2023-01-27,2023,1,Gold,Email,True,Spanish,Visa,Suite,,Active,2023-03-18,OTA Referral,43,13011.55
C0001002212,Jack,Reynolds,test@test.com,+1 883 703 7831,SE,Europe,Lake Joanberg,46,M,Leisure,2021-08-11,2021,8,Silver,Email,True,English,Visa,Suite,"Early Check-in, Non-smoking",Active,,Website Direct,13,1389.83
C0001002213,Jill,Lee,noemail@provided.com,+1 124 273 6569,MX,North America,Hollymouth,35,F,Group,2022-11-02,2022,11,Basic,Email,False,English,Visa,Standard,,Active,,Walk-in,2,15553.8
C0001002214,Grace,Dunn,grace.dunn@gmail.com,0845 419 160,AU,Asia Pacific,South Suzannetown,46,F,Leisure,2019-04-04,2019,4,Basic,Email,False,English,Apple Pay,Standard,,Inactive,,Walk-in,5,10638.09
C0001002215,Lynne,Williams,lynne.williams@starkindustries.com,+1 966 874 1567,CH,Europe,Lewisbury,40,F,Business,2022-05-25,2022,5,Basic,Email,False,English,American Express,Deluxe,,Active,2024-06-16,Walk-in,28,3570.51
C0001002216,Eleanora,Morosini,eleanora_morosini@tyrellcorp.com,000-000-0000,IT,Europe,Russi,43,F,Business,2024-02-13,2024,2,Basic,Email,False,Italian,PayPal,Deluxe,,Active,2027-01-25,Walk-in,9,3060.44
C0001002217,Suzanne,Bennett,suzanne94@umbrellacorp.com,+1 381 418 2205,MX,North America,Mohammadville,33,F,Business,2022-05-03,2022,5,Silver,Email,False,English,PayPal,Deluxe,,Active,,Website Direct,41,976.81
C0001002218,Rosemary,Wright,rwright@starkindustries.com,+1 277 307 9416,QA,Middle East,Lake Catherinebury,31,F,Business,2021-05-14,2021,5,Gold,Email,True,English,Visa,Suite,,Inactive,2022-01-23,OTA Referral,21,14860.71
C0001002219,Renata,Infantino,renata_infantino@gmail.com,+1 285 742 8350,IT,Europe,Predore,48,F,Leisure,2023-11-13,2023,11,Basic,Email,True,Italian,Visa,Standard,,Active,,OTA Referral,44,16274.95
C0001002220,Kimberley,Skinner,kimberleys@acme.com,+1 206 587 2322,CA,North America,Hayleyside,25,F,Business,2020-11-17,2020,11,Non-Member,Email,False,English,American Express,Suite,,Active,2022-01-28,OTA Referral,5,21724.31
C0001002221,Josh,Bailey,josh_bailey@gmail.com,+1 608 280 1670,MX,North America,Holmesland,39,M,Group,2022-08-25,2022,8,Silver,Email,False,English,Mastercard,Standard,,Active,,Walk-in,9,17216.52
C0001002222,あすか,山田,あすか81@outlook.com,911-327-0219,JP,Asia Pacific,Lake Malcolm,48,F,Leisure,2023-02-10,2023,2,Non-Member,Email,False,Japanese,Mastercard,Standard,,Active,,Phone Booking,1,23268.3
C0001002223,Denis,Davies,denis.davies@outlook.com,(070) 609-7684,US,North America,East Marionmouth,54,M,Family,2019-07-25,2019,7,Basic,Email,True,English,Mastercard,Standard,,Active,2022-05-05,Walk-in,44,21326.49
C0001002224,Arthur,Hartley,arthur42@outlook.com,+44 8571 71853,GB,Europe,Morganside,36,M,Group,2023-05-28,2023,5,Non-Member,Email,True,English,Visa,Standard,,Inactive,2024-03-18,Phone Booking,2,12449.19
C0001002225,Clive,Oliver,clive.oliver@gmail.com,0615 445 252,AU,Asia Pacific,Lake Dylan,47,M,Leisure,2022-02-04,2022,2,Gold,Email,False,English,American Express,Executive,,Active,2022-04-15,Walk-in,27,3292.06
C0001002226,Jay,Howells,jay.howells@example.mx,+1 867 554 9038,MX,North America,Annastad,37,M,Business,2024-09-11,2024,9,Non-Member,Both,True,English,Visa,Standard,,Active,2025-06-28,Website Direct,0,2030.99
C0001002227,Elliott,Doherty,elliottd@hotmail.com,+1 515 534 4142,KW,Middle East,Lake James,53,M,Leisure,2024-02-01,2024,2,Non-Member,SMS,True,English,Visa,Standard,,Active,2024-03-07,Website Direct,2,24078.82
C0001002228,Joe,Carey,joec@umbrellacorp.com,+1 138 227 3705,QA,Middle East,Warnertown,31,M,Business,2024-11-14,2024,11,Basic,Email,False,English,Mastercard,Deluxe,,Active,2024-12-17,Phone Booking,17,21918.03
C0001002229,Margaret,Patel,margaret_patel@gmail.com,0587 474 069,AU,Asia Pacific,Whiteheadport,43,F,Family,2021-05-20,2021,5,Basic,Email,True,English,Visa,Family,,Active,2022-01-04,Phone Booking,35,13767.26
C0001002230,Natasha,Griffiths,natasha.griffiths@initech.com,+1 945 134 5006,MX,North America,Zoeshire,37,F,Business,2022-02-22,2022,2,Gold,SMS,True,English,Apple Pay,Suite,,Active,,Walk-in,19,99.69
C0001002231,Hazel,Gibbs,hazel53@outlook.com,+91 206 458 5233,IN,Asia Pacific,Lake Dianeview,30,F,Business,2023-03-23,2023,3,Non-Member,Email,True,English,Mastercard,Ocean View,,Inactive,2024-01-12,OTA Referral,4,5539.18
C0001002232,옥순,김,옥순김@gmail.com,+1 316 920 2593,KR,Asia Pacific,Gillianhaven,32,F,Leisure,2019-11-01,2019,11,Silver,Email,False,Korean,Mastercard,Executive,,Inactive,2021-12-02,Website Direct,40,6592.87
C0001002233,裕樹,中島,裕樹中@icloud.com,448-977-0513,JP,Asia Pacific,West Stuart,42,M,Business,2021-10-30,2021,10,Non-Member,Email,False,Japanese,Visa,Deluxe,,Active,,Walk-in,4,12018.89
C0001002234,Mitchell,Jones,mitchell39@outlook.com,+1 616 373 3127,SG,Asia Pacific,West Geoffrey,39,M,Leisure,2020-07-29,2020,7,Gold,Email,True,English,Google Pay,Suite,,Active,2023-06-28,Corporate Contract,20,6482.17
C0001002235,Eleanor,Allen,eleanor35@outlook.com,+1 955 574 4291,CA,North America,Ameliastad,37,F,Leisure,2021-04-17,2021,4,Gold,Email,False,English,PayPal,Standard,,Active,2024-03-27,Corporate Contract,36,13192.11
C0001002236,Joshua,Nicholson,jnicholson@umbrellacorp.com,(254) 638-4957,US,North America,South Joanna,43,M,Business,2023-06-02,2023,6,Non-Member,SMS,True,English,Mastercard,Executive,Allergies,Active,2023-08-03,Walk-in,3,6489.22
C0001002237,飞,阮,飞阮@yahoo.com,570 7149 667,CN,Asia Pacific,North Charlieport,45,M,Leisure,2020-11-28,2020,11,Non-Member,Both,False,Chinese,Mastercard,Standard,,Active,,Walk-in,4,5796.82
C0001002238,Leslie,Evans,levans@acme.com,+1 911 562 1039,NL,Europe,Leighfurt,46,M,Business,2021-09-24,2021,9,Silver,Email,True,English,PayPal,Suite,,Inactive,,Walk-in,20,12655.03
C0001002239,Marc,Shaw,marc82@gmail.com,09703 069 469,GB,Europe,Gregoryfort,52,M,Leisure,2024-10-12,2024,10,Non-Member,Email,True,English,Visa,Standard,,Inactive,2026-11-25,OTA Referral,5,10979.13
C0001002240,Marc,Peacock,marc_peacock@gmail.com,+1 532 357 8684,QA,Middle East,New Annton,51,M,Leisure,2022-01-28,2022,1,Basic,Email,True,English,Mastercard,Standard,,Active,,OTA Referral,27,604.55
C0001002241,Arthur,Walker,arthur.walker@outlook.com,0149 636 978,AU,Asia Pacific,Nathanshire,47,M,Family,2023-08-10,2023,8,Basic,Email,False,English,Mastercard,Standard,,Active,2023-09-24,OTA Referral,18,5263.15
C0001002242,Pamela,Brown,pbrown@waynecorp.com,+1 915 242 6964,SG,Asia Pacific,Brettview,36,F,Business,2022-08-04,2022,8,Basic,Email,True,English,American Express,Family,,Active,2022-11-04,Corporate Contract,4,17760.76
C0001002243,Glen,Baldwin,gbaldwin@gmail.com,+1 342 992 6060,CH,Europe,North Albert,34,M,Leisure,2023-12-17,2023,12,Non-Member,SMS,False,English,Mastercard,Suite,,Active,2025-04-14,Walk-in,5,16595.85
C0001002244,Samuel,Hopkins,samuel_hopkins@globex.com,+1 432 281 4984,SG,Asia Pacific,Lake Debrafurt,32,M,Business,2023-01-04,2023,1,Non-Member,Email,False,English,Visa,Standard,,Active,2023-08-18,Corporate Contract,4,1977.37
C0001002245,Carmela,Graf,carmela_graf@gmail.com,+49 3332 3263,DE,Europe,Lübz,58,F,Leisure,2024-05-10,2024,5,Basic,Email,True,German,Mastercard,Executive,,Active,2026-06-01,Phone Booking,42,18893.76
C0001002246,Leanne,Howarth,leanne.howarth@gmail.com,+1 308 549 3439,TH,Asia Pacific,Parkerland,38,F,Group,2024-07-17,2024,7,Basic,SMS,True,English,Visa,Deluxe,,Active,,OTA Referral,31,18352.69
C0001002247,Declan,Gill,declan_gill@gmail.com,+1 537 376 3780,KE,Africa,Josephineland,40,M,Leisure,2021-05-04,2021,5,Non-Member,Email,True,English,Visa,Standard,"Non-smoking, Late Check-out",Active,2021-09-06,Corporate Contract,3,219.25
C0001002248,Reece,Riley,reece.riley@gmail.com,+1 614 683 5423,MX,North America,Port Maria,34,M,Leisure,2023-06-16,2023,6,Basic,SMS,False,English,PayPal,Family,,Active,2024-08-10,Corporate Contract,25,5773.8
C0001002249,Christian,Holmes,christian_holmes@gmail.com,+1 988 468 5011,MX,North America,East Bradley,28,M,Leisure,2022-05-03,2022,5,Gold,Email,True,English,Mastercard,Standard,,Active,2023-03-29,Phone Booking,17,19007.6
C0001002250,Barbara,Dyer,barbara.dyer@gmail.com,+1 541 171 5634,KW,Middle East,Robinsontown,49,F,Leisure,2023-04-01,2023,4,Non-Member,SMS,False,English,Visa,Deluxe,Wheelchair Accessible,Inactive,2024-06-07,OTA Referral,0,2423.95
C0001002251,Alexander,Nicholls,anicholls@acme.com,+1 979 707 5168,KE,Africa,Coopertown,41,M,Business,2024-12-23,2024,12,Non-Member,Email,False,English,Visa,Executive,Non-smoking,Active,2026-01-04,Website Direct,3,21967.73
C0001002252,Lewis,Payne,lewis25@gmail.com,0085 965 698,AU,Asia Pacific,West Geraldine,43,M,Leisure,2020-06-03,2020,6,Non-Member,Email,True,English,Visa,Standard,,Active,2021-04-20,Website Direct,5,18753.85
C0001002253,Maricruz,Cañas,maricruz32@gmail.com,+1 141 826 5487,AR,South America,لفيفhaven,52,F,Leisure,2023-08-31,2023,8,Non-Member,Both,False,English,Visa,Standard,,Active,,Corporate Contract,2,16694.48
C0001002254,鹏,杨,鹏杨@icloud.com,134 3885 768,CN,Asia Pacific,West Rachael,41,M,Leisure,2021-10-26,2021,10,Platinum,Email,True,Chinese,Visa,Family,,Active,,Phone Booking,40,16594.02
C0001002255,민준,김,민준_김@initech.com,+1 376 240 8564,KR,Asia Pacific,Port Conor,39,M,Business,2021-03-16,2021,3,Basic,Email,True,Korean,Apple Pay,Suite,,Active,2022-05-30,Phone Booking,29,8243.27
C0001002256,Jonathan,Ali,jonathana@hotmail.com,+1 410 112 9485,SE,Europe,Johnchester,39,M,Leisure,2020-03-27,2020,3,Basic,Email,True,English,Apple Pay,Standard,,Active,2022-08-08,OTA Referral,30,23285.23
C0001002257,Pamela,Patel,guest@email.com,+1 522 121 5266,MX,North America,Jamieton,39,F,Leisure,2021-04-10,2021,4,Basic,Email,False,English,American Express,Suite,,Active,2021-06-02,Phone Booking,15,17075.39
C0001002258,兰英,赵,兰英52@outlook.com,438 9012 341,CN,Asia Pacific,New Richardhaven,44,F,Family,2024-08-28,2024,8,Basic,Email,False,Chinese,Mastercard,Standard,,Active,,Phone Booking,1,22316.61
C0001002259,Henri,Normand,henri3@acme.com,+33 373 556 602,FR,Europe,Marionnec,34,M,Business,2019-12-05,2019,12,Silver,Email,True,French,Visa,Suite,,Active,2021-02-03,OTA Referral,45,909.8
C0001002260,Sian,Hancock,sian.hancock@oscorp.com,+91 522 500 1921,IN,Asia Pacific,South Charlotte,40,F,Business,2022-11-10,2022,11,Non-Member,SMS,False,English,Apple Pay,Suite,,Active,2024-10-02,Corporate Contract,3,19524.36
C0001002261,Sylvia,Oliver,soliver@gmail.com,+1 101 890 7853,MX,North America,Mohammedport,42,F,Leisure,2020-09-15,2020,9,Silver,Email,True,English,Visa,Deluxe,Wheelchair Accessible,Active,2023-07-01,Corporate Contract,39,6611.39
C0001002262,현주,김,현주.김@gmail.com,+1 760 303 4638,KR,Asia Pacific,North Malcolmview,49,F,Family,2023-10-29,2023,10,Silver,Email,True,Korean,Visa,Standard,,Inactive,2024-02-15,Phone Booking,8,737.95
C0001002263,Julian,Garner,julian25@outlook.com,+44 8962 98356,GB,Europe,Brucechester,57,M,Leisure,2019-11-07,2019,11,Platinum,Email,True,English,Visa,Standard,,Active,2020-02-07,OTA Referral,14,17215.92
C0001002264,Georgina,Nicholls,georgina.nicholls@gmail.com,000-000-0000,SE,Europe,New Jamesmouth,38,F,Business,2019-04-10,2019,4,Non-Member,Email,False,English,Apple Pay,Standard,Wheelchair Accessible,Inactive,2020-06-19,Corporate Contract,0,15891.54
C0001002265,Azahar,Alvarez,azahar_alvarez@gmail.com,+1 311 299 6374,ES,Europe,Girona,38,F,Business,2022-04-12,2022,4,Silver,SMS,True,Spanish,Mastercard,Standard,,Active,2023-08-15,Phone Booking,24,24088.88
C0001002266,Dean,Stevens,deans@outlook.com,+1 483 111 9594,CA,North America,Lake Elliott,48,M,Leisure,2020-07-25,2020,7,Non-Member,Email,True,English,PayPal,Standard,,Active,,Walk-in,4,20531.86
C0001002267,Irmingard,Schuster,irmingard8@gmail.com,+49 1529 5279,DE,Europe,Saarlouis,43,F,Leisure,2019-03-11,2019,3,Non-Member,Email,True,German,Mastercard,Standard,,Active,2021-04-21,Phone Booking,2,1631.7
C0001002268,明美,前田,明前田@outlook.com,+81 888-214-462,JP,Asia Pacific,North Richardfurt,42,F,Family,2024-07-13,2024,7,Non-Member,Both,True,Japanese,Mastercard,Suite,,Inactive,2027-06-01,Website Direct,4,5517.87
C0001002269,Jeremy,King,jeremy_king@waynecorp.com,+1 508 943 5909,CA,North America,Jennamouth,25,M,Business,2023-10-31,2023,10,Non-Member,SMS,False,English,PayPal,Executive,,Active,2024-07-22,OTA Referral,1,4552.28
C0001002270,亮,姚,亮60@outlook.com,+86 324 2141 544,CN,Asia Pacific,East Geoffreyside,46,M,Leisure,2022-02-05,2022,2,Basic,Both,False,Chinese,Visa,Executive,,Active,2023-06-15,Phone Booking,12,2848.35
C0001002271,Émile,Valentin,guest@email.com,0772986905,FR,Europe,Sainte Thérèse,33,M,Family,2022-06-28,2022,6,Platinum,None,True,French,Visa,Suite,,Active,2023-05-23,Website Direct,39,19739.36
C0001002272,Nicholas,Jackson,njackson@outlook.com,+1 584 183 4513,MX,North America,New Rachaelport,41,M,Group,2022-08-04,2022,8,Silver,Email,True,English,Mastercard,Deluxe,,Active,2023-02-27,Corporate Contract,4,24042.47
C0001002273,Antony,Holmes,aholmes@outlook.com,+1 392 810 8882,CA,North America,North Carlside,39,M,Leisure,2022-07-03,2022,7,Non-Member,SMS,True,English,Visa,Suite,,Inactive,2023-12-09,Website Direct,0,9003.32
C0001002274,Geoffrey,McDonald,geoffrey_mcdonald@hotmail.com,(275) 346-9462,US,North America,North Philip,43,M,Leisure,2020-09-11,2020,9,Non-Member,Email,False,English,Visa,Suite,Late Check-out,Active,2021-03-07,Corporate Contract,2,2298.06
C0001002275,Carol,Pugh,cpugh@initech.com,+1 735 389 4350,ZA,Africa,Port Jonathanland,46,F,Business,2019-05-10,2019,5,Silver,Email,False,English,PayPal,Standard,,Active,,Website Direct,9,4186.58
C0001002276,Lisa,Brown,lisa96@gmail.com,+1 664 511 3241,CA,North America,East Darrenmouth,40,F,Leisure,2024-11-09,2024,11,Basic,Both,False,English,Visa,Standard,,Inactive,2026-04-06,Website Direct,40,722.37
C0001002277,Cameron,Matthews,cameronm@hotmail.com,+1 427 983 6804,SG,Asia Pacific,East Charliefurt,39,M,Leisure,2023-01-20,2023,1,Non-Member,Email,True,English,Mastercard,Suite,,Active,2025-02-05,OTA Referral,4,21820.79
C0001002278,Silvana,Köster,silvana_köster@outlook.com,000-000-0000,DE,Europe,Bruchsal,44,F,Leisure,2024-03-16,2024,3,Non-Member,SMS,True,German,Google Pay,Ocean View,,Active,,Walk-in,0,4110.44
C0001002279,Jeffrey,Miah,jeffreym@gmail.com,+1 439 715 9625,SG,Asia Pacific,East Heatherberg,30,M,Leisure,2021-05-29,2021,5,Non-Member,Email,True,English,American Express,Standard,,Active,,OTA Referral,1,874.52
C0001002280,Hayley,Mitchell,hayley52@gmail.com,+1 727 866 1236,CA,North America,North Harriet,35,F,Business,2023-10-16,2023,10,Silver,Email,False,English,Visa,Standard,,Inactive,2024-02-29,Walk-in,21,17226.65
C0001002281,Maureen,Stevenson,noemail@provided.com,0451 552 074,AU,Asia Pacific,West Howardside,28,F,Business,2020-09-09,2020,9,Gold,Email,True,English,American Express,Suite,,Active,,Website Direct,14,17258.16
C0001002282,Francesca,Simmons,francescas@yahoo.com,(838) 615-0271,US,North America,West Ameliastad,48,F,Business,2020-02-14,2020,2,Basic,Email,True,English,Mastercard,Deluxe,,Active,2021-07-03,Corporate Contract,14,13925.7
C0001002283,Kerry,Franklin,kerryf@icloud.com,+44 0078 85405,GB,Europe,South Caroline,25,F,Business,2019-07-26,2019,7,Platinum,Email,True,English,Mastercard,Deluxe,"Non-smoking, Late Check-out",Active,2022-04-10,Walk-in,20,6307.73
C0001002284,Ronald,Smith,ronald.smith@oscorp.com,041-802-8376,US,North America,Cookebury,44,M,Business,2019-05-05,2019,5,Platinum,Email,True,English,Visa,Deluxe,,Active,2021-10-26,Corporate Contract,5,5261.75
C0001002285,Louis,Williamson,louis.williamson@globex.com,+1 852 197 8570,TH,Asia Pacific,East Claire,42,M,Business,2024-08-08,2024,8,Basic,Email,False,English,Mastercard,Executive,,Active,2025-07-10,Website Direct,15,2286.39
C0001002286,Mary,Pearce,mpearce@outlook.com,+1 938 161 4048,MX,North America,New Christopherborough,56,F,Leisure,2022-02-02,2022,2,Non-Member,Email,True,English,Visa,Standard,"Allergies, Non-smoking",Active,2023-04-21,Phone Booking,3,893.15
C0001002287,Scott,Burns,scottb@gmail.com,,GB,Europe,Hallberg,40,M,Leisure,2020-07-04,2020,7,Basic,Email,False,English,Visa,Suite,,Inactive,2022-06-01,OTA Referral,42,21540.72
C0001002288,Bethan,Oliver,bethan_oliver@hotmail.com,+1 738 418 8796,SE,Europe,Kathrynton,33,F,Business,2021-03-29,2021,3,Basic,Email,False,English,American Express,Standard,,Active,2021-10-03,Website Direct,27,12406.86
C0001002289,Stephanie,Field,stephanie61@cyberdyne.com,+1 663 710 9689,SE,Europe,West Olivia,39,F,Business,2022-02-08,2022,2,Gold,SMS,True,English,American Express,Family,"Wheelchair Accessible, Early Check-in",Active,2023-04-23,OTA Referral,50,21409.93
C0001002290,Bryan,Watkins,bwatkins@gmail.com,0804 000 520,AU,Asia Pacific,East Garyview,38,M,Leisure,2021-07-21,2021,7,Silver,SMS,False,English,Visa,Deluxe,,Active,,Website Direct,9,20093.26
C0001002291,Glen,Nixon,glen.nixon@gmail.com,03704 156 746,GB,Europe,Juneshire,42,M,Family,2023-04-17,2023,4,Basic,Email,True,English,Visa,Standard,,Inactive,2024-01-14,Walk-in,17,11749.07
C0001002292,Rosaria,Pulci,rosaria.pulci@gmail.com,+1 164 405 9412,IT,Europe,Mignano Monte Lungo,43,F,Leisure,2021-08-12,2021,8,Gold,SMS,True,Italian,Visa,Suite,,Inactive,2022-09-17,Walk-in,8,22053.0
C0001002293,Emily,Wright,emilyw@globex.com,0108 350 843,AU,Asia Pacific,Lake Marilynburgh,29,F,Business,2019-08-21,2019,8,Gold,Email,False,English,Visa,Deluxe,Allergies,Active,2022-07-09,Walk-in,5,24251.29
C0001002294,Henry,Sorgatz,henry85@acme.com,+49 545 29288,DE,Europe,Mallersdorf,29,M,Business,2022-09-02,2022,9,Basic,Email,True,German,Mastercard,Deluxe,Wheelchair Accessible,Inactive,2024-08-08,Phone Booking,25,6577.32
C0001002295,さゆり,佐藤,さ佐藤@oscorp.com,+81 566-669-292,JP,Asia Pacific,Conormouth,35,F,Business,2022-11-18,2022,11,Non-Member,Email,False,Japanese,American Express,Suite,,Active,2024-05-06,Website Direct,0,15960.21
C0001002296,Alison,Peters,alison_peters@yahoo.com,+1 127 117 9238,KW,Middle East,Palmerview,44,F,Leisure,2024-12-13,2024,12,Basic,Email,False,English,Apple Pay,Standard,"Wheelchair Accessible, Early Check-in",Inactive,,Website Direct,45,10885.54
C0001002297,拓真,松田,拓真_松田@gmail.com,+81 625-251-861,JP,Asia Pacific,Port Glen,33,M,Family,2019-04-16,2019,4,Gold,Both,True,Japanese,Mastercard,Executive,,Active,2019-05-24,Phone Booking,46,5638.82
C0001002298,Julie,Hall,julie97@gmail.com,+91 413 863 6741,IN,Asia Pacific,Bellmouth,27,F,Leisure,2022-12-04,2022,12,Non-Member,Both,True,English,Mastercard,Suite,,Inactive,,Website Direct,0,17644.87
C0001002299,Douglas,Clarke,douglasc@icloud.com,(861) 295-0091,US,North America,Haynesshire,28,M,Leisure,2023-02-17,2023,2,Gold,Email,True,English,Mastercard,Standard,,Active,2026-01-24,OTA Referral,34,12965.01
C0001002300,Cheryl,Nicholson,cheryl_nicholson@waynecorp.com,+1 174 235 5484,NL,Europe,South Maurice,33,F,Business,2020-01-13,2020,1,Silver,SMS,True,English,Apple Pay,Standard,,Inactive,2021-11-25,Walk-in,40,14875.57
C0001002301,春香,鈴木,春香_鈴木@icloud.com,213-004-2522,JP,Asia Pacific,Wilsonmouth,27,F,Business,2022-12-12,2022,12,Silver,Email,True,Japanese,Mastercard,Executive,,Active,2025-10-23,Phone Booking,43,24817.77
C0001002302,Leigh,Holland,lholland@dummycorp.com,+1 337 156 8556,KW,Middle East,Robertbury,33,M,Business,2022-07-02,2022,7,Gold,Email,True,English,Visa,Suite,,Inactive,2023-07-28,Corporate Contract,34,16546.36
C0001002303,Abbie,Walker,abbie64@hotmail.com,+1 315 204 2826,SE,Europe,West Holly,39,F,Leisure,2023-02-12,2023,2,Silver,Email,True,English,Visa,Standard,,Active,2023-07-31,Corporate Contract,8,10013.69
C0001002304,Napoleone,Toninelli,napoleone.toninelli@icloud.com,,IT,Europe,Ponte Arche,39,M,Leisure,2024-04-06,2024,4,Basic,Email,True,Italian,Mastercard,Family,"Wheelchair Accessible, Late Check-out",Active,2024-06-18,Corporate Contract,32,22561.06
C0001002305,Alexander,Johnson,alexander.johnson@gmail.com,+1 911 470 2947,NL,Europe,Moorefort,32,M,Group,2024-11-13,2024,11,Gold,Email,True,English,American Express,Executive,,Inactive,2027-10-01,Website Direct,36,6256.07
C0001002306,Emma,Ford,emma.ford@yahoo.com,+1 236 343 2499,MX,North America,Daveyhaven,43,F,Leisure,2023-07-19,2023,7,Gold,Email,True,English,Visa,Standard,,Active,2024-05-28,OTA Referral,42,1922.23
C0001002307,Miguela,Esteve,miguela19@acme.com,+1 280 576 9013,ES,Europe,Zaragoza,29,F,Business,2022-02-08,2022,2,Gold,Email,True,Spanish,Visa,Executive,,Active,2022-04-21,Phone Booking,5,17028.32
C0001002308,Justin,Bryant,justin.bryant@gmail.com,0537 773 200,AU,Asia Pacific,Geoffreyfort,49,M,Family,2022-04-08,2022,4,Gold,Email,True,English,Visa,Suite,"Wheelchair Accessible, Early Check-in",Active,2022-06-16,Walk-in,41,9100.98
C0001002309,萍,唐,萍.唐@outlook.com,+86 859 7820 711,CN,Asia Pacific,Hughesfurt,28,F,Business,2021-11-10,2021,11,Non-Member,SMS,True,Chinese,Visa,Deluxe,,Active,2023-12-24,Website Direct,4,10721.35
C0001002310,Marc,Taylor,marct@tyrellcorp.com,(782) 917-8490,US,North America,Port Graceville,31,M,Business,2019-10-11,2019,10,Non-Member,Email,True,English,Visa,Family,,Active,,Phone Booking,5,21504.11
C0001002311,Katie,Williams,katiew@gmail.com,+1 310 732 4284,CL,South America,Lake Julianview,54,F,Business,2024-08-30,2024,8,Non-Member,SMS,True,English,PayPal,Standard,,Active,,OTA Referral,1,15246.51
C0001002312,Ingeborg,Drub,test@test.com,+49 7562 5132,DE,Europe,Sonneberg,39,F,Business,2021-09-14,2021,9,Non-Member,Email,True,German,Visa,Deluxe,,Active,2024-01-27,Website Direct,5,20237.49
C0001002313,Susan,Fox,susan59@outlook.com,+1 719 250 3885,CL,South America,Grantmouth,39,F,Leisure,2022-09-22,2022,9,Basic,Email,True,English,Mastercard,Ocean View,,Inactive,2024-11-23,OTA Referral,6,15201.08
C0001002314,Amando,Pla,amando_pla@gmail.com,+1 691 776 2902,AR,South America,South عابد,43,M,Group,2024-09-09,2024,9,Basic,Email,False,English,Visa,Standard,,Inactive,2026-02-04,Walk-in,22,17140.82
C0001002315,Susan,Hiller,susan.hiller@starkindustries.com,+49 230 90957,DE,Europe,Neuss,25,F,Business,2022-11-09,2022,11,Gold,SMS,True,German,Mastercard,Executive,,Active,,Walk-in,32,16749.58
C0001002316,Lynda,Spencer,lynda21@gmail.com,+1 385 578 2110,CH,Europe,New David,44,F,Family,2022-02-12,2022,2,Silver,Email,True,English,Visa,Deluxe,,Inactive,2024-03-28,Phone Booking,47,9421.46
C0001002317,Anne,Moore,noemail@provided.com,07599 166 445,GB,Europe,Taylorfurt,42,F,Business,2023-03-31,2023,3,Silver,Email,False,English,American Express,Deluxe,,Active,2024-07-03,Phone Booking,36,10875.43
C0001002318,Damian,Robertson,damianr@gmail.com,+1 768 598 1345,TH,Asia Pacific,New Janetfort,44,M,Leisure,2022-03-19,2022,3,Platinum,Email,True,English,Visa,Family,,Inactive,2025-01-10,OTA Referral,19,11733.3
C0001002319,Kim,Scott,kims@gmail.com,+1 938 506 2431,CA,North America,Port Fiona,43,F,Family,2020-02-29,2020,2,Basic,Email,False,English,Mastercard,Deluxe,,Active,2022-07-02,Website Direct,10,24522.73
C0001002320,Frederick,Green,frederick.green@initech.com,+1 147 790 4105,SE,Europe,Lake Royburgh,36,M,Business,2024-02-06,2024,2,Basic,Email,False,English,Visa,Executive,,Active,2025-02-24,Website Direct,0,22390.14
C0001002321,성호,이,성이@gmail.com,+1 514 183 5514,KR,Asia Pacific,Camerontown,52,M,Leisure,2023-07-14,2023,7,Basic,Email,False,Korean,Visa,Standard,,Active,2025-07-25,Phone Booking,46,11670.95
C0001002322,辉,向,辉.向@initech.com,893 1393 962,CN,Asia Pacific,Wilsonport,31,M,Business,2023-06-21,2023,6,Gold,Email,True,Chinese,Google Pay,Deluxe,,Active,2023-09-13,Walk-in,10,6586.31
C0001002323,중수,이,중수이@umbrellacorp.com,+1 822 922 4306,KR,Asia Pacific,Alexandermouth,31,M,Business,2024-10-16,2024,10,Non-Member,Email,False,Korean,Mastercard,Suite,,Active,2025-09-05,OTA Referral,4,19587.29
C0001002324,Kate,Jones,kjones@cyberdyne.com,+1 226 751 7949,CA,North America,Lake Kyle,26,F,Business,2024-07-01,2024,7,Basic,Email,True,English,Visa,Suite,,Active,,OTA Referral,38,21761.55
C0001002325,Holly,Lee,hlee@hotmail.com,+1 713 853 4576,SE,Europe,Leonardchester,50,F,Family,2023-07-03,2023,7,Non-Member,Email,True,English,American Express,Family,,Active,2024-02-27,Walk-in,0,23095.41
C0001002326,Rachel,Williams,rachel47@waynecorp.com,+1 205 404 6604,SG,Asia Pacific,Sarahberg,33,F,Business,2024-01-23,2024,1,Basic,Email,False,English,PayPal,Deluxe,,Active,2026-08-20,Corporate Contract,5,8838.64
C0001002327,Ludmila,Hermighausen,ludmila33@dummycorp.com,+49 7028 1088,DE,Europe,Höxter,25,F,Business,2019-01-03,2019,1,Basic,SMS,True,German,American Express,Standard,,Active,2019-07-01,Website Direct,47,23580.09
C0001002328,Mohamed,Walton,mohamed63@outlook.com,+44 3067 34663,GB,Europe,Kylehaven,26,M,Group,2024-08-03,2024,8,Basic,Email,True,English,Visa,Executive,,Active,2026-01-17,Walk-in,30,12076.98
C0001002329,Ashley,Taylor,ashley.taylor@gmail.com,+1 390 118 9841,CL,South America,North Caroline,55,M,Family,2022-07-22,2022,7,Gold,Email,False,English,Apple Pay,Family,,Active,2024-06-05,Website Direct,28,6804.41
C0001002330,Danny,Turner,danny86@gmail.com,+1 317 331 2330,NG,Africa,Lake Naomihaven,40,M,Family,2023-05-21,2023,5,Non-Member,Email,True,English,PayPal,Executive,,Active,2023-06-08,Corporate Contract,2,9647.57
C0001002331,Eugène,Nguyen,eugène8@gmail.com,+33 734 809 856,FR,Europe,Sainte PaulBourg,37,M,Leisure,2019-09-21,2019,9,Basic,Email,True,French,Visa,Standard,,Active,2021-08-02,Walk-in,7,23687.64
C0001002332,Patricia,Lloyd,patricial@yahoo.com,(186) 872-3914,US,North America,Joanneberg,43,F,Group,2024-03-19,2024,3,Basic,Email,True,English,American Express,Ocean View,,Active,2025-05-06,Website Direct,25,19257.96
C0001002333,Chloe,Taylor,chloe13@gmail.com,06371 087 975,GB,Europe,Oliviamouth,38,F,Business,2024-11-08,2024,11,Silver,Both,True,English,Visa,Deluxe,,Active,2026-06-06,Website Direct,16,23354.22
C0001002334,Christine,Smith,christines@yahoo.com,+1 634 692 5103,SE,Europe,Derekmouth,39,F,Leisure,2023-09-06,2023,9,Basic,Email,False,English,Visa,Standard,Late Check-out,Active,2024-03-20,Website Direct,37,13126.26
C0001002335,Shaun,Clayton,shaunc@umbrellacorp.com,876-627-2115,US,North America,Beverleyport,43,M,Business,2021-02-10,2021,2,Non-Member,Email,False,English,Visa,Family,Early Check-in,Active,,Walk-in,0,22631.47
C0001002336,Kate,Brennan,kate99@tyrellcorp.com,000-861-1628,US,North America,South Janice,37,F,Business,2019-05-16,2019,5,Basic,Email,False,English,Visa,Suite,,Active,2019-11-05,OTA Referral,27,5941.39
C0001002337,Barbara,Smith,barbaras@hotmail.com,+1 927 323 1139,CA,North America,West Maria,31,F,Family,2022-05-01,2022,5,Basic,Email,True,English,Mastercard,Standard,,Active,2022-10-30,Website Direct,16,621.07
C0001002338,Norman,Green,norman_green@icloud.com,187-103-2569,US,North America,New Russell,47,M,Leisure,2022-06-17,2022,6,Non-Member,Email,True,English,Visa,Deluxe,,Inactive,2024-09-21,Walk-in,2,24856.8
C0001002339,Ezio,Lamborghini,ezio.lamborghini@outlook.com,+1 346 821 5181,IT,Europe,Madonna,48,M,Leisure,2020-08-25,2020,8,Gold,Email,True,Italian,Visa,Ocean View,,Active,2021-08-09,Walk-in,43,15730.33
C0001002340,Jayne,Chapman,jchapman@gmail.com,072-635-3280,US,North America,North Harry,43,F,Business,2023-05-16,2023,5,Platinum,Email,True,English,Apple Pay,Standard,,Active,2023-12-04,Corporate Contract,39,18956.29
C0001002341,Leslie,Berry,leslie.berry@gmail.com,+1 576 163 4723,SG,Asia Pacific,Port Glenn,53,M,Business,2021-10-20,2021,10,Basic,Both,True,English,Mastercard,Deluxe,,Active,2023-07-10,Corporate Contract,36,46.42
C0001002342,Bruce,Ward,bruce12@gmail.com,+1 975 183 6887,MX,North America,North Gillianberg,36,M,Leisure,2023-06-18,2023,6,Basic,Email,False,English,Visa,Suite,,Active,2025-09-18,Phone Booking,8,5059.46
C0001002343,Paul,Pickering,ppickering@gmail.com,+91 918 494 4826,IN,Asia Pacific,Lake Sean,37,M,Family,2019-08-21,2019,8,Silver,Email,False,English,Mastercard,Standard,,Active,2021-08-26,Phone Booking,10,22527.11
C0001002344,Glenn,Roberts,glenn26@starkindustries.com,139-866-7762,US,North America,Brownville,32,M,Business,2019-10-23,2019,10,Silver,SMS,True,English,American Express,Standard,Non-smoking,Active,,Website Direct,21,24763.47
C0001002345,Marie,Evans,mariee@yahoo.com,+1 871 180 5739,MX,North America,Brettborough,38,F,Group,2019-02-04,2019,2,Silver,Email,True,English,Visa,Standard,,Active,2019-12-30,Walk-in,34,9646.79
C0001002346,Dean,Hughes,deanh@outlook.com,+1 427 369 6245,CA,North America,Elainetown,49,M,Leisure,2019-07-31,2019,7,Gold,Email,False,English,Visa,Deluxe,,Inactive,2021-06-28,Corporate Contract,34,1475.83
C0001002347,Sepp,Löffler,slöffler@gmail.com,+49 0002 5508,DE,Europe,Jüterbog,52,M,Family,2019-02-19,2019,2,Silver,Email,False,German,Google Pay,Standard,,Active,,Corporate Contract,44,5111.48
C0001002348,Emily,Freeman,emilyf@gmail.com,,US,North America,Johnsonmouth,46,F,Leisure,2021-06-17,2021,6,Silver,Email,True,English,Mastercard,Ocean View,,Inactive,2022-01-30,Phone Booking,28,14666.09
C0001002349,Richard,Thomas,richardt@gmail.com,+1 901 543 9234,CH,Europe,West Scottport,43,M,Leisure,2020-02-16,2020,2,Silver,SMS,True,English,Visa,Standard,,Inactive,,Website Direct,18,3869.12
C0001002350,美加子,佐藤,test@test.com,+81 747-129-356,JP,Asia Pacific,Rickyville,42,F,Family,2024-01-07,2024,1,Non-Member,Email,True,Japanese,Visa,Deluxe,,Inactive,2024-10-12,Corporate Contract,4,2207.86
C0001002351,Diana,Butler,diana.butler@gmail.com,(114) 502-0816,US,North America,Morrisonbury,41,F,Family,2023-12-17,2023,12,Non-Member,Email,True,English,PayPal,Executive,,Active,,Website Direct,3,18316.39
C0001002352,春梅,叶,春梅叶@outlook.com,+86 697 1379 859,CN,Asia Pacific,Howardmouth,37,F,Leisure,2019-03-25,2019,3,Gold,Email,True,Chinese,Visa,Standard,,Active,2020-10-10,Corporate Contract,29,8543.18
C0001002353,Scott,McCarthy,scott_mccarthy@gmail.com,+1 442 500 6260,CA,North America,Barnettbury,46,M,Family,2019-02-08,2019,2,Basic,Email,False,English,American Express,Deluxe,,Inactive,2021-09-09,Phone Booking,24,13122.76
C0001002354,幹,清水,幹清水@cyberdyne.com,656-642-7959,JP,Asia Pacific,Jamesport,42,F,Business,2020-11-30,2020,11,Basic,Email,True,Japanese,Mastercard,Family,,Inactive,2020-12-26,Website Direct,12,21810.04
C0001002355,Adrian,Phillips,adrian_phillips@gmail.com,+1 668 207 7116,QA,Middle East,East Amyfurt,53,M,Leisure,2023-08-03,2023,8,Gold,Email,True,English,Visa,Standard,,Active,,Walk-in,14,4368.97
C0001002356,あすか,山田,あすか山@yahoo.com,+81 401-833-978,JP,Asia Pacific,East Nicoleburgh,43,F,Family,2020-07-29,2020,7,Non-Member,Email,True,Japanese,Visa,Deluxe,,Active,,Walk-in,5,19954.1
C0001002357,William,Newman,williamn@gmail.com,+1 594 970 2233,CA,North America,Lake Joshuachester,34,M,Leisure,2023-10-27,2023,10,Basic,Email,True,English,American Express,Deluxe,,Active,,Walk-in,24,6113.09
C0001002358,Mitchell,Jennings,mitchell_jennings@dummycorp.com,(369) 934-0730,US,North America,Lake Jasmine,44,M,Business,2023-05-08,2023,5,Non-Member,Email,True,English,Visa,Suite,,Active,,OTA Referral,4,24416.52
C0001002359,Thomas,Reed,thomas85@outlook.com,(408) 584-1798,US,North America,New Kellyside,37,M,Business,2019-07-10,2019,7,Non-Member,Email,True,English,American Express,Deluxe,,Active,2019-07-19,Phone Booking,4,2347.0
C0001002360,Lynne,Singh,lynnes@outlook.com,+1 477 388 5690,CA,North America,Jenningsmouth,37,F,Leisure,2020-04-22,2020,4,Gold,Email,True,English,Visa,Standard,,Inactive,,Website Direct,12,13756.87
C0001002361,Claire,Akhtar,noemail@provided.com,+1 417 119 8454,CA,North America,Pooletown,43,F,Leisure,2024-02-21,2024,2,Basic,Email,True,English,Visa,Deluxe,,Active,2024-06-17,Walk-in,20,12815.33
C0001002362,Chloe,Brady,cbrady@cyberdyne.com,+44 5299 37726,GB,Europe,Elainemouth,59,F,Business,2019-05-07,2019,5,Gold,Email,True,English,Visa,Standard,"Early Check-in, High Floor",Active,2021-02-18,Corporate Contract,26,23992.94
C0001002363,Azucena,Checa,acheca@oscorp.com,+1 486 221 2062,ES,Europe,Córdoba,28,F,Business,2019-03-14,2019,3,Silver,Email,True,Spanish,American Express,Deluxe,,Active,2020-02-29,Phone Booking,5,24121.82
C0001002364,Mandy,Fuller,mandy_fuller@outlook.com,+1 422 815 2714,CO,South America,Frenchside,43,F,Leisure,2021-11-27,2021,11,Non-Member,Email,True,English,Visa,Suite,,Active,2023-09-05,Website Direct,0,470.84
C0001002365,Nils,Becker,nils.becker@yahoo.com,+49 8775 2991,DE,Europe,Wittenberg,40,M,Leisure,2019-06-16,2019,6,Silver,Email,False,German,Visa,Suite,,Active,2019-12-14,OTA Referral,19,1992.08
C0001002366,Ben,Matthews,bmatthews@gmail.com,(684) 913-1223,US,North America,New Catherineton,53,M,Leisure,2021-11-20,2021,11,Platinum,Email,True,English,Mastercard,Standard,,Active,2023-03-19,OTA Referral,31,14834.04
C0001002367,Kate,Wilkins,kwilkins@gmail.com,+91 412 204 9273,IN,Asia Pacific,Smithfort,49,F,Leisure,2019-05-25,2019,5,Silver,Email,True,English,Visa,Family,,Active,2020-12-11,Website Direct,39,19593.23
C0001002368,Jordan,Barry,test@test.com,+1 916 725 4316,TH,Asia Pacific,Thomaschester,41,M,Business,2021-08-06,2021,8,Basic,SMS,True,English,Mastercard,Standard,,Inactive,2021-12-05,Website Direct,39,16842.63
C0001002369,Marc,Campbell,marc_campbell@gmail.com,+44 0831 03956,GB,Europe,Huntfurt,48,M,Leisure,2020-11-18,2020,11,Basic,Email,True,English,Visa,Standard,,Active,2021-12-16,Website Direct,18,24633.02
C0001002370,Joshua,Davies,joshua75@outlook.com,(200) 803-2385,US,North America,Lorraineland,36,M,Leisure,2024-03-02,2024,3,Basic,SMS,False,English,Google Pay,Standard,,Active,,Phone Booking,31,7506.22
C0001002371,Lauren,Pearce,noemail@provided.com,+1 772 133 3441,TH,Asia Pacific,South Josephfort,39,F,Business,2020-12-08,2020,12,Silver,Email,True,English,Visa,Suite,,Active,,Corporate Contract,48,11757.08
C0001002372,Kirsty,Oliver,kirstyo@gmail.com,+1 790 701 1154,MX,North America,Lake Michaeltown,52,F,Family,2024-09-09,2024,9,Non-Member,Email,False,English,American Express,Standard,,Active,,Phone Booking,4,10634.83
C0001002373,جليل,آل العسكري,جليل48@gmail.com,+1 397 657 7956,SA,Middle East,North Brian,57,M,Leisure,2024-10-22,2024,10,Basic,Both,False,Arabic,Mastercard,Deluxe,,Inactive,2025-05-26,Website Direct,38,23133.04
C0001002374,Frédérique,Colas,frédériquec@yahoo.com,+33 390 532 264,FR,Europe,Michel,43,F,Business,2020-02-14,2020,2,Silver,Email,True,French,Visa,Executive,,Inactive,,Corporate Contract,38,18773.47
C0001002375,Sandra,Lancisi,sandra13@outlook.com,+1 495 179 6941,IT,Europe,San Michele Di Pratola,32,F,Business,2020-11-19,2020,11,Non-Member,Email,True,Italian,Visa,Standard,,Active,,OTA Referral,4,9815.19
C0001002376,Patricia,Davies,patricia6@gmail.com,+1 750 856 2863,SG,Asia Pacific,Gilbertmouth,32,F,Business,2024-03-11,2024,3,Silver,Both,False,English,Visa,Executive,,Active,2025-08-12,Corporate Contract,18,7621.48
C0001002377,Hayley,Morris,hayley60@outlook.com,+1 225 662 5106,MX,North America,Walkerchester,47,F,Leisure,2020-12-27,2020,12,Non-Member,Email,True,English,Visa,Standard,,Active,2023-09-22,Walk-in,2,3352.69
C0001002378,佳,巴,佳.巴@waynecorp.com,670 5060 850,CN,Asia Pacific,Smithville,28,M,Business,2024-11-13,2024,11,Basic,SMS,True,Chinese,Mastercard,Suite,,Inactive,,OTA Referral,0,18855.63
C0001002379,Dominic,Clark,dominic42@gmail.com,+1 256 203 2264,MX,North America,Ameliaborough,49,M,Leisure,2022-04-22,2022,4,Silver,Email,True,English,Google Pay,Deluxe,Non-smoking,Active,2024-08-19,Phone Booking,30,9495.4
C0001002380,Lee,Jackson,ljackson@gmail.com,+1 326 683 2134,SG,Asia Pacific,New Gailville,56,M,Leisure,2021-04-26,2021,4,Basic,Email,True,English,Apple Pay,Standard,,Active,,Website Direct,26,21857.36
C0001002381,عالية,فصيل,عالية.فصيل@outlook.com,+1 968 192 8357,SA,Middle East,Pearcefurt,50,F,Leisure,2019-08-14,2019,8,Gold,Email,False,Arabic,Apple Pay,Suite,,Active,2021-04-06,Corporate Contract,30,23812.63
C0001002382,涛,黄,涛黄@yahoo.com,320 3586 753,CN,Asia Pacific,New Kieranburgh,28,M,Business,2019-02-25,2019,2,Platinum,Email,True,Chinese,Mastercard,Ocean View,,Active,2019-10-16,Corporate Contract,27,9515.65
C0001002383,Stanley,Ali,stanley47@dummycorp.com,+1 157 905 1183,SE,Europe,East Amy,51,M,Business,2019-07-30,2019,7,Platinum,Email,False,English,Mastercard,Executive,,Active,2021-08-09,Website Direct,15,12723.92
C0001002384,Patricia,Roberts,patricia_roberts@gmail.com,+1 746 303 6674,CL,South America,Kennedyburgh,44,F,Leisure,2020-04-23,2020,4,Gold,Email,False,English,American Express,Suite,,Active,2021-02-02,Phone Booking,22,1300.9
C0001002385,Jordan,Lucas,jordan.lucas@gmail.com,+1 204 941 2152,CA,North America,New Deborahmouth,43,M,Leisure,2019-02-03,2019,2,Non-Member,SMS,True,English,Visa,Deluxe,,Active,,Walk-in,1,16113.32
C0001002386,Judith,Bryan,judith.bryan@icloud.com,+1 450 411 8456,NL,Europe,East Ellieside,47,F,Leisure,2023-10-16,2023,10,Basic,Email,False,English,Mastercard,Standard,,Active,,Phone Booking,29,5224.62
C0001002387,Katie,Brown,kbrown@gmail.com,(599) 238-7341,US,North America,Carolinehaven,55,F,Leisure,2024-09-07,2024,9,Basic,None,True,English,Mastercard,Standard,,Active,2026-08-17,Website Direct,3,7531.85
C0001002388,Mark,Williams,mark_williams@oscorp.com,+1 159 766 3313,NL,Europe,Georgiaside,25,M,Business,2023-01-27,2023,1,Basic,SMS,True,English,Mastercard,Standard,Allergies,Active,2024-12-25,OTA Referral,1,8199.18
C0001002389,Philip,Sanders,philip_sanders@gmail.com,+1 349 217 6091,NL,Europe,Callumport,55,M,Family,2023-03-06,2023,3,Non-Member,SMS,True,English,Visa,Deluxe,,Inactive,2026-01-08,Walk-in,1,8762.37
C0001002390,Megan,Ball,megan_ball@outlook.com,(795) 435-2486,US,North America,New Melissaburgh,30,F,Leisure,2019-04-05,2019,4,Non-Member,SMS,True,English,Google Pay,Deluxe,,Active,,Phone Booking,2,22453.81
C0001002391,David,Jackson,djackson@waynecorp.com,859-394-9061,US,North America,Port Diane,30,M,Business,2023-05-23,2023,5,Non-Member,Email,False,English,American Express,Standard,,Active,2025-08-05,Walk-in,2,17391.8
C0001002392,Zoe,Begum,zoe.begum@outlook.com,+1 425 305 5383,CA,North America,East Alexandraburgh,45,F,Group,2023-05-20,2023,5,Basic,SMS,True,English,Visa,Suite,,Active,,OTA Referral,48,1379.62
C0001002393,Trevor,Knight,trevork@cyberdyne.com,+1 829 398 3961,MX,North America,Grayborough,39,M,Business,2022-06-20,2022,6,Gold,SMS,False,English,Visa,Suite,,Active,2023-05-18,Website Direct,48,24656.35
C0001002394,Victor,Guillou,victorg@gmail.com,0252889645,FR,Europe,Sainte Alexandre,33,M,Leisure,2023-05-21,2023,5,Basic,Email,True,French,Mastercard,Standard,,Active,,Website Direct,43,7780.23
C0001002395,Nathan,White,nathan31@gmail.com,+1 284 789 1516,CA,North America,Markville,46,M,Leisure,2022-03-23,2022,3,Silver,SMS,True,English,Apple Pay,Deluxe,,Inactive,,Website Direct,30,13862.37
C0001002396,Heather,Hunter,heather_hunter@acme.com,+1 819 279 2834,MX,North America,Sandraside,38,F,Business,2019-08-12,2019,8,Basic,Email,True,English,Visa,Suite,,Active,2020-04-03,Website Direct,37,23027.6
C0001002397,Simon,Rose,simonr@gmail.com,+1 420 539 2830,MX,North America,Nichollschester,51,M,Leisure,2020-06-17,2020,6,Silver,Email,True,English,American Express,Deluxe,,Active,2022-01-17,Corporate Contract,35,16858.87
C0001002398,Mitchell,Riley,mitchellr@hotmail.com,02174 920 039,GB,Europe,Mortonchester,37,M,Business,2021-04-16,2021,4,Silver,Email,False,English,Mastercard,Suite,,Active,2022-12-29,Corporate Contract,13,19178.09
C0001002399,英,聂,英聂@gmail.com,374 6117 525,CN,Asia Pacific,New Teresa,31,F,Family,2019-04-21,2019,4,Basic,Email,True,Chinese,Mastercard,Deluxe,,Inactive,2021-02-03,Corporate Contract,46,15892.27
C0001002400,桂英,张,桂英张@yahoo.com,596 3512 356,CN,Asia Pacific,Mandyburgh,41,F,Leisure,2019-06-09,2019,6,Basic,None,True,Chinese,Visa,Standard,,Active,,Phone Booking,33,335.33
C0001002401,Abigail,Lewis,abigaill@icloud.com,+1 700 854 9571,CA,North America,New Lesleyland,49,F,Group,2024-10-08,2024,10,Silver,Email,True,English,Mastercard,Family,,Active,,Phone Booking,28,17617.06
C0001002402,直樹,木村,直樹89@icloud.com,+81 784-246-433,JP,Asia Pacific,Youngfurt,36,M,Group,2019-03-05,2019,3,Non-Member,Email,True,Japanese,Mastercard,Family,,Active,2021-02-28,Corporate Contract,3,7025.31
C0001002403,예지,이,예지이@gmail.com,+1 445 354 3497,KR,Asia Pacific,Julianville,40,F,Family,2021-08-08,2021,8,Gold,SMS,False,Korean,Mastercard,Standard,,Active,,Corporate Contract,32,9936.27
C0001002404,Sean,Brown,sean17@outlook.com,424-577-5120,US,North America,North Frederickport,55,M,Family,2023-01-12,2023,1,Basic,Email,True,English,Visa,Deluxe,,Inactive,,Website Direct,49,2131.87
C0001002405,Gabriel,Ollivier,gollivier@cyberdyne.com,0042393005,FR,Europe,Bourdon,50,M,Business,2024-11-04,2024,11,Basic,Both,True,French,Visa,Ocean View,,Active,2026-07-01,OTA Referral,7,18510.02
C0001002406,Hans-Herbert,Adler,hans-herbert.adler@gmail.com,+49 1285 7789,DE,Europe,Herzberg,37,M,Group,2023-02-10,2023,2,Basic,Email,True,German,Apple Pay,Standard,,Inactive,2024-02-02,Corporate Contract,12,3124.22
C0001002407,Albert,Phillips,albertp@outlook.com,+1 112 108 6711,CA,North America,Tonyfort,39,M,Business,2020-01-31,2020,1,Silver,Both,True,English,American Express,Executive,,Active,2022-09-06,Walk-in,39,23912.39
C0001002408,智也,斎藤,智也.斎藤@gmail.com,640-591-3412,JP,Asia Pacific,South Elliotville,31,M,Business,2022-03-08,2022,3,Non-Member,SMS,True,Japanese,American Express,Deluxe,,Active,2023-12-29,Corporate Contract,5,12407.99
C0001002409,超,梁,超.梁@gmail.com,+86 825 7321 888,CN,Asia Pacific,Frederickfort,28,M,Family,2023-10-30,2023,10,Non-Member,Both,True,Chinese,Mastercard,Standard,,Active,2026-06-30,Corporate Contract,3,4447.28
C0001002410,Mandy,Archer,marcher@outlook.com,663-842-4595,US,North America,North Kathrynshire,52,F,Leisure,2020-02-29,2020,2,Gold,SMS,False,English,Apple Pay,Standard,,Active,2020-09-17,OTA Referral,32,18929.72
C0001002411,Sam,Wilson,swilson@initech.com,+1 717 877 3360,MX,North America,Lake Michelleshire,26,M,Business,2022-02-07,2022,2,Gold,Email,True,English,Visa,Deluxe,,Active,2023-10-14,Phone Booking,25,23678.58
C0001002412,太一,鈴木,太一_鈴木@hotmail.com,+81 669-105-038,JP,Asia Pacific,New Elliott,44,M,Leisure,2024-03-20,2024,3,Silver,Email,False,Japanese,Visa,Executive,,Active,2025-08-26,Walk-in,14,738.68
C0001002413,عبد القدّوس,آل عطفة,عآل عطفة@globex.com,+971 189 342 3599,AE,Middle East,South James,42,M,Business,2024-12-23,2024,12,Platinum,Email,True,Arabic,Google Pay,Suite,,Active,2027-08-22,OTA Referral,27,3796.13
C0001002414,辉,田,辉田@outlook.com,974 9884 517,CN,Asia Pacific,Port Ellieshire,36,M,Business,2019-12-05,2019,12,Basic,Email,True,Chinese,Google Pay,Executive,,Inactive,,OTA Referral,45,1243.38
C0001002415,Harriet,Martin,harriet_martin@gmail.com,(860) 042-0671,US,North America,New Harrietland,44,F,Leisure,2020-02-20,2020,2,Basic,Email,True,English,Visa,Suite,,Active,2022-04-14,Phone Booking,8,12493.56
C0001002416,Adrian,Rice,adrian.rice@gmail.com,267-116-7852,US,North America,Richardsonville,39,M,Leisure,2020-01-13,2020,1,Basic,Email,True,English,Visa,Deluxe,,Active,2022-04-25,Walk-in,47,21339.16
C0001002417,Neil,Stevenson,neil74@outlook.com,+1 720 269 9002,MX,North America,Kimberleyville,25,M,Family,2023-10-28,2023,10,Basic,Email,True,English,Mastercard,Suite,,Active,2025-01-29,Phone Booking,35,15792.16
C0001002418,George,Morley,george8@tyrellcorp.com,+1 463 474 1497,NL,Europe,Emilyland,35,M,Business,2020-11-03,2020,11,Silver,Email,False,English,Visa,Family,,Active,2023-02-23,Phone Booking,43,17767.46
C0001002419,Alison,Hussain,alisonh@gmail.com,+1 121 667 5075,CH,Europe,Craigberg,36,F,Family,2024-01-19,2024,1,Non-Member,SMS,True,English,Visa,Executive,,Active,,OTA Referral,2,20413.89
C0001002420,里佳,清水,里佳.清水@gmail.com,+81 924-186-742,JP,Asia Pacific,West Adamview,47,F,Leisure,2024-02-19,2024,2,Gold,SMS,False,Japanese,Mastercard,Suite,,Active,2025-11-12,Corporate Contract,30,17263.7
C0001002421,Dominic,Davies,dominic.davies@gmail.com,+1 325 709 2227,SG,Asia Pacific,Lake Johnland,40,M,Leisure,2022-11-25,2022,11,Non-Member,Email,True,English,Visa,Suite,,Inactive,2025-10-15,Walk-in,3,16598.42
C0001002422,Eckart,Scholz,escholz@gmail.com,+49 7945 4264,DE,Europe,Ilmenau,43,M,Leisure,2019-06-20,2019,6,Non-Member,Email,True,German,Visa,Standard,,Active,,Phone Booking,2,1396.87
C0001002423,Bryan,Hammond,bryan63@gmail.com,+1 200 583 9339,CA,North America,Saundersmouth,39,M,Business,2023-09-05,2023,9,Non-Member,Email,True,English,Visa,Standard,,Active,2023-09-26,Walk-in,1,18116.47
C0001002424,Carolyn,Gallagher,carolyn_gallagher@yahoo.com,01967 762 614,GB,Europe,North Harriethaven,25,F,Business,2024-01-19,2024,1,Non-Member,Email,False,English,Mastercard,Executive,"Wheelchair Accessible, High Floor",Active,,Walk-in,1,2638.16
C0001002425,Dale,Robinson,dale.robinson@hotmail.com,+1 934 292 1487,MX,North America,Harrybury,47,M,Family,2023-03-06,2023,3,Non-Member,Email,True,English,PayPal,Standard,,Active,2024-02-27,Walk-in,3,23793.4
C0001002426,Deborah,Clarke,deborah61@acme.com,+1 609 767 4112,MX,North America,Aliport,36,F,Business,2024-11-08,2024,11,Basic,Email,True,English,American Express,Deluxe,,Active,2027-01-20,Phone Booking,14,16183.02
C0001002427,Joyce,Kerr,jkerr@gmail.com,+91 910 819 7164,IN,Asia Pacific,Chapmanburgh,47,F,Leisure,2020-08-19,2020,8,Basic,Email,True,English,Visa,Family,,Active,2021-07-07,OTA Referral,39,18166.56
C0001002428,David,Otero,david95@yahoo.com,+1 334 632 3198,ES,Europe,Guadalajara,28,M,Leisure,2024-11-29,2024,11,Silver,Email,True,Spanish,Visa,Deluxe,,Inactive,2026-06-01,Phone Booking,40,17701.6
C0001002429,Rita,Carter,ritac@outlook.com,+1 871 799 7480,SE,Europe,Amandastad,29,F,Leisure,2023-02-28,2023,2,Silver,Email,True,English,Visa,Standard,,Inactive,2026-01-26,Phone Booking,47,21848.08
C0001002430,くみ子,岡本,くみ子岡@outlook.com,+81 681-107-098,JP,Asia Pacific,Jasonside,38,F,Family,2024-10-14,2024,10,Basic,SMS,False,Japanese,Apple Pay,Deluxe,,Inactive,2026-05-04,Walk-in,41,17161.31
C0001002431,Norman,Moore,norman7@icloud.com,+1 545 114 2407,MX,North America,West Alexhaven,33,M,Business,2023-04-11,2023,4,Basic,Email,True,English,Mastercard,Standard,,Active,,OTA Referral,28,7117.3
C0001002432,Paz,Díez,pazd@outlook.com,+1 252 225 1470,ES,Europe,León,49,F,Leisure,2024-02-14,2024,2,Basic,Email,True,Spanish,American Express,Standard,,Active,2024-02-28,Website Direct,7,114.01
C0001002433,Simon,Thomas,simon.thomas@acme.com,+1 470 790 3161,SG,Asia Pacific,Carolberg,38,M,Business,2020-07-09,2020,7,Gold,Email,True,English,Visa,Executive,,Active,2022-07-27,Walk-in,22,3260.01
C0001002434,Anthony,Ingram,anthony_ingram@gmail.com,+1 196 195 4410,CA,North America,East Lewis,39,M,Leisure,2020-06-06,2020,6,Non-Member,Email,False,English,American Express,Standard,,Active,,Walk-in,3,2665.99
C0001002435,Lisa,Morton,lisa.morton@gmail.com,+1 949 580 3931,MX,North America,Daviesville,28,F,Leisure,2019-10-12,2019,10,Silver,Both,True,English,Visa,Standard,Wheelchair Accessible,Active,2020-12-13,Website Direct,31,17335.65
C0001002436,Rebecca,Jones,rjones@yahoo.com,(954) 812-6886,US,North America,Walshchester,39,F,Leisure,2020-03-15,2020,3,Gold,Email,True,English,Mastercard,Suite,"Non-smoking, Late Check-out",Active,2021-09-23,OTA Referral,2,11457.9
C0001002437,Evita,Leon,evita68@gmail.com,+1 158 553 6516,ES,Europe,Asturias,40,F,Leisure,2022-11-26,2022,11,Silver,Both,True,Spanish,Apple Pay,Standard,,Active,2025-10-17,Corporate Contract,34,17397.02
C0001002438,Clive,Bartlett,clive.bartlett@outlook.com,+1 703 267 7082,NL,Europe,Deniseburgh,33,M,Leisure,2023-11-14,2023,11,Non-Member,Email,False,English,Mastercard,Deluxe,Allergies,Active,2026-10-19,Corporate Contract,2,18873.85
C0001002439,Guy,Jackson,guyj@gmail.com,+1 293 405 9392,CH,Europe,Brownhaven,27,M,Leisure,2021-05-15,2021,5,Platinum,Email,True,English,Mastercard,Standard,,Active,2022-05-19,Corporate Contract,20,9807.82
C0001002440,Victoria,Malacarne,victoria_malacarne@acme.com,+1 256 868 9362,IT,Europe,Borrello Di Catania,31,F,Business,2020-10-02,2020,10,Silver,SMS,True,Italian,Visa,Deluxe,,Active,2022-11-02,Phone Booking,26,10968.66
C0001002441,Alison,Smart,alison.smart@gmail.com,+1 160 180 5589,CA,North America,Lake Juneberg,35,F,Leisure,2021-03-21,2021,3,Silver,Email,True,English,Mastercard,Suite,,Active,2023-10-18,Corporate Contract,43,24646.15
C0001002442,Denis,Shepherd,denis.shepherd@outlook.com,+1 225 694 9034,MX,North America,Shawmouth,51,M,Group,2021-07-15,2021,7,Basic,Email,True,English,Mastercard,Deluxe,,Active,2022-03-24,Website Direct,44,20008.86
C0001002443,Connor,Cameron,connor.cameron@dummycorp.com,+1 191 169 8030,MX,North America,West Mathewshire,39,M,Business,2019-06-06,2019,6,Gold,Email,True,English,American Express,Deluxe,,Active,,Walk-in,19,7961.68
C0001002444,Steven,Hudson,shudson@gmail.com,+1 709 404 8035,CA,North America,South Kirstyborough,47,M,Leisure,2021-12-30,2021,12,Non-Member,Email,True,English,Visa,Standard,,Active,2022-05-05,Phone Booking,4,22473.32
C0001002445,Robin,Ford,robin51@gmail.com,+1 474 857 1972,NL,Europe,Arthurchester,33,M,Group,2020-01-27,2020,1,Non-Member,SMS,False,English,Mastercard,Ocean View,,Active,,Corporate Contract,1,21386.45
C0001002446,Mohammed,Williams,mwilliams@acme.com,+1 336 425 3150,MX,North America,East Aliceburgh,30,M,Business,2021-03-31,2021,3,Silver,Email,True,English,Mastercard,Deluxe,Late Check-out,Active,2021-12-27,Walk-in,33,17991.75
C0001002447,燕,熊,燕_熊@gmail.com,+86 755 2743 694,CN,Asia Pacific,Bradleyland,33,F,Leisure,2023-01-12,2023,1,Silver,SMS,True,Chinese,Mastercard,Executive,Early Check-in,Inactive,2024-07-13,Corporate Contract,40,23742.31
C0001002448,Kenneth,Whittaker,kennethw@cyberdyne.com,+1 976 766 6143,SG,Asia Pacific,New Gregory,25,M,Business,2019-09-25,2019,9,Gold,SMS,True,English,American Express,Executive,"Late Check-out, High Floor",Active,,Corporate Contract,42,14066.08
C0001002449,건우,성,건성@outlook.com,+1 104 645 3958,KR,Asia Pacific,Tracyville,49,M,Leisure,2023-11-14,2023,11,Non-Member,Email,False,Korean,Google Pay,Ocean View,Wheelchair Accessible,Inactive,2025-01-15,Phone Booking,4,23740.72
C0001002450,七夏,高橋,七夏.高橋@outlook.com,154-112-5297,JP,Asia Pacific,Brettside,41,F,Leisure,2021-01-17,2021,1,Gold,Email,True,Japanese,Visa,Deluxe,,Active,2022-07-15,Website Direct,20,7804.63
C0001002451,里佳,石井,test@test.com,621-355-4809,JP,Asia Pacific,Harrisberg,46,F,Leisure,2021-07-25,2021,7,Basic,Email,False,Japanese,Visa,Deluxe,,Active,,Website Direct,36,12358.79
C0001002452,Bruce,Smith,bsmith@gmail.com,+1 730 799 5298,CH,Europe,West Julialand,39,M,Leisure,2021-02-22,2021,2,Silver,Email,True,English,Mastercard,Standard,High Floor,Active,,Website Direct,38,16620.72
C0001002453,Philip,Gibson,philipg@hotmail.com,+1 865 784 6052,TH,Asia Pacific,North Terry,34,M,Leisure,2023-12-13,2023,12,Non-Member,Email,False,English,Mastercard,Executive,,Active,2024-03-06,Walk-in,4,15244.55
C0001002454,Katie,Steele,katie17@tyrellcorp.com,+1 998 450 4455,CA,North America,Joshuamouth,36,F,Business,2019-06-18,2019,6,Basic,Email,True,English,Visa,Executive,,Active,2019-06-21,Corporate Contract,34,7600.94
C0001002455,七夏,山口,七山口@gmail.com,+81 238-924-094,JP,Asia Pacific,Martinborough,33,F,Leisure,2021-01-27,2021,1,Silver,SMS,False,Japanese,Visa,Executive,,Active,2023-09-01,Corporate Contract,23,17653.04
C0001002456,Liam,Edwards,liam.edwards@outlook.com,(844) 994-5102,US,North America,East Timothyview,35,M,Leisure,2019-06-12,2019,6,Non-Member,Email,False,English,Visa,Deluxe,,Active,2021-10-29,Website Direct,3,15879.06
C0001002457,Melania,Escalona,melania72@oscorp.com,+1 352 924 6531,ES,Europe,Valladolid,33,F,Business,2023-06-13,2023,6,Basic,Email,False,Spanish,Visa,Ocean View,,Active,2026-06-05,Corporate Contract,33,18420.79
C0001002458,Lee,Holden,lholden@outlook.com,+1 343 632 8562,MX,North America,Lake Marilynberg,37,M,Leisure,2020-05-10,2020,5,Basic,Email,True,English,Visa,Standard,,Active,2022-10-31,Corporate Contract,16,14150.72
C0001002459,Kyle,Henderson,kyleh@gmail.com,(725) 239-5626,US,North America,Charliefurt,22,M,Group,2023-07-21,2023,7,Non-Member,SMS,False,English,Visa,Family,,Active,2025-02-06,Website Direct,3,6194.42
C0001002460,William,Knowles,william22@yahoo.com,+44 8788 57530,GB,Europe,Benjaminberg,29,M,Business,2019-05-13,2019,5,Platinum,Email,True,English,Mastercard,Deluxe,,Active,2021-02-07,Phone Booking,6,1999.4
C0001002461,Bryan,Wood,bryanw@starkindustries.com,734-062-0879,US,North America,Carrville,27,M,Business,2021-09-10,2021,9,Platinum,Email,True,English,Mastercard,Executive,,Active,2023-01-03,OTA Referral,40,2832.57
C0001002462,Robin,Armstrong,robina@tyrellcorp.com,(128) 679-3465,US,North America,Port Frank,43,M,Business,2019-02-28,2019,2,Gold,Email,False,English,Visa,Executive,,Active,2021-01-07,OTA Referral,44,11802.53
C0001002463,Justin,Knowles,justin86@yahoo.com,0355 612 680,AU,Asia Pacific,Port Leanne,43,M,Leisure,2019-04-20,2019,4,Basic,SMS,True,English,Visa,Suite,,Inactive,2021-01-06,Walk-in,3,4811.59
C0001002464,Anunciación,Arellano,anunciación.arellano@outlook.com,+1 625 930 2385,ES,Europe,Segovia,44,F,Leisure,2021-10-24,2021,10,Basic,Email,True,Spanish,Visa,Deluxe,,Active,2024-02-02,OTA Referral,14,22287.54
C0001002465,Lisa,Fusani,lisa_fusani@gmail.com,+1 673 271 4269,IT,Europe,Grontardo,48,F,Leisure,2020-09-01,2020,9,Non-Member,Email,False,Italian,Mastercard,Family,,Active,,OTA Referral,3,16061.41
C0001002466,Dean,Howells,dean.howells@dummycorp.com,+1 527 288 1356,CH,Europe,Donaldtown,47,M,Business,2020-09-28,2020,9,Basic,Email,False,English,Mastercard,Standard,,Active,2021-01-03,Walk-in,17,11414.47
C0001002467,Carl,Harris,carl98@gmail.com,+1 556 717 2035,TH,Asia Pacific,Ashleighmouth,47,M,Leisure,2019-01-30,2019,1,Gold,Email,True,English,PayPal,Suite,,Inactive,2020-09-19,OTA Referral,44,6446.17
C0001002468,Amy,Robinson,amy.robinson@tyrellcorp.com,+91 169 294 1207,IN,Asia Pacific,North Glenn,26,F,Business,2023-05-19,2023,5,Non-Member,Email,False,English,Visa,Standard,,Inactive,2025-01-08,Walk-in,4,6914.64
C0001002469,瑜,刘,瑜_刘@gmail.com,687 8832 288,CN,Asia Pacific,Katemouth,54,F,Business,2019-11-07,2019,11,Non-Member,Email,True,Chinese,Visa,Executive,,Active,,Corporate Contract,5,4575.93
C0001002470,Claire,Clarke,claire74@icloud.com,+1 665 326 2395,MX,North America,Frederickville,22,F,Leisure,2022-04-21,2022,4,Basic,SMS,True,English,Visa,Executive,,Active,2025-04-09,Walk-in,50,5182.49
C0001002471,Kyle,Charlton,kcharlton@hotmail.com,+1 509 412 4027,CA,North America,Port Jay,51,M,Family,2022-03-29,2022,3,Basic,SMS,True,English,PayPal,Standard,,Active,,Website Direct,49,6519.82
C0001002472,Katie,Yates,kyates@icloud.com,(432) 018-2668,US,North America,South Christian,34,F,Family,2020-03-03,2020,3,Silver,SMS,True,English,Visa,Standard,,Inactive,2020-12-08,OTA Referral,5,7877.64
C0001002473,명자,이,명이@yahoo.com,+1 466 619 8133,KR,Asia Pacific,South Abbieton,35,F,Leisure,2023-12-31,2023,12,Non-Member,None,True,Korean,American Express,Executive,,Active,2025-06-09,Phone Booking,5,15458.12
C0001002474,Naomi,King,naomi91@umbrellacorp.com,+1 274 909 4185,SG,Asia Pacific,Lake Donna,33,F,Business,2023-06-28,2023,6,Non-Member,Email,True,English,Mastercard,Suite,,Active,,Walk-in,1,24500.44
C0001002475,Wayne,Bates,wayneb@gmail.com,+1 867 943 6272,CO,South America,Patelberg,29,M,Leisure,2019-07-28,2019,7,Silver,Email,True,English,Visa,Deluxe,,Active,2021-03-13,Walk-in,30,7874.67
C0001002476,Jacinta,Sevillano,jacinta29@gmail.com,+1 484 854 1546,ES,Europe,Cantabria,30,F,Leisure,2020-07-08,2020,7,Basic,Email,False,Spanish,Visa,Family,,Active,2021-10-08,Corporate Contract,36,13132.4
C0001002477,Lynn,Patel,noemail@provided.com,+1 210 640 5269,MX,North America,Lake Mohammed,51,F,Business,2024-01-01,2024,1,Silver,Both,True,English,PayPal,Executive,,Active,2025-10-11,Phone Booking,0,22337.47
C0001002478,刚,欧,刚_欧@yahoo.com,+86 719 4124 482,CN,Asia Pacific,South Leslie,36,M,Leisure,2020-02-26,2020,2,Non-Member,Email,True,Chinese,Visa,Standard,,Inactive,2022-03-06,Phone Booking,4,22669.41
C0001002479,Wendy,Richards,test@test.com,+1 419 470 3731,EG,Africa,Kieranborough,45,F,Leisure,2024-01-31,2024,1,Gold,Email,False,English,Visa,Standard,,Active,2025-08-19,Corporate Contract,34,8471.21
C0001002480,Charlie,Armstrong,test@test.com,+91 299 192 4771,IN,Asia Pacific,North Charles,44,M,Leisure,2023-10-23,2023,10,Non-Member,Email,True,English,Mastercard,Standard,,Active,2023-12-02,Walk-in,1,10314.25
C0001002481,Carol,Ross,cross@gmail.com,+1 818 311 1595,MX,North America,Mistryton,45,F,Family,2022-10-31,2022,10,Platinum,SMS,True,English,Visa,Family,,Active,,Website Direct,33,4275.49
C0001002482,Vanessa,Kelly,vanessa56@outlook.com,07755 030 677,GB,Europe,Joannafurt,52,F,Leisure,2020-10-24,2020,10,Silver,Email,True,English,Mastercard,Standard,,Inactive,2021-01-27,Walk-in,28,17961.25
C0001002483,Frederick,Gibson,frederickg@outlook.com,+91 779 156 5863,IN,Asia Pacific,Jordanburgh,47,M,Family,2024-06-04,2024,6,Basic,Email,True,English,Apple Pay,Deluxe,,Active,2027-04-11,Walk-in,0,2893.66
C0001002484,Jordan,Connor,jordan_connor@gmail.com,(111) 556-4727,US,North America,New Simon,26,M,Group,2024-07-10,2024,7,Non-Member,Email,True,English,Visa,Suite,,Active,2026-11-29,Phone Booking,0,2816.34
C0001002485,千代,高橋,千代高@gmail.com,303-698-0695,JP,Asia Pacific,Lake Harriet,42,F,Business,2022-08-05,2022,8,Basic,Email,True,Japanese,Visa,Deluxe,,Active,2024-04-10,Website Direct,36,17764.56
C0001002486,秀兰,马,秀兰46@gmail.com,101 4326 722,CN,Asia Pacific,Jacksontown,52,F,Leisure,2021-04-25,2021,4,Platinum,Email,True,Chinese,Visa,Executive,,Active,2022-12-03,OTA Referral,25,23984.88
C0001002487,Raymond,Young,raymond83@gmail.com,+1 138 637 1137,SG,Asia Pacific,New Fionaport,44,M,Family,2021-10-02,2021,10,Basic,Email,True,English,Mastercard,Standard,"Late Check-out, High Floor",Active,2022-05-06,Corporate Contract,40,9133.48
C0001002488,Sheila,Barber,sheila_barber@gmail.com,(030) 235-0065,US,North America,New Rosemary,45,F,Leisure,2019-05-22,2019,5,Non-Member,SMS,False,English,American Express,Suite,,Active,,OTA Referral,0,20757.05
C0001002489,Kelly,Smith,noemail@provided.com,+1 842 327 3938,EG,Africa,North Jemma,36,F,Family,2019-06-14,2019,6,Non-Member,Email,False,English,Visa,Standard,High Floor,Active,2021-04-01,Phone Booking,2,12143.86
C0001002490,Shaun,Grant,shaung@acme.com,+1 732 956 4763,MX,North America,Edwardhaven,46,M,Business,2023-01-24,2023,1,Basic,Email,False,English,Mastercard,Deluxe,,Active,2024-02-23,Website Direct,36,20794.96
C0001002491,Alan,Warren,alan_warren@gmail.com,+1 223 176 5700,MX,North America,Port Russellport,33,M,Family,2024-10-23,2024,10,Non-Member,SMS,False,English,Mastercard,Suite,,Active,,Phone Booking,2,17198.54
C0001002492,하은,박,하박@outlook.com,+1 396 238 5948,KR,Asia Pacific,Geraldfurt,48,F,Leisure,2023-07-05,2023,7,Non-Member,SMS,True,Korean,Visa,Standard,,Active,2024-07-04,Website Direct,5,16880.49
C0001002493,Vincent,Thomson,vthomson@gmail.com,(971) 628-5797,US,North America,New Geraldshire,43,M,Family,2020-01-17,2020,1,Basic,Email,True,English,Visa,Standard,,Active,2021-05-31,Website Direct,12,15964.71
C0001002494,Nathan,Sanderson,nathan.sanderson@gmail.com,+1 533 768 2837,SE,Europe,East Jacquelineborough,53,M,Leisure,2023-01-28,2023,1,Gold,Both,False,English,Visa,Standard,,Active,2023-08-03,Phone Booking,49,640.11
C0001002495,Aimee,Woods,aimee_woods@hotmail.com,+1 977 926 8032,CA,North America,Port Charlene,45,F,Business,2022-02-10,2022,2,Basic,Email,False,English,Google Pay,Suite,,Active,2024-01-11,Corporate Contract,15,5644.63
C0001002496,Glen,Sheppard,glen33@gmail.com,+1 261 682 5705,MX,North America,Wilsonfort,44,M,Leisure,2021-11-28,2021,11,Silver,Email,False,English,Visa,Deluxe,,Active,2024-02-24,Corporate Contract,17,12010.79
C0001002497,Duncan,Carter,duncan.carter@gmail.com,+1 271 350 1471,CA,North America,Lake Ryanport,43,M,Leisure,2023-12-07,2023,12,Silver,Email,False,English,Google Pay,Suite,Wheelchair Accessible,Active,,Corporate Contract,23,23378.29
C0001002498,Tomas,Wähner,tomasw@outlook.com,+49 206 87062,DE,Europe,Wittmund,37,M,Business,2019-01-23,2019,1,Gold,Email,False,German,Visa,Ocean View,,Inactive,2020-01-29,OTA Referral,48,21761.44
C0001002499,Rosendo,Gonzalez,rosendo.gonzalez@tyrellcorp.com,+1 510 823 6014,ES,Europe,Huesca,38,M,Business,2023-06-12,2023,6,Non-Member,Email,False,Spanish,Visa,Suite,,Active,,Website Direct,2,24662.47
C0001002500,Kayleigh,Walker,kwalker@outlook.com,+1 846 859 9501,CA,North America,Daveymouth,38,F,Leisure,2019-10-12,2019,10,Non-Member,SMS,False,English,American Express,Suite,,Active,,OTA Referral,4,11412.12
C0001002501,Damiano,Squarcione,damiano.squarcione@oscorp.com,+1 255 353 9279,IT,Europe,Parisi,27,M,Business,2019-01-10,2019,1,Non-Member,Both,False,Italian,Mastercard,Executive,,Active,2019-07-28,Website Direct,4,8672.13
C0001002502,晃,山崎,晃.山崎@gmail.com,181-203-5258,JP,Asia Pacific,Jennachester,36,M,Leisure,2024-08-18,2024,8,Silver,SMS,False,Japanese,Mastercard,Standard,,Active,2027-07-10,OTA Referral,37,22813.09
C0001002503,Michael,Morgan,michael26@globex.com,+1 849 507 1529,QA,Middle East,Cookton,41,M,Business,2020-10-05,2020,10,Non-Member,SMS,True,English,Visa,Suite,,Active,,Walk-in,4,4168.59
C0001002504,Bruce,Davey,bruce71@gmail.com,+61 993 257 260,AU,Asia Pacific,West Francesside,44,M,Leisure,2019-11-18,2019,11,Basic,Email,True,English,Visa,Deluxe,,Active,2020-05-15,Website Direct,24,2120.83
C0001002505,Jacob,McKenzie,jacob78@gmail.com,+1 373 551 5932,MX,North America,Simonmouth,34,M,Leisure,2020-01-20,2020,1,Platinum,Email,True,English,American Express,Deluxe,,Active,2020-09-23,Corporate Contract,29,11649.66
C0001002506,Elaine,Williams,elainew@tyrellcorp.com,+1 955 412 4002,ZA,Africa,Abbieport,42,F,Business,2024-10-14,2024,10,Non-Member,Email,False,English,Visa,Executive,,Active,2027-08-16,OTA Referral,3,23619.25
C0001002507,Kathryn,Hancock,kathrynh@cyberdyne.com,0983 663 853,AU,Asia Pacific,South Clare,52,F,Business,2024-04-01,2024,4,Non-Member,Email,True,English,PayPal,Standard,,Active,,Walk-in,5,9230.76
C0001002508,Janice,Lewis,janice41@hotmail.com,+1 100 919 3443,CA,North America,Lake Jeffrey,48,F,Family,2020-05-22,2020,5,Silver,Email,True,English,Mastercard,Suite,,Active,2021-10-08,Corporate Contract,15,16106.4
C0001002509,Niccolò,Sismondi,nsismondi@gmail.com,+1 327 187 6715,IT,Europe,Valbrembo,46,M,Leisure,2020-06-02,2020,6,Basic,SMS,True,Italian,American Express,Deluxe,,Active,2021-10-22,Website Direct,28,24154.1
C0001002510,Loida,Campoy,loidac@gmail.com,+1 517 906 7283,ES,Europe,Sevilla,36,F,Group,2024-04-11,2024,4,Non-Member,Email,False,Spanish,Mastercard,Suite,,Active,2026-07-26,Walk-in,0,19655.7
C0001002511,Nicholas,Bartlett,nicholas.bartlett@yahoo.com,+1 515 471 4078,CA,North America,Ronaldside,32,M,Leisure,2022-02-18,2022,2,Silver,Email,True,English,Visa,Standard,,Active,,Phone Booking,6,20437.79
C0001002512,Ellie,Clark,ellie86@hotmail.com,995-412-1143,US,North America,West Sharon,35,F,Leisure,2019-04-06,2019,4,Platinum,SMS,True,English,Mastercard,Standard,,Active,,OTA Referral,13,15753.12
C0001002513,Kim,Kelly,kim.kelly@hotmail.com,366-205-2116,US,North America,Clarkeberg,49,F,Group,2019-03-28,2019,3,Gold,Email,True,English,PayPal,Standard,,Active,,OTA Referral,43,17101.79
C0001002514,Zoe,Davies,zoe79@outlook.com,+1 512 990 5420,MX,North America,South Paul,28,F,Business,2019-12-17,2019,12,Gold,Email,True,English,Visa,Suite,,Active,2021-08-10,Website Direct,38,8678.64
C0001002515,Peter,Potter,ppotter@gmail.com,921-053-2474,US,North America,Mossstad,51,M,Leisure,2019-05-15,2019,5,Platinum,SMS,True,English,Visa,Suite,,Active,,Website Direct,2,2087.47
C0001002516,Sophie,Moore,sophie.moore@outlook.com,+1 407 186 4508,TH,Asia Pacific,North Eric,41,F,Leisure,2020-07-13,2020,7,Gold,Email,True,English,Visa,Executive,,Active,2021-03-07,Corporate Contract,31,14754.03
C0001002517,Charlotte,Jones,charlotte61@oscorp.com,+1 856 485 9076,QA,Middle East,Benjaminhaven,28,F,Business,2022-05-18,2022,5,Platinum,Email,True,English,Mastercard,Suite,,Active,,Phone Booking,37,2133.34
C0001002518,Máxima,Luján,mluján@gmail.com,+1 728 420 3036,ES,Europe,Burgos,41,F,Leisure,2020-09-13,2020,9,Non-Member,Email,False,Spanish,American Express,Deluxe,,Active,2020-12-20,Website Direct,2,3085.52
C0001002519,José María,Fuentes,josé maría.fuentes@starkindustries.com,+1 796 569 9677,AR,South America,East باسمة,34,M,Business,2024-01-23,2024,1,Basic,Email,True,English,Mastercard,Suite,,Inactive,2024-08-28,OTA Referral,2,4658.75
C0001002520,ربيع,الجفالي,رالجفالي@acme.com,+1 303 298 3476,SA,Middle East,New Donnafort,38,M,Business,2022-05-11,2022,5,Basic,SMS,False,Arabic,Visa,Suite,,Active,2023-03-24,Corporate Contract,18,10763.21
C0001002521,Roger,Wilson,roger.wilson@gmail.com,+1 953 119 5412,CA,North America,Julietown,41,M,Leisure,2021-11-09,2021,11,Platinum,Email,False,English,Mastercard,Deluxe,Non-smoking,Active,2023-02-03,Website Direct,9,22338.31
C0001002522,Carl,Hill,carl_hill@icloud.com,092-560-1616,US,North America,Naomiside,25,M,Family,2022-01-10,2022,1,Basic,Email,True,English,Mastercard,Family,,Active,,Website Direct,42,10607.84
C0001002523,فارع,الشايع,فالشايع@acme.com,+971 249 929 6227,AE,Middle East,Finchtown,27,M,Business,2022-10-29,2022,10,Non-Member,SMS,False,Arabic,Visa,Suite,,Active,2024-07-17,OTA Referral,0,11334.64
C0001002524,Ann,Brookes,annb@yahoo.com,109-481-7487,US,North America,Charlieton,55,F,Leisure,2023-12-12,2023,12,Non-Member,Email,True,English,Mastercard,Suite,,Active,2025-11-30,Walk-in,5,10190.9
C0001002525,Mina,Rose,mina21@gmail.com,000-000-0000,DE,Europe,Eberswalde,38,F,Leisure,2022-01-15,2022,1,Silver,Email,False,German,Visa,Standard,,Active,2024-06-12,Phone Booking,1,2165.9
C0001002526,Édith,Vallée,édith_vallée@gmail.com,0175318574,FR,Europe,Saint Margaret-les-Bains,37,F,Business,2023-01-05,2023,1,Non-Member,Email,True,French,Mastercard,Executive,,Active,,Website Direct,3,10151.84
C0001002527,Purificación,Castrillo,purificación.castrillo@gmail.com,+1 665 965 5048,ES,Europe,Valencia,49,F,Leisure,2019-04-24,2019,4,Basic,SMS,False,Spanish,Visa,Deluxe,,Active,2020-08-02,Phone Booking,39,13033.4
C0001002528,Frank,Marsh,frank.marsh@gmail.com,(345) 313-3843,US,North America,Cartwrightfort,37,M,Business,2022-07-11,2022,7,Silver,Email,False,English,Visa,Suite,,Inactive,2024-01-12,OTA Referral,37,17821.55
C0001002529,建华,谢,建华谢@outlook.com,821 7602 657,CN,Asia Pacific,West Joyce,46,M,Leisure,2019-04-14,2019,4,Gold,Email,True,Chinese,PayPal,Deluxe,,Active,2020-09-28,Website Direct,21,2997.63
C0001002530,Joyce,Martin,joyce.martin@hotmail.com,(698) 133-0946,US,North America,Lake Elliotview,37,F,Business,2023-06-09,2023,6,Basic,SMS,True,English,Apple Pay,Deluxe,,Active,,Corporate Contract,31,22319.99
C0001002531,Elliot,Smith,elliot62@tyrellcorp.com,+1 462 827 5264,NL,Europe,Lake Victorside,41,M,Business,2019-06-28,2019,6,Gold,SMS,False,English,Mastercard,Suite,,Active,2019-09-13,Walk-in,28,18982.26
C0001002532,Jodie,Evans,jodiee@outlook.com,+1 599 321 4758,CA,North America,Newtontown,32,F,Leisure,2023-07-06,2023,7,Non-Member,Email,True,English,PayPal,Standard,,Active,2024-04-20,OTA Referral,0,18145.4
C0001002533,Lesley,Nicholson,lesley72@hotmail.com,+1 848 688 8086,MX,North America,East Carlyhaven,34,F,Leisure,2024-01-25,2024,1,Basic,Email,True,English,Visa,Family,"Early Check-in, High Floor",Inactive,,Phone Booking,41,20605.33
C0001002534,Frank,Rogers,frankr@gmail.com,+1 114 753 5750,CH,Europe,North Glen,35,M,Leisure,2022-03-04,2022,3,Silver,Email,True,English,Mastercard,Standard,,Active,2024-06-08,OTA Referral,1,15840.18
C0001002535,Jeremy,Vaughan,jvaughan@gmail.com,+1 867 655 6959,NG,Africa,Port Garryland,39,M,Leisure,2022-10-02,2022,10,Silver,Email,True,English,Apple Pay,Standard,,Active,2024-04-06,Corporate Contract,12,24509.17
C0001002536,Donald,Jones,donaldj@gmail.com,+1 137 669 2772,MX,North America,Jacquelinestad,30,M,Leisure,2022-01-16,2022,1,Gold,Email,False,English,Mastercard,Family,,Active,2023-08-29,Walk-in,18,14725.65
C0001002537,Robin,Robinson,robinr@outlook.com,+91 102 649 3395,IN,Asia Pacific,North Annaton,29,M,Group,2022-05-31,2022,5,Non-Member,SMS,False,English,Mastercard,Executive,,Active,2022-06-05,Walk-in,3,132.01
C0001002538,Sylvia,Patel,spatel@hotmail.com,+1 235 986 3190,CO,South America,Huntton,55,F,Group,2021-10-06,2021,10,Basic,SMS,True,English,Visa,Standard,,Active,,Walk-in,47,19574.64
C0001002539,明,吕,明吕@waynecorp.com,718 3603 111,CN,Asia Pacific,West Rita,35,M,Business,2020-03-26,2020,3,Non-Member,SMS,True,Chinese,American Express,Suite,,Active,2020-09-15,Phone Booking,5,17085.38
C0001002540,Carmela,Gelabert,carmela_gelabert@cyberdyne.com,+1 181 788 8903,AR,South America,Port عبد الرّؤوف,33,F,Business,2024-01-04,2024,1,Non-Member,SMS,False,English,Mastercard,Deluxe,Late Check-out,Active,,OTA Referral,1,19036.7
C0001002541,Maureen,Lawrence,maureen_lawrence@yahoo.com,(695) 160-3567,US,North America,New Ericstad,46,F,Family,2023-05-16,2023,5,Basic,Email,True,English,Visa,Deluxe,,Active,2025-09-06,Corporate Contract,17,11820.73
C0001002542,Leon,Field,lfield@oscorp.com,631-438-0976,US,North America,Claireview,38,M,Business,2021-09-08,2021,9,Silver,Email,True,English,Visa,Deluxe,,Active,,Corporate Contract,20,13179.55
C0001002543,Kirsty,Watts,kirsty43@gmail.com,+1 481 194 3971,KW,Middle East,Owensmouth,32,F,Leisure,2024-06-20,2024,6,Non-Member,Email,False,English,Visa,Family,"Allergies, Early Check-in",Active,,OTA Referral,3,13546.45
C0001002544,Raymond,Long,raymondl@oscorp.com,+91 918 862 3343,IN,Asia Pacific,South Michael,36,M,Business,2020-06-25,2020,6,Platinum,Email,True,English,Apple Pay,Suite,,Active,2022-10-29,Website Direct,49,15292.77
C0001002545,Connor,Begum,connor62@gmail.com,+1 379 685 4125,CH,Europe,South Hilary,33,M,Family,2020-12-04,2020,12,Gold,Email,True,English,Mastercard,Standard,,Inactive,,Corporate Contract,13,17003.51
C0001002546,Hilary,Khan,hkhan@acme.com,,MX,North America,Port Francesside,37,F,Business,2023-10-16,2023,10,Non-Member,SMS,False,English,American Express,Suite,"Early Check-in, High Floor",Active,2024-01-26,Corporate Contract,4,22620.01
C0001002547,Natalie,Price,noemail@provided.com,+1 432 871 2850,CA,North America,East Mandy,37,F,Leisure,2020-09-07,2020,9,Non-Member,Email,True,English,Visa,Standard,Early Check-in,Active,2021-04-25,OTA Referral,2,8654.51
C0001002548,Callum,White,callumw@gmail.com,+91 628 569 2572,IN,Asia Pacific,Gregorymouth,33,M,Business,2023-11-22,2023,11,Gold,Both,False,English,Google Pay,Deluxe,,Active,,Corporate Contract,10,1486.22
C0001002549,直子,山田,直子.山田@outlook.com,092-839-5065,JP,Asia Pacific,Franceston,38,F,Leisure,2024-01-05,2024,1,Silver,Email,True,Japanese,Visa,Suite,,Active,2026-01-03,Corporate Contract,17,14984.36
C0001002550,Brett,Ward,bward@gmail.com,248-411-4399,US,North America,Wellsfort,52,M,Group,2024-06-14,2024,6,Silver,Email,True,English,Visa,Standard,,Active,,Website Direct,1,13360.35
C0001002551,Gustavo,Iglesias,gustavo_iglesias@gmail.com,+1 369 476 8308,ES,Europe,Palencia,52,M,Leisure,2022-08-30,2022,8,Platinum,Email,True,Spanish,Visa,Standard,,Inactive,2023-02-27,Corporate Contract,49,11080.75
C0001002552,翔太,小川,翔太小@gmail.com,887-678-2049,JP,Asia Pacific,Cunninghamtown,32,M,Family,2021-09-06,2021,9,Non-Member,Email,True,Japanese,Mastercard,Standard,,Inactive,,Phone Booking,1,13101.5
C0001002553,Jordan,Lee,jordanl@outlook.com,000-000-0000,MX,North America,Liammouth,46,M,Business,2023-01-30,2023,1,Platinum,SMS,False,English,Visa,Deluxe,,Active,2025-11-11,Website Direct,31,11278.16
C0001002554,Eric,Dean,ericd@hotmail.com,,MX,North America,Millerport,52,M,Leisure,2019-11-05,2019,11,Basic,Email,True,English,Apple Pay,Standard,,Active,2022-01-22,Walk-in,35,9035.84
C0001002555,Ruth,Hopkins,ruth24@gmail.com,+1 871 108 2635,SG,Asia Pacific,Leeport,54,F,Group,2023-10-04,2023,10,Non-Member,Email,True,English,Mastercard,Ocean View,,Active,,Website Direct,1,15885.27
C0001002556,Chelsea,Scott,test@test.com,+1 797 940 4734,MX,North America,Jamesstad,48,F,Leisure,2020-09-29,2020,9,Basic,SMS,True,English,Visa,Executive,,Active,,Corporate Contract,39,20410.46
C0001002557,شدّاد,الخرافي,شدّاد.الخرافي@acme.com,+1 525 133 5084,SA,Middle East,Watsonchester,26,M,Business,2019-07-25,2019,7,Basic,SMS,False,Arabic,Visa,Standard,,Inactive,,Corporate Contract,35,8648.75
C0001002558,Charles,Lane,charlesl@hotmail.com,+1 371 744 2811,NG,Africa,Lake Staceymouth,55,M,Family,2020-01-28,2020,1,Silver,Email,False,English,PayPal,Standard,,Active,,Walk-in,8,9522.43
C0001002559,Jay,Wood,jay_wood@outlook.com,+1 477 785 1633,CA,North America,Andrewview,39,M,Leisure,2024-06-12,2024,6,Non-Member,Email,True,English,Visa,Deluxe,,Active,2027-01-31,Corporate Contract,5,4941.27
C0001002560,Eckhardt,Scholtz,escholtz@outlook.com,+49 022 70216,DE,Europe,Sankt Goarshausen,48,M,Business,2022-05-22,2022,5,Gold,SMS,True,German,American Express,Executive,,Inactive,2023-06-17,Phone Booking,44,17453.4
C0001002561,Stewart,Bull,stewart69@hotmail.com,+1 323 548 1804,MX,North America,Oliviaside,37,M,Leisure,2023-06-08,2023,6,Silver,Email,True,English,Visa,Deluxe,,Active,2025-01-28,Website Direct,16,8325.66
C0001002562,Ashley,Andrews,guest@email.com,+1 794 203 3717,MX,North America,East Staceyville,49,M,Business,2022-02-25,2022,2,Platinum,Email,True,English,Mastercard,Ocean View,,Active,,Walk-in,10,21691.97
C0001002563,Molly,Howarth,mollyh@gmail.com,(772) 095-3232,US,North America,North Tina,48,F,Business,2021-01-23,2021,1,Silver,Both,False,English,Visa,Deluxe,,Active,2022-03-11,Phone Booking,15,4075.64
C0001002564,Wendy,Goddard,wgoddard@gmail.com,+1 561 506 4286,CA,North America,East Leighport,28,F,Group,2022-11-01,2022,11,Non-Member,Email,True,English,Visa,Standard,,Active,2023-05-19,Website Direct,4,11272.07
C0001002565,香織,中村,香中村@hotmail.com,461-320-6975,JP,Asia Pacific,Greenchester,50,F,Leisure,2022-03-12,2022,3,Basic,Email,True,Japanese,Visa,Standard,,Active,,Phone Booking,35,13797.26
C0001002566,Donald,Cameron,donaldc@icloud.com,+1 900 565 4850,CH,Europe,South Kenneth,60,M,Leisure,2024-04-01,2024,4,Basic,Email,True,English,Mastercard,Deluxe,,Active,,OTA Referral,13,5698.05
C0001002567,Russell,Anderson,russell76@gmail.com,+1 470 592 2069,NL,Europe,North Joel,48,M,Leisure,2020-01-18,2020,1,Gold,Email,True,English,Mastercard,Executive,,Active,2020-11-07,Corporate Contract,2,11051.87
C0001002568,Mirta,Amaya,mirta23@yahoo.com,+1 944 749 3424,ES,Europe,Segovia,36,F,Group,2019-11-13,2019,11,Basic,Email,True,Spanish,Mastercard,Standard,,Active,2020-06-17,Walk-in,9,7814.78
C0001002569,Andrew,Walker,andrew.walker@dummycorp.com,000-000-0000,NL,Europe,Jordanton,40,M,Business,2024-08-16,2024,8,Basic,SMS,False,English,PayPal,Deluxe,,Active,,Corporate Contract,41,3988.32
C0001002570,Lewis,Saunders,lewiss@globex.com,(991) 302-1435,US,North America,Matthewburgh,25,M,Business,2024-06-07,2024,6,Non-Member,SMS,False,English,Mastercard,Ocean View,,Active,2026-05-25,Walk-in,2,5720.12
C0001002571,Amada,Ródenas,amadar@gmail.com,+1 317 482 3913,ES,Europe,Melilla,51,F,Leisure,2022-01-29,2022,1,Silver,Email,False,Spanish,Apple Pay,Family,,Inactive,2024-06-05,OTA Referral,7,10465.18
C0001002572,Stuart,Hudson,stuarth@gmail.com,+1 227 295 9962,MX,North America,North Marcville,40,M,Leisure,2022-04-29,2022,4,Basic,Email,True,English,Apple Pay,Standard,,Active,2025-02-25,OTA Referral,20,22020.34
C0001002573,Gareth,Carpenter,guest@email.com,(159) 451-4071,US,North America,Ryanmouth,40,M,Leisure,2020-03-19,2020,3,Silver,Email,False,English,Mastercard,Suite,,Active,,OTA Referral,1,1480.21
C0001002574,Brenda,Hall,bhall@gmail.com,+1 918 818 1414,CA,North America,Parryberg,51,F,Leisure,2020-02-01,2020,2,Non-Member,SMS,True,English,Apple Pay,Deluxe,"Non-smoking, Early Check-in",Active,,Corporate Contract,2,13871.33
C0001002575,광수,김,광수_김@gmail.com,+1 285 958 9833,KR,Asia Pacific,McCarthyside,45,M,Family,2024-12-08,2024,12,Non-Member,Email,False,Korean,Mastercard,Deluxe,,Inactive,,Website Direct,4,943.49
C0001002576,Scott,Forster,scott_forster@tyrellcorp.com,+1 728 839 2911,CH,Europe,Conorburgh,36,M,Business,2022-10-06,2022,10,Basic,Email,True,English,Mastercard,Family,,Active,2023-02-21,Phone Booking,25,13183.51
C0001002577,Jonathan,Schofield,jschofield@yahoo.com,997-509-6458,US,North America,Richardsonville,56,M,Leisure,2024-06-12,2024,6,Basic,SMS,True,English,Visa,Standard,,Active,2024-09-13,Phone Booking,42,4975.34
C0001002578,Vanessa,Collins,vanessa.collins@tyrellcorp.com,+44 0169 47671,GB,Europe,Andersonbury,33,F,Business,2019-04-18,2019,4,Silver,Email,False,English,Visa,Standard,,Active,,Website Direct,32,12913.88
C0001002579,Adam,Baker,adam.baker@cyberdyne.com,,SG,Asia Pacific,Knightville,52,M,Business,2024-10-30,2024,10,Basic,Email,True,English,Apple Pay,Executive,,Active,2026-09-07,Website Direct,13,7468.42
C0001002580,波,蒋,波蒋@gmail.com,000-000-0000,CN,Asia Pacific,North Claire,28,M,Business,2020-10-02,2020,10,Platinum,Both,True,Chinese,Google Pay,Executive,,Active,,Phone Booking,15,10198.56
C0001002581,정훈,이,정이@gmail.com,+1 261 705 2240,KR,Asia Pacific,Hillville,28,M,Leisure,2024-08-11,2024,8,Basic,Email,False,Korean,Mastercard,Family,,Active,2025-09-19,Walk-in,26,15886.72
C0001002582,Clemens,Schmiedecke,clemens.schmiedecke@outlook.com,,DE,Europe,Gütersloh,34,M,Group,2024-08-15,2024,8,Non-Member,Email,True,German,American Express,Executive,,Active,2026-12-11,OTA Referral,0,9634.53
C0001002583,Lesley,Jackson,ljackson@acme.com,+1 288 842 4760,CA,North America,Lake Georgemouth,36,F,Business,2023-02-09,2023,2,Silver,Both,True,English,Visa,Suite,,Active,2024-10-07,Phone Booking,12,9095.2
C0001002584,Antony,Reeves,antony_reeves@outlook.com,+1 110 183 1411,SE,Europe,Lake Anthonyville,39,M,Leisure,2021-12-18,2021,12,Non-Member,Email,False,English,PayPal,Ocean View,,Active,,Corporate Contract,2,18829.37
C0001002585,Jade,Jones,jade_jones@gmail.com,+1 456 547 8164,CH,Europe,Port Danielmouth,33,F,Leisure,2023-05-23,2023,5,Silver,SMS,True,English,Visa,Standard,,Active,,OTA Referral,40,5476.64
C0001002586,Jade,Manning,jmanning@cyberdyne.com,+1 537 618 8580,MX,North America,Marcport,43,F,Business,2020-03-09,2020,3,Silver,Email,True,English,PayPal,Executive,"High Floor, Wheelchair Accessible",Active,2021-11-09,OTA Referral,32,12041.59
C0001002587,Nicole,Smith,nsmith@gmail.com,02516 895 262,GB,Europe,Graceberg,37,F,Business,2020-10-09,2020,10,Silver,Email,True,English,Visa,Standard,,Active,2021-04-25,Phone Booking,31,5832.91
C0001002588,Louise,Stevens,lstevens@gmail.com,+1 269 161 4395,CA,North America,Taylorfort,57,F,Leisure,2021-06-17,2021,6,Platinum,None,True,English,Visa,Standard,,Active,2023-01-24,Corporate Contract,6,8223.1
C0001002589,Carolyn,Smith,csmith@outlook.com,+1 778 605 1397,MX,North America,West Lynne,43,F,Leisure,2023-08-05,2023,8,Basic,SMS,True,English,Visa,Standard,,Active,,Phone Booking,39,16591.58
C0001002590,상호,김,상호18@gmail.com,+1 458 839 1181,KR,Asia Pacific,Lake Rogerchester,55,M,Leisure,2021-12-28,2021,12,Platinum,Email,False,Korean,Visa,Deluxe,,Active,2022-08-26,Website Direct,13,4650.18
C0001002591,Christopher,Robson,christopher.robson@gmail.com,+1 810 712 6509,CH,Europe,Port Sian,44,M,Leisure,2021-11-06,2021,11,Gold,Email,True,English,Visa,Standard,,Active,2024-03-28,Walk-in,12,9199.17
C0001002592,篤司,渡辺,篤司77@gmail.com,443-990-7447,JP,Asia Pacific,Port Leanneport,47,M,Leisure,2021-07-31,2021,7,Basic,Email,False,Japanese,Apple Pay,Standard,,Inactive,,Phone Booking,46,2752.64
C0001002593,Dawn,Walsh,dawn.walsh@gmail.com,+1 381 408 1417,TH,Asia Pacific,Lake Chloe,25,F,Business,2024-09-10,2024,9,Silver,Email,True,English,Visa,Executive,,Active,2024-11-09,Phone Booking,22,11062.38
C0001002594,Joel,Joyce,jjoyce@gmail.com,+1 527 352 4927,SE,Europe,Leeport,47,M,Leisure,2019-03-17,2019,3,Non-Member,SMS,False,English,Visa,Executive,,Active,,Walk-in,2,23118.79
C0001002595,Claire,Dawson,claire.dawson@yahoo.com,+1 143 420 2738,MX,North America,Richardsonview,35,F,Leisure,2020-08-16,2020,8,Gold,SMS,False,English,Visa,Standard,,Inactive,2022-02-27,OTA Referral,21,19664.81
C0001002596,Shaun,James,test@test.com,(905) 372-6299,US,North America,Cooperfort,44,M,Business,2020-05-13,2020,5,Basic,Email,True,English,Visa,Suite,,Active,,Website Direct,26,21269.36
C0001002597,Joe,Evans,joe19@gmail.com,06615 001 447,GB,Europe,Owenborough,53,M,Leisure,2020-12-15,2020,12,Silver,Both,True,English,Visa,Standard,,Active,,OTA Referral,42,16561.54
C0001002598,Sally,Davis,sdavis@gmail.com,+1 671 996 7036,TH,Asia Pacific,West Conorhaven,45,F,Business,2023-06-27,2023,6,Non-Member,Email,True,English,Visa,Deluxe,,Active,,Walk-in,1,1429.27
C0001002599,Tom,Smith,tom58@gmail.com,+1 645 455 8121,NL,Europe,Lake Teresa,44,M,Family,2024-11-17,2024,11,Basic,SMS,True,English,Mastercard,Ocean View,Early Check-in,Active,,Website Direct,32,1473.49
C0001002600,Mandy,Lamb,mandyl@gmail.com,114-662-2093,US,North America,Marionberg,46,F,Family,2022-02-07,2022,2,Platinum,Email,True,English,Visa,Standard,,Active,2022-05-21,Walk-in,28,18993.25
C0001002601,Kirsty,Warren,kirsty_warren@outlook.com,+1 965 344 1886,CA,North America,North Junemouth,46,F,Leisure,2022-02-17,2022,2,Silver,SMS,True,English,Mastercard,Executive,,Active,,Corporate Contract,27,5095.54
C0001002602,Rhys,Richardson,rrichardson@yahoo.com,+1 976 330 3984,MX,North America,New Kennethtown,25,M,Leisure,2019-02-20,2019,2,Gold,SMS,False,English,Google Pay,Executive,,Active,2021-08-08,Website Direct,7,14418.69
C0001002603,Carolyn,Burke,carolyn_burke@gmail.com,+91 667 225 6783,IN,Asia Pacific,Parkermouth,42,F,Business,2019-08-28,2019,8,Non-Member,Email,False,English,Mastercard,Executive,,Active,,Website Direct,2,23557.83
C0001002604,Gillian,Jones,gillian_jones@tyrellcorp.com,+1 398 712 4190,CO,South America,West Naomi,57,F,Business,2024-02-26,2024,2,Silver,Email,True,English,Mastercard,Deluxe,,Active,2026-11-10,Phone Booking,27,23684.95
C0001002605,Liam,Barton,liamb@gmail.com,+1 627 435 2242,CA,North America,Susanchester,34,M,Family,2024-10-21,2024,10,Non-Member,Both,False,English,Google Pay,Deluxe,,Active,2026-10-17,Walk-in,2,3182.29
C0001002606,Ronald,Russell,ronald.russell@acme.com,+1 572 870 2124,CA,North America,Eleanorport,31,M,Business,2021-02-10,2021,2,Basic,Email,True,English,Visa,Standard,,Active,2022-09-05,OTA Referral,14,5420.47
C0001002607,Abigail,Hall,ahall@example.in,+91 101 532 8030,IN,Asia Pacific,Port Kimchester,43,F,Business,2022-02-18,2022,2,Non-Member,Email,True,English,Visa,Deluxe,,Active,2022-08-30,Corporate Contract,3,24487.24
C0001002608,Gavin,Cooper,gavin78@oscorp.com,+1 673 435 5368,MX,North America,North Davidberg,38,M,Business,2019-02-19,2019,2,Basic,Email,True,English,PayPal,Executive,,Active,,Corporate Contract,15,14039.97
C0001002609,Romina,Zabarella,romina_zabarella@umbrellacorp.com,+1 548 406 7334,IT,Europe,Vairo,53,F,Business,2023-04-15,2023,4,Silver,Email,True,Italian,Visa,Ocean View,,Active,2024-05-20,Corporate Contract,42,2459.68
C0001002610,Raymond,Benson,raymond_benson@hotmail.com,(422) 678-5830,US,North America,Alicemouth,53,M,Leisure,2022-02-18,2022,2,Silver,Email,False,English,Mastercard,Executive,,Active,2023-05-13,Corporate Contract,0,17810.55
C0001002611,Rachael,Butcher,rachael.butcher@gmail.com,+1 179 276 3228,CA,North America,Tomlinsonview,49,F,Leisure,2022-09-24,2022,9,Platinum,Email,False,English,Visa,Standard,,Inactive,2024-06-04,Corporate Contract,5,5761.21
C0001002612,Beverley,Byrne,bbyrne@cyberdyne.com,,CA,North America,Lewischester,26,F,Business,2023-11-10,2023,11,Non-Member,SMS,False,English,Apple Pay,Family,,Active,,Walk-in,0,5952.35
C0001002613,Linda,O'Brien,linda.o'brien@oscorp.com,+1 361 593 2088,MX,North America,New Jacob,35,F,Business,2023-03-27,2023,3,Basic,Email,True,English,PayPal,Family,,Active,2025-09-18,OTA Referral,10,23629.09
C0001002614,Louise,Heath,louise_heath@gmail.com,+1 977 803 1455,MX,North America,West Joycefort,32,F,Leisure,2024-01-09,2024,1,Basic,Email,False,English,Visa,Standard,,Active,,Corporate Contract,31,20537.46
C0001002615,Lorenzo,Antonucci,lorenzoa@yahoo.com,+1 575 609 2946,IT,Europe,Crevoladossola,41,M,Business,2023-10-09,2023,10,Silver,Email,True,Italian,PayPal,Standard,,Active,2026-03-27,Phone Booking,30,16847.69
C0001002616,桂花,陈,桂陈@oscorp.com,932 5248 489,CN,Asia Pacific,North Albertfurt,50,F,Business,2019-09-05,2019,9,Gold,Both,True,Chinese,Visa,Standard,,Inactive,2021-02-21,Website Direct,19,2477.68
C0001002617,James,Ellis,james30@outlook.com,+1 228 511 3766,CH,Europe,Lake Cameronhaven,37,M,Leisure,2020-08-06,2020,8,Silver,Email,False,English,Visa,Deluxe,,Active,2021-12-18,Phone Booking,42,24302.47
C0001002618,Feliciana,Carmona,feliciana19@initech.com,+1 304 814 5936,ES,Europe,Santa Cruz de Tenerife,27,F,Business,2019-12-19,2019,12,Non-Member,SMS,True,Spanish,Mastercard,Executive,,Active,2021-01-21,OTA Referral,4,18137.86
C0001002619,Terry,Davies,terry_davies@gmail.com,+1 260 643 9322,MX,North America,Lake Elaine,38,M,Group,2022-08-22,2022,8,Non-Member,Email,True,English,Mastercard,Deluxe,,Active,2023-11-30,Corporate Contract,5,21641.98
C0001002620,Michelle,Le Goff,michellel@starkindustries.com,+33 679 498 773,FR,Europe,Rodriguez-sur-Hebert,36,F,Business,2024-07-30,2024,7,Non-Member,SMS,True,French,Visa,Deluxe,,Active,,Walk-in,1,12156.75
C0001002621,Roy,Smith,roy_smith@hotmail.com,+1 198 951 7190,NL,Europe,Reynoldsborough,53,M,Leisure,2022-06-08,2022,6,Platinum,Email,False,English,Apple Pay,Standard,"Late Check-out, High Floor",Active,,Walk-in,31,20103.81
C0001002622,Alessio,Falloppio,alessiof@gmail.com,+1 186 685 5001,IT,Europe,Caldare,38,M,Family,2022-06-03,2022,6,Non-Member,Both,False,Italian,Visa,Family,Wheelchair Accessible,Active,2023-09-17,Walk-in,0,24428.5
C0001002623,Nico,Tejera,ntejera@waynecorp.com,+1 964 188 5574,ES,Europe,Murcia,39,M,Business,2021-06-28,2021,6,Gold,Email,False,Spanish,Visa,Suite,,Active,2022-11-01,Phone Booking,29,6329.17
C0001002624,Arnim,Roht,arnimr@hotmail.com,+49 2773 6766,DE,Europe,Eisenhüttenstadt,32,M,Business,2022-01-05,2022,1,Silver,Email,True,German,PayPal,Standard,Wheelchair Accessible,Inactive,2024-11-10,Walk-in,18,22762.65
C0001002625,Barbara,Gardiner,barbarag@outlook.com,+1 160 303 9051,MX,North America,Priceview,32,F,Leisure,2022-11-10,2022,11,Non-Member,Email,True,English,Visa,Executive,,Active,,Phone Booking,0,3054.44
C0001002626,Iain,Berry,iain_berry@initech.com,+1 714 622 9138,SG,Asia Pacific,Lake Eileen,38,M,Business,2019-02-21,2019,2,Platinum,SMS,True,English,Visa,Executive,,Inactive,2020-12-10,Walk-in,14,24142.81
C0001002627,Michelle,Verdier,michelle31@gmail.com,+33 894 353 292,FR,Europe,Saint Mariedan,42,F,Group,2021-01-11,2021,1,Gold,Both,True,French,American Express,Family,,Active,,Phone Booking,0,5971.82
C0001002628,Colin,Cunningham,colinc@gmail.com,(138) 607-9673,US,North America,West Sam,41,M,Leisure,2023-08-17,2023,8,Non-Member,Email,True,English,Mastercard,Standard,,Active,2026-05-22,Walk-in,5,10719.34
C0001002629,Richard,Palmer,richardp@gmail.com,(769) 602-2795,US,North America,Kaurview,46,M,Group,2024-03-02,2024,3,Basic,Email,True,English,Visa,Deluxe,,Active,2024-09-25,OTA Referral,29,4607.88
C0001002630,Naomi,Walton,naomiw@gmail.com,+1 663 357 5928,CA,North America,North Ruthchester,40,F,Business,2022-01-04,2022,1,Silver,Both,True,English,Mastercard,Executive,,Active,,OTA Referral,37,13032.25
C0001002631,Kasimir,Renner,krenner@icloud.com,+49 7674 9437,DE,Europe,Ribnitz-Damgarten,54,M,Group,2019-01-14,2019,1,Basic,SMS,True,German,PayPal,Deluxe,,Active,,Walk-in,47,24217.97
C0001002632,Jason,Murray,jasonm@icloud.com,+91 944 695 5821,IN,Asia Pacific,Adamshaven,42,M,Business,2019-02-01,2019,2,Basic,Email,False,English,Visa,Standard,Allergies,Active,,Walk-in,7,11117.52
C0001002633,Deborah,Davey,ddavey@waynecorp.com,521-772-8157,US,North America,Smithbury,41,F,Business,2020-06-03,2020,6,Silver,SMS,True,English,Mastercard,Standard,,Active,2020-09-26,OTA Referral,31,13307.22
C0001002634,غطفان,الحكير,غطفان.الحكير@cyberdyne.com,+971 810 350 4520,AE,Middle East,East Alexanderhaven,39,M,Business,2023-01-02,2023,1,Silver,Email,True,Arabic,Visa,Deluxe,"Early Check-in, Allergies",Active,2023-03-16,Phone Booking,45,4832.42
C0001002635,Olivia,Smart,osmart@example.mx,+1 969 949 6131,MX,North America,East Jonathanville,30,F,Business,2020-12-25,2020,12,Platinum,SMS,False,English,Mastercard,Deluxe,,Inactive,2023-03-07,Website Direct,37,14169.56
C0001002636,Eric,Wood,ewood@gmail.com,+1 890 889 5813,MX,North America,Lake Timothy,42,M,Group,2022-05-28,2022,5,Gold,Email,True,English,Visa,Executive,,Inactive,2023-01-22,Walk-in,30,16757.59
C0001002637,서연,장,서연_장@gmail.com,+1 702 895 3410,KR,Asia Pacific,North Michaelfort,29,F,Leisure,2021-08-12,2021,8,Non-Member,Both,True,Korean,PayPal,Deluxe,,Active,2023-06-23,OTA Referral,4,3472.21
C0001002638,Ángela,Valcárcel,ávalcárcel@gmail.com,+1 220 509 7661,ES,Europe,Albacete,34,F,Family,2023-06-19,2023,6,Non-Member,Email,True,Spanish,American Express,Suite,Non-smoking,Inactive,2026-05-30,Phone Booking,1,18722.97
C0001002639,Bonifacio,Ferrando,bonifacio20@hotmail.com,+1 333 105 6489,ES,Europe,Madrid,32,M,Leisure,2024-02-29,2024,2,Non-Member,Email,True,Spanish,Visa,Standard,,Active,,Corporate Contract,1,5274.09
C0001002640,Lindsey,Fletcher,lindsey.fletcher@tyrellcorp.com,+1 710 743 5744,CA,North America,South Martyn,41,F,Business,2019-12-09,2019,12,Non-Member,None,True,English,Mastercard,Suite,,Active,,OTA Referral,4,18524.78
C0001002641,보람,배,보람91@starkindustries.com,+1 568 364 1751,KR,Asia Pacific,New Brandon,45,F,Business,2019-05-12,2019,5,Gold,Email,False,Korean,Mastercard,Standard,,Active,2022-02-16,OTA Referral,16,16598.1
C0001002642,Rolando,Mulet,test@test.com,+1 594 483 6029,ES,Europe,Guadalajara,33,M,Business,2023-01-06,2023,1,Basic,Email,True,Spanish,PayPal,Deluxe,,Active,2024-01-28,Corporate Contract,41,10711.88
C0001002643,Mitchell,Hancock,mitchellh@gmail.com,+1 735 940 4031,CA,North America,Port Jack,36,M,Family,2022-06-17,2022,6,Non-Member,Email,False,English,Visa,Deluxe,,Active,2024-08-27,Phone Booking,5,6047.18
C0001002644,Brenda,Todd,btodd@gmail.com,+91 547 110 2674,IN,Asia Pacific,Port Francisside,45,F,Group,2021-02-24,2021,2,Non-Member,Email,False,English,Mastercard,Deluxe,,Active,2022-09-17,Phone Booking,2,4238.18
C0001002645,Marina,Borsellino,marina.borsellino@yahoo.com,+1 712 445 9900,IT,Europe,Albairate,25,F,Business,2022-07-14,2022,7,Gold,Email,True,Italian,Visa,Standard,,Active,,Website Direct,27,24273.05
C0001002646,Wayne,Pugh,waynep@gmail.com,(421) 186-5563,US,North America,Justinfort,49,M,Leisure,2022-09-06,2022,9,Non-Member,Both,False,English,PayPal,Suite,,Active,,Phone Booking,2,16281.72
C0001002647,Janet,Moss,janetm@oscorp.com,+1 679 701 8331,QA,Middle East,New Stephenland,46,F,Business,2019-10-17,2019,10,Basic,Email,True,English,Mastercard,Suite,,Active,2020-02-27,Walk-in,12,3002.26
C0001002648,Guy,Shaw,gshaw@outlook.com,(877) 810-8468,US,North America,North Stephanieberg,48,M,Leisure,2024-06-12,2024,6,Gold,Email,True,English,Visa,Suite,,Active,2026-11-04,Website Direct,16,720.06
C0001002649,Roy,Alexander,roy_alexander@outlook.com,+91 862 701 6328,IN,Asia Pacific,Baldwinmouth,51,M,Leisure,2022-04-28,2022,4,Non-Member,Email,False,English,Visa,Executive,,Active,2024-03-05,Corporate Contract,5,21857.85
C0001002650,Roy,Bartlett,roy68@hotmail.com,+1 833 817 1664,KW,Middle East,East Rosemary,33,M,Family,2019-06-21,2019,6,Gold,Email,True,English,Visa,Executive,,Inactive,,OTA Referral,40,291.24
C0001002651,Luke,Brown,luke_brown@gmail.com,+1 119 583 6745,CA,North America,West Clive,44,M,Family,2021-09-20,2021,9,Platinum,SMS,True,English,American Express,Deluxe,,Inactive,,OTA Referral,29,23194.87
C0001002652,桃子,高橋,桃子高@acme.com,691-661-4114,JP,Asia Pacific,Paulineport,39,F,Business,2024-01-31,2024,1,Non-Member,Email,False,Japanese,Visa,Standard,,Inactive,2026-10-30,OTA Referral,0,11621.08
C0001002653,Leon,Lawrence,leon80@gmail.com,+1 654 725 4961,SG,Asia Pacific,Greenchester,29,M,Leisure,2019-05-25,2019,5,Gold,Email,True,English,Mastercard,Deluxe,,Active,,Phone Booking,41,14868.2
C0001002654,Joanna,Ferguson,joanna45@umbrellacorp.com,+1 529 592 8778,CA,North America,North Joannefort,32,F,Business,2019-11-27,2019,11,Silver,Email,True,English,American Express,Suite,,Active,2019-12-23,OTA Referral,28,3782.12
C0001002655,Flavio,Inzaghi,flavioi@yahoo.com,+1 641 262 4685,IT,Europe,Saliano,46,M,Leisure,2023-01-12,2023,1,Basic,Email,True,Italian,Visa,Standard,,Active,,Corporate Contract,16,11857.34
C0001002656,Danielle,Cooke,dcooke@outlook.com,(063) 416-1507,US,North America,East Amberberg,36,F,Leisure,2019-05-16,2019,5,Silver,Email,True,English,Mastercard,Family,,Active,,OTA Referral,40,6680.43
C0001002657,Hayley,Newman,hayley.newman@gmail.com,+1 632 819 3284,MX,North America,Laurahaven,41,F,Leisure,2023-03-07,2023,3,Non-Member,SMS,True,English,Google Pay,Standard,,Inactive,2023-05-15,OTA Referral,3,22939.75
C0001002658,Arthur,Blake,arthur.blake@outlook.com,+1 593 589 1712,MX,North America,Davidsonmouth,27,M,Family,2019-09-19,2019,9,Basic,SMS,False,English,Mastercard,Family,High Floor,Active,2020-12-28,Website Direct,14,5759.08
C0001002659,Robin,Graham,rgraham@tyrellcorp.com,+1 376 370 7035,MX,North America,Port Keith,33,M,Business,2022-09-08,2022,9,Silver,SMS,True,English,American Express,Deluxe,,Active,,Walk-in,0,6139.9
C0001002660,Henry,Davies,henry74@gmail.com,+1 313 803 8839,KW,Middle East,North Abbieview,33,M,Leisure,2022-07-19,2022,7,Silver,Email,True,English,Mastercard,Deluxe,,Inactive,,Corporate Contract,48,19768.23
C0001002661,Trevor,Elliott,trevore@outlook.com,(693) 474-0087,US,North America,East Carlyburgh,32,M,Business,2022-06-01,2022,6,Gold,Email,True,English,Visa,Executive,,Active,2023-11-16,Corporate Contract,32,11115.27
C0001002662,亮介,長谷川,亮介_長谷川@gmail.com,+81 037-454-502,JP,Asia Pacific,Gilesside,31,M,Leisure,2022-11-17,2022,11,Basic,Both,True,Japanese,Visa,Standard,,Active,2023-03-25,OTA Referral,46,21973.41
C0001002663,Bethany,Ball,bball@initech.com,+1 546 600 7817,CA,North America,Port Linda,46,F,Business,2023-05-04,2023,5,Non-Member,Email,False,English,PayPal,Executive,,Inactive,2025-04-14,Walk-in,2,5271.69
C0001002664,Holly,Ahmed,holly.ahmed@gmail.com,0432 280 483,AU,Asia Pacific,North Amelia,38,F,Business,2024-09-17,2024,9,Non-Member,Email,True,English,American Express,Suite,,Inactive,2026-01-11,OTA Referral,5,21941.7
C0001002665,萍,柏,萍46@gmail.com,+86 039 2427 397,CN,Asia Pacific,Port Hughtown,42,F,Leisure,2022-01-07,2022,1,Silver,SMS,False,Chinese,Apple Pay,Executive,,Active,,Phone Booking,27,6358.96
C0001002666,정숙,최,정숙_최@gmail.com,+1 255 262 4548,KR,Asia Pacific,New Dennis,33,F,Leisure,2019-03-06,2019,3,Basic,Email,False,Korean,American Express,Family,,Active,2020-05-14,Corporate Contract,43,14614.5
C0001002667,Mohammed,Williams,mohammedw@gmail.com,+1 606 266 6738,MX,North America,West Thomas,43,M,Leisure,2021-08-07,2021,8,Non-Member,Email,False,English,Visa,Executive,,Active,2024-01-08,Walk-in,4,8795.95
C0001002668,零,中村,test@test.com,842-639-1439,JP,Asia Pacific,East Joycebury,49,M,Leisure,2021-05-15,2021,5,Gold,Email,True,Japanese,Mastercard,Standard,"Allergies, High Floor",Active,2022-08-05,Corporate Contract,40,3059.08
C0001002669,Yolanda,Pons,yolanda_pons@icloud.com,+1 927 426 1699,ES,Europe,Ávila,55,F,Family,2024-09-03,2024,9,Silver,SMS,True,Spanish,Visa,Deluxe,,Active,2026-01-12,Phone Booking,34,15682.94
C0001002670,Guy,Hutchinson,guy_hutchinson@gmail.com,692-266-3665,US,North America,Browneborough,49,M,Leisure,2023-05-30,2023,5,Silver,None,True,English,American Express,Suite,,Active,2024-12-16,Website Direct,27,9055.85
C0001002671,Shirley,Law,shirley_law@hotmail.com,+1 472 436 1529,MX,North America,Marionbury,36,F,Leisure,2023-03-13,2023,3,Basic,Email,True,English,Visa,Ocean View,,Active,,Website Direct,37,20080.39
C0001002672,روعة,الحجار,روعة.الحجار@icloud.com,+971 376 304 2390,AE,Middle East,East Patrick,34,F,Leisure,2023-07-29,2023,7,Non-Member,SMS,True,Arabic,Mastercard,Standard,,Active,2026-03-11,Walk-in,5,9806.78
C0001002673,志强,姚,志强_姚@hotmail.com,+86 279 3235 383,CN,Asia Pacific,East Dianeville,38,M,Leisure,2020-05-22,2020,5,Gold,Email,False,Chinese,Visa,Standard,,Active,2022-12-01,Phone Booking,50,20412.64
C0001002674,شاكر,المشاولة,شاكر.المشاولة@icloud.com,+1 534 843 2830,SA,Middle East,O'Brienside,47,M,Group,2024-03-04,2024,3,Non-Member,Email,False,Arabic,Visa,Standard,,Active,2026-10-01,Phone Booking,4,9692.35
C0001002675,Jade,Mahmood,jade_mahmood@initech.com,+1 318 335 9763,MX,North America,Danielsville,44,F,Business,2022-04-22,2022,4,Silver,Email,True,English,Visa,Standard,,Active,2024-09-16,Website Direct,43,23091.34
C0001002676,Gabriella,Govoni,gabriellag@hotmail.com,+1 186 657 1091,IT,Europe,Castiglioncello,39,F,Business,2022-12-27,2022,12,Platinum,Email,True,Italian,Visa,Suite,,Active,2025-12-21,Phone Booking,47,3229.36
C0001002677,Neil,Rogers,neil_rogers@oscorp.com,309-866-3240,US,North America,Mohammedfurt,29,M,Business,2023-08-29,2023,8,Basic,Email,True,English,Visa,Standard,,Active,,Walk-in,10,3348.05
C0001002678,James,Lewis,james.lewis@outlook.com,+1 131 562 9718,MX,North America,North Christopher,48,M,Leisure,2023-01-19,2023,1,Silver,Email,False,English,Mastercard,Deluxe,,Active,2025-05-17,Phone Booking,4,15577.37
C0001002679,Roger,Humphreys,rhumphreys@tyrellcorp.com,+1 892 368 3248,NL,Europe,Hughesshire,31,M,Business,2022-10-17,2022,10,Basic,SMS,True,English,Visa,Executive,,Inactive,,Website Direct,3,23912.24
C0001002680,Rosie,Griffiths,rosieg@hotmail.com,+1 773 678 5829,MX,North America,Lake Stuartshire,25,F,Business,2019-04-18,2019,4,Basic,Email,True,English,Mastercard,Ocean View,,Active,,Phone Booking,5,20195.11
C0001002681,Paula,Gardiner,paula.gardiner@outlook.com,+1 735 600 3005,QA,Middle East,Edwardsborough,51,F,Leisure,2019-05-08,2019,5,Silver,Email,True,English,Visa,Executive,Non-smoking,Active,,OTA Referral,31,10885.85
C0001002682,Amanda,Gough,amanda_gough@umbrellacorp.com,+1 795 548 7149,CA,North America,Jonesport,26,F,Business,2021-02-14,2021,2,Platinum,Email,True,English,Visa,Deluxe,,Active,2023-09-08,OTA Referral,50,14054.01
C0001002683,Leonardo,Nolcini,leonardo_nolcini@gmail.com,+1 462 493 7371,IT,Europe,Sterpete,33,M,Leisure,2020-08-04,2020,8,Platinum,SMS,True,Italian,Visa,Executive,"Late Check-out, Wheelchair Accessible",Active,,OTA Referral,42,4977.69
C0001002684,Hertha,Kroker,hertha43@icloud.com,+49 178 04411,DE,Europe,Werdau,45,F,Family,2020-04-24,2020,4,Non-Member,Email,True,German,Mastercard,Deluxe,,Active,,Corporate Contract,4,24225.97
C0001002685,Espiridión,Huertas,noemail@provided.com,+1 131 967 4153,ES,Europe,Lleida,37,M,Group,2023-07-27,2023,7,Basic,Email,True,Spanish,Google Pay,Suite,,Active,2026-02-16,OTA Referral,11,11126.84
C0001002686,Amelia,O'Neill,amelia.o'neill@globex.com,241-962-5579,US,North America,Ireneshire,36,F,Business,2023-02-15,2023,2,Basic,SMS,True,English,Apple Pay,Ocean View,,Inactive,2023-10-07,Phone Booking,41,3019.5
C0001002687,建国,李,建国.李@gmail.com,000-000-0000,CN,Asia Pacific,East Rosie,46,M,Leisure,2021-04-22,2021,4,Non-Member,Email,False,Chinese,PayPal,Standard,,Active,2023-09-27,Phone Booking,4,19275.13
C0001002688,Charles,Carpenter,charles_carpenter@gmail.com,+1 323 296 7476,CA,North America,Danielborough,66,M,Leisure,2022-08-10,2022,8,Gold,Both,True,English,Apple Pay,Standard,"Wheelchair Accessible, High Floor",Active,2023-11-23,Phone Booking,49,18827.62
C0001002689,健一,吉田,健一.吉田@gmail.com,+81 942-430-714,JP,Asia Pacific,Port Gareth,29,M,Family,2024-03-11,2024,3,Basic,Both,True,Japanese,American Express,Standard,,Active,2025-12-02,Phone Booking,49,5617.78
C0001002690,Sian,Collins,sian.collins@outlook.com,+1 722 760 4921,CH,Europe,South Donnaland,47,F,Leisure,2024-12-15,2024,12,Basic,Email,False,English,Visa,Deluxe,,Active,2026-05-10,OTA Referral,29,3733.98
C0001002691,Gabriela,Aparecida,gabriela71@outlook.com,+55 294 0808-610,BR,South America,Thomsonstad,35,F,Leisure,2019-03-28,2019,3,Non-Member,Email,True,Portuguese,Visa,Family,,Inactive,,Phone Booking,0,19912.69
C0001002692,Kenneth,Hyde,kenneth_hyde@starkindustries.com,(819) 493-3127,US,North America,Fisherton,31,M,Business,2024-11-16,2024,11,Non-Member,Email,False,English,Visa,Executive,"High Floor, Late Check-out",Active,2027-10-05,OTA Referral,1,13604.64
C0001002693,Charlie,Wood,charlie.wood@outlook.com,+1 166 764 2236,SG,Asia Pacific,East Kellybury,35,M,Leisure,2022-08-02,2022,8,Non-Member,Email,True,English,Mastercard,Deluxe,,Inactive,2022-08-08,Phone Booking,0,17423.32
C0001002694,Owen,Benson,obenson@globex.com,+1 876 663 9073,MX,North America,New Eileenbury,32,M,Business,2023-08-08,2023,8,Basic,Email,False,English,Apple Pay,Executive,"Non-smoking, Wheelchair Accessible",Active,2024-12-18,Phone Booking,49,19088.07
C0001002695,Amber,Davies,amberd@icloud.com,+1 789 697 4891,SE,Europe,East Clifford,25,F,Leisure,2024-06-05,2024,6,Non-Member,Email,True,English,Mastercard,Family,,Inactive,,Website Direct,3,15433.68
C0001002696,Olga,Mesa,olga_mesa@outlook.com,+1 535 823 5541,ES,Europe,Teruel,45,F,Family,2024-01-19,2024,1,Basic,Email,True,Spanish,Mastercard,Standard,,Active,2024-11-15,OTA Referral,47,22069.49
C0001002697,Agustín,Segovia,agustíns@umbrellacorp.com,+1 427 690 8551,AR,South America,North وفيق,33,M,Business,2021-02-28,2021,2,Gold,Email,True,English,Mastercard,Executive,,Inactive,2021-05-27,Website Direct,32,4746.51
C0001002698,Marian,Jones,marian_jones@gmail.com,+1 233 253 2838,TH,Asia Pacific,Juliaberg,46,F,Leisure,2023-08-29,2023,8,Basic,SMS,True,English,Mastercard,Standard,,Active,,Website Direct,34,6536.01
C0001002699,Sian,Bell,sian12@tyrellcorp.com,+1 533 475 8909,QA,Middle East,East Lynneville,39,F,Business,2022-07-20,2022,7,Silver,Email,False,English,Visa,Suite,,Active,2023-01-03,Website Direct,43,13577.63
C0001002700,Fiona,Lloyd,flloyd@acme.com,+1 977 874 6691,MX,North America,Westonborough,32,F,Business,2023-05-02,2023,5,Basic,Email,True,English,Mastercard,Deluxe,Early Check-in,Active,2026-03-29,Walk-in,19,19443.45
C0001002701,治,清水,治清水@outlook.com,371-224-7313,JP,Asia Pacific,West Carolfort,33,M,Business,2020-07-31,2020,7,Basic,Email,False,Japanese,American Express,Executive,,Active,2021-09-12,OTA Referral,16,13517.55
C0001002702,Deborah,Herbert,deborahh@gmail.com,+91 326 341 9944,IN,Asia Pacific,Port Abigailbury,58,F,Leisure,2019-11-07,2019,11,Gold,Email,True,English,Mastercard,Executive,,Active,2020-05-29,Walk-in,42,824.82
C0001002703,Théodore,Chevallier,théodorec@outlook.com,0623182024,FR,Europe,Richard-les-Bains,43,M,Group,2022-07-27,2022,7,Non-Member,Email,True,French,Visa,Standard,,Active,2024-11-24,Corporate Contract,5,22151.06
C0001002704,七夏,西村,七夏_西村@gmail.com,+81 101-575-394,JP,Asia Pacific,Wilsonville,32,F,Leisure,2019-01-04,2019,1,Gold,Email,True,Japanese,Visa,Standard,,Active,2021-06-20,OTA Referral,2,11205.53
C0001002705,Kim,Bell,kim.bell@gmail.com,+1 319 499 6967,CH,Europe,Lake Donald,28,F,Leisure,2023-09-08,2023,9,Non-Member,Email,False,English,Visa,Standard,,Active,2026-06-23,Corporate Contract,0,8866.83
C0001002706,Robert,Robinson,rrobinson@outlook.com,559-776-6508,US,North America,East Katiefurt,38,M,Business,2024-02-06,2024,2,Non-Member,Email,False,English,Visa,Suite,,Active,2024-10-03,Phone Booking,1,24370.88
C0001002707,Yvonne,Richardson,yvonne.richardson@gmail.com,+1 872 701 3933,CA,North America,North Maureen,25,F,Family,2024-05-17,2024,5,Silver,Email,False,English,Google Pay,Standard,,Active,2025-03-13,OTA Referral,8,2336.34
C0001002708,Jayne,Faulkner,jayne.faulkner@yahoo.com,+1 439 723 3247,SE,Europe,Turnerland,34,F,Leisure,2020-01-16,2020,1,Gold,Email,True,English,Visa,Deluxe,,Active,2021-03-03,Phone Booking,47,10470.41
C0001002709,Valentine,Turpin,noemail@provided.com,0589347331,FR,Europe,Samsondan,46,F,Business,2020-10-09,2020,10,Silver,Email,False,French,American Express,Standard,,Active,,OTA Referral,14,23720.53
C0001002710,Christian,Singh,christian_singh@gmail.com,163-438-3524,US,North America,Tobyton,48,M,Leisure,2023-09-07,2023,9,Basic,Email,False,English,Mastercard,Standard,,Inactive,,OTA Referral,33,10580.6
C0001002711,Christopher,Stewart,christopher1@yahoo.com,+1 949 175 6425,CA,North America,Justinhaven,36,M,Leisure,2019-04-21,2019,4,Gold,Email,False,English,Mastercard,Standard,,Active,2020-11-16,Corporate Contract,10,21033.47
C0001002712,Jessica,Smith,jessica44@outlook.com,+1 884 492 2042,SG,Asia Pacific,Stephenhaven,44,F,Leisure,2022-12-06,2022,12,Non-Member,Email,True,English,Google Pay,Standard,Allergies,Active,2025-02-26,OTA Referral,4,13740.85
C0001002713,Rita,Haynes,rita_haynes@gmail.com,931-875-4610,US,North America,Lake Tom,37,F,Group,2022-02-19,2022,2,Gold,Email,False,English,Mastercard,Standard,,Active,2022-03-28,Corporate Contract,5,5763.29
C0001002714,Craig,Anderson,craiga@outlook.com,+91 622 451 1049,IN,Asia Pacific,North Katieborough,39,M,Leisure,2024-10-09,2024,10,Non-Member,Email,True,English,Visa,Deluxe,,Active,2027-07-24,Corporate Contract,5,23882.98
C0001002715,Joel,Bell,joelb@dummycorp.com,+1 210 588 1288,MX,North America,Brownhaven,45,M,Business,2024-09-10,2024,9,Silver,Email,True,English,Visa,Suite,,Active,,Walk-in,27,19707.36
C0001002716,桂兰,林,桂兰林@example.cn,670 2346 833,CN,Asia Pacific,Naomishire,33,F,Business,2023-02-17,2023,2,Non-Member,Email,False,Chinese,Apple Pay,Standard,,Active,,Phone Booking,3,12735.72
C0001002717,建平,黄,建平.黄@gmail.com,+86 544 7125 904,CN,Asia Pacific,Evansborough,30,M,Leisure,2020-06-08,2020,6,Basic,SMS,True,Chinese,Mastercard,Standard,High Floor,Active,,Corporate Contract,19,7398.29
C0001002718,琳,古,琳古@tyrellcorp.com,+86 489 6759 751,CN,Asia Pacific,Kierantown,42,F,Business,2019-02-20,2019,2,Non-Member,SMS,True,Chinese,Visa,Suite,,Inactive,2021-01-31,Walk-in,2,6170.91
C0001002719,Stacey,Dyer,staceyd@gmail.com,+1 455 421 9675,MX,North America,Liamview,47,F,Leisure,2022-03-04,2022,3,Silver,Email,True,English,Visa,Standard,Wheelchair Accessible,Active,2022-10-05,Website Direct,42,17290.54
C0001002720,Jean,Parker,jean.parker@outlook.com,+1 471 356 2381,NL,Europe,Barnesmouth,30,F,Business,2023-01-26,2023,1,Non-Member,SMS,False,English,American Express,Deluxe,,Active,,Corporate Contract,0,8960.43
C0001002721,Lydia,Little,lydia41@gmail.com,+1 171 417 2391,TH,Asia Pacific,New Joan,55,F,Family,2024-12-11,2024,12,Basic,Email,True,English,Google Pay,Deluxe,,Active,2025-12-30,Walk-in,19,11707.46
C0001002722,Carole,George,carole70@oscorp.com,(698) 192-2620,US,North America,Lake Gavin,46,F,Business,2024-07-03,2024,7,Silver,SMS,True,English,Visa,Standard,,Active,2025-05-11,Corporate Contract,14,16344.41
C0001002723,Mary,Evans,mary.evans@outlook.com,+1 229 628 4968,MX,North America,Marilynfurt,42,F,Group,2021-08-18,2021,8,Basic,Email,True,English,Visa,Standard,,Active,2023-06-03,Website Direct,49,1294.16
C0001002724,Josephine,Benson,josephine.benson@icloud.com,+1 381 820 8671,SE,Europe,Donaldburgh,42,F,Leisure,2024-02-14,2024,2,Non-Member,Email,True,English,Mastercard,Deluxe,,Inactive,,OTA Referral,4,24473.67
C0001002725,Clare,Jones,clarej@gmail.com,+1 262 646 6226,CA,North America,Katebury,33,F,Family,2019-01-14,2019,1,Basic,Email,True,English,Visa,Family,High Floor,Inactive,,Walk-in,46,9112.72
C0001002726,Andrea,Brown,andrea.brown@initech.com,+1 339 563 9804,SE,Europe,South Stuartton,30,F,Business,2021-06-01,2021,6,Silver,Email,True,English,Mastercard,Standard,,Active,2023-09-14,Website Direct,39,1459.17
C0001002727,Shannon,White,shannon_white@gmail.com,+1 357 136 3498,CA,North America,Youngberg,37,F,Business,2024-03-21,2024,3,Non-Member,SMS,False,English,Visa,Suite,,Active,2026-12-27,OTA Referral,3,3109.99
C0001002728,Owen,Poole,owen85@gmail.com,+1 665 674 2702,CA,North America,Sharonville,44,M,Business,2020-06-08,2020,6,Silver,SMS,True,English,Visa,Standard,,Active,2023-01-05,Corporate Contract,44,6882.61
C0001002729,Dawn,Taylor,dawn.taylor@gmail.com,+1 842 434 5725,NL,Europe,South Janestad,43,F,Family,2024-05-03,2024,5,Non-Member,SMS,False,English,Mastercard,Standard,,Active,2026-01-28,Website Direct,0,17729.42
C0001002730,Tina,Jarvis,tina16@yahoo.com,+1 462 210 1801,QA,Middle East,East Jodiefurt,43,F,Leisure,2022-05-26,2022,5,Basic,Email,True,English,Visa,Executive,,Active,,OTA Referral,45,6731.76
C0001002731,Samuel,Reeves,samuelr@hotmail.com,+1 528 671 1547,NG,Africa,Burtonfort,25,M,Business,2019-01-24,2019,1,Silver,Email,True,English,PayPal,Standard,"Late Check-out, Allergies",Inactive,2021-02-25,Phone Booking,34,10556.98
C0001002732,Clare,Bennett,cbennett@outlook.com,+1 818 361 1667,NL,Europe,Jeffreymouth,57,F,Leisure,2020-08-31,2020,8,Non-Member,Email,True,English,Visa,Deluxe,,Active,2021-12-25,Website Direct,5,16665.76
C0001002733,Gary,Bell,gary72@umbrellacorp.com,+1 733 117 9190,CA,North America,Stevenview,44,M,Business,2022-08-27,2022,8,Non-Member,Email,False,English,Visa,Standard,,Active,2024-06-18,Walk-in,5,6359.66
C0001002734,Stephanie,King,stephanie76@yahoo.com,03744 109 857,GB,Europe,Clarkefort,39,F,Family,2024-03-01,2024,3,Non-Member,Email,True,English,PayPal,Suite,"Wheelchair Accessible, Late Check-out",Active,2025-11-12,OTA Referral,4,23435.93
C0001002735,Elliott,Jones,elliott.jones@gmail.com,+91 195 805 9786,IN,Asia Pacific,Jonestown,28,M,Leisure,2022-10-29,2022,10,Silver,SMS,True,English,PayPal,Deluxe,,Active,2023-10-01,Corporate Contract,7,24747.67
C0001002736,Kayleigh,Holloway,kayleigh8@starkindustries.com,0781 484 452,AU,Asia Pacific,Duncanburgh,31,F,Business,2019-04-10,2019,4,Platinum,Email,False,English,Mastercard,Standard,,Active,2020-12-18,Phone Booking,20,3724.53
C0001002737,Paul,Martin,guest@email.com,+1 325 192 1744,CA,North America,Palmerview,36,M,Business,2024-02-23,2024,2,Non-Member,Email,True,English,Mastercard,Family,,Active,,Phone Booking,2,19375.28
C0001002738,Rafaela,Nicolás,rafaela78@acme.com,+1 666 359 3744,ES,Europe,Burgos,36,F,Business,2022-01-18,2022,1,Gold,Email,False,Spanish,PayPal,Deluxe,,Active,2024-09-11,OTA Referral,21,14879.18
C0001002739,Gail,Tucker,guest@email.com,0139 297 292,AU,Asia Pacific,Heathermouth,43,F,Business,2019-12-28,2019,12,Gold,Email,True,English,Mastercard,Standard,,Active,,Corporate Contract,40,391.89
C0001002740,真綾,渡辺,真綾_渡辺@gmail.com,+81 275-535-897,JP,Asia Pacific,Annehaven,43,F,Leisure,2022-09-26,2022,9,Silver,Email,True,Japanese,Mastercard,Family,Early Check-in,Active,2025-02-22,Corporate Contract,50,8773.14
C0001002741,Terence,Thompson,terence83@gmail.com,(466) 941-4967,US,North America,Lake Victorview,37,M,Leisure,2019-01-15,2019,1,Platinum,Email,False,English,Visa,Ocean View,,Active,,Website Direct,13,1731.2
C0001002742,Jacob,Hill,jhill@gmail.com,606-256-4259,US,North America,North Derek,46,M,Family,2021-06-24,2021,6,Basic,Email,False,English,Visa,Suite,,Active,2021-07-31,Corporate Contract,50,8282.79
C0001002743,Christian,Shaw,cshaw@gmail.com,+1 804 511 5014,SE,Europe,Margaretmouth,32,M,Family,2023-02-22,2023,2,Non-Member,SMS,True,English,Apple Pay,Standard,,Active,2024-07-15,Phone Booking,4,24494.31
C0001002744,John,Whittaker,johnw@gmail.com,+1 111 375 4352,MX,North America,East Victorville,37,M,Group,2019-03-26,2019,3,Gold,Email,True,English,American Express,Standard,,Active,2021-02-20,Phone Booking,28,16825.2
C0001002745,Kenneth,Payne,kenneth.payne@gmail.com,+1 221 316 6312,QA,Middle East,Welchburgh,25,M,Business,2022-07-01,2022,7,Gold,SMS,True,English,Mastercard,Executive,,Active,2024-09-23,Corporate Contract,43,8054.53
C0001002746,Gavin,Gill,gavin57@cyberdyne.com,+61 663 186 624,AU,Asia Pacific,Clementstown,52,M,Business,2021-03-11,2021,3,Basic,Email,True,English,Mastercard,Standard,Early Check-in,Active,2023-05-01,OTA Referral,23,17348.38
C0001002747,Ashley,Day,ashleyd@oscorp.com,+91 629 197 1459,IN,Asia Pacific,East Bradleyburgh,38,M,Business,2022-10-14,2022,10,Basic,Both,True,English,Apple Pay,Executive,,Active,,Phone Booking,39,15171.75
C0001002748,Nathan,Iqbal,nathani@gmail.com,033-672-9784,US,North America,North Louisport,26,M,Leisure,2022-02-13,2022,2,Basic,Email,False,English,Mastercard,Standard,,Active,2023-06-09,Walk-in,46,10948.53
C0001002749,Gail,Carter,test@test.com,+1 397 271 2546,TH,Asia Pacific,East Glenfurt,34,F,Family,2020-05-27,2020,5,Platinum,Email,True,English,Visa,Suite,Non-smoking,Active,2021-09-13,OTA Referral,21,8868.22
C0001002750,Catherine,Cook,ccook@umbrellacorp.com,+1 920 812 6566,KW,Middle East,Timothyville,42,F,Business,2022-06-07,2022,6,Gold,Email,True,English,Google Pay,Suite,,Active,,Walk-in,22,15824.79
C0001002751,Harry,Wright,harryw@hotmail.com,+1 990 304 1429,MX,North America,West Joshborough,38,M,Leisure,2020-07-25,2020,7,Silver,Email,True,English,Mastercard,Standard,,Active,2023-04-01,Phone Booking,36,7930.62
C0001002752,Jordan,Shepherd,jordan98@outlook.com,+1 221 336 5955,CH,Europe,Stanleyfurt,44,M,Group,2022-08-23,2022,8,Basic,Email,False,English,Visa,Family,,Active,2024-09-25,Walk-in,45,583.62
C0001002753,Trevor,Field,trevorf@hotmail.com,+1 674 859 8516,CA,North America,New Zoetown,49,M,Leisure,2022-08-22,2022,8,Gold,Both,True,English,Visa,Standard,,Active,,OTA Referral,44,13364.72
C0001002754,Curro,Gordillo,curro62@initech.com,+1 328 897 4164,AR,South America,Port زين,32,M,Business,2021-09-20,2021,9,Silver,Email,True,English,Mastercard,Ocean View,,Active,2022-08-19,Walk-in,26,10018.16
C0001002755,Anna,Trub,guest@email.com,+49 0524 9758,DE,Europe,Lübeck,43,F,Family,2024-06-07,2024,6,Non-Member,Email,True,German,Visa,Deluxe,,Active,2026-01-20,OTA Referral,2,21622.72
C0001002756,Juan Luis,Flor,juan luis80@dummycorp.com,+1 569 781 2122,ES,Europe,Málaga,25,M,Business,2022-05-05,2022,5,Basic,SMS,True,Spanish,Visa,Deluxe,,Inactive,2024-11-19,OTA Referral,35,14677.92
C0001002757,Geoffrey,Davies,geoffreyd@cyberdyne.com,0871 680 825,AU,Asia Pacific,Lake Henryport,37,M,Business,2019-01-24,2019,1,Basic,Email,True,English,Visa,Executive,,Active,2021-08-25,Walk-in,17,21032.33
C0001002758,Roy,Reid,royr@hotmail.com,+1 114 776 5836,SG,Asia Pacific,East Victormouth,25,M,Family,2020-01-08,2020,1,Platinum,Email,True,English,Mastercard,Standard,,Active,2022-08-27,Website Direct,33,764.83
C0001002759,Gemma,Green,guest@email.com,0223 193 760,AU,Asia Pacific,East Annefurt,42,F,Group,2019-05-18,2019,5,Silver,SMS,False,English,Visa,Standard,,Active,2020-05-25,Walk-in,26,20384.23
C0001002760,Jens-Uwe,Wohlgemut,jens-uwe_wohlgemut@gmail.com,000-000-0000,DE,Europe,Grafenau,40,M,Leisure,2023-01-29,2023,1,Gold,Email,True,German,Mastercard,Deluxe,,Active,2024-02-03,OTA Referral,28,16291.3
C0001002761,Eileen,Anderson,eileena@outlook.com,+1 551 949 5938,TH,Asia Pacific,West Martin,39,F,Business,2019-10-05,2019,10,Basic,Email,True,English,American Express,Suite,,Active,2020-10-05,Website Direct,8,23230.69
C0001002762,Alexander,Morgan,amorgan@dummycorp.com,+1 167 879 5925,NL,Europe,North Melissa,42,M,Business,2021-02-11,2021,2,Non-Member,SMS,True,English,Mastercard,Standard,,Active,2022-05-01,Walk-in,5,14901.85
C0001002763,Constance,Guillot,constance.guillot@gmail.com,+33 097 263 928,FR,Europe,Gautier,39,F,Leisure,2019-02-16,2019,2,Platinum,Email,True,French,Mastercard,Standard,Non-smoking,Active,,Phone Booking,24,13936.58
C0001002764,瑞,林,guest@email.com,+86 518 8863 625,CN,Asia Pacific,Amberchester,43,M,Leisure,2020-01-09,2020,1,Gold,Email,False,Chinese,Visa,Deluxe,,Active,2021-03-20,Walk-in,0,22542.57
C0001002765,Constantin,Franke,constantin_franke@hotmail.com,+49 6351 3122,DE,Europe,Rathenow,42,M,Family,2020-10-22,2020,10,Silver,Email,True,German,Visa,Suite,,Active,,Corporate Contract,31,13401.65
C0001002766,Nicola,Bishop,nbishop@initech.com,157-760-4308,US,North America,Lake Gordon,50,F,Business,2024-11-06,2024,11,Basic,Email,True,English,American Express,Executive,,Active,2027-02-20,Corporate Contract,13,24677.95
C0001002767,영진,노,영진노@starkindustries.com,+1 977 446 5167,KR,Asia Pacific,Port Duncan,43,M,Business,2021-03-13,2021,3,Silver,Email,True,Korean,Visa,Executive,,Active,2022-03-12,OTA Referral,36,5821.13
C0001002768,Narciso,Oller,narciso30@initech.com,+1 897 313 5640,ES,Europe,Navarra,38,M,Business,2024-09-17,2024,9,Non-Member,Email,True,Spanish,Visa,Standard,,Inactive,,OTA Referral,4,11723.81
C0001002769,Angela,Shaw,angela.shaw@example.nl,+1 279 849 6327,NL,Europe,Campbellside,34,F,Business,2020-10-22,2020,10,Non-Member,None,True,English,American Express,Family,,Active,,Phone Booking,5,1350.89
C0001002770,Thomas,Smith,thomas3@outlook.com,+1 202 735 5915,MX,North America,Hartshire,53,M,Leisure,2022-06-01,2022,6,Silver,Email,True,English,Visa,Deluxe,,Active,,Phone Booking,41,15375.26
C0001002771,Judith,Parry,jparry@gmail.com,0047 868 280,AU,Asia Pacific,Clarkefurt,37,F,Family,2023-08-30,2023,8,Non-Member,Email,True,English,Visa,Standard,"Allergies, Non-smoking",Active,,Phone Booking,5,11961.91
C0001002772,Hilary,Yates,hilaryy@yahoo.com,+1 301 105 8822,MX,North America,Lake Lucyton,33,F,Group,2019-01-02,2019,1,Gold,SMS,True,English,American Express,Suite,,Active,2020-01-26,Corporate Contract,23,9753.42
C0001002773,Joel,Jones,joel3@gmail.com,07098 344 340,GB,Europe,East Daniel,37,M,Leisure,2021-07-21,2021,7,Basic,SMS,True,English,Google Pay,Standard,,Active,,Corporate Contract,40,13112.47
C0001002774,Victor,Banks,victor33@gmail.com,661-380-3531,US,North America,North Paula,35,M,Business,2019-02-20,2019,2,Non-Member,Email,True,English,Visa,Deluxe,,Active,2019-06-01,Website Direct,2,6104.66
C0001002775,Megan,Walker,megan23@gmail.com,066-824-7238,US,North America,Michaelmouth,47,F,Family,2021-10-26,2021,10,Silver,Email,False,English,Visa,Suite,,Active,2022-07-26,OTA Referral,8,8960.88
C0001002776,James,Knight,jknight@gmail.com,+1 332 336 6008,MX,North America,McCarthymouth,44,M,Leisure,2020-06-02,2020,6,Silver,Email,False,English,Mastercard,Deluxe,,Active,2021-05-15,OTA Referral,45,14917.1
C0001002777,学,三浦,学.三浦@yahoo.com,+81 074-330-178,JP,Asia Pacific,Glenton,34,M,Group,2019-12-14,2019,12,Silver,Email,True,Japanese,American Express,Deluxe,,Active,2020-12-20,Walk-in,13,23802.01
C0001002778,Sophie,Walker,sophie87@dummycorp.com,+1 712 870 9121,CA,North America,Andersonside,33,F,Business,2020-06-25,2020,6,Gold,Email,False,English,Google Pay,Standard,,Active,2021-07-04,Corporate Contract,44,16289.99
C0001002779,Barbara,Pearce,barbara70@gmail.com,(757) 889-2915,US,North America,Batesside,26,F,Family,2021-05-06,2021,5,Basic,Email,True,English,Mastercard,Deluxe,,Active,2022-02-27,Corporate Contract,32,7045.96
C0001002780,Georgia,Greenwood,georgiag@outlook.com,+91 248 867 8870,IN,Asia Pacific,Joyceton,40,F,Leisure,2023-07-07,2023,7,Gold,Both,True,English,Apple Pay,Standard,,Active,2024-04-23,Walk-in,27,1171.69
C0001002781,Dominic,Simpson,test@test.com,+61 656 840 445,AU,Asia Pacific,North Mohamed,52,M,Business,2020-05-07,2020,5,Basic,Email,True,English,Mastercard,Standard,,Active,2022-02-03,Phone Booking,38,22543.58
C0001002782,Paul,Jones,paulj@starkindustries.com,+1 833 694 2562,CA,North America,East Howardmouth,35,M,Business,2023-03-24,2023,3,Gold,Email,False,English,Visa,Suite,,Active,2023-11-08,Walk-in,18,23879.87
C0001002783,Douglas,Nicholson,douglasn@gmail.com,07145 232 083,GB,Europe,Harrischester,42,M,Family,2019-04-18,2019,4,Silver,SMS,True,English,Mastercard,Family,,Active,,Phone Booking,18,10803.63
C0001002784,Camilla,Scotto,camilla52@gmail.com,+1 884 958 7787,IT,Europe,Novoli,52,F,Leisure,2019-04-28,2019,4,Silver,Both,True,Italian,Visa,Suite,"High Floor, Allergies",Inactive,2021-07-10,Walk-in,47,5460.66
C0001002785,Gavin,Smith,gavins@gmail.com,+44 0264 62114,GB,Europe,South Glenn,47,M,Leisure,2021-07-04,2021,7,Silver,SMS,True,English,American Express,Standard,,Active,2023-07-13,Website Direct,21,223.8
C0001002786,玉珍,翁,noemail@provided.com,+86 375 4318 396,CN,Asia Pacific,West Bryan,43,F,Leisure,2021-06-01,2021,6,Basic,Email,True,Chinese,Visa,Suite,,Active,,Corporate Contract,46,8695.31
C0001002787,Lope,Tejada,lope79@gmail.com,+1 122 169 1081,ES,Europe,Sevilla,42,M,Group,2019-09-01,2019,9,Basic,SMS,True,Spanish,Visa,Family,,Active,,Website Direct,36,566.24
C0001002788,Jeanne,Lebon,jeanne_lebon@gmail.com,+33 561 101 766,FR,Europe,BodinVille,34,F,Business,2019-06-05,2019,6,Basic,Both,False,French,Google Pay,Suite,,Active,,OTA Referral,18,3168.01
C0001002789,Marian,Porter,marian18@yahoo.com,+1 170 475 8805,CL,South America,Marieburgh,41,F,Leisure,2020-05-30,2020,5,Non-Member,SMS,True,English,Mastercard,Standard,,Active,2021-11-03,Website Direct,0,12531.87
C0001002790,Jill,Mitchell,jill_mitchell@gmail.com,+1 591 520 1995,NL,Europe,Evansberg,24,F,Group,2021-06-16,2021,6,Non-Member,None,True,English,Visa,Family,,Active,2023-03-26,Walk-in,2,23748.5
C0001002791,Judith,Hughes,jhughes@gmail.com,+1 660 201 8651,TH,Asia Pacific,Brendaborough,41,F,Leisure,2020-01-01,2020,1,Non-Member,Email,False,English,Visa,Executive,,Active,2020-01-12,Website Direct,0,11306.57
C0001002792,Geraldine,Davies,geraldine_davies@outlook.com,+1 162 223 1555,CA,North America,Youngstad,48,F,Leisure,2023-07-09,2023,7,Non-Member,SMS,True,English,Mastercard,Standard,Early Check-in,Active,2023-10-24,Corporate Contract,5,18608.88
C0001002793,Luc,Benard,lbenard@gmail.com,+33 871 437 648,FR,Europe,BigotBourg,61,M,Group,2022-07-16,2022,7,Silver,Email,False,French,Visa,Deluxe,,Inactive,2025-04-13,Website Direct,47,14019.6
C0001002794,Dorothée,François,dfrançois@gmail.com,0910370847,FR,Europe,Traore,41,F,Leisure,2020-01-16,2020,1,Gold,Email,True,French,American Express,Suite,,Active,2022-09-09,Website Direct,25,23811.68
C0001002795,Lynne,Hammond,lynne8@outlook.com,0801 831 096,AU,Asia Pacific,Ryantown,46,F,Leisure,2020-02-22,2020,2,Silver,Email,True,English,Visa,Deluxe,,Active,2022-01-26,Walk-in,26,17236.88
C0001002796,ميار,آل عطفة,مآل عطفة@outlook.com,+971 104 759 6880,AE,Middle East,Ryanland,37,F,Group,2024-01-19,2024,1,Non-Member,Email,True,Arabic,Visa,Suite,,Active,2027-01-16,Corporate Contract,2,8249.95
C0001002797,Francis,Arnold,francis.arnold@outlook.com,(047) 926-3744,US,North America,Port Shannon,38,M,Leisure,2022-09-23,2022,9,Non-Member,Email,False,English,Mastercard,Standard,,Active,2024-01-04,Website Direct,1,785.48
C0001002798,Danny,Ryan,dannyr@gmail.com,+1 497 851 5867,CH,Europe,Jameshaven,39,M,Family,2022-04-28,2022,4,Gold,Both,True,English,American Express,Standard,,Active,2022-07-17,Corporate Contract,2,9855.92
C0001002799,동현,이,동현이@tyrellcorp.com,+1 148 363 1407,KR,Asia Pacific,New Annmouth,38,M,Business,2019-10-21,2019,10,Gold,Email,False,Korean,Mastercard,Suite,,Active,2022-01-26,Walk-in,6,10686.88
C0001002800,Ryszard,Boucsein,ryszard98@yahoo.com,+49 3941 3576,DE,Europe,Kyritz,26,M,Group,2020-08-20,2020,8,Basic,SMS,True,German,Visa,Standard,,Active,,Phone Booking,4,18414.51
C0001002801,东,刘,东刘@gmail.com,717 4372 233,CN,Asia Pacific,Vaughanfort,38,M,Business,2023-09-26,2023,9,Basic,Email,False,Chinese,Apple Pay,Deluxe,,Active,2026-02-06,Phone Booking,31,4008.1
C0001002802,Samuel,Spencer,samuel47@oscorp.com,+91 595 343 8102,IN,Asia Pacific,Jayneburgh,25,M,Business,2020-06-09,2020,6,Non-Member,SMS,True,English,Visa,Standard,,Active,,Walk-in,0,11040.76
C0001002803,Ronald,Young,ronald_young@gmail.com,(791) 437-8844,US,North America,Wellschester,31,M,Business,2024-02-08,2024,2,Basic,Email,True,English,American Express,Deluxe,,Active,,Walk-in,42,2098.19
C0001002804,Danielle,Poole,danielle.poole@gmail.com,120-651-2513,US,North America,North Abbiestad,28,F,Leisure,2024-03-24,2024,3,Silver,Email,False,English,Visa,Suite,,Active,2025-06-23,Walk-in,26,4154.76
C0001002805,Darren,Patel,darren76@gmail.com,+1 109 536 7112,CA,North America,West Maria,53,M,Leisure,2023-11-10,2023,11,Basic,Email,False,English,Apple Pay,Standard,,Active,2023-11-12,Phone Booking,12,14713.88
C0001002806,Kira,Baum,kira72@outlook.com,+49 801 75414,DE,Europe,Böblingen,25,F,Family,2021-04-13,2021,4,Non-Member,Email,True,German,Visa,Deluxe,"Late Check-out, Early Check-in",Active,,Website Direct,5,16141.78
C0001002807,Katy,Williams,katyw@outlook.com,+1 909 999 1222,CA,North America,Antonyport,45,F,Leisure,2019-08-15,2019,8,Silver,None,True,English,American Express,Standard,,Active,2021-09-14,Website Direct,38,19878.89
C0001002808,Paul,Moss,paul.moss@umbrellacorp.com,+1 476 333 8792,SE,Europe,Meganmouth,37,M,Business,2023-10-04,2023,10,Non-Member,Both,True,English,Mastercard,Standard,,Active,2024-03-13,Phone Booking,0,14189.88
C0001002809,Naomi,Young,naomi.young@outlook.com,+1 301 601 7935,CA,North America,Clarkeberg,35,F,Leisure,2019-09-05,2019,9,Silver,Email,True,English,Mastercard,Standard,,Active,2020-08-27,Website Direct,48,14772.54
C0001002810,Abbie,Williams,abbiew@gmail.com,+1 200 855 8375,SE,Europe,North Rachelside,31,F,Leisure,2019-08-07,2019,8,Silver,Email,True,English,American Express,Standard,,Active,2020-01-16,Phone Booking,47,16197.45
C0001002811,Beverley,Bennett,beverley.bennett@waynecorp.com,+1 814 953 4047,TH,Asia Pacific,Wrightburgh,32,F,Business,2024-01-01,2024,1,Basic,Email,False,English,American Express,Standard,,Inactive,2026-07-14,Website Direct,17,12138.59
C0001002812,경자,김,경자김@initech.com,+1 596 401 6776,KR,Asia Pacific,Lake Tracy,27,F,Business,2020-10-11,2020,10,Basic,Both,False,Korean,Mastercard,Ocean View,,Active,2022-05-15,Website Direct,10,19716.17
C0001002813,Paul-Gerhard,Kambs,paul-gerhard.kambs@yahoo.com,+49 402 81373,DE,Europe,Aue,37,M,Family,2019-07-09,2019,7,Non-Member,Email,False,German,Apple Pay,Standard,,Active,2022-04-09,Corporate Contract,0,24011.33
C0001002814,Christine,Ahmed,christine51@outlook.com,+1 750 732 7637,CA,North America,North Mariafort,53,F,Leisure,2023-12-07,2023,12,Basic,SMS,True,English,Visa,Standard,,Active,2025-10-28,Corporate Contract,47,7886.38
C0001002815,Hayley,Allan,hayley_allan@gmail.com,+1 864 425 2492,CH,Europe,West Leeland,37,F,Leisure,2022-10-24,2022,10,Non-Member,Email,True,English,Google Pay,Suite,,Active,,OTA Referral,2,4956.59
C0001002816,Jason,Parsons,jason_parsons@gmail.com,+1 251 426 3817,SE,Europe,North Markchester,45,M,Family,2020-03-03,2020,3,Non-Member,Email,False,English,American Express,Suite,"High Floor, Wheelchair Accessible",Inactive,,Walk-in,5,8515.32
C0001002817,June,White,june_white@dummycorp.com,+1 286 150 8585,MX,North America,Youngberg,25,F,Business,2021-12-16,2021,12,Non-Member,None,True,English,Mastercard,Deluxe,,Active,,Corporate Contract,5,4265.95
C0001002818,Mohamed,Fisher,mohamedf@gmail.com,+1 269 356 6826,SE,Europe,Port Annefurt,46,M,Leisure,2019-01-27,2019,1,Silver,Email,False,English,American Express,Suite,"Wheelchair Accessible, High Floor",Inactive,,Phone Booking,40,1522.71
C0001002819,Juan Antonio,Bello,juan antonio30@gmail.com,+1 239 196 7867,ES,Europe,Jaén,40,M,Business,2019-06-27,2019,6,Basic,SMS,True,Spanish,Apple Pay,Executive,,Active,,Corporate Contract,17,20063.95
C0001002820,Beth,Jones,beth.jones@gmail.com,+1 195 983 3457,CA,North America,Lake Jacobborough,45,F,Group,2022-04-20,2022,4,Silver,None,True,English,Apple Pay,Deluxe,,Active,2023-07-31,Phone Booking,33,4974.58
C0001002821,수빈,오,수빈.오@example.kr,+1 153 295 9447,KR,Asia Pacific,Abbiebury,44,F,Business,2024-02-28,2024,2,Basic,Both,True,Korean,Mastercard,Suite,,Active,2026-10-22,Website Direct,26,5539.91
C0001002822,Elliot,Young,elliot_young@gmail.com,+1 996 391 6707,NL,Europe,South Robinland,24,M,Group,2022-03-26,2022,3,Silver,SMS,True,English,Visa,Executive,,Active,2024-11-11,Corporate Contract,48,68.59
C0001002823,Grace,Saunders,graces@gmail.com,+1 937 388 9399,NL,Europe,Dianetown,46,F,Leisure,2024-05-02,2024,5,Gold,Email,False,English,Visa,Standard,,Active,2026-06-28,Website Direct,28,7188.03
C0001002824,Lauren,Ball,noemail@provided.com,+1 151 490 7137,CA,North America,Port Catherine,39,F,Group,2023-07-31,2023,7,Silver,Email,False,English,American Express,Deluxe,,Active,2025-03-15,OTA Referral,34,22226.34
C0001002825,Edoardo,Rismondo,edoardor@yahoo.com,+1 752 665 8523,IT,Europe,Groppello D'Adda,39,M,Group,2023-03-25,2023,3,Silver,SMS,True,Italian,Visa,Executive,,Active,2025-06-01,Corporate Contract,25,17976.96
C0001002826,Eileen,Hargreaves,eileenh@outlook.com,513-797-8442,US,North America,Lake Kimberleyberg,40,F,Leisure,2024-09-08,2024,9,Basic,Email,True,English,Mastercard,Deluxe,,Active,2026-10-30,Walk-in,0,9868.59
C0001002827,Graham,Thornton,graham87@yahoo.com,(553) 457-5790,US,North America,Hughview,53,M,Business,2020-02-07,2020,2,Gold,SMS,False,English,Mastercard,Suite,,Active,2020-07-11,Website Direct,41,1418.32
C0001002828,Zoe,White,zoew@gmail.com,249-096-5250,US,North America,Lloydbury,39,F,Leisure,2023-01-31,2023,1,Non-Member,Email,True,English,Visa,Executive,,Active,2024-11-22,Walk-in,2,17960.48
C0001002829,七夏,小林,七夏小@icloud.com,+81 112-472-420,JP,Asia Pacific,Morrisville,46,F,Leisure,2024-06-19,2024,6,Non-Member,Email,True,Japanese,Visa,Standard,,Active,2025-02-02,Website Direct,5,4071.25
C0001002830,花子,高橋,花子_高橋@hotmail.com,+81 519-675-562,JP,Asia Pacific,Derekbury,36,F,Family,2023-09-06,2023,9,Silver,Both,False,Japanese,American Express,Standard,,Active,2025-11-18,OTA Referral,30,18686.07
C0001002831,Denise,Mellor,denise.mellor@outlook.com,+1 886 159 1550,TH,Asia Pacific,New Ryan,36,F,Leisure,2024-09-05,2024,9,Basic,SMS,True,English,Google Pay,Executive,,Active,2026-05-09,Walk-in,30,3489.11
C0001002832,André,Allard,andré.allard@outlook.com,+33 133 323 918,FR,Europe,Massonnec,28,M,Leisure,2022-01-17,2022,1,Non-Member,SMS,True,French,Google Pay,Standard,,Active,2023-11-30,Walk-in,1,16475.01
C0001002833,Geraldine,Martin,geraldine.martin@gmail.com,+1 923 419 1344,CA,North America,Kirkfurt,52,F,Leisure,2023-02-22,2023,2,Basic,SMS,True,English,Mastercard,Standard,,Inactive,2023-09-22,OTA Referral,20,10222.04
C0001002834,병철,최,병철최@gmail.com,+1 257 810 9928,KR,Asia Pacific,Suzanneberg,39,M,Family,2022-02-25,2022,2,Non-Member,Email,True,Korean,Visa,Deluxe,"Late Check-out, High Floor",Active,2023-11-22,Corporate Contract,4,1847.61
C0001002835,Richard,Smith,rsmith@gmail.com,+91 775 505 9126,IN,Asia Pacific,Alicebury,32,M,Leisure,2019-05-21,2019,5,Silver,Email,True,English,American Express,Executive,,Active,2021-02-28,Website Direct,23,20458.17
C0001002836,Stuart,Mason,stuart.mason@outlook.com,+1 446 974 9009,MX,North America,Port Ashleighview,29,M,Business,2023-02-23,2023,2,Silver,Both,True,English,Visa,Suite,,Active,,OTA Referral,21,14019.82
C0001002837,Ross,Burns,guest@email.com,00313 575 750,GB,Europe,North Lynnport,39,M,Business,2020-02-19,2020,2,Basic,Both,True,English,Visa,Ocean View,,Active,2021-03-15,Corporate Contract,42,6528.45
C0001002838,Raymond,Day,raymond_day@starkindustries.com,+1 538 288 2338,CH,Europe,New Lucymouth,35,M,Business,2020-07-03,2020,7,Non-Member,Email,False,English,Visa,Deluxe,"High Floor, Non-smoking",Active,2021-06-14,Walk-in,1,4657.72
C0001002839,Jacob,Davies,test@test.com,+1 612 393 2589,CA,North America,South Vanessa,50,M,Business,2021-04-28,2021,4,Gold,Email,False,English,PayPal,Standard,,Active,,Website Direct,12,3225.85
C0001002840,Gianmarco,Mercantini,gianmarcom@gmail.com,+1 195 834 9228,IT,Europe,Valsavarenche,49,M,Leisure,2019-11-27,2019,11,Basic,Email,False,Italian,Visa,Standard,,Active,2020-09-14,Corporate Contract,41,423.6
C0001002841,Samuel,Lee,samuel27@gmail.com,+1 114 313 4406,CA,North America,Westontown,47,M,Leisure,2022-05-27,2022,5,Basic,SMS,True,English,American Express,Standard,,Active,2022-05-31,Website Direct,45,20148.53
C0001002842,Adele,Niscoromni,adelen@gmail.com,+1 839 598 5135,IT,Europe,Malcantone,32,F,Leisure,2020-10-17,2020,10,Basic,Email,False,Italian,Visa,Suite,,Active,2021-10-09,Phone Booking,14,5579.72
C0001002843,Lawrence,Young,test@test.com,(600) 019-6874,US,North America,Murphychester,36,M,Business,2024-10-31,2024,10,Non-Member,Both,True,English,Visa,Standard,,Active,2026-03-01,Website Direct,2,12184.8
C0001002844,Úrsula,Adán,úadán@acme.com,+1 418 240 9656,ES,Europe,Cuenca,48,F,Business,2021-10-07,2021,10,Basic,Email,True,Spanish,Mastercard,Suite,Early Check-in,Active,,Corporate Contract,16,21076.68
C0001002845,Anouk,Hubert,ahubert@gmail.com,0794946586,FR,Europe,MaréchalBourg,53,F,Leisure,2020-02-14,2020,2,Gold,Email,False,French,PayPal,Standard,,Active,2023-01-28,OTA Referral,6,7657.03
C0001002846,Declan,Robertson,declan.robertson@gmail.com,+1 247 250 6565,KW,Middle East,Yvonnechester,35,M,Business,2022-10-10,2022,10,Silver,Email,True,English,American Express,Suite,,Active,2023-12-20,Walk-in,43,24020.64
C0001002847,Emilio,Boito,eboito@yahoo.com,+1 374 440 1032,IT,Europe,Ventimiglia Di Sicilia,42,M,Leisure,2022-10-26,2022,10,Platinum,SMS,True,Italian,Visa,Deluxe,"Early Check-in, Wheelchair Accessible",Inactive,2023-08-07,OTA Referral,42,9319.21
C0001002848,Matthew,Bradley,matthewb@gmail.com,+1 814 540 9497,MX,North America,Bakerfurt,42,M,Family,2020-12-26,2020,12,Basic,SMS,True,English,American Express,Deluxe,,Active,2021-05-26,Walk-in,45,1851.72
C0001002849,Barry,May,barry14@gmail.com,+1 703 701 4512,CH,Europe,Lake Janet,47,M,Business,2024-02-26,2024,2,Non-Member,SMS,False,English,Visa,Standard,,Active,,Phone Booking,3,15403.64
C0001002850,Alexandra,Watson,guest@email.com,(030) 240-0024,US,North America,Darrenport,27,F,Leisure,2024-03-05,2024,3,Basic,Email,False,English,American Express,Deluxe,,Inactive,,Walk-in,26,9333.4
C0001002851,Duilio,Llanos,duilio31@gmail.com,+1 352 932 3579,ES,Europe,Segovia,48,M,Leisure,2023-06-21,2023,6,Basic,SMS,True,Spanish,Visa,Family,,Active,2025-08-12,Phone Booking,33,21378.32
C0001002852,Duncan,Young,duncan_young@cyberdyne.com,220-740-3680,US,North America,Natashaside,35,M,Business,2021-10-18,2021,10,Basic,Email,False,English,Visa,Suite,,Active,2024-05-05,Walk-in,49,8017.38
C0001002853,Justin,Smith,justin_smith@starkindustries.com,+1 262 695 8308,CA,North America,Lake Sylvia,43,M,Business,2019-03-11,2019,3,Basic,SMS,False,English,Visa,Executive,,Active,2020-03-30,OTA Referral,49,6145.02
C0001002854,Aureliano,Caro,aureliano_caro@gmail.com,+1 770 182 1539,AR,South America,شربتليside,32,M,Leisure,2023-11-20,2023,11,Silver,Both,False,English,Visa,Standard,,Active,,Phone Booking,3,13402.47
C0001002855,Dawn,Taylor,dtaylor@outlook.com,+1 330 420 2888,CA,North America,Johnbury,41,F,Leisure,2022-01-05,2022,1,Basic,SMS,True,English,PayPal,Suite,,Inactive,2023-07-23,Website Direct,11,20234.99
C0001002856,Terry,Cross,terry.cross@gmail.com,030-999-5463,US,North America,Jamesmouth,47,M,Leisure,2019-03-30,2019,3,Non-Member,Email,False,English,Mastercard,Deluxe,,Active,2020-03-17,Website Direct,4,13613.28
C0001002857,Jennifer,Davies,jennifer_davies@outlook.com,+1 391 502 5321,EG,Africa,East Teresa,50,F,Business,2023-04-04,2023,4,Non-Member,Email,True,English,Mastercard,Suite,,Active,2023-05-19,Phone Booking,0,11503.35
C0001002858,Ross,Nash,ross.nash@oscorp.com,+1 824 480 7586,SG,Asia Pacific,Colinberg,46,M,Business,2023-08-02,2023,8,Basic,Email,True,English,American Express,Suite,,Active,2025-12-02,Walk-in,45,19166.96
C0001002859,Kieran,Bruce,kieran_bruce@icloud.com,+1 733 845 3224,CA,North America,Leonardview,50,M,Leisure,2024-10-15,2024,10,Non-Member,SMS,True,English,PayPal,Deluxe,,Active,2027-06-21,Phone Booking,4,16008.9
C0001002860,Jack,Mills,jack_mills@gmail.com,+1 271 899 3566,QA,Middle East,Lake Stacey,48,M,Leisure,2023-03-11,2023,3,Basic,SMS,True,English,Visa,Executive,,Active,2025-07-28,Corporate Contract,38,1421.17
C0001002861,Frédérique,Faure,noemail@provided.com,+33 171 251 680,FR,Europe,Millet,34,F,Leisure,2021-08-23,2021,8,Basic,Email,False,French,Mastercard,Executive,,Active,2023-08-24,Website Direct,5,2394.1
C0001002862,Jonathan,Thomson,jonathant@gmail.com,+61 072 330 751,AU,Asia Pacific,East Chloefurt,40,M,Family,2020-10-29,2020,10,Non-Member,SMS,True,English,Visa,Family,,Active,2020-11-16,Corporate Contract,4,11885.07
C0001002863,Auguste,Lefebvre,auguste_lefebvre@gmail.com,+33 332 157 912,FR,Europe,Dufour,42,M,Leisure,2023-06-06,2023,6,Gold,Email,True,French,Mastercard,Deluxe,,Active,2025-05-25,Website Direct,26,8462.73
C0001002864,畅,熊,畅.熊@outlook.com,353 7977 302,CN,Asia Pacific,Lake Billyhaven,39,F,Group,2022-01-09,2022,1,Platinum,Email,True,Chinese,Visa,Standard,,Active,2023-12-01,Walk-in,20,12049.0
C0001002865,Damian,Davies,damiand@gmail.com,723-434-6261,US,North America,East Georgia,47,M,Leisure,2022-11-22,2022,11,Basic,Email,True,English,American Express,Deluxe,,Active,,Website Direct,35,19537.72
C0001002866,Margherita,Bondumier,margherita46@dummycorp.com,+1 886 975 2671,IT,Europe,San Paolo Di Noto,47,F,Business,2024-04-03,2024,4,Non-Member,Email,False,Italian,Visa,Executive,"Early Check-in, Wheelchair Accessible",Active,2025-11-26,Walk-in,0,14707.59
C0001002867,예준,김,예준.김@yahoo.com,+1 573 244 8247,KR,Asia Pacific,Abigailburgh,25,M,Family,2022-05-28,2022,5,Silver,SMS,True,Korean,Visa,Deluxe,,Inactive,2024-12-19,Phone Booking,39,1485.09
C0001002868,Jerzy,Mohaupt,jmohaupt@waynecorp.com,+49 568 90496,DE,Europe,Ochsenfurt,28,M,Business,2024-04-11,2024,4,Basic,Email,False,German,American Express,Standard,,Active,,Website Direct,43,17847.87
C0001002869,Norman,Harrison,nharrison@gmail.com,+1 717 164 3876,MX,North America,Morleyfort,32,M,Leisure,2023-07-10,2023,7,Basic,Email,False,English,American Express,Standard,,Active,2025-02-28,Website Direct,45,9755.34
C0001002870,Holm,Fechner,hfechner@icloud.com,+49 5258 1038,DE,Europe,Parchim,37,M,Leisure,2022-05-21,2022,5,Basic,Email,True,German,Visa,Standard,,Inactive,2024-06-17,Corporate Contract,27,18994.54
C0001002871,Julie,Jones,julie_jones@acme.com,+1 715 562 6768,SE,Europe,New Gemma,25,F,Business,2020-12-31,2020,12,Non-Member,SMS,True,English,Visa,Executive,,Active,2022-03-23,Phone Booking,4,22584.8
C0001002872,Donna,Wood,dwood@oscorp.com,+1 131 175 2006,CA,North America,South Dawn,31,F,Business,2019-03-12,2019,3,Silver,Email,False,English,Mastercard,Executive,,Active,2021-09-04,Website Direct,6,91.14
C0001002873,민수,최,test@test.com,+1 109 313 1430,KR,Asia Pacific,West Olivia,46,M,Leisure,2024-07-12,2024,7,Basic,Email,True,Korean,Visa,Deluxe,,Active,2024-09-07,Website Direct,16,2909.92
C0001002874,Gabriele,Parisi,gabrielep@gmail.com,+1 328 482 3702,IT,Europe,Pesina,47,M,Leisure,2023-10-11,2023,10,Silver,Email,True,Italian,Visa,Executive,,Active,,OTA Referral,39,13166.95
C0001002875,千代,斎藤,千斎藤@yahoo.com,+81 763-048-670,JP,Asia Pacific,Abigailshire,44,F,Group,2023-01-17,2023,1,Silver,SMS,False,Japanese,American Express,Standard,,Active,2023-09-03,Website Direct,27,11419.86
C0001002876,Luke,Steele,luke27@gmail.com,+1 320 696 1872,CA,North America,Jonesburgh,34,M,Leisure,2020-06-29,2020,6,Basic,Email,True,English,Visa,Standard,,Inactive,,Website Direct,15,3918.13
C0001002877,시우,이,시우.이@gmail.com,+1 978 490 3642,KR,Asia Pacific,Trevorbury,46,M,Group,2021-06-16,2021,6,Silver,Email,True,Korean,Visa,Standard,Late Check-out,Active,2023-02-09,Website Direct,23,12761.99
C0001002878,Jayne,White,jayne.white@gmail.com,+61 966 999 803,AU,Asia Pacific,West Brianview,53,F,Leisure,2021-11-26,2021,11,Silver,Email,True,English,American Express,Suite,,Active,2024-06-28,Walk-in,15,15386.6
C0001002879,Brenda,Baker,brenda.baker@outlook.com,+1 891 584 8145,NG,Africa,Jonestown,40,F,Leisure,2022-01-01,2022,1,Silver,Email,True,English,Mastercard,Standard,Non-smoking,Active,2022-09-17,Website Direct,2,15815.98
C0001002880,文,向,文27@gmail.com,+86 575 3956 782,CN,Asia Pacific,Lake Antonyland,48,M,Family,2021-11-19,2021,11,Non-Member,Email,False,Chinese,Apple Pay,Deluxe,,Active,2022-10-01,Website Direct,5,24711.31
C0001002881,Clifford,Hart,cliffordh@waynecorp.com,(887) 283-3531,US,North America,Khanberg,33,M,Business,2024-03-13,2024,3,Basic,SMS,True,English,PayPal,Executive,,Active,2026-04-10,Walk-in,9,5582.96
C0001002882,Bruno,Mantegazza,bruno.mantegazza@gmail.com,+1 508 769 2811,IT,Europe,Umin,58,M,Leisure,2019-02-11,2019,2,Non-Member,Email,True,Italian,Visa,Deluxe,,Active,2019-10-03,Walk-in,0,11997.87
C0001002883,Carolina,Wirth,cwirth@gmail.com,+49 742 55834,DE,Europe,Kemnath,38,F,Business,2020-03-14,2020,3,Basic,SMS,False,German,Mastercard,Suite,,Active,2023-01-01,OTA Referral,24,5349.45
C0001002884,倩,汤,倩_汤@starkindustries.com,764 5616 254,CN,Asia Pacific,Robinsonmouth,44,F,Business,2024-01-24,2024,1,Non-Member,SMS,False,Chinese,Mastercard,Deluxe,Wheelchair Accessible,Active,2025-12-21,Website Direct,1,549.96
C0001002885,Kevin,Miah,kevin33@gmail.com,(560) 510-1593,US,North America,North Albertland,35,M,Leisure,2024-08-09,2024,8,Gold,Email,False,English,Visa,Standard,,Active,2026-04-09,OTA Referral,1,3114.15
C0001002886,Rosie,Atkinson,rosiea@gmail.com,891-204-0717,US,North America,East Saramouth,25,F,Family,2024-05-03,2024,5,Non-Member,Email,True,English,Mastercard,Deluxe,,Active,2026-10-12,Website Direct,2,15939.42
C0001002887,Diane,Gibbons,dgibbons@waynecorp.com,+1 534 429 6497,SE,Europe,Jeanstad,36,F,Business,2021-05-09,2021,5,Basic,Email,False,English,American Express,Suite,,Active,2023-01-31,OTA Referral,0,21604.67
C0001002888,篤司,林,篤司.林@gmail.com,000-000-0000,JP,Asia Pacific,Port Sharon,48,M,Leisure,2020-02-04,2020,2,Basic,Email,False,Japanese,Visa,Executive,,Active,2021-02-19,Phone Booking,25,20162.24
C0001002889,Ulrich,Speer,ulrich25@gmail.com,+49 4987 6482,DE,Europe,Bad Liebenwerda,43,M,Family,2022-11-04,2022,11,Non-Member,Email,False,German,Visa,Executive,,Active,,Website Direct,4,20274.07
C0001002890,Diane,Smith,diane.smith@gmail.com,+1 664 221 1207,TH,Asia Pacific,South Jamie,41,F,Group,2024-10-07,2024,10,Basic,SMS,False,English,PayPal,Deluxe,"Allergies, Non-smoking",Active,,Walk-in,33,3537.74
C0001002891,Tracey,Johnson,tracey20@dummycorp.com,+1 935 228 9387,CA,North America,South Wayne,29,F,Business,2024-12-23,2024,12,Basic,Email,True,English,Mastercard,Deluxe,,Active,2027-08-24,OTA Referral,32,22636.81
C0001002892,Elliott,Allen,elliotta@gmail.com,+1 925 991 7723,CA,North America,Antonyberg,43,M,Leisure,2024-06-16,2024,6,Basic,Both,True,English,Visa,Suite,,Active,2025-07-09,Walk-in,15,21032.45
C0001002893,Jamie,O'Neill,jamie77@initech.com,+1 605 399 2873,SG,Asia Pacific,North Stewartchester,36,M,Business,2023-10-26,2023,10,Basic,Email,True,English,Apple Pay,Executive,,Inactive,,Phone Booking,47,20730.94
C0001002894,Leigh,Hunt,leigh.hunt@oscorp.com,+1 888 749 2195,MX,North America,West Ericstad,34,M,Business,2022-02-02,2022,2,Silver,SMS,True,English,Mastercard,Executive,,Active,2023-08-31,OTA Referral,50,17583.21
C0001002895,Olivia,Richards,olivia79@gmail.com,051-492-1784,US,North America,Slaterburgh,57,F,Leisure,2022-08-16,2022,8,Silver,Email,True,English,Apple Pay,Ocean View,,Active,2023-01-10,OTA Referral,24,808.04
C0001002896,Diane,Warren,dwarren@yahoo.com,+1 756 511 1524,CA,North America,North Paula,21,F,Group,2023-07-12,2023,7,Non-Member,Both,True,English,American Express,Standard,,Active,2025-11-26,Corporate Contract,2,17667.35
C0001002897,Melanie,Reynolds,noemail@provided.com,+1 504 485 2075,KW,Middle East,North Thomas,41,F,Leisure,2022-09-28,2022,9,Non-Member,SMS,False,English,Mastercard,Standard,,Active,2023-06-13,Corporate Contract,0,19016.62
C0001002898,عبد الخالق,الحكير,عبد الخالق.الحكير@gmail.com,+1 395 934 7331,SA,Middle East,North Leslie,44,M,Family,2023-06-14,2023,6,Non-Member,Email,True,Arabic,Visa,Deluxe,,Active,2023-11-28,Walk-in,4,23618.9
C0001002899,Guy,Barlow,guyb@icloud.com,+1 752 100 9573,QA,Middle East,East Kayleighmouth,40,M,Family,2023-08-19,2023,8,Non-Member,Email,True,English,American Express,Ocean View,,Active,2024-06-24,Corporate Contract,2,12249.0
C0001002900,Jack,Fry,jack40@tyrellcorp.com,377-173-8729,US,North America,Lake Conorhaven,42,M,Business,2020-02-25,2020,2,Basic,Email,True,English,American Express,Executive,,Active,2021-04-25,Walk-in,28,9544.34
C0001002901,Anne,Williams,awilliams@hotmail.com,+61 928 054 735,AU,Asia Pacific,South Victoriamouth,36,F,Business,2023-05-29,2023,5,Non-Member,SMS,False,English,Visa,Deluxe,,Active,2025-11-02,Corporate Contract,5,13084.18
C0001002902,نوال,آل سعود,نوال42@gmail.com,+971 778 145 5306,AE,Middle East,Parkinhaven,38,F,Family,2020-01-19,2020,1,Basic,Email,True,Arabic,Visa,Standard,,Active,2020-05-26,Phone Booking,42,24634.18
C0001002903,Bernard,Richards,bernard_richards@gmail.com,+1 650 980 8671,NL,Europe,Oliverport,28,M,Leisure,2021-03-09,2021,3,Basic,Email,False,English,Visa,Standard,,Active,2022-10-23,Corporate Contract,0,22066.6
C0001002904,加奈,佐藤,加佐藤@gmail.com,932-629-0587,JP,Asia Pacific,West Hazel,44,F,Leisure,2023-06-27,2023,6,Basic,Email,False,Japanese,Visa,Standard,,Active,2023-10-02,Phone Booking,15,2587.74
C0001002905,Dominic,Phillips,dphillips@outlook.com,+1 511 570 3626,MX,North America,Victorfort,56,M,Leisure,2023-09-14,2023,9,Non-Member,SMS,False,English,Mastercard,Deluxe,,Inactive,,Walk-in,4,11226.06
C0001002906,Janet,Davies,jdavies@outlook.com,+1 747 894 6242,CH,Europe,Lake Hilary,46,F,Business,2019-11-22,2019,11,Non-Member,SMS,True,English,Visa,Standard,,Active,,Website Direct,2,11602.92
C0001002907,Victor,Evans,victor15@gmail.com,+1 443 394 6681,ZA,Africa,Hollowayfort,42,M,Business,2019-03-26,2019,3,Basic,Email,False,English,Mastercard,Deluxe,,Active,2021-12-03,Website Direct,47,12401.47
C0001002908,千代,山田,千代_山田@gmail.com,129-216-0470,JP,Asia Pacific,Josephstad,47,F,Business,2024-05-22,2024,5,Basic,Email,True,Japanese,Mastercard,Standard,,Active,,Website Direct,39,8353.43
C0001002909,Albert,Hartley,alberth@gmail.com,+1 159 271 3308,MX,North America,Port Melanie,28,M,Family,2019-12-07,2019,12,Silver,Email,True,English,Visa,Deluxe,,Active,2022-08-23,OTA Referral,36,13339.71
C0001002910,Karl Heinz,Ruppersberger,karl heinzr@outlook.com,+49 2966 0089,DE,Europe,Weißenfels,52,M,Leisure,2024-12-26,2024,12,Basic,Email,True,German,Mastercard,Deluxe,,Active,,Website Direct,44,20695.51
C0001002911,Beth,Matthews,beth73@outlook.com,+1 363 170 4855,CA,North America,Garryland,40,F,Leisure,2021-05-07,2021,5,Gold,Email,False,English,Mastercard,Deluxe,,Active,2021-08-26,Corporate Contract,44,15145.98
C0001002912,June,Randall,june.randall@hotmail.com,+1 232 261 5302,SE,Europe,South Chloe,23,F,Leisure,2021-01-01,2021,1,Basic,Email,True,English,Google Pay,Deluxe,,Active,2023-11-09,Walk-in,20,19955.88
C0001002913,玉兰,吴,玉兰吴@outlook.com,309 2153 654,CN,Asia Pacific,East Yvonne,28,F,Leisure,2024-10-22,2024,10,Silver,Email,True,Chinese,Visa,Executive,,Active,2026-02-27,Walk-in,19,6630.83
C0001002914,Lee,Taylor,test@test.com,+44 6148 27633,GB,Europe,Jamietown,26,M,Business,2022-04-18,2022,4,Silver,Email,True,English,Visa,Suite,,Active,2024-05-18,Website Direct,9,16652.94
C0001002915,幹,田中,幹_田中@oscorp.com,+81 459-317-883,JP,Asia Pacific,Vanessaburgh,38,F,Business,2019-12-05,2019,12,Platinum,Email,True,Japanese,Visa,Executive,,Inactive,,OTA Referral,12,10892.36
C0001002916,Andrea,Pritchard,andrea.pritchard@gmail.com,+1 555 323 2896,MX,North America,Lake Anne,38,F,Business,2024-04-11,2024,4,Gold,Email,True,English,Mastercard,Executive,,Active,2026-07-03,Website Direct,34,23101.38
C0001002917,Jemma,Williams,jwilliams@waynecorp.com,+1 396 344 5739,MX,North America,North Damian,50,F,Business,2022-08-17,2022,8,Basic,Email,False,English,Mastercard,Executive,,Inactive,,Walk-in,1,18812.81
C0001002918,Ben,McDonald,ben.mcdonald@gmail.com,+44 9503 49587,GB,Europe,Allenburgh,52,M,Family,2020-01-31,2020,1,Basic,Email,False,English,Visa,Standard,Early Check-in,Active,,Phone Booking,32,17011.64
C0001002919,Dylan,Williams,dylan.williams@outlook.com,470-775-4108,US,North America,Port Holly,31,M,Business,2019-04-08,2019,4,Basic,Email,True,English,Apple Pay,Executive,,Active,2019-06-12,OTA Referral,7,446.71
C0001002920,Lynda,Taylor,ltaylor@icloud.com,+1 979 172 7911,NL,Europe,Kennethview,31,F,Business,2022-01-06,2022,1,Non-Member,Email,True,English,Mastercard,Standard,,Active,2024-10-06,Corporate Contract,3,7411.53
C0001002921,Carl,Waters,carl_waters@gmail.com,+1 226 730 8709,SG,Asia Pacific,East Joan,44,M,Leisure,2019-05-22,2019,5,Gold,None,False,English,Visa,Standard,,Active,,Corporate Contract,0,23958.07
C0001002922,Jeremy,Ellis,jeremy.ellis@gmail.com,+1 618 825 6604,MX,North America,Lake Rita,49,M,Leisure,2019-08-13,2019,8,Non-Member,Email,False,English,Mastercard,Standard,,Active,,Walk-in,0,14438.01
C0001002923,Alan,Adams,alan79@gmail.com,774-905-2769,US,North America,East Trevorland,28,M,Business,2019-10-23,2019,10,Basic,SMS,False,English,Visa,Suite,,Active,2021-09-23,OTA Referral,42,18662.43
C0001002924,Jasmine,Rogers,jasmine_rogers@gmail.com,+1 445 833 5058,MX,North America,Graemehaven,32,F,Family,2021-08-12,2021,8,Gold,SMS,True,English,Visa,Standard,,Active,2023-12-20,OTA Referral,25,3567.78
C0001002925,Suzanne,Connolly,sconnolly@icloud.com,+1 744 981 5205,CL,South America,West Ryan,43,F,Leisure,2019-12-23,2019,12,Basic,Both,False,English,Visa,Standard,,Active,,Website Direct,1,4187.99
C0001002926,Bradley,Coles,bradley_coles@outlook.com,+1 972 135 7564,MX,North America,Charlesville,35,M,Leisure,2022-11-28,2022,11,Gold,Email,True,English,Mastercard,Executive,,Active,2023-02-06,Phone Booking,45,16780.99
C0001002927,은경,한,은경_한@gmail.com,+1 234 571 2529,KR,Asia Pacific,South Amanda,33,F,Group,2023-05-27,2023,5,Non-Member,None,False,Korean,Google Pay,Executive,,Active,2025-11-19,Corporate Contract,5,4230.55
C0001002928,Michelle,Robertson,mrobertson@gmail.com,(631) 739-0242,US,North America,Owenston,40,F,Leisure,2022-05-09,2022,5,Silver,Email,True,English,Visa,Ocean View,"Late Check-out, Non-smoking",Active,,Corporate Contract,29,1660.35
C0001002929,Marcella,Tamburini,marcella24@yahoo.com,+1 610 841 6813,IT,Europe,Le Moline,40,F,Family,2023-11-11,2023,11,Silver,Both,True,Italian,Visa,Executive,,Active,2024-10-14,Corporate Contract,24,1278.2
C0001002930,Louise,Griffiths,louise.griffiths@gmail.com,+1 140 894 8808,MX,North America,Gouldfurt,29,F,Group,2024-11-12,2024,11,Basic,Email,True,English,Visa,Family,,Active,2026-03-25,OTA Referral,15,19757.37
C0001002931,Wendy,Turner,wendyt@gmail.com,+91 751 406 3033,IN,Asia Pacific,New Dawnberg,55,F,Family,2019-09-23,2019,9,Non-Member,Email,True,English,American Express,Standard,Late Check-out,Inactive,2020-02-22,Website Direct,3,15498.21
C0001002932,Alan,Russell,alan86@outlook.com,+1 291 986 7533,CA,North America,Eleanorchester,48,M,Leisure,2023-04-17,2023,4,Silver,Email,True,English,Mastercard,Deluxe,"Wheelchair Accessible, High Floor",Active,,Website Direct,46,3191.06
C0001002933,Anastasie,Charles,anastasiec@gmail.com,0224750557,FR,Europe,Techer,36,F,Leisure,2019-05-12,2019,5,Non-Member,Email,True,French,Visa,Standard,Allergies,Active,2020-08-15,Website Direct,0,11351.56
C0001002934,Diana,Martin,dmartin@dummycorp.com,+91 627 307 6721,IN,Asia Pacific,Fionaborough,41,F,Business,2022-11-09,2022,11,Basic,Email,True,English,Mastercard,Standard,,Active,2023-10-13,Phone Booking,41,18315.97
C0001002935,Josh,Hall,josh11@hotmail.com,+1 931 157 9655,SE,Europe,Flemingchester,38,M,Leisure,2022-06-10,2022,6,Platinum,SMS,True,English,Mastercard,Deluxe,,Active,,Website Direct,9,13709.39
C0001002936,정수,김,정수_김@umbrellacorp.com,+1 666 780 5092,KR,Asia Pacific,Natashaborough,51,M,Business,2024-06-29,2024,6,Non-Member,Email,True,Korean,Visa,Executive,Late Check-out,Active,2026-11-03,Website Direct,0,3004.45
C0001002937,Harriet,Lee,harriet.lee@gmail.com,+1 698 676 3876,MX,North America,Eleanorland,37,F,Leisure,2023-06-09,2023,6,Platinum,Email,False,English,Visa,Deluxe,,Active,2026-01-25,Website Direct,41,16578.14
C0001002938,Geoffrey,Taylor,geoffrey7@gmail.com,389-614-7570,US,North America,East Hugh,43,M,Leisure,2022-01-03,2022,1,Platinum,SMS,True,English,Visa,Standard,Wheelchair Accessible,Active,2023-01-08,Phone Booking,22,11120.74
C0001002939,영식,한,영식.한@yahoo.com,+1 750 459 9798,KR,Asia Pacific,East Bethan,41,M,Leisure,2022-11-16,2022,11,Non-Member,Email,True,Korean,Mastercard,Deluxe,,Active,2024-02-06,Phone Booking,3,10200.47
C0001002940,Mark,Bentley,mark.bentley@outlook.com,+1 102 227 4613,SE,Europe,Elliefurt,50,M,Family,2024-03-30,2024,3,Platinum,Email,False,English,Visa,Standard,,Active,,Website Direct,8,21147.95
C0001002941,Brett,Sharp,brett.sharp@gmail.com,+1 620 797 3459,MX,North America,Summersside,33,M,Family,2021-06-13,2021,6,Non-Member,Both,False,English,Apple Pay,Family,,Inactive,,Website Direct,2,13513.47
C0001002942,Alexander,Jackson,alexander84@oscorp.com,+1 578 517 1975,CA,North America,East Garryton,26,M,Business,2024-08-01,2024,8,Silver,Email,True,English,Google Pay,Executive,,Active,2025-10-11,Walk-in,15,24632.98
C0001002943,Sheila,Webster,swebster@outlook.com,000-000-0000,CA,North America,Dylanville,35,F,Leisure,2021-08-11,2021,8,Non-Member,Both,False,English,Visa,Standard,,Active,,Phone Booking,0,5317.53
C0001002944,Hilary,Harding,hharding@umbrellacorp.com,+1 726 367 7648,NL,Europe,Lisatown,37,F,Business,2021-07-23,2021,7,Non-Member,SMS,False,English,Google Pay,Suite,"High Floor, Non-smoking",Active,,Walk-in,0,21634.18
C0001002945,Sylvia,Kelly,test@test.com,+1 246 671 8219,KE,Africa,Brownberg,44,F,Business,2022-06-05,2022,6,Basic,Email,True,English,Visa,Executive,,Active,2024-09-22,Walk-in,21,10053.91
C0001002946,Tony,Berry,tony71@outlook.com,+1 556 284 7763,NL,Europe,Ryanbury,38,M,Leisure,2019-07-18,2019,7,Silver,SMS,True,English,Mastercard,Family,,Active,2021-07-26,Website Direct,1,238.47
C0001002947,Betty,Ehlert,noemail@provided.com,+49 5132 9968,DE,Europe,Starnberg,58,F,Leisure,2020-12-21,2020,12,Gold,Email,False,German,Visa,Standard,,Inactive,2023-09-28,Corporate Contract,10,15329.15
C0001002948,종수,박,test@test.com,+1 641 764 7131,KR,Asia Pacific,West Shirley,33,M,Leisure,2022-04-19,2022,4,Non-Member,Email,True,Korean,Visa,Standard,,Active,2023-10-13,OTA Referral,3,17439.84
C0001002949,Josh,Finch,joshf@gmail.com,110-771-7595,US,North America,Juneside,46,M,Leisure,2019-01-22,2019,1,Basic,Email,False,English,Visa,Deluxe,,Inactive,,OTA Referral,18,3974.34
C0001002950,Albert,Cooper,albertc@gmail.com,+1 771 617 4315,SG,Asia Pacific,Lake Kateshire,46,M,Leisure,2024-03-29,2024,3,Non-Member,Email,True,English,Apple Pay,Executive,,Inactive,,Phone Booking,0,816.1
C0001002951,Irene,Green,irene_green@umbrellacorp.com,01317 882 960,GB,Europe,New Zoe,25,F,Business,2023-03-09,2023,3,Basic,Email,True,English,Mastercard,Standard,,Active,2023-03-16,Phone Booking,16,12939.94
C0001002952,宁,张,宁张@gmail.com,+86 459 5567 045,CN,Asia Pacific,North Christine,39,M,Family,2020-04-26,2020,4,Gold,SMS,False,Chinese,Visa,Standard,,Active,,Corporate Contract,50,19535.37
C0001002953,Lucy,Gibson,lucy_gibson@gmail.com,+1 743 197 1914,NL,Europe,East Scottland,42,F,Leisure,2023-08-12,2023,8,Non-Member,Email,True,English,Mastercard,Suite,,Active,,Corporate Contract,0,4918.22
C0001002954,美加子,佐藤,美佐藤@acme.com,+81 084-352-776,JP,Asia Pacific,Daviesshire,42,F,Business,2021-10-25,2021,10,Non-Member,SMS,False,Japanese,Mastercard,Deluxe,,Active,2023-02-15,OTA Referral,3,5214.76
C0001002955,Alexander,Foster,noemail@provided.com,178-825-2660,US,North America,Lake Mauricemouth,44,M,Business,2023-08-02,2023,8,Silver,Both,False,English,Apple Pay,Suite,,Active,,Corporate Contract,6,17891.85
C0001002956,George,Byrne,georgeb@outlook.com,+1 216 123 5544,CA,North America,Port Mark,39,M,Leisure,2019-08-31,2019,8,Basic,Email,False,English,American Express,Deluxe,,Active,2022-08-12,Walk-in,2,23322.73
C0001002957,Abigail,Walsh,abigail.walsh@acme.com,+1 759 155 3744,CH,Europe,Reedside,46,F,Business,2020-10-01,2020,10,Gold,Email,False,English,American Express,Standard,,Active,2023-03-15,Corporate Contract,14,947.97
C0001002958,John,North,jnorth@outlook.com,+1 929 872 1960,NL,Europe,South Gemmabury,52,M,Leisure,2019-06-10,2019,6,Non-Member,Email,True,English,Visa,Standard,,Active,2021-03-11,OTA Referral,2,3271.48
C0001002959,Consuelo,Lobo,consuelo35@gmail.com,+1 521 279 2788,ES,Europe,Albacete,45,F,Leisure,2022-11-08,2022,11,Non-Member,Email,True,Spanish,Mastercard,Suite,,Active,,Phone Booking,1,16174.25
C0001002960,Bernard,Davies,bernard_davies@outlook.com,(049) 572-9428,US,North America,Dianafurt,35,M,Business,2019-03-23,2019,3,Gold,Email,True,English,American Express,Suite,,Active,2019-09-24,Website Direct,22,5180.2
C0001002961,Henry,Meyer,henry52@gmail.com,+49 747 71954,DE,Europe,Ribnitz-Damgarten,31,M,Business,2024-01-22,2024,1,Non-Member,SMS,True,German,American Express,Suite,,Active,2025-11-02,OTA Referral,3,6232.98
C0001002962,Gail,Gray,gailg@gmail.com,(174) 205-4615,US,North America,North Janet,35,F,Leisure,2021-06-22,2021,6,Basic,Email,False,English,Mastercard,Deluxe,,Active,2022-02-02,Website Direct,48,5541.86
C0001002963,Robert,Holmes,roberth@gmail.com,+1 425 321 5929,CL,South America,Manningland,37,M,Leisure,2024-02-25,2024,2,Basic,Email,True,English,Apple Pay,Suite,,Active,2027-01-24,Walk-in,15,8737.78
C0001002964,Annibale,Treves,annibalet@gmail.com,+1 521 906 5977,IT,Europe,Amelia,34,M,Leisure,2023-03-09,2023,3,Basic,Email,False,Italian,Visa,Standard,,Active,,Walk-in,46,6809.34
C0001002965,Teobaldo,Durán,tdurán@icloud.com,+1 654 500 6238,ES,Europe,Almería,47,M,Leisure,2020-11-29,2020,11,Non-Member,Email,True,Spanish,Mastercard,Standard,,Active,2023-08-13,Phone Booking,0,8744.02
C0001002966,Chiara,Galvani,chiara_galvani@gmail.com,+1 443 459 8642,IT,Europe,Curetta,30,F,Group,2024-05-25,2024,5,Basic,Email,False,Italian,Visa,Standard,,Active,2026-07-08,Website Direct,10,21870.14
C0001002967,Aaron,Gould,aarong@yahoo.com,+1 913 123 3102,MX,North America,West Mary,39,M,Leisure,2023-09-03,2023,9,Non-Member,SMS,False,English,American Express,Standard,Non-smoking,Active,2024-11-30,Walk-in,0,20604.25
C0001002968,Timothy,Roberts,timothy.roberts@cyberdyne.com,+44 4626 70002,GB,Europe,Andreamouth,30,M,Business,2023-03-06,2023,3,Non-Member,Email,True,English,Apple Pay,Deluxe,,Active,2023-10-19,Phone Booking,2,23742.59
C0001002969,Claire,Coates,clairec@gmail.com,+1 381 285 6286,KW,Middle East,Smithfurt,32,F,Leisure,2023-07-01,2023,7,Basic,Email,True,English,Mastercard,Standard,Late Check-out,Inactive,,Walk-in,19,424.83
C0001002970,Eileen,Barnes,ebarnes@outlook.com,+1 823 324 5155,KW,Middle East,East Lisafort,33,F,Leisure,2023-10-27,2023,10,Basic,Both,True,English,Visa,Suite,Wheelchair Accessible,Active,2026-04-24,Phone Booking,11,24559.07
C0001002971,Katy,Dale,kdale@umbrellacorp.com,+61 882 361 482,AU,Asia Pacific,New Mitchell,45,F,Business,2020-06-10,2020,6,Platinum,Email,True,English,Visa,Suite,,Active,,Website Direct,16,18022.84
C0001002972,Valerie,O'Donnell,vo'donnell@gmail.com,+1 371 425 8940,NL,Europe,Lesliefurt,43,F,Leisure,2020-04-04,2020,4,Basic,Email,False,English,Mastercard,Standard,"Early Check-in, Allergies",Active,2020-10-19,Website Direct,1,3830.13
C0001002973,Stewart,Ward,stewart_ward@gmail.com,(899) 327-5589,US,North America,Debrafort,40,M,Leisure,2022-03-23,2022,3,Gold,Email,True,English,PayPal,Executive,,Inactive,2024-02-24,Website Direct,42,12925.0
C0001002974,Lauren,Russell,lauren.russell@gmail.com,+1 676 201 6666,CA,North America,Port Terencemouth,39,F,Leisure,2020-12-25,2020,12,Silver,Email,True,English,Mastercard,Deluxe,,Active,2021-05-09,OTA Referral,35,18979.37
C0001002975,Stuart,Johnston,stuart_johnston@gmail.com,(920) 557-0382,US,North America,Ryanport,33,M,Family,2019-03-31,2019,3,Basic,Email,True,English,Visa,Family,,Active,2019-08-03,Website Direct,39,18555.23
C0001002976,Rotraut,Klotz,rotraut_klotz@outlook.com,,DE,Europe,Miltenberg,39,F,Family,2024-01-01,2024,1,Platinum,SMS,True,German,Visa,Standard,,Active,2026-03-25,Corporate Contract,11,24709.1
C0001002977,Abdul,Watkins,awatkins@gmail.com,+91 427 521 9154,IN,Asia Pacific,Brookesmouth,41,M,Leisure,2019-07-04,2019,7,Basic,SMS,False,English,American Express,Standard,,Active,2021-05-30,Website Direct,21,19992.94
C0001002978,Kathleen,Wirth,test@test.com,+49 3483 7397,DE,Europe,Gifhorn,39,F,Leisure,2022-10-31,2022,10,Non-Member,Both,True,German,Visa,Standard,,Inactive,2023-02-21,Walk-in,1,9385.85
C0001002979,Amelia,Willis,awillis@icloud.com,+1 348 264 1452,SG,Asia Pacific,Port Jonathanberg,47,F,Leisure,2020-11-17,2020,11,Non-Member,Email,True,English,Visa,Suite,,Active,2022-11-18,Phone Booking,4,24291.76
C0001002980,Sandra,Taylor,sandrat@gmail.com,+1 125 653 6472,MX,North America,Newtonberg,46,F,Leisure,2022-07-06,2022,7,Silver,Email,True,English,Apple Pay,Deluxe,,Active,2022-08-29,Walk-in,21,5940.67
C0001002981,Jasmine,Kaur,jasmine91@gmail.com,+1 861 455 7988,CH,Europe,Dohertymouth,28,F,Leisure,2019-12-11,2019,12,Silver,SMS,False,English,Visa,Deluxe,,Active,2022-01-19,OTA Referral,42,21.04
C0001002982,Stanley,Conway,sconway@yahoo.com,+1 600 152 7592,TH,Asia Pacific,West Cheryl,53,M,Leisure,2022-01-21,2022,1,Non-Member,Email,False,English,Visa,Standard,,Active,,OTA Referral,5,416.59
C0001002983,Anna,Miller,annam@gmail.com,+1 662 720 4197,MX,North America,South Samuel,43,F,Leisure,2020-01-18,2020,1,Gold,Both,False,English,Apple Pay,Suite,,Active,2022-10-18,Phone Booking,14,7594.47
C0001002984,Olivia,Tyler,olivia8@gmail.com,0585 384 628,AU,Asia Pacific,Lake Natasha,51,F,Leisure,2021-09-16,2021,9,Non-Member,Email,True,English,Google Pay,Deluxe,,Inactive,,Corporate Contract,4,5907.82
C0001002985,Cheryl,Marsh,cheryl71@gmail.com,+44 3368 44433,GB,Europe,West Lindsey,45,F,Leisure,2022-04-01,2022,4,Non-Member,Email,True,English,Visa,Standard,,Active,2025-03-18,Corporate Contract,2,22323.77
C0001002986,승민,박,승민_박@gmail.com,+1 540 918 5817,KR,Asia Pacific,Cherylfurt,32,M,Group,2019-03-08,2019,3,Gold,SMS,True,Korean,Visa,Standard,,Active,2021-01-17,Walk-in,47,11417.75
C0001002987,峰,杨,峰杨@gmail.com,+86 096 5215 958,CN,Asia Pacific,Slaterstad,48,M,Leisure,2023-02-11,2023,2,Gold,Both,True,Chinese,Google Pay,Standard,,Active,2023-11-23,Phone Booking,13,14161.5
C0001002988,娜,罗,娜罗@acme.com,707 2583 589,CN,Asia Pacific,Port Jeanhaven,33,F,Business,2019-03-14,2019,3,Gold,SMS,True,Chinese,Apple Pay,Family,,Active,2019-05-19,Phone Booking,28,20297.32
C0001002989,Keith,Burns,kburns@icloud.com,(592) 121-5149,US,North America,Forstertown,41,M,Family,2024-05-28,2024,5,Basic,Email,True,English,Visa,Family,,Active,,OTA Referral,48,10934.38
C0001002990,Bernard,Johnson,bernardj@cyberdyne.com,+1 675 917 2855,NL,Europe,O'Connortown,45,M,Business,2019-07-11,2019,7,Silver,Email,False,English,PayPal,Executive,,Active,2020-03-14,OTA Referral,6,16544.85
C0001002991,Angela,Brookes,angelab@oscorp.com,+1 333 926 9998,SG,Asia Pacific,Leeland,37,F,Business,2021-10-07,2021,10,Basic,SMS,False,English,Mastercard,Deluxe,,Inactive,,Corporate Contract,19,1875.75
C0001002992,Jeffrey,Parkinson,jeffrey76@outlook.com,0855 252 177,AU,Asia Pacific,Clarkburgh,43,M,Leisure,2019-09-22,2019,9,Non-Member,Both,True,English,Visa,Suite,,Active,2021-10-14,Website Direct,2,17982.42
C0001002993,David,Pratt,david43@yahoo.com,+1 492 600 3358,CA,North America,East Lukemouth,44,M,Leisure,2022-06-17,2022,6,Silver,Email,True,English,Visa,Standard,,Active,2022-07-01,Phone Booking,37,24806.08
C0001002994,영미,이,영미이@gmail.com,+1 724 954 7225,KR,Asia Pacific,Taylorfurt,34,F,Leisure,2023-02-11,2023,2,Non-Member,Email,True,Korean,American Express,Ocean View,Late Check-out,Active,2023-12-15,OTA Referral,2,15144.48
C0001002995,Carl,Butler,carlb@outlook.com,+1 213 255 6227,TH,Asia Pacific,Roseshire,45,M,Leisure,2022-08-18,2022,8,Silver,Email,True,English,Visa,Standard,,Active,,Corporate Contract,48,3601.06
C0001002996,Jill,Roberts,jill.roberts@hotmail.com,761-129-4717,US,North America,West Douglas,38,F,Leisure,2023-07-09,2023,7,Basic,Email,True,English,Mastercard,Standard,,Active,,OTA Referral,20,14499.5
C0001002997,Leslie,Lewis,lesliel@outlook.com,0112 272 247,AU,Asia Pacific,East Rhys,48,M,Leisure,2023-01-30,2023,1,Basic,Email,False,English,American Express,Standard,,Active,,OTA Referral,47,1069.41
C0001002998,Lynn,Allen,lynna@gmail.com,+1 251 804 5594,KE,Africa,North Leighton,55,F,Leisure,2023-04-19,2023,4,Non-Member,SMS,True,English,Apple Pay,Deluxe,,Active,2024-03-12,Phone Booking,5,1339.19
C0001002999,영길,박,영길7@outlook.com,+1 670 228 1270,KR,Asia Pacific,Andersonville,39,M,Business,2023-03-13,2023,3,Basic,SMS,False,Korean,Mastercard,Executive,,Inactive,2024-06-13,Corporate Contract,43,17289.26
C0001003000,Howard,Crawford,howard_crawford@hotmail.com,00518 488 751,GB,Europe,Edwardsburgh,37,M,Group,2022-04-20,2022,4,Gold,Email,False,English,Mastercard,Standard,,Active,,Walk-in,45,5128.56
C0001003001,Karl,Johnson,karl38@gmail.com,+1 889 373 1265,TH,Asia Pacific,Martinchester,36,M,Leisure,2022-05-30,2022,5,Gold,Email,True,English,Visa,Deluxe,,Active,,OTA Referral,36,15279.94
C0001003002,Carl,Page,carlp@gmail.com,+1 143 650 3632,MX,North America,Lewisshire,37,M,Group,2022-11-25,2022,11,Basic,Email,True,English,Apple Pay,Deluxe,,Active,2025-11-16,Walk-in,13,18710.24
C0001003003,영호,권,영호.권@gmail.com,+1 153 872 3750,KR,Asia Pacific,West Emma,46,M,Leisure,2023-03-02,2023,3,Silver,Email,True,Korean,Google Pay,Standard,,Active,2024-03-01,Website Direct,4,21920.42
C0001003004,Mary,Warren,mwarren@gmail.com,+1 507 717 1978,MX,North America,Bethview,45,F,Group,2020-02-16,2020,2,Silver,SMS,False,English,American Express,Suite,,Active,,Website Direct,0,18083.58
C0001003005,Clive,Williams,clive27@outlook.com,+44 0284 09453,GB,Europe,North Tobybury,32,M,Business,2019-03-15,2019,3,Non-Member,Email,False,English,Visa,Standard,,Active,2021-07-31,Phone Booking,5,10416.77
C0001003006,Patrick,Thomson,patrickt@yahoo.com,+1 663 209 4139,QA,Middle East,Gregoryside,33,M,Leisure,2024-05-21,2024,5,Silver,Email,True,English,Mastercard,Standard,Late Check-out,Active,2025-12-17,Walk-in,16,22584.19
C0001003007,Eric,Allen,eric.allen@gmail.com,(868) 075-5702,US,North America,Mariebury,46,M,Family,2024-09-01,2024,9,Basic,Email,True,English,Mastercard,Standard,,Active,2024-12-07,Corporate Contract,9,24818.22
C0001003008,桃子,藤田,桃子_藤田@icloud.com,512-510-9249,JP,Asia Pacific,Port Wendyfurt,29,F,Business,2023-04-21,2023,4,Basic,Email,True,Japanese,Visa,Executive,,Active,2025-01-23,Phone Booking,32,16835.53
C0001003009,Stewart,Hope,stewart35@yahoo.com,+91 602 528 1726,IN,Asia Pacific,New Fiona,42,M,Family,2023-04-25,2023,4,Silver,Email,True,English,Mastercard,Standard,,Inactive,,Website Direct,49,2457.17
C0001003010,Conor,Wright,conor_wright@tyrellcorp.com,+1 510 711 8129,KE,Africa,Lake Marianview,52,M,Business,2020-12-25,2020,12,Silver,Email,True,English,Visa,Ocean View,,Active,2022-10-16,OTA Referral,26,22270.65
C0001003011,Jodie,Bennett,jodieb@outlook.com,+1 349 396 9861,MX,North America,Gavinfort,35,F,Family,2021-05-16,2021,5,Silver,Email,True,English,Visa,Deluxe,"Allergies, Early Check-in",Active,2024-02-26,Corporate Contract,37,14631.48
C0001003012,Adrian,Sanderson,adrians@outlook.com,843-599-0330,US,North America,Hollyville,36,M,Family,2022-10-23,2022,10,Gold,SMS,True,English,Visa,Standard,,Active,2025-10-08,Walk-in,43,23961.14
C0001003013,George,Thomas,george92@outlook.com,+1 784 963 6055,MX,North America,Thomasport,30,M,Business,2023-05-09,2023,5,Non-Member,Email,False,English,Mastercard,Executive,,Active,2026-02-25,Website Direct,5,1642.35
C0001003014,Kaspar,Stolze,kaspar_stolze@gmail.com,+49 7125 9500,DE,Europe,Beeskow,34,M,Leisure,2020-07-21,2020,7,Silver,Email,True,German,Visa,Suite,Late Check-out,Active,2023-04-30,Walk-in,47,24498.14
C0001003015,Jay,Newman,jay.newman@gmail.com,+1 529 972 1554,CH,Europe,Aimeemouth,47,M,Leisure,2024-05-22,2024,5,Non-Member,Email,True,English,Mastercard,Deluxe,,Active,2026-11-16,Walk-in,1,16889.9
C0001003016,Kim,Leach,kim_leach@hotmail.com,(779) 057-3012,US,North America,North Martynport,36,F,Family,2020-10-05,2020,10,Basic,Email,False,English,Visa,Deluxe,,Active,2022-10-25,Walk-in,11,4031.18
C0001003017,Ellie,Matthews,elliem@outlook.com,+1 653 331 6293,CA,North America,East Denise,50,F,Leisure,2019-10-22,2019,10,Basic,SMS,True,English,Visa,Suite,,Active,,Phone Booking,25,13308.73
C0001003018,Jessica,Gray,jessicag@gmail.com,+1 802 151 3482,TH,Asia Pacific,West Graham,32,F,Group,2021-02-12,2021,2,Silver,SMS,True,English,Visa,Standard,,Active,2022-09-03,OTA Referral,50,16643.22
C0001003019,Graeme,Mitchell,graemem@gmail.com,+1 232 214 4138,SG,Asia Pacific,West Charlesburgh,50,M,Leisure,2022-01-11,2022,1,Non-Member,Email,True,English,Visa,Family,,Active,2024-10-17,Walk-in,1,14507.9
C0001003020,Jordan,Pearce,jordan.pearce@example.mx,+1 342 704 1468,MX,North America,Readborough,41,M,Business,2020-12-17,2020,12,Gold,SMS,True,English,Visa,Deluxe,,Active,2021-04-23,Walk-in,8,23721.18
C0001003021,Glenn,Webb,glenn.webb@tyrellcorp.com,+1 657 427 3538,MX,North America,Ellisside,29,M,Business,2022-06-02,2022,6,Non-Member,Email,True,English,Mastercard,Executive,"Allergies, Early Check-in",Active,2023-09-07,Website Direct,5,8331.57
C0001003022,Trevor,Baldwin,trevor.baldwin@gmail.com,+1 485 722 5928,MX,North America,Jemmafurt,52,M,Leisure,2023-02-13,2023,2,Silver,SMS,False,English,Visa,Deluxe,"Wheelchair Accessible, Non-smoking",Active,2025-09-23,OTA Referral,15,20480.11
C0001003023,Jack,Allen,jack_allen@outlook.com,08738 856 939,GB,Europe,Jenniferhaven,51,M,Leisure,2022-04-06,2022,4,Basic,Email,True,English,Mastercard,Standard,,Active,2022-07-07,Walk-in,48,5448.05
C0001003024,Leigh,Knowles,leighk@gmail.com,(629) 412-0244,US,North America,Lake Glenn,44,M,Group,2019-12-02,2019,12,Non-Member,SMS,True,English,Mastercard,Deluxe,,Active,,Website Direct,4,15237.65
C0001003025,Clare,Robson,clare_robson@gmail.com,+1 815 534 5925,TH,Asia Pacific,Payneshire,38,F,Business,2020-10-06,2020,10,Non-Member,Both,False,English,American Express,Suite,,Active,2023-05-30,Corporate Contract,2,18725.57
C0001003026,Dale,Lewis,dalel@umbrellacorp.com,(148) 680-3150,US,North America,East Jamieshire,37,M,Business,2023-11-14,2023,11,Non-Member,Email,False,English,Visa,Suite,,Active,,Website Direct,0,13068.51
C0001003027,Bryan,Coleman,bryan46@dummycorp.com,+1 938 430 2495,MX,North America,Jaynestad,43,M,Business,2019-07-31,2019,7,Basic,Email,True,English,Visa,Executive,,Active,,OTA Referral,6,12793.77
C0001003028,Hollie,Brown,hollie_brown@gmail.com,+1 811 201 5372,MX,North America,East Brianton,36,F,Group,2023-11-17,2023,11,Non-Member,Email,True,English,Visa,Deluxe,,Active,2025-11-08,Corporate Contract,4,14915.23
C0001003029,Brandon,Payne,brandon.payne@gmail.com,+1 478 386 4186,MX,North America,New Kevinton,40,M,Leisure,2020-09-29,2020,9,Silver,SMS,True,English,Visa,Standard,,Active,,Walk-in,41,15942.34
C0001003030,Josh,Parkes,jparkes@yahoo.com,491-358-2965,US,North America,New Douglasshire,51,M,Family,2024-08-31,2024,8,Basic,Email,True,English,Mastercard,Deluxe,,Active,2026-08-20,OTA Referral,27,22598.86
C0001003031,Françoise,Perrin,françoise60@yahoo.com,+33 530 190 452,FR,Europe,Pinto,38,F,Leisure,2023-05-25,2023,5,Basic,Email,False,French,American Express,Standard,,Active,,Corporate Contract,5,4431.62
C0001003032,Andrew,Fraser,andrewf@starkindustries.com,+1 543 299 9026,SE,Europe,Coatesmouth,42,M,Business,2019-09-23,2019,9,Basic,Email,True,English,Visa,Standard,,Inactive,2019-09-23,OTA Referral,0,24011.23
C0001003033,Editha,Heintze,editha.heintze@yahoo.com,+49 2588 8246,DE,Europe,Luckau,62,F,Business,2020-04-14,2020,4,Gold,Email,False,German,Visa,Standard,,Active,2021-12-14,OTA Referral,19,15737.07
C0001003034,Jeffrey,Giles,jeffrey_giles@yahoo.com,(916) 942-4446,US,North America,Clarkehaven,37,M,Leisure,2024-05-30,2024,5,Basic,Email,True,English,American Express,Standard,,Active,2024-07-19,OTA Referral,7,1652.82
C0001003035,Conor,Smith,csmith@waynecorp.com,+1 978 514 8589,MX,North America,Mitchellstad,37,M,Business,2023-03-20,2023,3,Silver,Email,True,English,Visa,Suite,,Inactive,2023-11-30,Phone Booking,21,14719.09
C0001003036,Joe,Jones,jjones@outlook.com,+1 936 763 7301,CA,North America,West Waynemouth,40,M,Leisure,2022-01-02,2022,1,Platinum,Email,False,English,Mastercard,Ocean View,,Active,,Corporate Contract,21,22676.57
C0001003037,Benjamin,Martin,bmartin@outlook.com,+1 140 245 6378,SE,Europe,Lake Gail,53,M,Leisure,2021-04-08,2021,4,Basic,SMS,True,English,PayPal,Deluxe,,Active,2023-05-12,Phone Booking,39,24548.26
C0001003038,Louis,Barrett,louis.barrett@icloud.com,+1 102 579 9340,NL,Europe,Port Ambermouth,33,M,Leisure,2024-01-27,2024,1,Basic,Email,True,English,Visa,Executive,,Active,2027-01-20,OTA Referral,20,10001.09
C0001003039,Leonel,Peral,leonel.peral@gmail.com,+1 540 258 4129,ES,Europe,Castellón,54,M,Leisure,2023-05-21,2023,5,Basic,SMS,True,Spanish,Visa,Deluxe,,Active,2026-03-29,Walk-in,50,24877.11
C0001003040,Edward,Brown,edward_brown@oscorp.com,+1 842 666 8595,CA,North America,Lake Trevorborough,37,M,Business,2022-09-06,2022,9,Non-Member,Email,True,English,American Express,Family,High Floor,Inactive,,Website Direct,0,1350.32
C0001003041,Clive,Phillips,clive_phillips@gmail.com,+1 499 385 1626,MX,North America,South Suzanne,48,M,Leisure,2024-10-24,2024,10,Silver,Email,True,English,Visa,Deluxe,,Active,2026-02-15,Phone Booking,15,6216.86
C0001003042,Keith,Barnes,kbarnes@gmail.com,+1 773 927 9495,MX,North America,Mollyville,47,M,Group,2022-10-30,2022,10,Gold,Email,True,English,PayPal,Deluxe,,Inactive,2023-11-25,OTA Referral,44,11872.98
C0001003043,Roy,Harrison,royh@gmail.com,000-000-0000,MX,North America,East Victoriamouth,45,M,Business,2019-05-21,2019,5,Non-Member,Email,True,English,Visa,Deluxe,,Inactive,2020-04-14,Website Direct,1,16569.14
C0001003044,Elizabeth,Smith,esmith@outlook.com,+1 932 574 2253,ZA,Africa,Samhaven,34,F,Leisure,2019-09-04,2019,9,Basic,SMS,False,English,Visa,Family,,Active,,OTA Referral,43,2111.8
C0001003045,Brunilda,Villalonga,brunildav@dummycorp.com,+1 435 187 9191,AR,South America,نشوانmouth,37,F,Business,2024-05-13,2024,5,Non-Member,SMS,True,English,Visa,Suite,"Wheelchair Accessible, Late Check-out",Active,,Corporate Contract,4,3529.53
C0001003046,Vincent,Smith,vincents@waynecorp.com,+1 894 227 5728,SG,Asia Pacific,Fletcherview,29,M,Business,2022-04-28,2022,4,Basic,SMS,True,English,Visa,Suite,,Active,2025-04-26,Website Direct,23,18103.22
C0001003047,Charlotte,Morton,cmorton@gmail.com,+91 823 697 4065,IN,Asia Pacific,West Joannaburgh,36,F,Business,2023-06-09,2023,6,Non-Member,Email,False,English,PayPal,Executive,,Inactive,2023-10-21,OTA Referral,1,12928.21
C0001003048,Kimberley,Bailey,kbailey@gmail.com,539-531-6292,US,North America,South Geraldinetown,44,F,Leisure,2022-08-03,2022,8,Non-Member,Email,True,English,Visa,Suite,,Active,2022-08-14,Phone Booking,4,8762.61
C0001003049,Jade,Evans,jade.evans@hotmail.com,312-781-8614,US,North America,Jessicastad,33,F,Group,2021-11-10,2021,11,Platinum,Email,True,English,Visa,Deluxe,,Active,2022-10-28,OTA Referral,30,2362.3
C0001003050,Kayleigh,Lewis,kayleigh41@waynecorp.com,+1 163 811 8781,CA,North America,Abdulbury,32,F,Business,2024-03-19,2024,3,Non-Member,Email,True,English,Mastercard,Standard,,Active,,Walk-in,1,22200.99
C0001003051,Toribio,Galan,tgalan@gmail.com,+1 410 144 1851,ES,Europe,Zamora,54,M,Leisure,2023-04-18,2023,4,Non-Member,Email,True,Spanish,Visa,Suite,,Active,2023-10-13,Website Direct,0,11883.38
C0001003052,Samuel,Long,samuel.long@globex.com,800-923-3509,US,North America,Jenkinsside,30,M,Business,2023-02-21,2023,2,Basic,Email,True,English,Mastercard,Suite,,Inactive,,Corporate Contract,1,16627.15
C0001003053,María Ángeles,Canals,maría ángeles91@yahoo.com,+1 765 942 4942,ES,Europe,Alicante,51,F,Leisure,2022-05-24,2022,5,Silver,Both,True,Spanish,Mastercard,Family,,Inactive,,Phone Booking,39,19328.17
C0001003054,Claire,Evans,claire.evans@outlook.com,+1 558 276 7716,CA,North America,New Stephanie,39,F,Leisure,2022-11-24,2022,11,Basic,Both,True,English,Visa,Deluxe,Allergies,Active,,Website Direct,38,10588.33
C0001003055,Wendy,White,wendyw@gmail.com,+1 472 291 1535,CA,North America,Harrychester,34,F,Leisure,2023-04-18,2023,4,Basic,SMS,False,English,Visa,Standard,,Active,2026-01-30,Website Direct,8,3522.58
C0001003056,Marion,Baker,mbaker@yahoo.com,+1 399 169 4700,QA,Middle East,Smithton,32,F,Group,2021-12-18,2021,12,Non-Member,SMS,False,English,PayPal,Deluxe,,Active,2023-01-12,Website Direct,0,7468.84
C0001003057,Charlene,Pope,cpope@gmail.com,+91 412 812 3557,IN,Asia Pacific,Lawrenceberg,56,F,Leisure,2024-08-31,2024,8,Non-Member,Email,False,English,Mastercard,Family,,Active,2025-01-25,Website Direct,0,5704.2
C0001003058,Dale,Jackson,dale.jackson@cyberdyne.com,+1 288 155 7308,CA,North America,North Vincent,41,M,Business,2021-07-02,2021,7,Non-Member,Email,True,English,Mastercard,Ocean View,,Active,2021-09-21,Website Direct,2,13710.81
C0001003059,Jennifer,Harris,jharris@gmail.com,+1 280 864 8427,SE,Europe,Pritchardborough,24,F,Group,2021-11-19,2021,11,Basic,Email,True,English,American Express,Standard,"Allergies, Wheelchair Accessible",Active,,Phone Booking,39,7198.67
C0001003060,Lee,Elliott,lee_elliott@example.ca,+1 942 820 4668,CA,North America,New Katyhaven,51,M,Business,2022-01-27,2022,1,Silver,SMS,True,English,Visa,Executive,Late Check-out,Active,2022-08-05,Website Direct,29,13607.49
C0001003061,Kayleigh,Cooper,kayleighc@gmail.com,+1 683 170 7994,MX,North America,Glennborough,44,F,Leisure,2024-05-16,2024,5,Non-Member,None,True,English,Google Pay,Deluxe,,Active,2024-09-02,OTA Referral,4,7452.48
C0001003062,Victor,Lees,victor66@yahoo.com,+1 324 673 7453,NL,Europe,North Markberg,32,M,Leisure,2021-07-18,2021,7,Basic,Email,False,English,Mastercard,Standard,,Active,,OTA Referral,16,1790.31
C0001003063,خميس,آل العسكري,خميس81@outlook.com,,SA,Middle East,West Ashley,43,M,Business,2019-10-02,2019,10,Platinum,SMS,True,Arabic,Visa,Suite,,Active,,Phone Booking,26,16965.24
C0001003064,Amy,Bennett,amy48@outlook.com,+1 635 683 6653,TH,Asia Pacific,Victoriamouth,50,F,Leisure,2024-05-02,2024,5,Silver,Email,True,English,Visa,Deluxe,,Active,2026-02-18,Corporate Contract,20,22932.91
C0001003065,Steven,Crawford,steven.crawford@starkindustries.com,+1 990 246 8413,TH,Asia Pacific,Lake Ellie,35,M,Business,2022-05-06,2022,5,Silver,Email,True,English,Visa,Standard,,Active,2024-03-15,Corporate Contract,50,7640.73
C0001003066,Patricia,Bennett,patricia.bennett@gmail.com,+44 1325 41340,GB,Europe,East Gail,48,F,Leisure,2020-06-05,2020,6,Gold,Email,True,English,Mastercard,Deluxe,,Active,2020-06-27,Phone Booking,32,18150.0
C0001003067,Marilyn,Rose,marilyn.rose@outlook.com,+1 735 273 2195,SE,Europe,South Tracey,33,F,Family,2021-02-08,2021,2,Non-Member,Both,False,English,Apple Pay,Deluxe,,Active,2023-09-10,Corporate Contract,5,18484.07
C0001003068,Julie,Roberts,julie.roberts@gmail.com,+1 721 265 9953,CA,North America,East Mohammedburgh,27,F,Family,2024-01-01,2024,1,Silver,SMS,True,English,Google Pay,Suite,,Active,2025-07-15,Walk-in,4,10808.09
C0001003069,Shannon,Payne,shannon_payne@gmail.com,+1 240 756 4690,SE,Europe,Port Gemmastad,21,F,Leisure,2022-10-06,2022,10,Non-Member,Email,True,English,Visa,Deluxe,,Active,2025-06-20,Walk-in,2,20775.09
C0001003070,Henry,Thomas,henry69@gmail.com,+1 926 331 6261,MX,North America,New Naomiport,55,M,Family,2021-06-03,2021,6,Silver,SMS,True,English,Google Pay,Deluxe,,Inactive,,Walk-in,36,13910.37
C0001003071,Gerard,Pearson,gerardp@umbrellacorp.com,+1 275 659 8103,CA,North America,East Sandraborough,36,M,Business,2019-02-23,2019,2,Platinum,Email,True,English,American Express,Executive,,Active,2020-10-13,Walk-in,34,9542.83
C0001003072,Clifford,Griffiths,clifford45@gmail.com,+91 327 467 2849,IN,Asia Pacific,Port Owen,34,M,Group,2021-04-08,2021,4,Silver,Email,True,English,Mastercard,Deluxe,,Active,2023-08-21,Phone Booking,21,17763.26
C0001003073,Bernard,Lloyd,bernard42@cyberdyne.com,+1 553 503 4600,CA,North America,Jonesville,51,M,Business,2024-06-24,2024,6,Non-Member,SMS,True,English,Mastercard,Executive,,Active,2027-06-06,Website Direct,5,16127.64
C0001003074,Kirsty,Newman,kirsty.newman@gmail.com,+1 718 258 9108,TH,Asia Pacific,South Glen,34,F,Leisure,2023-12-19,2023,12,Basic,Email,True,English,Visa,Standard,,Active,2025-12-04,Phone Booking,14,1670.5
C0001003075,Rachael,Smith,rachaels@umbrellacorp.com,(494) 329-2494,US,North America,Hughesfort,27,F,Business,2019-07-28,2019,7,Basic,Email,True,English,Visa,Executive,,Active,,Walk-in,13,11274.91
C0001003076,Clare,Baker,clare.baker@gmail.com,+1 440 983 2238,TH,Asia Pacific,Gloverland,36,F,Leisure,2019-01-07,2019,1,Non-Member,Email,True,English,Visa,Ocean View,High Floor,Active,2019-03-22,OTA Referral,5,22431.93
C0001003077,Jenna,Evans,jennae@outlook.com,+1 362 385 1397,MX,North America,South Ryantown,22,F,Leisure,2022-03-12,2022,3,Gold,Email,False,English,Mastercard,Family,Late Check-out,Active,,Corporate Contract,18,23370.2
C0001003078,Diane,Barnes,diane67@oscorp.com,+61 795 459 009,AU,Asia Pacific,East Mark,25,F,Business,2022-06-09,2022,6,Basic,Email,True,English,Visa,Standard,,Active,,Corporate Contract,45,10911.26
C0001003079,Vincent,Hawkins,vincent52@gmail.com,+1 936 228 1913,SE,Europe,Timothyburgh,46,M,Leisure,2019-11-13,2019,11,Silver,Email,True,English,Visa,Ocean View,,Active,2020-09-09,Website Direct,5,18167.29
C0001003080,Wayne,Elliott,waynee@umbrellacorp.com,+91 936 507 3765,IN,Asia Pacific,Albertport,25,M,Business,2024-02-05,2024,2,Gold,Email,True,English,Mastercard,Deluxe,Early Check-in,Active,2025-01-18,Website Direct,3,4120.57
C0001003081,Chelsea,Moore,chelsea_moore@hotmail.com,+1 419 587 7330,CA,North America,Ellistown,60,F,Leisure,2023-05-12,2023,5,Non-Member,Email,True,English,Mastercard,Deluxe,,Active,2024-01-13,OTA Referral,2,4852.8
C0001003082,Iolanda,Camicione,iolanda_camicione@gmail.com,+1 147 626 7897,IT,Europe,Villaggio Racise,44,F,Business,2020-01-30,2020,1,Basic,Email,False,Italian,Mastercard,Deluxe,,Active,2023-01-20,Website Direct,17,1625.25
C0001003083,Douglas,Reeves,douglasr@hotmail.com,+1 835 872 2020,SG,Asia Pacific,Wrightchester,51,M,Leisure,2024-02-10,2024,2,Silver,Email,True,English,Visa,Standard,,Inactive,,Walk-in,36,14593.34
C0001003084,Paoletta,Ceri,paoletta_ceri@gmail.com,+1 603 350 2059,IT,Europe,Beverate,32,F,Group,2024-05-11,2024,5,Basic,Email,True,Italian,Visa,Deluxe,,Active,2026-10-22,Phone Booking,46,13319.72
C0001003085,Thomas,Stevens,thomas.stevens@gmail.com,+1 720 841 6698,SE,Europe,Cunninghambury,50,M,Leisure,2021-08-12,2021,8,Non-Member,None,False,English,Mastercard,Family,"Non-smoking, Early Check-in",Active,,OTA Referral,1,3360.75
C0001003086,Jake,Cox,jake_cox@gmail.com,+1 300 215 1682,MX,North America,Whiteshire,43,M,Family,2024-11-29,2024,11,Basic,Email,True,English,PayPal,Suite,Non-smoking,Active,,Website Direct,10,23453.94
C0001003087,Matthew,Newman,matthewn@gmail.com,(161) 780-6457,US,North America,Port Bruce,35,M,Leisure,2020-01-03,2020,1,Non-Member,Email,True,English,PayPal,Deluxe,,Active,2021-10-06,OTA Referral,4,24910.11
C0001003088,Garry,Barker,garry77@starkindustries.com,+1 438 389 9072,CA,North America,Jeffreytown,39,M,Business,2021-04-18,2021,4,Gold,Email,True,English,American Express,Executive,,Active,2024-03-03,Phone Booking,45,13886.87
C0001003089,Neil,Thomson,neilt@gmail.com,+1 742 327 5225,SG,Asia Pacific,Jonesshire,47,M,Leisure,2024-05-06,2024,5,Non-Member,Email,True,English,Apple Pay,Family,,Active,2027-02-26,Walk-in,0,1482.42
C0001003090,Georgina,Williams,georgina.williams@gmail.com,+91 148 268 8664,IN,Asia Pacific,Hollystad,49,F,Leisure,2021-02-14,2021,2,Silver,Email,False,English,American Express,Deluxe,,Active,,Corporate Contract,48,11021.91
C0001003091,Craig,Thomas,craigt@gmail.com,+1 437 194 1607,CA,North America,Whittakerberg,41,M,Business,2023-01-06,2023,1,Basic,Email,True,English,American Express,Executive,,Active,,Walk-in,23,19257.28
C0001003092,Sheila,Jenkins,sjenkins@gmail.com,+1 811 727 8533,CA,North America,West Ross,43,F,Leisure,2022-03-02,2022,3,Platinum,SMS,False,English,Apple Pay,Standard,,Active,2022-08-04,Website Direct,22,10906.14
C0001003093,Perla,Morera,perlam@icloud.com,+1 847 132 9145,AR,South America,Lake نبهانberg,49,F,Family,2022-03-31,2022,3,Basic,Email,False,English,Mastercard,Deluxe,,Active,,Corporate Contract,20,11253.89
C0001003094,Amanda,Mitchell,amanda_mitchell@icloud.com,+1 151 931 4405,KW,Middle East,Clarkmouth,35,F,Business,2020-06-09,2020,6,Basic,Email,True,English,Visa,Executive,,Active,2020-11-16,Corporate Contract,32,18157.56
C0001003095,Donatella,Gritti,dgritti@outlook.com,+1 610 924 3097,IT,Europe,Villabruna,36,F,Family,2024-11-15,2024,11,Basic,Email,False,Italian,Visa,Deluxe,Late Check-out,Active,2025-12-05,Website Direct,10,14563.1
C0001003096,Clive,Clarke,clive_clarke@acme.com,0031 552 871,AU,Asia Pacific,East Hayley,43,M,Business,2024-02-06,2024,2,Basic,Email,True,English,Visa,Executive,,Active,,Walk-in,22,22539.98
C0001003097,Harriet,Warren,harriet26@gmail.com,(155) 563-6935,US,North America,Ianborough,41,F,Leisure,2019-02-25,2019,2,Gold,Email,True,English,Mastercard,Deluxe,,Active,2019-09-03,Corporate Contract,18,651.91
C0001003098,Telmo,Barón,telmo1@outlook.com,+1 518 746 7908,ES,Europe,Cuenca,49,M,Business,2021-04-26,2021,4,Platinum,Email,False,Spanish,Visa,Suite,,Inactive,2021-06-01,OTA Referral,28,5512.74
C0001003099,Lesley,Lyons,lesley.lyons@icloud.com,+1 516 214 3890,SG,Asia Pacific,Jonesview,55,F,Family,2023-01-21,2023,1,Basic,SMS,True,English,Visa,Family,,Active,,Walk-in,14,22607.61
C0001003100,Suzanne,Wright,suzanne.wright@outlook.com,+1 613 277 1529,SG,Asia Pacific,West Johnborough,46,F,Leisure,2020-04-27,2020,4,Basic,Email,False,English,Google Pay,Standard,,Active,2021-06-28,Phone Booking,29,4243.5
C0001003101,Valerie,Potter,valerie.potter@icloud.com,+1 964 261 4401,SE,Europe,O'Donnellfurt,47,F,Leisure,2022-03-29,2022,3,Basic,SMS,False,English,Apple Pay,Deluxe,,Active,2024-10-08,Corporate Contract,49,24693.11
C0001003102,Margaux,Maréchal,margauxm@yahoo.com,+33 044 344 741,FR,Europe,Lefebvre-la-Forêt,43,F,Family,2021-01-11,2021,1,Basic,Email,True,French,Mastercard,Deluxe,,Inactive,,Phone Booking,41,8915.93
C0001003103,Harriet,Hill,harriet54@outlook.com,657-915-0356,US,North America,South Cliveshire,45,F,Leisure,2019-08-10,2019,8,Basic,Both,True,English,Mastercard,Standard,,Inactive,,Corporate Contract,21,8146.43
C0001003104,鑫,钟,鑫54@oscorp.com,+86 323 6619 912,CN,Asia Pacific,North Jackburgh,31,M,Business,2022-06-12,2022,6,Silver,SMS,True,Chinese,Mastercard,Standard,,Active,2023-12-08,Phone Booking,5,16525.37
C0001003105,Luc,Leblanc,luc21@gmail.com,0894628108,FR,Europe,Becker,40,M,Leisure,2024-12-20,2024,12,Basic,Email,False,French,Mastercard,Suite,,Active,,Corporate Contract,18,11553.51
C0001003106,Frank,Williams,fwilliams@outlook.com,+1 926 767 8163,CA,North America,Port Malcolmburgh,37,M,Leisure,2021-05-06,2021,5,Silver,Both,True,English,Visa,Deluxe,,Active,2022-05-31,Website Direct,45,7958.69
C0001003107,Katherine,Edwards,katherinee@outlook.com,914-990-5620,US,North America,New Ian,42,F,Leisure,2019-08-22,2019,8,Silver,Email,True,English,Visa,Standard,,Active,2019-09-10,Walk-in,37,9050.58
C0001003108,Alena,Drub,alena_drub@waynecorp.com,+49 244 07266,DE,Europe,Gelnhausen,40,F,Business,2019-11-06,2019,11,Platinum,Email,True,German,Mastercard,Executive,,Active,2020-12-29,Walk-in,39,6771.29
C0001003109,Christine,Davis,christine_davis@gmail.com,+1 354 839 1632,SG,Asia Pacific,New Samuel,45,F,Leisure,2019-06-14,2019,6,Non-Member,Email,True,English,Visa,Deluxe,,Active,2022-04-05,OTA Referral,3,18447.72
C0001003110,Kevin,Thomas,kevin.thomas@dummycorp.com,871-202-9171,US,North America,Port Alexburgh,37,M,Business,2020-12-23,2020,12,Gold,Email,True,English,American Express,Executive,,Inactive,2023-10-27,Phone Booking,32,497.01
C0001003111,Adán,Manjón,adán_manjón@globex.com,+1 538 909 7682,AR,South America,New صدّاح,40,M,Business,2023-12-08,2023,12,Silver,Email,True,English,Google Pay,Suite,Non-smoking,Inactive,2024-12-23,Corporate Contract,15,4286.07
C0001003112,Beverley,Greenwood,beverley.greenwood@globex.com,+1 975 907 4503,CA,North America,Rogersmouth,25,F,Business,2020-08-03,2020,8,Platinum,Email,True,English,Visa,Standard,,Active,2021-03-08,OTA Referral,47,9005.76
C0001003113,Henry,Goddard,henry38@outlook.com,+1 509 414 7856,TH,Asia Pacific,Rhyston,37,M,Business,2024-10-03,2024,10,Silver,Email,True,English,Mastercard,Executive,,Inactive,2027-07-14,OTA Referral,27,21559.83
C0001003114,Allan,Wood,awood@gmail.com,0377 737 109,AU,Asia Pacific,North Allan,31,M,Leisure,2019-01-21,2019,1,Basic,Email,True,English,Mastercard,Standard,,Active,,Phone Booking,4,7543.33
C0001003115,Guiomar,Izaguirre,guiomar_izaguirre@gmail.com,+1 589 795 7422,ES,Europe,Tarragona,37,F,Family,2019-09-10,2019,9,Basic,Email,True,Spanish,Visa,Deluxe,,Active,2022-05-05,Corporate Contract,3,16019.8
C0001003116,Gerard,Sullivan,gerard.sullivan@outlook.com,+1 798 697 1294,CH,Europe,Evansburgh,36,M,Leisure,2019-12-09,2019,12,Non-Member,Email,True,English,American Express,Deluxe,,Active,,OTA Referral,4,9802.07
C0001003117,Pamela,Brown,pamela.brown@gmail.com,175-029-8729,US,North America,Benjaminmouth,38,F,Leisure,2023-09-08,2023,9,Non-Member,SMS,True,English,Apple Pay,Deluxe,,Active,2026-06-17,Website Direct,1,6081.75
C0001003118,Margherita,Cheda,margherita_cheda@globex.com,+1 740 576 8615,IT,Europe,Corneno,38,F,Business,2024-11-07,2024,11,Non-Member,Email,True,Italian,American Express,Suite,,Active,,Phone Booking,0,22977.06
C0001003119,健一,森,健一24@gmail.com,635-150-0737,JP,Asia Pacific,Jemmamouth,52,M,Group,2023-11-03,2023,11,Basic,Email,True,Japanese,Mastercard,Standard,,Inactive,,Website Direct,46,11216.86
C0001003120,Maria,Kent,maria92@outlook.com,+1 330 174 2758,MX,North America,Lynchfurt,47,F,Leisure,2022-05-01,2022,5,Non-Member,SMS,True,English,Visa,Suite,"High Floor, Late Check-out",Active,2023-01-09,Phone Booking,3,62.01
C0001003121,Gregory,Powell,gregoryp@dummycorp.com,+1 266 881 3036,MX,North America,Charlenemouth,34,M,Business,2020-12-17,2020,12,Basic,Both,False,English,Visa,Ocean View,,Active,,Walk-in,46,14598.8
C0001003122,Jordan,Clark,jclark@yahoo.com,+91 401 316 3319,IN,Asia Pacific,Port Paulineshire,34,M,Leisure,2024-04-08,2024,4,Basic,Email,False,English,Mastercard,Standard,,Active,2025-06-06,OTA Referral,49,21134.66
C0001003123,秀芳,杨,秀芳_杨@acme.com,905 5135 516,CN,Asia Pacific,South Maxberg,38,F,Business,2023-06-22,2023,6,Silver,Both,False,Chinese,Visa,Standard,"Allergies, Non-smoking",Active,2023-11-25,OTA Referral,31,15420.84
C0001003124,Irene,Nicholson,irenen@gmail.com,07660 414 625,GB,Europe,West Jacquelineburgh,50,F,Leisure,2022-08-30,2022,8,Non-Member,Email,False,English,American Express,Family,,Inactive,2023-10-06,Corporate Contract,1,12267.28
C0001003125,John,Gibbons,jgibbons@gmail.com,+1 375 160 8322,CH,Europe,Joyceborough,39,M,Leisure,2023-12-01,2023,12,Basic,SMS,True,English,Visa,Deluxe,,Active,2024-09-26,Website Direct,22,13462.18
C0001003126,Robin,Miles,robin.miles@outlook.com,0587 982 448,AU,Asia Pacific,Aaronbury,42,M,Group,2019-11-12,2019,11,Platinum,Email,False,English,Visa,Deluxe,,Active,2022-01-15,Phone Booking,17,23617.03
C0001003127,英樹,鈴木,英鈴木@initech.com,+81 693-717-803,JP,Asia Pacific,Heatherfort,38,M,Business,2024-12-30,2024,12,Basic,Email,True,Japanese,Mastercard,Deluxe,,Active,2027-02-20,Phone Booking,44,4896.85
C0001003128,Patrick,Richards,patrick56@gmail.com,+1 730 506 5384,TH,Asia Pacific,East Simon,43,M,Leisure,2019-12-05,2019,12,Silver,SMS,True,English,Visa,Standard,,Active,2021-07-05,Walk-in,9,4157.44
C0001003129,Rachel,Harrison,rachel.harrison@cyberdyne.com,+1 197 758 5883,KW,Middle East,Hollandberg,41,F,Business,2024-06-17,2024,6,Basic,Email,False,English,Mastercard,Suite,,Active,2026-03-19,Corporate Contract,42,20561.02
C0001003130,Katy,Davies,katy.davies@gmail.com,+1 122 832 4402,SE,Europe,Adamshaven,36,F,Leisure,2020-01-15,2020,1,Gold,SMS,True,English,Mastercard,Standard,,Active,2021-03-22,Corporate Contract,23,9057.93
C0001003131,霞,徐,霞徐@outlook.com,+86 073 5579 960,CN,Asia Pacific,Yvonneville,40,F,Family,2020-02-02,2020,2,Gold,Email,False,Chinese,Visa,Deluxe,,Active,,OTA Referral,38,24994.12
C0001003132,Hugh,Clarke,hugh62@example.ca,+1 845 144 8060,CA,North America,Irenemouth,50,M,Business,2019-05-23,2019,5,Basic,Email,False,English,Visa,Suite,,Inactive,2020-06-27,Phone Booking,24,15821.79
C0001003133,Robin,Jenkins,robin.jenkins@gmail.com,+1 840 504 8711,CA,North America,New Johnside,29,M,Family,2024-06-02,2024,6,Silver,None,True,English,Mastercard,Deluxe,,Active,2026-06-23,Corporate Contract,18,10195.55
C0001003134,Elaine,Turner,eturner@gmail.com,633-230-9839,US,North America,Lake Louis,34,F,Family,2023-02-26,2023,2,Basic,Email,False,English,American Express,Standard,,Inactive,,Phone Booking,38,9633.89
C0001003135,Fulgencio,Acosta,guest@email.com,000-000-0000,AR,South America,Port ضحّاك,26,M,Business,2022-03-02,2022,3,Non-Member,Email,True,English,American Express,Executive,Early Check-in,Active,2023-10-15,Phone Booking,5,5934.47
C0001003136,Edward,Webb,ewebb@gmail.com,+1 415 491 8777,SG,Asia Pacific,Lake Ryan,34,M,Leisure,2023-12-10,2023,12,Silver,Email,True,English,Mastercard,Standard,Allergies,Active,2026-08-01,Website Direct,34,2693.04
C0001003137,Hannah,Curtis,hannah_curtis@globex.com,+1 751 414 2690,SG,Asia Pacific,Lake Mohammed,35,F,Business,2019-09-28,2019,9,Basic,SMS,False,English,American Express,Executive,,Active,2022-03-14,Website Direct,7,19230.53
C0001003138,Adam,Higgins,adam.higgins@gmail.com,+1 864 291 2864,ZA,Africa,New Craigburgh,44,M,Family,2019-03-13,2019,3,Silver,Email,False,English,Visa,Executive,,Active,,Walk-in,0,4215.66
C0001003139,Diane,Stephenson,dianes@globex.com,+1 975 937 2053,MX,North America,Bryanview,36,F,Business,2019-01-29,2019,1,Gold,Email,True,English,Mastercard,Ocean View,,Active,,Phone Booking,23,9070.52
C0001003140,Vilma,Gargallo,vilmag@yahoo.com,+1 143 340 3460,AR,South America,ميراshire,39,F,Leisure,2022-01-17,2022,1,Non-Member,Email,True,English,Mastercard,Suite,,Active,2024-09-19,Phone Booking,5,15427.56
C0001003141,Marie,Martin,noemail@provided.com,+1 858 452 2785,MX,North America,Lake Rossside,45,F,Family,2019-10-12,2019,10,Silver,Email,True,English,Mastercard,Family,,Active,2020-12-11,Phone Booking,30,8049.57
C0001003142,Margaret,Palmer,margaretp@hotmail.com,0491 653 047,AU,Asia Pacific,Victoriafort,47,F,Leisure,2020-03-11,2020,3,Non-Member,Email,False,English,Mastercard,Standard,,Active,,Website Direct,0,23190.66
C0001003143,Rita,Edwards,redwards@icloud.com,000-000-0000,CH,Europe,New Callumchester,45,F,Leisure,2020-01-20,2020,1,Non-Member,Email,True,English,Visa,Deluxe,,Active,2020-10-13,OTA Referral,3,16681.94
C0001003144,Ann,Parker,aparker@oscorp.com,+1 259 202 4964,CA,North America,Port Vincentville,42,F,Business,2024-03-22,2024,3,Basic,Email,False,English,Apple Pay,Suite,,Active,,Walk-in,21,11475.91
C0001003145,Carl,Martin,cmartin@outlook.com,0760 960 862,AU,Asia Pacific,New Marian,34,M,Leisure,2021-10-10,2021,10,Gold,Both,False,English,Mastercard,Standard,,Active,,Walk-in,34,2440.53
C0001003146,Adelbert,Wernecke,awernecke@outlook.com,+49 3606 7600,DE,Europe,Dinkelsbühl,48,M,Leisure,2024-10-07,2024,10,Basic,SMS,False,German,PayPal,Standard,,Active,2026-02-18,Phone Booking,35,13089.98
C0001003147,Duncan,Clarke,duncan.clarke@gmail.com,+1 483 216 3744,CA,North America,Ianchester,52,M,Business,2022-03-24,2022,3,Gold,Email,True,English,Apple Pay,Suite,,Active,2025-03-22,Phone Booking,8,10687.23
C0001003148,David,Chamberlain,dchamberlain@umbrellacorp.com,(797) 901-4774,US,North America,Fionabury,38,M,Business,2020-08-30,2020,8,Silver,Email,True,English,American Express,Suite,,Active,2023-05-27,OTA Referral,46,15415.54
C0001003149,도윤,성,도성@icloud.com,+1 210 482 5074,KR,Asia Pacific,East Rebecca,38,M,Leisure,2024-12-28,2024,12,Non-Member,Email,False,Korean,Visa,Deluxe,,Inactive,2025-02-02,Walk-in,2,12297.96
C0001003150,Trevor,Edwards,tedwards@globex.com,(851) 133-1835,US,North America,North Christopher,44,M,Business,2019-07-04,2019,7,Basic,Email,True,English,Visa,Deluxe,,Active,,Corporate Contract,25,4966.96
C0001003151,Dorothée,Garnier,dorothéeg@outlook.com,+33 115 635 874,FR,Europe,Caron,41,F,Leisure,2022-08-01,2022,8,Basic,Email,True,French,Mastercard,Ocean View,,Active,,Phone Booking,5,19377.45
C0001003152,Roberto,Trupp,roberto_trupp@outlook.com,+49 6769 4061,DE,Europe,Ebersberg,30,M,Leisure,2023-11-30,2023,11,Basic,Email,True,German,Visa,Executive,,Active,,Website Direct,41,23940.29
C0001003153,Melissa,Graham,melissa_graham@gmail.com,(911) 073-7524,US,North America,Goddardchester,33,F,Leisure,2021-10-27,2021,10,Basic,Email,False,English,Visa,Deluxe,,Active,2023-05-11,Corporate Contract,4,8781.82
C0001003154,Wendy,Todd,wendy40@outlook.com,+1 667 180 5345,NL,Europe,East Frank,50,F,Leisure,2023-04-10,2023,4,Basic,Email,True,English,Mastercard,Standard,,Inactive,2025-06-07,Phone Booking,0,8589.3
C0001003155,Amy,Carr,amyc@gmail.com,+1 904 130 7074,SE,Europe,Janehaven,48,F,Leisure,2023-07-02,2023,7,Basic,Email,False,English,Visa,Standard,,Active,2023-09-15,Walk-in,20,6463.18
C0001003156,Marie,Parsons,test@test.com,+1 126 424 5828,CA,North America,North Rogerton,28,F,Leisure,2019-01-20,2019,1,Silver,Email,True,English,Mastercard,Ocean View,,Active,2020-05-08,Website Direct,35,8297.43
C0001003157,Hans-J.,Ullmann,hans-j.16@yahoo.com,+49 024 40892,DE,Europe,Husum,50,M,Leisure,2019-01-20,2019,1,Basic,Both,True,German,Mastercard,Standard,,Active,2019-03-24,Website Direct,7,7059.67
C0001003158,Holly,Andrews,holly90@tyrellcorp.com,997-329-6487,US,North America,South Neil,42,F,Business,2021-01-30,2021,1,Non-Member,Email,False,English,Mastercard,Suite,,Active,2023-08-07,Corporate Contract,1,17109.05
C0001003159,Kevin,O'Sullivan,kevin.o'sullivan@gmail.com,+1 399 518 2008,NL,Europe,Ruthhaven,58,M,Leisure,2023-11-16,2023,11,Basic,Email,True,English,American Express,Standard,,Active,2025-01-31,OTA Referral,44,9592.36
C0001003160,Liam,Mitchell,liamm@gmail.com,+1 931 847 9821,MX,North America,Michelleshire,34,M,Leisure,2024-08-30,2024,8,Non-Member,Email,True,English,American Express,Deluxe,"High Floor, Allergies",Active,2027-02-13,Website Direct,3,21391.87
C0001003161,Marga,auch Schlauchin,mauch schlauchin@gmail.com,+49 675 61229,DE,Europe,Ebermannstadt,48,F,Family,2022-10-03,2022,10,Silver,Email,True,German,Visa,Deluxe,,Active,,Corporate Contract,35,22443.87
C0001003162,June,Bennett,june_bennett@gmail.com,+1 121 513 5078,CA,North America,Joneshaven,42,F,Leisure,2022-03-09,2022,3,Basic,Email,True,English,Visa,Standard,,Active,2024-11-01,Walk-in,10,2257.83
C0001003163,Lindsey,Powell,lpowell@gmail.com,+1 851 596 3849,MX,North America,North Annette,55,F,Leisure,2024-11-18,2024,11,Non-Member,Email,True,English,Mastercard,Executive,,Active,,OTA Referral,4,15593.1
C0001003164,Arturo,Vicens,arturo18@example.es,+1 602 207 8477,ES,Europe,Cuenca,42,M,Business,2019-05-01,2019,5,Platinum,Email,True,Spanish,Visa,Standard,,Active,,OTA Referral,23,21347.6
C0001003165,Lidia,Ruffini,lidia_ruffini@gmail.com,+1 411 898 4253,IT,Europe,Monteaperti,29,F,Business,2024-05-15,2024,5,Basic,Email,True,Italian,Visa,Suite,,Active,2026-07-06,Corporate Contract,43,5219.84
C0001003166,علي,المشاولة,علي_المشاولة@gmail.com,+1 605 948 4249,SA,Middle East,North Stewartborough,51,M,Leisure,2019-08-15,2019,8,Basic,Email,True,Arabic,Mastercard,Standard,,Active,2021-07-14,Corporate Contract,4,800.3
C0001003167,Robin,Mann,rmann@gmail.com,+1 415 190 2330,EG,Africa,Guychester,39,M,Leisure,2022-03-20,2022,3,Basic,Email,True,English,Mastercard,Standard,,Active,2023-01-04,Website Direct,6,22625.88
C0001003168,Salvi,Visconti,svisconti@gmail.com,+1 906 765 5144,IT,Europe,Ronco Scrivia,34,M,Leisure,2024-10-13,2024,10,Basic,Email,True,Italian,Visa,Family,,Active,2026-01-15,Phone Booking,50,13084.1
C0001003169,Kirsty,Peters,kirsty19@outlook.com,+1 205 191 1771,KW,Middle East,Port Beth,45,F,Leisure,2020-09-17,2020,9,Gold,Email,False,English,Apple Pay,Standard,,Active,2021-01-15,Website Direct,21,1265.28
C0001003170,Sian,Osborne,sian17@cyberdyne.com,276-126-4719,US,North America,Jenkinsberg,45,F,Business,2021-08-13,2021,8,Silver,Email,False,English,Visa,Executive,,Active,2022-10-02,Corporate Contract,42,20976.57
C0001003171,Jack,Powell,jpowell@starkindustries.com,783-664-3516,US,North America,Jonesmouth,47,M,Business,2022-09-24,2022,9,Silver,Email,True,English,Mastercard,Deluxe,,Active,2025-08-25,Walk-in,1,3086.95
C0001003172,Lydia,Johnson,lydia.johnson@icloud.com,,SE,Europe,Winterfurt,24,F,Leisure,2019-12-31,2019,12,Silver,Email,True,English,Visa,Standard,"Late Check-out, Non-smoking",Active,2021-09-30,Website Direct,38,14615.26
C0001003173,Frederick,Manning,frederick_manning@yahoo.com,731-330-3166,US,North America,North Garethfort,44,M,Leisure,2024-06-30,2024,6,Basic,Email,True,English,Visa,Deluxe,,Active,,Website Direct,23,16474.2
C0001003174,Mandy,Sharp,mandy54@gmail.com,+1 255 644 4458,MX,North America,Port Reece,39,F,Leisure,2023-08-22,2023,8,Non-Member,Email,False,English,Apple Pay,Standard,,Active,2024-11-14,Website Direct,0,13988.78
C0001003175,Rachel,Cook,rcook@outlook.com,+91 298 114 9149,IN,Asia Pacific,Port Sara,42,F,Group,2019-08-05,2019,8,Silver,Email,False,English,Mastercard,Suite,,Active,2021-08-05,OTA Referral,48,14751.48
C0001003176,Leonard,Johnson,leonard69@yahoo.com,540-879-3577,US,North America,Louisemouth,32,M,Group,2024-06-13,2024,6,Basic,SMS,False,English,Mastercard,Standard,,Active,,OTA Referral,40,20017.56
C0001003177,Melissa,Whittaker,melissa.whittaker@hotmail.com,+1 650 964 4096,CA,North America,Shannonfort,45,F,Family,2021-03-18,2021,3,Platinum,Email,True,English,Visa,Suite,,Inactive,2022-08-01,Phone Booking,7,1591.72
C0001003178,June,Powell,junep@outlook.com,+1 250 242 6359,CA,North America,North Helenhaven,41,F,Leisure,2023-05-19,2023,5,Non-Member,SMS,False,English,Visa,Deluxe,,Active,2025-06-14,Walk-in,0,11223.29
C0001003179,Eugène,François,eugène.françois@gmail.com,0651569871,FR,Europe,Fernandez-sur-Guyon,36,M,Business,2023-02-17,2023,2,Silver,SMS,True,French,Visa,Suite,,Active,2025-07-06,OTA Referral,2,8618.62
C0001003180,Robert,Chambers,robert87@globex.com,+1 468 329 3673,CA,North America,West Gemmaside,30,M,Business,2020-01-17,2020,1,Silver,Email,True,English,Mastercard,Deluxe,,Active,2021-02-03,Website Direct,9,19797.52
C0001003181,Gabrielly,Vargas,guest@email.com,+55 827 2590-012,BR,South America,Carolmouth,35,F,Business,2021-05-30,2021,5,Non-Member,Both,True,Portuguese,PayPal,Standard,Late Check-out,Active,,Website Direct,3,24067.53
C0001003182,Richard,Parry,richard36@acme.com,+1 599 306 9225,SE,Europe,New Nicolaland,27,M,Business,2019-08-20,2019,8,Basic,Email,True,English,PayPal,Family,,Active,,Website Direct,49,15182.68
C0001003183,Rosie,Jennings,rosie_jennings@yahoo.com,+1 195 485 7225,MX,North America,North Diane,59,F,Leisure,2019-12-07,2019,12,Basic,SMS,True,English,Mastercard,Standard,,Active,2022-03-17,Walk-in,4,14204.68
C0001003184,James,Robinson,james_robinson@gmail.com,+91 208 120 2222,IN,Asia Pacific,Alisonmouth,41,M,Group,2020-11-08,2020,11,Silver,Email,False,English,American Express,Standard,,Active,2023-01-17,Walk-in,30,1870.14
C0001003185,Bienvenida,Llabrés,bllabrés@hotmail.com,+1 402 250 1874,AR,South America,آل عطفةville,38,F,Group,2022-06-23,2022,6,Gold,Both,True,English,Visa,Suite,"Non-smoking, Late Check-out",Active,2023-06-29,Corporate Contract,9,17335.46
C0001003186,Richard,Harris,richard88@gmail.com,+1 800 693 3812,QA,Middle East,South Garryhaven,38,M,Leisure,2022-10-17,2022,10,Basic,Email,True,English,Visa,Standard,,Active,,OTA Referral,49,22440.13
C0001003187,Raymond,Spencer,raymond15@outlook.com,,GB,Europe,West Victor,48,M,Leisure,2022-06-01,2022,6,Silver,Email,True,English,Visa,Deluxe,,Active,,Phone Booking,45,4121.47
C0001003188,Hugh,Chapman,hugh.chapman@icloud.com,+1 415 757 3322,QA,Middle East,Ashleighland,25,M,Business,2020-04-26,2020,4,Silver,Email,True,English,Apple Pay,Suite,,Active,2022-04-16,Website Direct,10,10470.83
C0001003189,Rosie,Hall,rosieh@tyrellcorp.com,+1 439 105 2449,KE,Africa,West Martin,34,F,Business,2019-05-01,2019,5,Gold,Email,True,English,Mastercard,Standard,,Active,2020-04-11,Walk-in,46,18195.19
C0001003190,Andrew,Taylor,andrew93@yahoo.com,+1 270 297 6731,KW,Middle East,East Gordonmouth,49,M,Leisure,2020-01-19,2020,1,Non-Member,Email,False,English,Mastercard,Ocean View,,Active,,Phone Booking,1,15710.46
C0001003191,Claire,Read,cread@yahoo.com,+1 984 340 8016,TH,Asia Pacific,Lake Eleanor,38,F,Group,2022-10-09,2022,10,Silver,SMS,True,English,Mastercard,Standard,,Inactive,2023-05-27,Corporate Contract,26,10911.92
C0001003192,Mitchell,Davies,mitchell_davies@starkindustries.com,+1 438 343 4247,CO,South America,Port Yvonnemouth,25,M,Business,2019-10-14,2019,10,Non-Member,Email,True,English,Visa,Suite,,Active,2019-12-27,OTA Referral,5,6073.79
C0001003193,Gino,Paruta,gino17@yahoo.com,+1 596 669 4085,IT,Europe,Piansano,45,M,Business,2021-05-21,2021,5,Gold,Email,False,Italian,Visa,Suite,,Active,,Corporate Contract,6,5092.2
C0001003194,دعاء,حنبولي,دحنبولي@gmail.com,+1 217 577 4231,SA,Middle East,Lake Phillip,44,F,Leisure,2020-06-21,2020,6,Silver,Email,False,Arabic,Apple Pay,Suite,,Active,2022-07-05,Phone Booking,9,11735.51
C0001003195,翔太,松田,翔太.松田@gmail.com,647-411-0832,JP,Asia Pacific,Port Darren,50,M,Leisure,2020-01-20,2020,1,Basic,Email,False,Japanese,Visa,Executive,,Active,,Phone Booking,38,21959.03
C0001003196,Nathan,Townsend,ntownsend@umbrellacorp.com,+1 196 706 4943,CA,North America,North David,43,M,Business,2019-01-21,2019,1,Gold,Email,False,English,Mastercard,Ocean View,,Active,2019-01-23,OTA Referral,46,3411.32
C0001003197,Katherine,Williams,katherine_williams@gmail.com,+1 595 251 5120,MX,North America,Webbburgh,53,F,Leisure,2022-11-10,2022,11,Basic,Both,True,English,Apple Pay,Standard,Non-smoking,Active,,Walk-in,30,3397.98
C0001003198,Hugh,Elliott,hugh.elliott@gmail.com,+1 943 294 2578,NL,Europe,Port Ellie,32,M,Business,2019-08-24,2019,8,Basic,SMS,True,English,Mastercard,Deluxe,,Active,2021-01-19,Phone Booking,28,2437.23
C0001003199,Serena,Meucci,serena.meucci@gmail.com,+1 274 724 2631,IT,Europe,Palagianello,27,F,Group,2021-11-30,2021,11,Silver,Email,False,Italian,Visa,Suite,,Active,2022-01-19,Walk-in,15,2157.99
C0001003200,Mitchell,Holmes,mitchell_holmes@oscorp.com,+1 112 610 4359,EG,Africa,Smithport,25,M,Business,2021-03-19,2021,3,Basic,Email,False,English,Visa,Suite,,Active,2023-03-31,Corporate Contract,2,20136.94
C0001003201,桃子,渡辺,桃子渡@outlook.com,+81 376-046-587,JP,Asia Pacific,North Kerryburgh,53,F,Leisure,2023-04-28,2023,4,Basic,Email,True,Japanese,Mastercard,Standard,Wheelchair Accessible,Active,,Walk-in,25,14591.14
C0001003202,Leanne,Gray,leanne.gray@gmail.com,+1 639 262 2725,TH,Asia Pacific,North Gillian,43,F,Leisure,2024-05-12,2024,5,Silver,Email,True,English,Visa,Standard,Wheelchair Accessible,Active,,Website Direct,1,5462.01
C0001003203,直人,吉田,直人_吉田@icloud.com,480-455-9027,JP,Asia Pacific,East Keith,54,M,Leisure,2024-02-23,2024,2,Non-Member,Email,True,Japanese,American Express,Standard,,Active,,Phone Booking,1,9586.92
C0001003204,Janice,Middleton,janice73@gmail.com,+1 445 902 3284,CA,North America,West Rita,42,F,Leisure,2020-07-15,2020,7,Silver,Email,True,English,Visa,Standard,,Active,2022-01-05,Website Direct,38,4394.72
C0001003205,Lorraine,Woodward,lorraine.woodward@gmail.com,+1 163 384 1387,SG,Asia Pacific,Lake Holliefurt,39,F,Leisure,2020-04-12,2020,4,Non-Member,Both,False,English,Visa,Standard,,Active,,OTA Referral,4,11441.35
C0001003206,Caroline,Löwer,caroline.löwer@gmail.com,+49 1227 8998,DE,Europe,Mittweida,43,F,Business,2019-11-08,2019,11,Silver,SMS,True,German,Mastercard,Deluxe,Non-smoking,Active,2022-01-03,Website Direct,10,3180.59
C0001003207,Gordon,O'Neill,gordon_o'neill@hotmail.com,+1 838 393 5658,MX,North America,Graemeport,39,M,Group,2022-06-19,2022,6,Basic,Email,True,English,Visa,Deluxe,,Active,2024-11-03,Walk-in,24,2964.56
C0001003208,Josephine,Read,josephiner@outlook.com,+1 343 938 8862,MX,North America,Harrisonhaven,42,F,Leisure,2023-12-02,2023,12,Basic,Email,False,English,Visa,Standard,,Active,,Website Direct,13,17584.39
C0001003209,Ann,Smith,asmith@outlook.com,+1 338 930 6408,SG,Asia Pacific,Lynneberg,42,F,Family,2019-05-09,2019,5,Silver,Email,True,English,Visa,Suite,,Inactive,2019-10-09,Website Direct,17,3703.68
C0001003210,Stanley,Ward,sward@waynecorp.com,070-075-6854,US,North America,Stoneton,37,M,Business,2020-10-15,2020,10,Non-Member,Email,True,English,Mastercard,Deluxe,,Active,2021-08-29,Website Direct,0,5085.47
C0001003211,Kayleigh,Jones,kjones@gmail.com,06726 029 263,GB,Europe,Cooperville,68,F,Leisure,2023-10-31,2023,10,Basic,SMS,True,English,Apple Pay,Deluxe,,Active,2025-07-10,Corporate Contract,30,4945.51
C0001003212,Ian,Stewart,istewart@gmail.com,+1 247 487 1279,CH,Europe,Lake Conorfurt,31,M,Leisure,2022-01-12,2022,1,Platinum,SMS,True,English,Visa,Suite,,Active,,Walk-in,50,2416.06
C0001003213,عبد الحكيم,آل محمد بن علي بن جماز,عبد الحكيم.آل محمد بن علي بن جماز@yahoo.com,+1 193 327 9958,SA,Middle East,South Patriciamouth,34,M,Group,2022-08-27,2022,8,Basic,SMS,False,Arabic,Visa,Family,,Active,2025-07-26,Corporate Contract,42,3117.59
C0001003214,Lauren,Fox,lauren.fox@gmail.com,(901) 328-7501,US,North America,West Phillip,47,F,Leisure,2019-04-29,2019,4,Gold,SMS,True,English,Mastercard,Standard,,Active,2020-06-07,Website Direct,25,11803.65
C0001003215,Elliot,Watts,ewatts@gmail.com,425-523-8527,US,North America,Jamieburgh,41,M,Leisure,2023-08-25,2023,8,Non-Member,SMS,True,English,Visa,Deluxe,,Active,,Corporate Contract,2,4309.75
C0001003216,Charles,Olivier,charles.olivier@tyrellcorp.com,+33 077 490 442,FR,Europe,Prévostboeuf,31,M,Business,2024-02-05,2024,2,Basic,Email,True,French,Mastercard,Deluxe,,Active,2024-09-04,OTA Referral,27,20190.25
C0001003217,Holly,Jones,holly.jones@gmail.com,+1 896 100 4145,NL,Europe,Elliottbury,61,F,Leisure,2022-01-17,2022,1,Non-Member,Email,False,English,Apple Pay,Deluxe,,Inactive,,Phone Booking,0,5889.1
C0001003218,Jonathan,Singh,jonathans@outlook.com,+91 457 486 6383,IN,Asia Pacific,Graytown,32,M,Business,2024-05-13,2024,5,Non-Member,Email,True,English,Visa,Deluxe,,Active,2025-08-06,OTA Referral,5,13024.03
C0001003219,Stephen,Rowe,noemail@provided.com,+1 910 213 1766,NL,Europe,Port Peterview,36,M,Business,2022-12-30,2022,12,Non-Member,Both,False,English,Visa,Suite,,Active,2025-10-02,Walk-in,1,23214.77
C0001003220,Shane,Richardson,shane66@acme.com,+1 249 240 7506,QA,Middle East,Kimfurt,32,M,Business,2024-05-29,2024,5,Basic,SMS,True,English,Mastercard,Executive,,Inactive,2025-01-15,Website Direct,41,3382.76
C0001003221,Alex,Shaw,alex_shaw@yahoo.com,+1 209 112 6999,MX,North America,Andersonfort,38,M,Business,2022-10-03,2022,10,Silver,Email,True,English,Apple Pay,Suite,,Active,2025-09-26,Walk-in,22,4707.8
C0001003222,حقّي,آل سلطان,حقّي_آل سلطان@starkindustries.com,+971 150 577 8819,AE,Middle East,North Justin,29,M,Business,2024-11-05,2024,11,Basic,Both,True,Arabic,Visa,Standard,,Active,2025-11-07,Walk-in,42,5069.38
C0001003223,Karl,Ball,kball@yahoo.com,403-592-9336,US,North America,Lesleystad,38,M,Leisure,2024-02-29,2024,2,Silver,SMS,False,English,Visa,Executive,,Active,2026-02-18,Corporate Contract,36,2063.66
C0001003224,Damian,Clark,damian57@example.ca,+1 128 897 9494,CA,North America,North Rhysville,34,M,Business,2019-04-10,2019,4,Gold,Email,False,English,Visa,Deluxe,,Inactive,2020-04-30,Walk-in,11,8644.39
C0001003225,Karen,Palmer,kpalmer@hotmail.com,510-966-5895,US,North America,Andreamouth,52,F,Leisure,2022-12-26,2022,12,Gold,SMS,False,English,Apple Pay,Standard,,Inactive,2024-02-10,Website Direct,23,21339.26
C0001003226,Damien,Osborne,damien27@gmail.com,+1 512 923 2667,MX,North America,Whiteport,45,M,Group,2019-02-28,2019,2,Gold,Email,True,English,American Express,Deluxe,Non-smoking,Active,,Phone Booking,9,9773.56
C0001003227,Kathleen,Smith,kathleen59@acme.com,(180) 611-6691,US,North America,North Jasmine,38,F,Business,2023-03-16,2023,3,Silver,SMS,True,English,Mastercard,Executive,,Active,2025-08-25,Walk-in,3,11915.53
C0001003228,Sian,Walker,sian_walker@hotmail.com,,CA,North America,New Clifford,30,F,Business,2021-03-23,2021,3,Basic,Email,False,English,Visa,Deluxe,,Active,2024-03-18,Website Direct,48,6176.41
C0001003229,颖,南,颖南@gmail.com,+86 755 2368 296,CN,Asia Pacific,Rosemarymouth,43,F,Business,2021-02-06,2021,2,Silver,Email,True,Chinese,Apple Pay,Suite,High Floor,Active,2023-07-29,Phone Booking,36,13165.78
C0001003230,Adelaida,Quiroga,adelaida.quiroga@gmail.com,+1 880 630 8443,AR,South America,ميسورfurt,28,F,Leisure,2019-03-15,2019,3,Gold,Email,True,English,Visa,Deluxe,,Inactive,2020-07-17,OTA Referral,21,19369.31
C0001003231,Reece,Doyle,rdoyle@globex.com,01322 541 644,GB,Europe,Kirstymouth,44,M,Business,2022-01-19,2022,1,Gold,Email,False,English,Visa,Ocean View,,Active,2025-01-16,Website Direct,40,5046.89
C0001003232,Olivia,Ryan,oliviar@icloud.com,+1 111 566 2550,QA,Middle East,Khanport,40,F,Leisure,2021-03-10,2021,3,Basic,SMS,True,English,Visa,Suite,,Active,,OTA Referral,43,3799.46
C0001003233,Joanna,Bradshaw,jbradshaw@outlook.com,065-087-1236,US,North America,Port Joan,22,F,Group,2024-02-18,2024,2,Silver,Both,True,English,Visa,Suite,,Active,,Website Direct,25,22043.19
C0001003234,Stacey,Patel,spatel@gmail.com,+1 272 861 2908,CH,Europe,Sharpland,39,F,Leisure,2023-01-26,2023,1,Platinum,Email,True,English,Visa,Standard,,Active,2024-03-24,OTA Referral,47,7456.19
C0001003235,Damian,Wyatt,damian_wyatt@yahoo.com,+44 7079 61327,GB,Europe,Lake Craigburgh,34,M,Leisure,2021-09-15,2021,9,Silver,Email,True,English,Mastercard,Deluxe,,Active,2024-07-07,OTA Referral,12,667.43
C0001003236,Rita,Shaw,rita59@tyrellcorp.com,+1 152 390 6385,CA,North America,South Geraldine,52,F,Business,2020-11-22,2020,11,Basic,Email,False,English,Mastercard,Standard,,Active,2022-02-09,OTA Referral,18,15398.54
C0001003237,Kenneth,Bray,kennethb@outlook.com,256-493-8775,US,North America,Colestown,40,M,Leisure,2024-02-18,2024,2,Basic,SMS,True,English,Mastercard,Family,,Active,2025-10-14,Phone Booking,41,2413.31
C0001003238,Katherine,Singh,test@test.com,+1 990 333 9711,CO,South America,West David,57,F,Leisure,2024-05-05,2024,5,Silver,Email,True,English,Visa,Deluxe,,Active,2024-12-04,Website Direct,24,13280.6
C0001003239,Gareth,Miller,garethm@outlook.com,01035 784 564,GB,Europe,Geraldineland,36,M,Group,2024-06-04,2024,6,Non-Member,Email,False,English,Visa,Executive,,Inactive,,Website Direct,2,16676.73
C0001003240,Thibaut,Letellier,thibaut.letellier@gmail.com,+33 934 892 642,FR,Europe,Sainte Célineboeuf,43,M,Leisure,2024-06-27,2024,6,Silver,Email,True,French,Visa,Standard,Allergies,Active,2025-10-19,OTA Referral,50,3796.73
C0001003241,Aimee,Sinclair,asinclair@outlook.com,+1 517 445 4925,NG,Africa,East Colinburgh,51,F,Business,2023-02-23,2023,2,Silver,SMS,True,English,Visa,Deluxe,,Active,,OTA Referral,41,11047.87
C0001003242,Gundi,Jacobi Jäckel,gundi18@outlook.com,000-000-0000,DE,Europe,Mühlhausen,47,F,Leisure,2023-09-04,2023,9,Basic,Email,True,German,Visa,Family,,Active,2025-11-26,Walk-in,5,17646.31
C0001003243,Denis,Kaur,dkaur@gmail.com,+1 729 115 2517,SE,Europe,West Rita,45,M,Leisure,2024-07-23,2024,7,Basic,Email,False,English,Visa,Deluxe,,Active,2025-02-16,Corporate Contract,38,9020.26
C0001003244,Iain,Brown,iain.brown@gmail.com,+91 851 567 5609,IN,Asia Pacific,Collinsshire,36,M,Family,2020-09-01,2020,9,Non-Member,Email,True,English,American Express,Deluxe,,Active,2022-07-09,Corporate Contract,1,9821.68
C0001003245,Gary,Parker,noemail@provided.com,+1 601 470 6772,CH,Europe,West Debra,27,M,Family,2024-11-09,2024,11,Silver,Both,True,English,Visa,Suite,,Active,,Website Direct,31,22400.34
C0001003246,Brian,Brookes,brian.brookes@outlook.com,+1 491 958 8832,KW,Middle East,Brownborough,36,M,Leisure,2023-01-05,2023,1,Basic,SMS,True,English,Visa,Suite,"Allergies, High Floor",Active,2024-04-14,Phone Booking,26,22656.87
C0001003247,Benjamin,Harding,benjamin77@gmail.com,+61 443 347 537,AU,Asia Pacific,Burrowston,38,M,Family,2020-06-23,2020,6,Gold,SMS,True,English,Visa,Deluxe,,Inactive,2021-05-30,Website Direct,47,15989.47
C0001003248,Stewart,Ali,stewarta@gmail.com,+1 760 441 8721,NL,Europe,New Lindaberg,30,M,Family,2020-06-13,2020,6,Basic,Email,True,English,Apple Pay,Deluxe,,Active,2023-06-06,Website Direct,48,22397.08
C0001003249,Charlene,Parkin,charlene_parkin@waynecorp.com,+1 462 589 9938,CA,North America,South Leslie,45,F,Business,2019-05-18,2019,5,Gold,Email,True,English,Visa,Deluxe,,Inactive,2021-12-25,Corporate Contract,18,18261.39
C0001003250,Elaine,Yates,elainey@gmail.com,+1 949 386 9946,CA,North America,East Gail,41,F,Business,2022-01-29,2022,1,Silver,Email,False,English,Visa,Suite,"Wheelchair Accessible, Early Check-in",Active,2023-01-22,Phone Booking,13,189.07
C0001003251,Mary,Miah,mary_miah@icloud.com,+1 536 918 4383,TH,Asia Pacific,Port Amelia,61,F,Leisure,2024-03-04,2024,3,Gold,SMS,False,English,Visa,Standard,,Active,2026-11-20,OTA Referral,17,23938.38
C0001003252,Naomi,Barry,naomi_barry@yahoo.com,+1 806 332 3199,CO,South America,Bethview,41,F,Leisure,2024-10-28,2024,10,Gold,SMS,False,English,Visa,Standard,,Active,2026-03-06,Walk-in,36,11839.21
C0001003253,Georgia,Powell,georgia_powell@yahoo.com,485-889-4028,US,North America,New Lorraine,31,F,Leisure,2021-12-11,2021,12,Non-Member,SMS,True,English,Mastercard,Suite,,Active,,OTA Referral,1,4207.27
C0001003254,Elliott,Patterson,epatterson@gmail.com,+1 357 792 4286,CA,North America,North Rosemaryshire,39,M,Leisure,2023-01-04,2023,1,Platinum,Email,False,English,PayPal,Suite,,Active,,OTA Referral,40,6006.7
C0001003255,Dean,Carter,dean.carter@gmail.com,+1 700 976 7797,MX,North America,Port Alexandra,49,M,Leisure,2023-07-15,2023,7,Non-Member,Email,True,English,PayPal,Standard,,Active,2024-12-22,Website Direct,5,23698.58
C0001003256,Ruth,Robson,rrobson@dummycorp.com,+91 970 219 3201,IN,Asia Pacific,West Maryshire,44,F,Business,2023-01-24,2023,1,Platinum,Email,True,English,Visa,Executive,,Active,2024-10-29,Phone Booking,44,7465.06
C0001003257,Janet,Fleming,janet.fleming@oscorp.com,+1 155 355 4964,CH,Europe,New Antony,35,F,Business,2019-12-12,2019,12,Basic,SMS,True,English,American Express,Suite,,Active,,Walk-in,15,22447.64
C0001003258,Ruth,Anderson,randerson@gmail.com,+1 242 901 7717,MX,North America,South Kerry,41,F,Leisure,2023-01-30,2023,1,Non-Member,Email,True,English,Mastercard,Standard,,Active,,Phone Booking,0,11327.62
C0001003259,Barbara,Robson,brobson@gmail.com,+1 555 589 6741,CA,North America,Taylorport,33,F,Leisure,2023-10-13,2023,10,Silver,Both,True,English,Apple Pay,Deluxe,,Active,2025-07-23,Corporate Contract,37,2633.58
C0001003260,Ruth,Grant,rgrant@dummycorp.com,+1 813 624 1204,MX,North America,Port Leon,33,F,Business,2021-12-13,2021,12,Non-Member,Email,False,English,Visa,Deluxe,,Active,2023-08-30,OTA Referral,2,13647.33
C0001003261,Gail,Smith,gail27@hotmail.com,(568) 875-1850,US,North America,Lake Gregorytown,27,F,Leisure,2022-02-26,2022,2,Basic,SMS,True,English,Mastercard,Family,,Active,2022-06-14,Phone Booking,44,10080.16
C0001003262,Michelle,Morgan,mmorgan@gmail.com,+1 468 368 5908,MX,North America,Hurstmouth,43,F,Leisure,2021-06-22,2021,6,Non-Member,Email,True,English,American Express,Executive,,Active,2023-08-22,Website Direct,5,9574.5
C0001003263,军,姜,军_姜@gmail.com,+86 584 8284 104,CN,Asia Pacific,Port Laurenmouth,41,M,Leisure,2019-10-16,2019,10,Basic,SMS,True,Chinese,Mastercard,Deluxe,,Inactive,2020-11-17,OTA Referral,13,23883.8
C0001003264,Jamie,Fox,jamie_fox@hotmail.com,+1 473 941 3855,NG,Africa,West Leslie,48,M,Leisure,2023-12-30,2023,12,Non-Member,Both,True,English,American Express,Standard,,Active,,Website Direct,4,3783.48
C0001003265,Toño,Esteve,toñoe@hotmail.com,+1 663 836 5333,ES,Europe,Lleida,39,M,Group,2022-10-16,2022,10,Gold,SMS,True,Spanish,American Express,Standard,,Inactive,2022-11-13,OTA Referral,43,9680.76
C0001003266,Allan,Taylor,allan.taylor@yahoo.com,+91 723 544 6493,IN,Asia Pacific,New Joanne,35,M,Family,2022-03-20,2022,3,Non-Member,Email,True,English,Mastercard,Standard,,Active,2024-07-27,OTA Referral,3,5406.19
C0001003267,Marie,Willis,marie_willis@gmail.com,231-705-8617,US,North America,Randallhaven,55,F,Family,2021-04-09,2021,4,Non-Member,Email,True,English,Apple Pay,Suite,,Active,2022-01-15,Walk-in,1,3469.39
C0001003268,Conor,Walker,conor_walker@hotmail.com,+1 742 891 6119,MX,North America,Port Elizabeth,51,M,Leisure,2019-07-18,2019,7,Platinum,Email,False,English,Visa,Standard,,Active,2021-10-14,Corporate Contract,40,1057.13
C0001003269,Katy,Nicholls,knicholls@hotmail.com,0517 147 411,AU,Asia Pacific,West Rita,33,F,Group,2024-11-15,2024,11,Basic,Email,True,English,Mastercard,Standard,,Active,2027-02-21,Corporate Contract,41,9775.96
C0001003270,Ryan,Jones,ryan_jones@cyberdyne.com,+1 216 408 7828,MX,North America,North Carolyn,34,M,Business,2024-08-21,2024,8,Non-Member,Email,True,English,Visa,Deluxe,,Active,2026-06-27,Website Direct,4,4854.03
C0001003271,Pierina,Ortolani,pierina_ortolani@gmail.com,+1 381 492 3888,IT,Europe,Colpalombo,25,F,Business,2023-12-17,2023,12,Basic,Email,True,Italian,Google Pay,Standard,,Active,2026-12-08,Phone Booking,15,13210.17
C0001003272,Joanna,Vincent,joanna_vincent@gmail.com,+1 873 879 4597,SE,Europe,Barrettmouth,50,F,Leisure,2019-09-22,2019,9,Platinum,Email,True,English,Visa,Standard,,Active,,Phone Booking,21,18737.73
C0001003273,Peter,Adams,peter_adams@umbrellacorp.com,+1 921 948 5663,CA,North America,South Guyview,51,M,Business,2023-05-13,2023,5,Non-Member,Email,True,English,Visa,Suite,,Inactive,,Website Direct,2,3977.44
C0001003274,Gordon,Davis,gordon2@gmail.com,+1 463 475 4082,MX,North America,Lake Alan,30,M,Group,2023-09-12,2023,9,Gold,Email,False,English,Mastercard,Family,,Active,2025-02-17,OTA Referral,42,20025.26
C0001003275,Conor,Bull,conor_bull@gmail.com,238-429-3184,US,North America,Kathleenburgh,41,M,Leisure,2024-07-17,2024,7,Silver,SMS,False,English,American Express,Standard,,Active,2025-10-21,Walk-in,8,17652.07
C0001003276,Julie,Carroll,guest@email.com,325-350-8506,US,North America,East Irene,30,F,Group,2024-11-09,2024,11,Non-Member,Both,False,English,Visa,Suite,,Active,2024-12-20,Phone Booking,3,2800.79
C0001003277,Jade,Fleming,jade.fleming@gmail.com,+61 753 580 932,AU,Asia Pacific,Humphreysbury,43,F,Leisure,2022-11-08,2022,11,Silver,Email,False,English,PayPal,Deluxe,"Allergies, Non-smoking",Inactive,2025-06-17,Corporate Contract,45,16213.74
C0001003278,Bernarda,Ariño,bariño@dummycorp.com,+1 436 829 7933,ES,Europe,Las Palmas,36,F,Business,2022-02-02,2022,2,Basic,Email,False,Spanish,Visa,Standard,,Active,2022-07-26,OTA Referral,49,5938.75
C0001003279,Henry,Davies,hdavies@hotmail.com,,CH,Europe,West Hughview,40,M,Leisure,2023-03-14,2023,3,Basic,SMS,True,English,Visa,Standard,,Active,2025-06-21,Corporate Contract,39,18735.12
C0001003280,秀英,刘,秀刘@gmail.com,723 3891 010,CN,Asia Pacific,Whitehouseton,32,F,Leisure,2019-11-09,2019,11,Platinum,Email,True,Chinese,Visa,Standard,,Active,,Phone Booking,16,10332.79
C0001003281,浩,周,浩周@initech.com,370 9147 889,CN,Asia Pacific,Burrowsville,43,M,Business,2019-02-20,2019,2,Non-Member,Email,True,Chinese,American Express,Family,,Active,2019-09-09,Phone Booking,2,10549.15
C0001003282,Joel,Owen,joel.owen@outlook.com,+1 608 578 6503,MX,North America,South Wendystad,52,M,Group,2022-11-26,2022,11,Basic,SMS,True,English,Apple Pay,Executive,,Active,2024-10-21,OTA Referral,8,2486.14
C0001003283,Patrick,Jones,pjones@outlook.com,+1 132 492 5485,CH,Europe,West Ronald,48,M,Leisure,2023-05-25,2023,5,Non-Member,Email,True,English,Visa,Suite,,Active,2026-05-24,OTA Referral,2,23010.63
C0001003284,Leigh,Williams,leighw@gmail.com,+1 351 962 2355,MX,North America,East Craig,42,M,Leisure,2024-06-21,2024,6,Basic,Email,False,English,American Express,Standard,,Active,2027-01-17,OTA Referral,35,15588.7
C0001003285,晃,佐藤,晃佐@gmail.com,,JP,Asia Pacific,Lake Kieran,50,M,Group,2020-02-24,2020,2,Silver,Email,True,Japanese,Visa,Standard,,Active,2021-03-05,Corporate Contract,35,19568.98
C0001003286,George,Newton,georgen@starkindustries.com,+1 523 589 3496,ZA,Africa,West Carlyhaven,29,M,Business,2023-06-08,2023,6,Basic,Email,True,English,Mastercard,Family,,Active,,Corporate Contract,39,13913.5
C0001003287,Katherine,Barnes,katherine11@gmail.com,+1 981 615 8043,CA,North America,Port Bethanport,35,F,Group,2020-10-30,2020,10,Non-Member,Email,True,English,Mastercard,Standard,,Active,2022-04-10,Website Direct,0,11005.3
C0001003288,Judith,Taylor,jtaylor@yahoo.com,+1 320 509 3542,CA,North America,New Ruth,38,F,Leisure,2021-11-02,2021,11,Non-Member,SMS,False,English,American Express,Standard,,Active,,Walk-in,3,8797.02
C0001003289,Benjamin,James,benjamin.james@gmail.com,+1 369 346 8815,MX,North America,East Kateton,33,M,Business,2020-09-15,2020,9,Non-Member,Email,True,English,PayPal,Deluxe,,Active,2022-02-27,Phone Booking,2,9241.12
C0001003290,Erick,Barbosa,erick27@gmail.com,(870) 4903-483,BR,South America,East Simon,50,M,Leisure,2022-04-27,2022,4,Non-Member,None,True,Portuguese,Visa,Standard,,Active,,OTA Referral,4,5619.58
C0001003291,Stuart,Davies,stuart_davies@icloud.com,+1 101 361 9993,NL,Europe,Fosterstad,42,M,Leisure,2020-01-22,2020,1,Silver,Email,True,English,American Express,Standard,,Active,,Website Direct,27,14674.67
C0001003292,Irene,Davison,idavison@outlook.com,+1 311 778 9892,CA,North America,South Christinemouth,45,F,Leisure,2021-11-26,2021,11,Silver,Email,True,English,Visa,Suite,,Active,,Walk-in,18,24089.91
C0001003293,Hugh,Jones,hugh.jones@outlook.com,+1 481 246 9265,TH,Asia Pacific,Stevensonburgh,41,M,Leisure,2023-06-28,2023,6,Non-Member,Email,True,English,Mastercard,Standard,"Non-smoking, High Floor",Inactive,2025-05-14,Website Direct,2,986.45
C0001003294,Susanne,Bonnet,susanne_bonnet@dummycorp.com,+33 803 612 341,FR,Europe,Saint Huguesboeuf,25,F,Business,2024-01-26,2024,1,Non-Member,Email,True,French,Apple Pay,Standard,,Active,2025-07-14,Walk-in,5,9772.62
C0001003295,Vincent,Morgan,vincent_morgan@outlook.com,+1 277 275 9726,CA,North America,Hollybury,44,M,Family,2021-07-10,2021,7,Non-Member,Email,False,English,American Express,Family,,Active,,Corporate Contract,3,17105.66
C0001003296,Julian,Johnson,julian28@dummycorp.com,(999) 678-0973,US,North America,Ianfort,41,M,Business,2021-09-16,2021,9,Non-Member,Email,False,English,Mastercard,Suite,,Active,,Phone Booking,3,3285.4
C0001003297,Olivier,Lebreton,olivier_lebreton@yahoo.com,+33 282 024 367,FR,Europe,ChauveauVille,46,M,Leisure,2023-09-21,2023,9,Gold,Email,False,French,Mastercard,Family,Early Check-in,Active,,Walk-in,12,16690.51
C0001003298,Patricia,May,patricia18@icloud.com,+1 325 666 1215,SE,Europe,Harrisonshire,45,F,Leisure,2023-12-14,2023,12,Basic,SMS,False,English,Visa,Deluxe,,Inactive,,Corporate Contract,18,2906.53
C0001003299,Josh,Macdonald,jmacdonald@gmail.com,+1 847 998 8863,CA,North America,East Francis,38,M,Leisure,2020-10-28,2020,10,Basic,Email,True,English,Visa,Suite,,Active,2022-11-21,OTA Referral,47,13060.07
C0001003300,민수,성,민수_성@outlook.com,,KR,Asia Pacific,Port Tommouth,28,M,Leisure,2021-12-17,2021,12,Basic,Email,True,Korean,Visa,Standard,,Active,,Phone Booking,17,5345.19
C0001003301,Jessica,Gray,jessica87@hotmail.com,+1 891 498 5930,CA,North America,New Jacquelinebury,47,F,Business,2023-10-25,2023,10,Non-Member,SMS,False,English,Visa,Standard,Wheelchair Accessible,Active,2025-11-01,OTA Referral,1,19007.87
C0001003302,Robin,Wood,robinw@outlook.com,+1 741 949 5098,MX,North America,Terryland,32,M,Leisure,2024-02-28,2024,2,Silver,Email,True,English,Mastercard,Deluxe,,Active,,OTA Referral,6,6273.41
C0001003303,Carlos,Catalá,ccatalá@gmail.com,+1 506 607 8227,AR,South America,New غازيtown,37,M,Leisure,2022-09-19,2022,9,Non-Member,Email,False,English,Visa,Standard,"High Floor, Late Check-out",Active,,Corporate Contract,4,2769.15
C0001003304,Deborah,Evans,deborahe@outlook.com,+1 291 350 9548,ZA,Africa,Saraborough,38,F,Leisure,2021-08-22,2021,8,Basic,SMS,True,English,American Express,Standard,,Active,2022-09-20,Website Direct,31,12075.27
C0001003305,Terence,White,terence_white@gmail.com,+1 736 716 3603,MX,North America,Kingshire,34,M,Group,2024-10-30,2024,10,Gold,Email,True,English,Mastercard,Deluxe,,Active,,Corporate Contract,47,15600.24
C0001003306,Damian,Perkins,damianp@hotmail.com,+91 872 772 5586,IN,Asia Pacific,North Callum,50,M,Leisure,2022-10-13,2022,10,Platinum,Email,True,English,Visa,Deluxe,,Active,2023-03-10,Phone Booking,5,2171.45
C0001003307,Cheryl,Jones,cheryl.jones@gmail.com,+1 474 592 2126,MX,North America,Barrettport,37,F,Business,2024-02-22,2024,2,Gold,Email,False,English,Visa,Suite,Wheelchair Accessible,Active,2024-03-30,Walk-in,13,18686.96
C0001003308,James,Adams,jamesa@outlook.com,+1 367 624 1141,MX,North America,Lake Joannebury,36,M,Family,2022-09-15,2022,9,Gold,SMS,True,English,Google Pay,Standard,,Active,2024-05-11,Phone Booking,48,11872.38
C0001003309,Raymond,Faulkner,raymond42@tyrellcorp.com,+1 670 729 8856,SE,Europe,Kathrynmouth,38,M,Business,2021-10-26,2021,10,Basic,Email,False,English,PayPal,Deluxe,,Active,2022-12-12,Walk-in,32,16653.74
C0001003310,Jennifer,Lucas,jennifer.lucas@outlook.com,+1 734 959 6623,MX,North America,Lake Gordonfort,43,F,Leisure,2021-01-22,2021,1,Non-Member,SMS,False,English,Visa,Standard,,Active,,Website Direct,1,21365.99
C0001003311,Arthur,Jones,arthur_jones@gmail.com,+1 912 210 9020,CA,North America,East Susan,32,M,Business,2022-11-22,2022,11,Silver,Email,True,English,Mastercard,Executive,Wheelchair Accessible,Active,2022-12-16,OTA Referral,2,6942.32
C0001003312,Nicola,Duncan,nicola_duncan@gmail.com,000-000-0000,MX,North America,East Juliaport,51,F,Leisure,2023-06-25,2023,6,Gold,Both,True,English,American Express,Deluxe,,Active,,OTA Referral,12,16524.94
C0001003313,凯,吴,noemail@provided.com,235 4176 779,CN,Asia Pacific,North Justinfurt,40,M,Family,2022-10-05,2022,10,Basic,Email,False,Chinese,Visa,Standard,,Active,2023-05-06,Corporate Contract,50,22012.06
C0001003314,Irene,Taylor,irene35@outlook.com,+1 756 184 9698,TH,Asia Pacific,Cookefort,46,F,Leisure,2020-09-03,2020,9,Gold,SMS,True,English,Visa,Standard,,Active,2022-12-23,Phone Booking,0,21285.1
C0001003315,Berenice,Matteotti,bmatteotti@gmail.com,+1 250 763 7537,IT,Europe,Ascrea,45,F,Leisure,2022-06-22,2022,6,Gold,Email,False,Italian,Visa,Family,,Active,2023-05-17,Website Direct,31,22058.9
C0001003316,Thomas,Smith,thomas68@outlook.com,+1 880 856 7493,CL,South America,Jameston,37,M,Family,2024-05-19,2024,5,Non-Member,Both,False,English,Apple Pay,Deluxe,,Active,,OTA Referral,0,5721.75
C0001003317,Paul,Davis,guest@email.com,+1 399 835 9829,MX,North America,East Oliverburgh,42,M,Business,2019-11-08,2019,11,Non-Member,Email,True,English,PayPal,Standard,,Active,2021-04-05,Phone Booking,1,17724.2
C0001003318,Eric,Rahman,erahman@outlook.com,590-348-3871,US,North America,Robinsonville,47,M,Business,2021-01-26,2021,1,Silver,Email,True,English,Mastercard,Suite,,Active,2023-06-18,Walk-in,6,22532.83
C0001003319,Francis,Parker,fparker@example.cl,+1 782 926 3331,CL,South America,Port Edward,42,M,Business,2023-11-14,2023,11,Gold,Email,True,English,Visa,Standard,,Active,,Website Direct,39,11668.8
C0001003320,Bruce,Adams,brucea@hotmail.com,0230 518 819,AU,Asia Pacific,Marionshire,36,M,Group,2020-02-05,2020,2,Silver,SMS,False,English,Visa,Family,,Active,2022-06-20,Corporate Contract,1,12267.83
C0001003321,Iain,King,iain7@yahoo.com,+1 983 461 5276,CA,North America,West Dominicmouth,40,M,Leisure,2019-01-16,2019,1,Basic,Email,True,English,American Express,Executive,,Active,2021-05-11,Corporate Contract,38,2961.94
C0001003322,Joel,Butler,jbutler@example.th,+1 452 202 8146,TH,Asia Pacific,South Lisaburgh,41,M,Business,2019-10-03,2019,10,Silver,None,True,English,Apple Pay,Suite,,Active,2019-10-22,Website Direct,3,14360.05
C0001003323,Adele,Bresciani,test@test.com,+1 307 570 7330,IT,Europe,Cava D'Aliga,28,F,Family,2024-06-19,2024,6,Basic,SMS,False,Italian,PayPal,Standard,"Non-smoking, Early Check-in",Active,2026-01-02,Website Direct,38,19136.74
C0001003324,Neil,Nicholson,neil78@example.mx,+1 187 832 6754,MX,North America,Thomasbury,25,M,Business,2022-04-15,2022,4,Gold,None,True,English,Visa,Standard,,Active,2023-03-07,Corporate Contract,2,24450.89
C0001003325,Xaver,Eberhardt,xaver34@yahoo.com,+49 1594 8029,DE,Europe,Geithain,45,M,Family,2023-12-16,2023,12,Basic,Email,True,German,Visa,Family,,Active,,Corporate Contract,7,15841.18
C0001003326,Douglas,Smith,douglass@cyberdyne.com,+1 502 808 7285,NL,Europe,Lake Marilyn,32,M,Business,2020-07-10,2020,7,Silver,Email,True,English,Mastercard,Executive,,Active,2023-04-29,Corporate Contract,0,17090.94
C0001003327,Rhys,Jones,rhys89@oscorp.com,+1 774 384 9709,NL,Europe,North Angela,30,M,Business,2023-06-21,2023,6,Basic,Email,True,English,American Express,Ocean View,,Active,2024-02-14,Website Direct,41,15317.9
C0001003328,Diane,Harris,diane.harris@outlook.com,+1 928 327 8104,SE,Europe,New Pauline,44,F,Leisure,2022-01-29,2022,1,Non-Member,Email,True,English,Mastercard,Standard,"Wheelchair Accessible, Late Check-out",Active,,Walk-in,1,6200.48
C0001003329,俊,李,俊.李@outlook.com,+86 001 0801 708,CN,Asia Pacific,Turnbullhaven,47,M,Leisure,2020-12-17,2020,12,Basic,Email,True,Chinese,Visa,Executive,,Active,2022-10-22,Corporate Contract,4,5761.92
C0001003330,Frank,Morris,frank.morris@initech.com,+1 449 593 9226,TH,Asia Pacific,South June,47,M,Business,2021-05-21,2021,5,Basic,Email,True,English,Mastercard,Executive,,Active,2023-03-28,OTA Referral,42,6892.24
C0001003331,Leonard,Simpson,leonard.simpson@icloud.com,+1 343 100 4267,MX,North America,East Deborah,39,M,Business,2023-02-17,2023,2,Basic,Email,True,English,Visa,Executive,,Active,2024-06-01,OTA Referral,48,17785.52
C0001003332,정자,이,정자92@waynecorp.com,+1 519 253 7046,KR,Asia Pacific,New Callum,34,F,Business,2022-10-08,2022,10,Non-Member,SMS,True,Korean,Mastercard,Executive,,Active,,Phone Booking,0,11978.28
C0001003333,Gerald,Fraser,gerald69@gmail.com,+1 775 310 6688,CA,North America,Burnston,30,M,Business,2023-06-30,2023,6,Basic,Email,True,English,Visa,Standard,,Active,2024-04-13,Corporate Contract,6,13557.64
C0001003334,광수,서,광수_서@gmail.com,+1 388 334 3673,KR,Asia Pacific,Lisashire,40,M,Leisure,2022-11-02,2022,11,Platinum,Email,True,Korean,Mastercard,Suite,,Active,2024-06-30,Walk-in,49,10274.39
C0001003335,Rita,Hall,rita.hall@gmail.com,+1 931 115 8020,SG,Asia Pacific,New Stuartmouth,43,F,Family,2022-08-24,2022,8,Platinum,Email,True,English,Visa,Family,,Active,,Walk-in,21,14106.3
C0001003336,Reece,Khan,reece16@gmail.com,+1 244 575 8721,CA,North America,New Paula,34,M,Leisure,2024-01-15,2024,1,Non-Member,Email,True,English,Mastercard,Standard,,Active,2024-12-04,OTA Referral,4,14402.44
C0001003337,Allan,Patel,apatel@gmail.com,0860 165 958,AU,Asia Pacific,Hilaryland,50,M,Leisure,2021-05-27,2021,5,Non-Member,Email,False,English,Mastercard,Standard,,Inactive,2022-10-09,OTA Referral,0,4470.98
C0001003338,Joe,Watkins,joe.watkins@yahoo.com,+1 731 143 8823,CL,South America,Mitchellland,39,M,Family,2019-03-05,2019,3,Gold,Email,False,English,Mastercard,Standard,,Active,,Corporate Contract,12,8917.69
C0001003339,Mary,Miller,mmiller@gmail.com,+1 474 693 5572,CH,Europe,New Sean,50,F,Leisure,2022-01-05,2022,1,Non-Member,None,False,English,Mastercard,Deluxe,,Active,2024-05-01,OTA Referral,5,14707.8
C0001003340,Danielle,Wallace,danielle_wallace@outlook.com,+1 378 617 1165,TH,Asia Pacific,New Martin,31,F,Leisure,2024-10-10,2024,10,Gold,Email,True,English,Mastercard,Standard,,Active,2026-04-19,Corporate Contract,14,17673.31
C0001003341,阳,张,阳91@gmail.com,+86 235 3786 925,CN,Asia Pacific,Johnsonstad,50,M,Leisure,2019-07-01,2019,7,Silver,Email,False,Chinese,Visa,Standard,,Active,2022-01-23,Phone Booking,5,14758.76
C0001003342,Paco,Moya,paco_moya@gmail.com,+1 200 620 5003,ES,Europe,Barcelona,40,M,Leisure,2020-05-30,2020,5,Gold,Email,True,Spanish,Mastercard,Executive,,Active,2020-10-26,Phone Booking,13,21230.38
C0001003343,Deborah,Edwards,deborahe@gmail.com,+1 763 656 5201,CH,Europe,Jonathanborough,45,F,Leisure,2019-03-22,2019,3,Non-Member,SMS,True,English,Mastercard,Standard,,Active,2019-07-02,Corporate Contract,1,3540.36
C0001003344,Elliot,Riley,elliotr@yahoo.com,+44 0282 16391,GB,Europe,West Benjaminborough,49,M,Group,2022-09-23,2022,9,Gold,Email,True,English,PayPal,Family,,Active,2024-07-07,Corporate Contract,12,16506.86
C0001003345,七夏,福田,七夏_福田@acme.com,238-108-9001,JP,Asia Pacific,Coxshire,35,F,Business,2023-11-07,2023,11,Basic,Email,False,Japanese,Apple Pay,Standard,,Active,2025-08-24,Walk-in,17,2983.71
C0001003346,Teófilo,Llano,tllano@waynecorp.com,+1 538 678 4820,ES,Europe,Ávila,34,M,Business,2023-07-19,2023,7,Non-Member,Email,True,Spanish,American Express,Standard,,Active,,Walk-in,4,20048.5
C0001003347,Beatrice,Luciani,beatrice_luciani@gmail.com,+1 764 530 7556,IT,Europe,Collelungo,48,F,Leisure,2023-10-10,2023,10,Silver,Email,True,Italian,Mastercard,Deluxe,,Inactive,2026-09-22,OTA Referral,38,12259.95
C0001003348,Bradley,Gilbert,bradley.gilbert@hotmail.com,+1 724 825 6113,ZA,Africa,North Alexandra,34,M,Leisure,2021-01-19,2021,1,Silver,Email,True,English,Visa,Standard,,Active,2022-11-22,Walk-in,46,11270.52
C0001003349,Bruce,Wheeler,bruce33@umbrellacorp.com,+1 439 194 2477,CA,North America,New Howardbury,38,M,Business,2022-08-21,2022,8,Gold,SMS,False,English,Visa,Executive,,Active,2025-03-18,Walk-in,3,1513.56
C0001003350,Émile,Da Costa,éda costa@outlook.com,0677480779,FR,Europe,Girard,35,M,Leisure,2024-02-04,2024,2,Silver,SMS,True,French,Visa,Executive,,Active,2024-10-31,Walk-in,29,18553.8
C0001003351,Carl,Brown,carl.brown@hotmail.com,+1 714 991 6217,KW,Middle East,Lawrencemouth,43,M,Group,2021-07-08,2021,7,Silver,SMS,False,English,Visa,Deluxe,,Inactive,2023-03-28,Website Direct,17,11419.17
C0001003352,Dale,Richardson,daler@gmail.com,054-905-0465,US,North America,Lake Pamela,34,M,Leisure,2019-06-17,2019,6,Silver,Both,True,English,Visa,Standard,,Active,2020-06-17,Walk-in,48,15882.41
C0001003353,Thiago,Garcia,thiago.garcia@gmail.com,+55 425 6718-833,BR,South America,Meganside,47,M,Family,2020-01-27,2020,1,Silver,Email,False,Portuguese,Mastercard,Deluxe,,Inactive,2022-08-19,Phone Booking,28,23853.68
C0001003354,June,Payne,jpayne@gmail.com,+1 753 801 3364,KE,Africa,West Alice,36,F,Leisure,2021-11-20,2021,11,Non-Member,Both,True,English,American Express,Suite,,Active,,Corporate Contract,4,17146.83
C0001003355,Jeremy,Robinson,jeremy.robinson@gmail.com,(982) 156-3677,US,North America,Port Barry,29,M,Leisure,2020-05-24,2020,5,Silver,SMS,True,English,Visa,Suite,,Inactive,2020-09-21,Phone Booking,44,23142.84
C0001003356,Toni,Dörr,toni.dörr@gmail.com,+49 374 68171,DE,Europe,Uffenheim,48,M,Leisure,2022-03-11,2022,3,Basic,Email,False,German,Visa,Suite,,Active,,Walk-in,8,479.72
C0001003357,Wendy,Patel,wendyp@tyrellcorp.com,(406) 045-9594,US,North America,Callummouth,41,F,Business,2022-11-11,2022,11,Non-Member,SMS,False,English,Visa,Suite,,Active,2025-02-13,Website Direct,4,9872.02
C0001003358,Debra,Kelly,debra_kelly@waynecorp.com,+1 758 687 3852,CH,Europe,Port Julianland,40,F,Business,2023-07-05,2023,7,Non-Member,Email,True,English,Mastercard,Executive,,Active,,Phone Booking,0,4527.32
C0001003359,Jean,O'Connor,jean_o'connor@cyberdyne.com,+1 566 978 2509,TH,Asia Pacific,East Johnborough,40,F,Business,2022-06-28,2022,6,Non-Member,SMS,True,English,Visa,Executive,Non-smoking,Active,2025-03-18,Website Direct,3,18957.1
C0001003360,Rachael,Hayes,noemail@provided.com,000-000-0000,CA,North America,Archerland,45,F,Business,2024-02-27,2024,2,Non-Member,Email,True,English,Visa,Ocean View,,Active,2026-09-30,OTA Referral,3,835.18
C0001003361,Dawn,Wilson,dawn_wilson@gmail.com,+44 3160 71784,GB,Europe,Wilkinsonstad,52,F,Leisure,2024-04-15,2024,4,Basic,Email,True,English,PayPal,Standard,,Inactive,2026-12-13,OTA Referral,46,3361.73
C0001003362,Stephen,Evans,stephen_evans@gmail.com,+1 503 318 1274,CA,North America,Whiteside,34,M,Group,2019-06-04,2019,6,Gold,Email,False,English,Apple Pay,Deluxe,,Active,,Website Direct,0,17531.87
C0001003363,Helga,Spieß,helga_spieß@hotmail.com,+49 7996 2747,DE,Europe,Monschau,41,F,Leisure,2021-05-13,2021,5,Gold,Email,False,German,Apple Pay,Standard,,Active,2024-02-24,Website Direct,35,17654.38
C0001003364,洋介,佐藤,guest@email.com,260-262-5307,JP,Asia Pacific,South Colin,44,M,Leisure,2023-04-23,2023,4,Basic,Email,True,Japanese,Visa,Standard,,Active,2026-02-18,Walk-in,38,22814.22
C0001003365,Arthur,Jones,arthur.jones@outlook.com,000-000-0000,CA,North America,South Gerald,59,M,Leisure,2019-12-02,2019,12,Silver,Email,False,English,American Express,Deluxe,,Active,2020-10-29,OTA Referral,31,19494.27
C0001003366,Peter,White,peter_white@gmail.com,+1 494 536 6646,SE,Europe,New Arthur,36,M,Leisure,2019-11-01,2019,11,Silver,Email,True,English,Mastercard,Suite,,Inactive,2020-07-19,Walk-in,25,1957.07
C0001003367,Katy,Russell,katy16@dummycorp.com,344-664-5262,US,North America,East Stewart,42,F,Business,2021-10-16,2021,10,Silver,Both,True,English,Apple Pay,Suite,,Inactive,2021-11-06,Website Direct,7,10570.85
C0001003368,Geraldine,Andrews,geraldine59@gmail.com,+1 344 988 6018,CL,South America,Osbornefurt,31,F,Leisure,2023-01-24,2023,1,Non-Member,Email,True,English,Google Pay,Executive,,Active,2025-03-21,OTA Referral,3,19552.57
C0001003369,Kayleigh,Watts,kayleighw@gmail.com,+1 651 549 8193,CH,Europe,Declanland,47,F,Family,2021-10-04,2021,10,Non-Member,Email,False,English,Visa,Standard,,Active,2024-07-13,OTA Referral,3,294.51
C0001003370,Tony,Blake,tblake@gmail.com,(910) 946-3593,US,North America,Hunttown,34,M,Leisure,2024-04-05,2024,4,Non-Member,Email,False,English,Mastercard,Suite,,Inactive,2025-11-28,Website Direct,5,6449.43
C0001003371,Brandon,Hawkins,bhawkins@gmail.com,+1 583 885 2244,NL,Europe,Jonesmouth,35,M,Leisure,2024-10-17,2024,10,Non-Member,SMS,True,English,PayPal,Executive,,Active,2027-06-16,Website Direct,0,16557.63
C0001003372,Lesley,Wood,lwood@globex.com,+61 042 516 379,AU,Asia Pacific,Smithshire,35,F,Business,2021-03-04,2021,3,Non-Member,Email,False,English,American Express,Standard,,Active,2022-11-07,Corporate Contract,5,22444.88
C0001003373,Damien,James,djames@waynecorp.com,+1 421 214 5542,MX,North America,Joelmouth,39,M,Business,2019-08-21,2019,8,Non-Member,Email,True,English,Visa,Executive,,Active,2020-08-04,Walk-in,3,3278.21
C0001003374,Claire,McKenzie,claire65@outlook.com,+1 358 962 8901,QA,Middle East,Brownbury,40,F,Family,2021-02-04,2021,2,Silver,Email,False,English,Mastercard,Suite,,Inactive,2023-03-02,OTA Referral,32,21300.96
C0001003375,Ignaz,Käster,ikäster@gmail.com,+49 674 70506,DE,Europe,Böblingen,35,M,Leisure,2019-12-23,2019,12,Basic,Email,False,German,Visa,Executive,,Active,,Website Direct,46,8422.76
C0001003376,Jordan,Hawkins,jordan33@waynecorp.com,720-272-9142,US,North America,West Dylan,30,M,Business,2024-09-11,2024,9,Basic,Email,False,English,Visa,Suite,,Active,2025-06-08,Website Direct,22,19572.01
C0001003377,Leon,Richardson,leon.richardson@gmail.com,+1 400 687 6481,MX,North America,Burkeland,33,M,Leisure,2020-06-08,2020,6,Silver,Email,True,English,Visa,Family,,Active,2021-07-22,Phone Booking,14,873.99
C0001003378,Salomón,Porcel,salomón94@umbrellacorp.com,+1 632 191 1348,ES,Europe,Navarra,43,M,Business,2022-06-28,2022,6,Silver,Email,True,Spanish,Visa,Standard,,Active,2024-04-07,OTA Referral,15,10085.15
C0001003379,Claire,Manning,claire4@dummycorp.com,+1 951 934 5114,CA,North America,Gillianton,25,F,Business,2023-01-13,2023,1,Silver,Email,True,English,Mastercard,Suite,,Active,2024-11-20,OTA Referral,50,7764.32
C0001003380,Dorothy,Anderson,dorothya@initech.com,+1 584 494 3643,MX,North America,New Rosemary,26,F,Business,2024-03-25,2024,3,Silver,SMS,False,English,Mastercard,Executive,,Inactive,2026-06-13,Corporate Contract,8,21603.33
C0001003381,Lawrence,Chamberlain,lchamberlain@acme.com,+1 542 317 7980,MX,North America,Mohammadmouth,31,M,Business,2019-05-17,2019,5,Silver,SMS,True,English,Visa,Suite,,Active,2022-04-27,Corporate Contract,44,22021.8
C0001003382,John,Wilkinson,john9@hotmail.com,0803 252 245,AU,Asia Pacific,Normanshire,44,M,Family,2023-04-22,2023,4,Non-Member,SMS,True,English,American Express,Standard,,Active,2024-12-13,Phone Booking,3,15077.88
C0001003383,志强,陈,志陈@globex.com,483 9654 756,CN,Asia Pacific,Westmouth,55,M,Business,2019-12-09,2019,12,Non-Member,Email,True,Chinese,PayPal,Suite,,Active,2022-07-05,OTA Referral,1,7754.59
C0001003384,Abdul,Kirk,abdul.kirk@outlook.com,+1 945 561 4183,SE,Europe,Katherineshire,47,M,Business,2024-05-20,2024,5,Non-Member,Email,True,English,Mastercard,Standard,,Active,2025-08-07,Website Direct,0,24723.47
C0001003385,Benjamin,Richardson,benjamin43@yahoo.com,(498) 481-6839,US,North America,Port Kate,43,M,Leisure,2021-01-26,2021,1,Gold,Email,False,English,Mastercard,Deluxe,,Active,2022-07-28,Walk-in,15,15715.05
C0001003386,Martyn,Lowe,martynl@gmail.com,+1 810 907 9169,SG,Asia Pacific,North Rosemary,42,M,Leisure,2022-02-28,2022,2,Platinum,Email,True,English,Visa,Suite,High Floor,Active,2024-04-26,Phone Booking,4,8708.15
C0001003387,梅,邢,梅邢@dummycorp.com,199 7640 326,CN,Asia Pacific,Watkinsburgh,25,F,Business,2019-06-10,2019,6,Platinum,Email,False,Chinese,Mastercard,Deluxe,,Active,2020-07-19,Website Direct,42,8431.46
C0001003388,ديمه,بن لادن,دبن لادن@hotmail.com,+1 880 815 3962,SA,Middle East,Lindseymouth,32,F,Leisure,2023-01-05,2023,1,Non-Member,SMS,False,Arabic,Mastercard,Ocean View,,Active,2024-12-16,Walk-in,0,15806.0
C0001003389,Damien,Dunn,damiend@gmail.com,+1 228 488 9076,TH,Asia Pacific,Port Graceton,30,M,Leisure,2023-07-28,2023,7,Non-Member,SMS,False,English,Visa,Executive,,Active,2023-08-12,Walk-in,3,16269.48
C0001003390,Jerónimo,Mulet,jmulet@gmail.com,+1 664 280 4048,ES,Europe,Córdoba,32,M,Leisure,2023-02-09,2023,2,Non-Member,SMS,True,Spanish,Visa,Suite,,Inactive,2024-04-24,OTA Referral,3,13873.99
C0001003391,Angelique,Tröst,angeliquet@gmail.com,+49 221 14671,DE,Europe,Höxter,47,F,Leisure,2020-12-22,2020,12,Basic,Email,True,German,Mastercard,Family,,Inactive,2021-03-21,Corporate Contract,7,4022.79
C0001003392,Bernardo,Ponti,bernardop@oscorp.com,+1 664 991 4574,IT,Europe,Mandas,30,M,Business,2022-11-11,2022,11,Silver,Email,True,Italian,Mastercard,Deluxe,High Floor,Active,2024-04-10,Phone Booking,7,12044.2
C0001003393,Amelia,Taylor,amelia_taylor@gmail.com,+1 300 964 9027,MX,North America,West Deborah,33,F,Business,2020-02-07,2020,2,Non-Member,Email,True,English,Visa,Deluxe,,Active,2021-08-06,OTA Referral,5,7161.68
C0001003394,Dagmar,Austermühle,test@test.com,+49 050 87283,DE,Europe,Melle,46,F,Business,2024-03-28,2024,3,Non-Member,Email,False,German,Mastercard,Deluxe,,Active,2024-07-12,Corporate Contract,2,12228.94
C0001003395,Holly,Sharpe,holly.sharpe@gmail.com,(850) 083-4725,US,North America,Deniseburgh,42,F,Family,2024-07-02,2024,7,Basic,Email,True,English,Mastercard,Standard,,Active,2026-05-29,Phone Booking,18,4633.4
C0001003396,Graeme,Baker,guest@email.com,+1 528 185 3521,NL,Europe,Barbaraville,40,M,Business,2024-12-16,2024,12,Basic,Email,True,English,Visa,Family,,Active,2027-09-26,Corporate Contract,34,9912.43
C0001003397,Benjamin,Chapman,benjamin_chapman@yahoo.com,+44 0569 44661,GB,Europe,Janeport,41,M,Family,2022-01-26,2022,1,Non-Member,Email,True,English,Visa,Family,,Active,,Website Direct,2,17418.23
C0001003398,Kate,Campbell,guest@email.com,+1 857 357 1149,NL,Europe,Bennettchester,26,F,Group,2021-01-17,2021,1,Platinum,Email,True,English,Visa,Standard,,Active,,OTA Referral,34,13708.93
C0001003399,Garry,Green,guest@email.com,+1 261 359 1249,CA,North America,Williamsland,31,M,Business,2021-03-24,2021,3,Non-Member,SMS,True,English,Mastercard,Deluxe,Early Check-in,Active,2023-08-28,OTA Referral,5,15759.42
C0001003400,Valerie,Gibbons,valerie_gibbons@gmail.com,+1 179 339 3630,CA,North America,Beverleyshire,47,F,Leisure,2024-08-31,2024,8,Basic,SMS,True,English,Mastercard,Deluxe,,Active,2024-11-19,Walk-in,23,12550.36
C0001003401,Frida,Werner,fridaw@gmail.com,+49 636 56551,DE,Europe,Regensburg,44,F,Business,2024-08-02,2024,8,Silver,None,False,German,Visa,Suite,"Non-smoking, Late Check-out",Active,2027-02-15,Walk-in,46,24914.72
C0001003402,Alex,Blackburn,alex_blackburn@globex.com,(617) 860-9866,US,North America,Dalechester,57,M,Business,2023-02-28,2023,2,Basic,Email,True,English,Visa,Deluxe,,Active,2024-10-23,Walk-in,6,5521.84
C0001003403,Brandon,Thompson,brandon.thompson@globex.com,+1 698 948 4289,MX,North America,New Tracey,35,M,Business,2022-05-09,2022,5,Basic,Email,True,English,PayPal,Suite,"High Floor, Late Check-out",Active,2023-03-18,Corporate Contract,23,9154.6
C0001003404,Nina,Machado,nina50@yahoo.com,+55 525 4659-532,BR,South America,Alexandershire,36,F,Leisure,2022-07-25,2022,7,Silver,Email,True,Portuguese,Visa,Standard,,Active,2024-12-24,Corporate Contract,34,5372.51
C0001003405,Henry,Thomson,henry_thomson@gmail.com,+1 239 383 3663,CH,Europe,Lake Cliffordfort,45,M,Business,2020-02-12,2020,2,Gold,Email,False,English,Mastercard,Standard,,Active,,Phone Booking,19,15105.13
C0001003406,Lindsey,Bailey,lindsey_bailey@gmail.com,+44 5444 63783,GB,Europe,Morrisburgh,40,F,Leisure,2019-04-27,2019,4,Basic,Email,False,English,American Express,Family,,Active,2020-10-28,OTA Referral,2,15237.56
C0001003407,Bethan,Morrison,bethanm@gmail.com,+1 579 467 1188,SG,Asia Pacific,Carolineshire,29,F,Leisure,2024-11-27,2024,11,Basic,Email,True,English,American Express,Ocean View,,Active,2025-04-12,Corporate Contract,23,23115.61
C0001003408,Beth,Vincent,bethv@outlook.com,+1 368 452 3075,TH,Asia Pacific,Julianmouth,38,F,Leisure,2019-08-10,2019,8,Gold,Email,False,English,Mastercard,Standard,,Active,,Corporate Contract,35,14608.42
C0001003409,Daniel,George,danielg@hotmail.com,+1 410 327 4690,CH,Europe,Port Yvonneburgh,40,M,Leisure,2021-03-31,2021,3,Silver,SMS,True,English,Apple Pay,Standard,,Active,2023-10-28,Phone Booking,42,20588.13
C0001003410,Elliott,White,elliott82@gmail.com,+91 712 484 3271,IN,Asia Pacific,East Dominic,46,M,Family,2021-05-29,2021,5,Gold,Email,True,English,Visa,Deluxe,,Active,,Walk-in,29,1834.35
C0001003411,Kathryn,Butler,kathryn47@gmail.com,+1 415 448 8027,CH,Europe,Lorrainefurt,55,F,Family,2021-08-31,2021,8,Basic,Both,True,English,Google Pay,Family,,Inactive,2023-12-31,Corporate Contract,0,14687.18
C0001003412,Beth,Evans,beth.evans@oscorp.com,321-369-1220,US,North America,Georginaville,46,F,Business,2023-05-11,2023,5,Silver,Email,True,English,Visa,Executive,,Active,2024-02-17,Website Direct,12,11506.97
C0001003413,Lesley,Clarke,guest@email.com,+1 116 527 3133,KE,Africa,Eleanorside,41,F,Leisure,2019-07-22,2019,7,Gold,Email,False,English,American Express,Standard,,Inactive,2019-10-14,Website Direct,12,19006.43
C0001003414,Luc,Becker,lucb@gmail.com,+33 047 700 595,FR,Europe,Gimenez-la-Forêt,38,M,Leisure,2019-04-08,2019,4,Gold,Email,True,French,Visa,Standard,,Active,2020-08-19,Website Direct,28,11690.86
C0001003415,Guy,Briggs,guy.briggs@gmail.com,+1 431 526 3786,CA,North America,Adamsland,53,M,Leisure,2022-05-12,2022,5,Silver,Email,False,English,Mastercard,Family,,Active,2023-09-18,Phone Booking,31,21903.62
C0001003416,英,丁,英_丁@icloud.com,419 2571 089,CN,Asia Pacific,North Antonychester,27,F,Business,2023-11-15,2023,11,Basic,Both,False,Chinese,American Express,Deluxe,"Non-smoking, Late Check-out",Active,2024-03-25,OTA Referral,39,17257.3
C0001003417,Terry,Lewis,terryl@gmail.com,480-541-0630,US,North America,Jonesview,45,M,Leisure,2024-08-03,2024,8,Silver,SMS,True,English,PayPal,Standard,,Active,,Phone Booking,33,11632.17
C0001003418,Timothy,Wilson,timothy.wilson@starkindustries.com,+1 790 357 7030,CL,South America,West Gemmabury,46,M,Business,2024-10-02,2024,10,Basic,Email,False,English,Mastercard,Executive,,Active,2026-11-24,Phone Booking,27,649.71
C0001003419,Vanessa,Marsden,vanessa.marsden@waynecorp.com,+1 228 326 5056,SE,Europe,New Ryanville,42,F,Business,2021-09-20,2021,9,Non-Member,Email,False,English,Mastercard,Standard,,Active,2022-08-08,Walk-in,2,2409.59
C0001003420,Christine,Doyle,christine.doyle@hotmail.com,(291) 645-9373,US,North America,Eileentown,37,F,Leisure,2019-03-21,2019,3,Silver,Both,False,English,Mastercard,Standard,,Active,2021-02-24,Corporate Contract,0,1465.61
C0001003421,Katherine,Coleman,katherine.coleman@yahoo.com,+1 813 815 3256,KW,Middle East,New Shannonchester,44,F,Leisure,2019-11-24,2019,11,Silver,Email,False,English,Mastercard,Suite,,Active,,Corporate Contract,49,24151.85
C0001003422,Pancho,Chaparro,pchaparro@example.es,+1 630 570 5759,ES,Europe,Badajoz,36,M,Business,2020-05-18,2020,5,Gold,Email,False,Spanish,Mastercard,Deluxe,,Active,,Corporate Contract,2,17123.08
C0001003423,Fernando,Adán,fadán@initech.com,+1 354 187 4243,ES,Europe,Huelva,28,M,Business,2024-06-19,2024,6,Basic,Email,True,Spanish,American Express,Family,,Active,,Phone Booking,40,19841.61
C0001003424,Sian,Potter,sian_potter@outlook.com,+1 756 421 9804,KE,Africa,O'Brienfurt,45,F,Leisure,2019-05-05,2019,5,Basic,Email,False,English,American Express,Standard,,Active,2020-11-02,OTA Referral,25,12762.02
C0001003425,Susan,Swift,susan26@example.ca,+1 641 871 2072,CA,North America,Williamsfort,40,F,Business,2019-05-13,2019,5,Gold,Email,True,English,American Express,Executive,,Active,2021-11-17,OTA Referral,18,9657.11
C0001003426,Hellmut,Juncken,hjuncken@outlook.com,+49 600 01016,DE,Europe,Wolgast,44,M,Leisure,2023-03-09,2023,3,Basic,Email,True,German,American Express,Deluxe,,Active,2025-11-08,Website Direct,47,5164.19
C0001003427,Victor,Farmer,victor57@gmail.com,+1 877 930 8594,SE,Europe,Watsontown,42,M,Business,2022-05-24,2022,5,Non-Member,Email,True,English,Mastercard,Standard,Early Check-in,Active,2024-11-04,OTA Referral,2,13350.11
C0001003428,Jenna,Coles,jenna55@gmail.com,+1 867 866 6138,MX,North America,Sharonfurt,36,F,Group,2023-10-02,2023,10,Basic,Email,True,English,Mastercard,Deluxe,,Active,2023-12-30,OTA Referral,19,6566.43
C0001003429,Adam,White,adam_white@gmail.com,+1 774 449 7674,CA,North America,Franceshaven,29,M,Leisure,2023-10-18,2023,10,Basic,SMS,True,English,American Express,Standard,,Inactive,,Phone Booking,34,275.89
C0001003430,Jacob,West,jacob.west@gmail.com,+1 707 357 2029,CH,Europe,Lake Gordon,32,M,Leisure,2022-08-11,2022,8,Silver,Email,True,English,American Express,Standard,,Active,2024-09-20,Walk-in,23,16099.36
C0001003431,Zoe,Giles,zoeg@cyberdyne.com,+61 746 129 601,AU,Asia Pacific,Williamsmouth,30,F,Business,2019-09-12,2019,9,Gold,Email,True,English,American Express,Family,Late Check-out,Active,2022-01-05,Corporate Contract,39,8720.01
C0001003432,鹏,刘,鹏刘@gmail.com,+86 357 4406 014,CN,Asia Pacific,Port Geraldinemouth,45,M,Leisure,2023-10-24,2023,10,Non-Member,None,True,Chinese,Visa,Standard,,Active,2025-04-28,Walk-in,5,18581.4
C0001003433,Trevor,James,trevor.james@outlook.com,09739 769 254,GB,Europe,South Sylviaberg,50,M,Leisure,2023-12-01,2023,12,Silver,SMS,True,English,Visa,Executive,,Active,,OTA Referral,24,8304.52
C0001003434,Severiano,Castells,severianoc@waynecorp.com,+1 982 607 2394,ES,Europe,Navarra,54,M,Business,2019-07-29,2019,7,Platinum,Email,True,Spanish,Visa,Executive,,Active,2021-03-31,OTA Referral,50,1780.56
C0001003435,Dorita,Fernández,dorita_fernández@gmail.com,+1 217 812 7882,ES,Europe,Melilla,36,F,Group,2020-09-17,2020,9,Basic,SMS,True,Spanish,American Express,Deluxe,,Inactive,2021-06-18,Walk-in,15,7340.24
C0001003436,Francesca,Berry,test@test.com,(850) 000-8943,US,North America,Cunninghammouth,48,F,Leisure,2019-05-19,2019,5,Gold,Email,True,English,Mastercard,Family,,Inactive,,Corporate Contract,8,3235.08
C0001003437,مشرق,المهيدب,مشرق62@tyrellcorp.com,+971 276 857 9674,AE,Middle East,Bartonmouth,39,M,Business,2023-05-01,2023,5,Silver,Email,True,Arabic,Apple Pay,Deluxe,,Active,,Phone Booking,5,22388.68
C0001003438,Chita,Durán,chita24@gmail.com,+1 132 720 7994,AR,South America,South كافور,40,F,Group,2024-12-10,2024,12,Non-Member,Both,False,English,Visa,Deluxe,,Active,2026-09-08,Walk-in,3,24317.41
C0001003439,Bethan,Williams,bethan42@outlook.com,+1 581 909 2422,CH,Europe,Lake Leannetown,49,F,Leisure,2023-05-18,2023,5,Basic,SMS,True,English,PayPal,Suite,"High Floor, Wheelchair Accessible",Inactive,,Corporate Contract,27,12840.45
C0001003440,Heidemarie,Klemm,hklemm@gmail.com,+49 497 18951,DE,Europe,Mettmann,45,F,Family,2023-05-04,2023,5,Non-Member,Email,False,German,American Express,Standard,,Active,2024-01-13,Corporate Contract,3,10032.47
C0001003441,Leslie,Gregory,leslie.gregory@hotmail.com,+1 875 658 4810,MX,North America,West Rita,45,M,Leisure,2023-09-02,2023,9,Non-Member,SMS,True,English,Visa,Deluxe,,Active,2025-05-28,Website Direct,4,6883.86
C0001003442,Joe,Adams,joe67@gmail.com,+1 335 178 2445,TH,Asia Pacific,South Albertbury,41,M,Group,2024-01-15,2024,1,Non-Member,Both,True,English,PayPal,Standard,"Non-smoking, Early Check-in",Active,2026-07-01,Phone Booking,0,1627.81
C0001003443,Bruna,Novaes,brunan@outlook.com,+55 620 2497-801,BR,South America,Barlowstad,37,F,Leisure,2019-01-02,2019,1,Basic,Email,True,Portuguese,Mastercard,Suite,,Active,2019-01-17,Walk-in,2,5621.76
C0001003444,Obdulia,Doménech,odoménech@gmail.com,+1 435 741 1044,AR,South America,المهناchester,32,F,Leisure,2022-06-27,2022,6,Basic,Email,True,English,American Express,Standard,,Active,,Corporate Contract,49,23752.57
C0001003445,Katherine,Lewis,katherinel@gmail.com,752-496-0142,US,North America,Jonesland,32,F,Family,2022-09-29,2022,9,Non-Member,Email,True,English,PayPal,Standard,,Active,2023-11-19,OTA Referral,2,7298.82
C0001003446,Albert,Bryant,albert_bryant@gmail.com,+1 829 564 1744,SE,Europe,Wilsonside,56,M,Leisure,2022-06-20,2022,6,Non-Member,SMS,True,English,American Express,Ocean View,,Active,,Phone Booking,2,5060.41
C0001003447,Yvonne,Quinn,yvonne_quinn@outlook.com,+1 297 429 7709,SE,Europe,Lake Raymond,49,F,Leisure,2020-06-01,2020,6,Gold,Email,True,English,Visa,Standard,,Active,,Phone Booking,7,2201.7
C0001003448,桂英,杨,桂英.杨@yahoo.com,+86 464 7422 017,CN,Asia Pacific,Bakerburgh,41,F,Leisure,2020-07-27,2020,7,Non-Member,Email,True,Chinese,Visa,Standard,,Active,,Website Direct,0,3790.08
C0001003449,Jack,Burrows,jburrows@gmail.com,169-707-3398,US,North America,East Katherinemouth,45,M,Leisure,2022-12-04,2022,12,Non-Member,Email,True,English,PayPal,Standard,,Active,,Phone Booking,2,24335.7
C0001003450,Ian,Dixon,ian26@starkindustries.com,0308 421 635,AU,Asia Pacific,Jeffreychester,32,M,Business,2024-07-08,2024,7,Basic,SMS,True,English,Mastercard,Family,,Active,2027-04-09,Website Direct,29,15750.23
C0001003451,Vera,Mosemann,veram@yahoo.com,+49 0429 2438,DE,Europe,Soest,48,F,Family,2019-03-03,2019,3,Silver,Email,False,German,Mastercard,Executive,,Inactive,2022-02-14,Website Direct,22,18289.55
C0001003452,Katrin,Kensy,katrin_kensy@umbrellacorp.com,+49 554 49723,DE,Europe,Meißen,47,F,Business,2023-10-02,2023,10,Silver,Email,True,German,Visa,Standard,,Inactive,2023-11-03,Corporate Contract,34,14281.06
C0001003453,Edward,Nicholson,edwardn@gmail.com,+61 098 928 013,AU,Asia Pacific,Edwardsport,29,M,Business,2021-10-08,2021,10,Non-Member,Email,True,English,Mastercard,Deluxe,Allergies,Active,,Corporate Contract,1,12204.55
C0001003454,Jayne,Perkins,jayne_perkins@gmail.com,+1 542 771 6586,CH,Europe,Geraldview,59,F,Leisure,2020-08-15,2020,8,Silver,Email,True,English,PayPal,Standard,,Active,2021-01-24,Corporate Contract,7,23189.36
C0001003455,Terry,Rose,terry24@gmail.com,028-500-3383,US,North America,South Hilarymouth,51,M,Leisure,2024-07-18,2024,7,Silver,Email,False,English,American Express,Standard,,Active,,Website Direct,44,11019.18
C0001003456,Bruce,Evans,bruce_evans@acme.com,(196) 158-6585,US,North America,Wardbury,33,M,Business,2020-03-31,2020,3,Non-Member,Email,True,English,Mastercard,Executive,,Active,2021-08-01,Website Direct,0,21262.38
C0001003457,Lindsey,Gough,lgough@outlook.com,+1 667 520 8514,NL,Europe,Harriettown,58,F,Leisure,2021-06-22,2021,6,Basic,Email,True,English,Mastercard,Standard,,Inactive,2021-12-09,Corporate Contract,24,82.8
C0001003458,Jack,Norris,jack.norris@gmail.com,+1 191 380 7876,MX,North America,Lake Cliffordview,42,M,Leisure,2019-11-26,2019,11,Silver,SMS,True,English,American Express,Suite,,Active,2022-02-18,Walk-in,23,12612.52
C0001003459,Heidrun,Niemeier,heidrun.niemeier@yahoo.com,+49 845 26729,DE,Europe,Iserlohn,37,F,Leisure,2024-09-26,2024,9,Basic,Email,False,German,American Express,Suite,,Active,2026-08-25,Walk-in,39,2100.79
C0001003460,Lorena,Fonseca,lfonseca@outlook.com,(913) 0029-643,BR,South America,South Kevinport,45,F,Leisure,2020-06-23,2020,6,Non-Member,Email,False,Portuguese,Mastercard,Suite,,Active,,OTA Referral,5,17981.46
C0001003461,Michelle,Davies,michelle.davies@gmail.com,+91 547 795 5555,IN,Asia Pacific,New Joseph,43,F,Leisure,2019-05-07,2019,5,Basic,Email,True,English,Visa,Standard,,Inactive,,Website Direct,16,12234.11
C0001003462,Charlotte,Smith,csmith@waynecorp.com,+1 810 987 1726,TH,Asia Pacific,Fisherview,38,F,Business,2023-07-28,2023,7,Basic,SMS,True,English,Google Pay,Ocean View,,Inactive,2025-09-08,Walk-in,44,6981.43
C0001003463,지혜,김,지혜_김@gmail.com,+1 921 927 2941,KR,Asia Pacific,West Leslie,40,F,Leisure,2021-11-25,2021,11,Non-Member,Email,True,Korean,Mastercard,Standard,,Active,2023-02-17,Phone Booking,1,15455.04
C0001003464,Jade,Hughes,jade_hughes@outlook.com,+1 704 842 1110,MX,North America,East Leonfort,36,F,Family,2021-05-01,2021,5,Gold,Email,False,English,Visa,Suite,,Active,,OTA Referral,18,2729.22
C0001003465,Graeme,Williams,graeme.williams@gmail.com,+1 356 834 7705,CA,North America,East Kathryn,47,M,Leisure,2021-04-28,2021,4,Gold,Email,False,English,Mastercard,Standard,,Inactive,,Walk-in,4,22036.18
C0001003466,Steffi,Bien,steffib@gmail.com,+49 836 36186,DE,Europe,Bischofswerda,42,F,Group,2023-06-06,2023,6,Non-Member,Email,True,German,Mastercard,Standard,,Active,2023-09-11,OTA Referral,1,718.81
C0001003467,Stuart,Bond,sbond@gmail.com,+1 976 962 4089,QA,Middle East,Lake Garryfort,55,M,Family,2023-06-13,2023,6,Non-Member,Email,False,English,American Express,Standard,"Wheelchair Accessible, High Floor",Inactive,2026-02-04,Walk-in,2,5906.55
C0001003468,Jonathan,Collins,jonathan_collins@outlook.com,+1 625 457 8444,CH,Europe,Dayville,33,M,Leisure,2022-10-12,2022,10,Non-Member,Both,True,English,Visa,Standard,,Active,2024-12-12,Walk-in,3,15974.43
C0001003469,超,高,超高@gmail.com,537 1116 653,CN,Asia Pacific,West Jay,41,M,Leisure,2019-06-28,2019,6,Basic,Email,False,Chinese,Apple Pay,Standard,,Active,2019-11-01,OTA Referral,31,2755.65
C0001003470,اصيل,مهنا,اصيلم@gmail.com,+1 973 422 4956,SA,Middle East,South Shanechester,31,F,Leisure,2019-04-10,2019,4,Gold,Email,False,Arabic,Visa,Standard,,Active,,Corporate Contract,18,15270.81
C0001003471,雷,陈,雷.陈@outlook.com,794 5239 570,CN,Asia Pacific,Port Lynneport,37,M,Leisure,2024-03-15,2024,3,Basic,Email,False,Chinese,American Express,Family,High Floor,Active,,Corporate Contract,17,7074.45
C0001003472,裕太,山下,noemail@provided.com,+81 464-151-273,JP,Asia Pacific,Daveymouth,47,M,Business,2024-01-01,2024,1,Non-Member,Email,False,Japanese,Mastercard,Standard,,Active,2024-05-12,Corporate Contract,4,20519.44
C0001003473,Shirley,Murray,shirleym@gmail.com,+1 956 114 7936,SE,Europe,South Stewart,30,F,Family,2023-09-08,2023,9,Basic,Both,True,English,Mastercard,Standard,,Active,2025-01-13,OTA Referral,33,9124.19
C0001003474,Terry,James,terry.james@outlook.com,+1 713 428 1093,CO,South America,Port Neil,40,M,Leisure,2023-05-07,2023,5,Non-Member,Email,False,English,American Express,Deluxe,,Active,2025-07-30,Website Direct,5,16929.51
C0001003475,Jayne,Duffy,jayned@gmail.com,849-110-2668,US,North America,Howardfurt,35,F,Leisure,2023-06-05,2023,6,Silver,Email,True,English,Visa,Standard,,Active,2024-08-26,Walk-in,45,22950.45
C0001003476,Alexander,Evans,aevans@acme.com,+1 719 425 4484,TH,Asia Pacific,Millerville,25,M,Business,2021-03-07,2021,3,Basic,Email,True,English,Visa,Executive,,Active,2022-11-10,Walk-in,14,22644.26
C0001003477,Shane,Birch,shaneb@yahoo.com,185-607-7115,US,North America,Abigailburgh,39,M,Leisure,2021-10-05,2021,10,Platinum,Email,True,English,Mastercard,Deluxe,,Inactive,,OTA Referral,37,9017.77
C0001003478,Ellie,Andrews,ellie32@hotmail.com,(934) 532-6078,US,North America,West Roger,32,F,Leisure,2024-02-13,2024,2,Platinum,Email,False,English,Visa,Standard,,Inactive,,Walk-in,4,100.9
C0001003479,Sharon,Mitchell,smitchell@cyberdyne.com,(480) 323-3604,US,North America,West Bethan,37,F,Business,2021-09-22,2021,9,Non-Member,Email,False,English,Visa,Standard,Late Check-out,Active,2023-07-25,Phone Booking,2,24946.74
C0001003480,Anthony,Ward,anthony.ward@gmail.com,+1 352 940 6258,TH,Asia Pacific,South Mollybury,38,M,Leisure,2023-09-10,2023,9,Non-Member,SMS,False,English,Visa,Suite,,Inactive,2025-02-13,Corporate Contract,1,19674.48
C0001003481,James,Kennedy,james.kennedy@umbrellacorp.com,+1 795 930 6787,CA,North America,Leestad,43,M,Business,2022-02-07,2022,2,Platinum,Email,True,English,Visa,Deluxe,,Active,2024-12-13,Phone Booking,13,24229.85
C0001003482,Liam,Taylor,liam_taylor@gmail.com,+91 302 260 3909,IN,Asia Pacific,Wardton,37,M,Family,2021-09-02,2021,9,Non-Member,Email,True,English,Visa,Deluxe,,Inactive,2024-08-17,Corporate Contract,4,12974.28
C0001003483,Alfred,Dupuis,adupuis@gmail.com,0771244728,FR,Europe,Leblancnec,25,M,Business,2022-03-31,2022,3,Basic,Email,True,French,Apple Pay,Deluxe,,Active,2024-06-22,Website Direct,33,17906.36
C0001003484,Helen,Morris,helen51@tyrellcorp.com,+1 768 952 2242,TH,Asia Pacific,Jackview,35,F,Business,2022-04-13,2022,4,Gold,Email,True,English,Visa,Executive,,Active,2024-12-22,OTA Referral,3,3111.46
C0001003485,James,Wilson,jamesw@gmail.com,+1 910 411 6721,TH,Asia Pacific,Emmamouth,29,M,Family,2020-06-20,2020,6,Basic,Email,False,English,PayPal,Deluxe,,Inactive,,Corporate Contract,9,15827.11
C0001003486,Romina,Gabrieli,romina_gabrieli@globex.com,+1 740 489 1848,IT,Europe,Dazio,25,F,Business,2022-11-10,2022,11,Basic,Email,True,Italian,Mastercard,Standard,Non-smoking,Inactive,2025-10-06,OTA Referral,4,2272.09
C0001003487,Tristan,Mendès,guest@email.com,0352861444,FR,Europe,Ledoux,46,M,Leisure,2023-03-03,2023,3,Non-Member,Email,True,French,PayPal,Deluxe,,Active,2025-10-29,Phone Booking,4,6353.01
C0001003488,Hannah,Mahmood,hannahm@icloud.com,+1 621 670 7025,CA,North America,Emmamouth,26,F,Business,2022-07-25,2022,7,Non-Member,SMS,True,English,Mastercard,Executive,,Active,2023-01-26,Phone Booking,0,23368.69
C0001003489,William,Humbert,william_humbert@gmail.com,+33 804 919 766,FR,Europe,Sainte CarolineVille,39,M,Leisure,2023-10-25,2023,10,Non-Member,Email,True,French,American Express,Deluxe,"Early Check-in, Non-smoking",Inactive,,Walk-in,5,10315.16
C0001003490,Stanley,Kelly,stanley66@gmail.com,+1 770 422 5198,KW,Middle East,Gillland,34,M,Business,2024-09-18,2024,9,Non-Member,Email,False,English,Visa,Deluxe,,Active,,Corporate Contract,3,10763.5
C0001003491,Kieran,Sykes,kieran_sykes@umbrellacorp.com,0773 136 373,AU,Asia Pacific,East Derekside,36,M,Business,2024-06-14,2024,6,Non-Member,Email,True,English,Apple Pay,Executive,,Inactive,,Corporate Contract,1,12500.89
C0001003492,Ricarda,González,ricardag@yahoo.com,+1 140 877 4151,AR,South America,الخرافيberg,34,F,Business,2022-02-02,2022,2,Non-Member,Email,True,English,Visa,Executive,,Active,2023-04-16,OTA Referral,1,18515.8
C0001003493,Connor,Holden,cholden@outlook.com,+1 484 602 9487,NL,Europe,Rosemarystad,50,M,Leisure,2019-06-24,2019,6,Gold,Email,True,English,Visa,Family,,Active,2022-06-20,Phone Booking,19,24144.49
C0001003494,Hannah,Scott,hannah21@starkindustries.com,+91 975 427 6543,IN,Asia Pacific,New Andrew,37,F,Business,2020-06-06,2020,6,Platinum,Email,True,English,Apple Pay,Suite,,Inactive,2022-04-11,Walk-in,48,8758.08
C0001003495,명자,이,명자.이@gmail.com,+1 313 765 5680,KR,Asia Pacific,Bradshawport,34,F,Group,2020-05-13,2020,5,Platinum,SMS,True,Korean,PayPal,Standard,,Inactive,2022-08-09,OTA Referral,27,15322.25
C0001003496,Melissa,Barton,melissa_barton@icloud.com,+1 311 743 2452,KW,Middle East,Henryview,52,F,Leisure,2019-11-06,2019,11,Silver,Both,True,English,Mastercard,Deluxe,,Active,2022-08-04,Walk-in,35,3639.4
C0001003497,Jasmine,Morris,jasminem@globex.com,+1 363 376 4275,CH,Europe,Port Philiphaven,40,F,Business,2024-04-26,2024,4,Non-Member,Email,False,English,Visa,Standard,,Active,,Website Direct,0,22550.24
C0001003498,Mark,Smith,msmith@gmail.com,(509) 734-0056,US,North America,East Aimee,32,M,Business,2020-02-24,2020,2,Basic,SMS,True,English,Visa,Suite,,Active,2021-04-02,Phone Booking,2,20844.76
C0001003499,Diane,Pugh,diane.pugh@tyrellcorp.com,0151 238 938,AU,Asia Pacific,Lake Gregory,34,F,Business,2023-06-26,2023,6,Basic,Email,False,English,Visa,Deluxe,,Active,,Phone Booking,44,24741.91
C0001003500,Liam,Lamb,liaml@icloud.com,+1 373 328 4036,MX,North America,Port Christopher,40,M,Leisure,2023-03-14,2023,3,Non-Member,Email,True,English,Google Pay,Standard,,Active,2025-09-04,Walk-in,5,17826.02
C0001003501,Stephen,Barber,stephen.barber@initech.com,+1 564 175 9561,TH,Asia Pacific,New Alexander,25,M,Business,2023-08-03,2023,8,Basic,SMS,True,English,Visa,Standard,,Active,2023-08-13,Phone Booking,44,10290.98
C0001003502,Luke,Bird,luke_bird@gmail.com,+1 811 512 6636,MX,North America,New Toby,33,M,Business,2021-11-18,2021,11,Gold,Email,True,English,Apple Pay,Executive,,Active,,OTA Referral,39,18983.71
C0001003503,Thierry,Faivre,thierry36@icloud.com,0817117125,FR,Europe,Grenier-les-Bains,35,M,Leisure,2020-10-07,2020,10,Silver,Email,True,French,Mastercard,Standard,,Active,2022-02-20,Walk-in,17,18091.91
C0001003504,Adèle,Hardy,adèle_hardy@outlook.com,0401305753,FR,Europe,Laroche-sur-Mer,43,F,Group,2020-02-19,2020,2,Non-Member,Email,True,French,American Express,Standard,,Active,2020-11-24,Walk-in,5,6589.11
C0001003505,Charlotte,Mason,cmason@gmail.com,+1 626 536 5972,CA,North America,Stokesberg,42,F,Business,2019-10-06,2019,10,Silver,Email,True,English,Mastercard,Executive,,Active,2019-11-24,OTA Referral,34,8076.62
C0001003506,Ellie,Begum,ellieb@gmail.com,+1 361 280 2260,SG,Asia Pacific,South Keith,42,F,Group,2021-10-24,2021,10,Silver,None,True,English,American Express,Executive,,Active,2023-02-13,Corporate Contract,27,180.54
C0001003507,Christian,Field,christian.field@icloud.com,+1 688 547 8302,MX,North America,South Alexandermouth,45,M,Leisure,2024-07-08,2024,7,Non-Member,Email,False,English,Visa,Executive,,Active,2024-12-01,Corporate Contract,1,21740.12
C0001003508,Gillian,Slater,gillian_slater@acme.com,+1 102 750 9285,EG,Africa,North Aimee,33,F,Business,2019-09-20,2019,9,Platinum,Email,True,English,American Express,Deluxe,,Active,2020-11-03,Phone Booking,21,8621.58
C0001003509,Marek,Tintzmann,mtintzmann@gmail.com,+49 1997 6723,DE,Europe,Badalzungen,42,M,Family,2024-12-19,2024,12,Gold,Email,True,German,Apple Pay,Standard,,Active,,OTA Referral,32,17017.92
C0001003510,Kathryn,Parker,kparker@gmail.com,+1 780 695 1043,CH,Europe,Kieranhaven,25,F,Business,2023-06-20,2023,6,Non-Member,SMS,True,English,Visa,Suite,"Non-smoking, Allergies",Active,,Corporate Contract,4,16124.62
C0001003511,Gillian,Murray,gillian96@yahoo.com,0295 624 612,AU,Asia Pacific,New Catherine,48,F,Group,2023-01-13,2023,1,Non-Member,Email,True,English,American Express,Suite,,Active,2025-09-03,Walk-in,3,20709.93
C0001003512,Craig,Hewitt,guest@email.com,+1 560 590 6748,CA,North America,West Irene,42,M,Business,2024-11-01,2024,11,Non-Member,SMS,True,English,Visa,Deluxe,,Inactive,2025-10-23,Walk-in,5,10679.89
C0001003513,Mary,Jenkins,mary59@waynecorp.com,+1 255 160 1484,SG,Asia Pacific,Greenwoodton,41,F,Business,2024-05-08,2024,5,Basic,Email,False,English,PayPal,Executive,Non-smoking,Active,,Corporate Contract,24,24834.42
C0001003514,Robin,Nash,robinn@hotmail.com,+91 495 400 1862,IN,Asia Pacific,Port Mandy,25,M,Group,2021-01-09,2021,1,Non-Member,Email,True,English,Mastercard,Deluxe,"Wheelchair Accessible, Late Check-out",Inactive,2021-07-06,Website Direct,4,6743.8
C0001003515,Alfio,Ferrata,alfio_ferrata@outlook.com,+1 165 853 2142,IT,Europe,Valdieri,28,M,Family,2019-09-27,2019,9,Non-Member,Email,False,Italian,Mastercard,Deluxe,,Active,2021-05-11,Website Direct,3,6718.79
C0001003516,红,何,红.何@outlook.com,339 5553 367,CN,Asia Pacific,Walshberg,35,F,Leisure,2024-08-22,2024,8,Non-Member,Email,True,Chinese,Apple Pay,Standard,,Active,2026-11-16,Walk-in,0,12201.79
C0001003517,Donna,Doherty,donna.doherty@gmail.com,+1 454 233 2508,MX,North America,South Guyberg,51,F,Leisure,2020-08-28,2020,8,Basic,Email,True,English,Visa,Standard,,Active,2022-05-03,Walk-in,8,7819.73
C0001003518,Rodolfo,Fattori,rodolfo68@gmail.com,+1 751 219 9242,IT,Europe,Lu Sitagliacciu,41,M,Leisure,2024-11-10,2024,11,Basic,Email,False,Italian,Mastercard,Standard,,Inactive,2026-12-10,Walk-in,22,14118.72
C0001003519,Craig,Kelly,craigk@yahoo.com,+1 981 733 6991,MX,North America,West Rachaelshire,52,M,Leisure,2020-11-23,2020,11,Silver,Email,True,English,Mastercard,Family,,Active,2023-10-12,Walk-in,46,1801.45
C0001003520,裕美子,山本,noemail@provided.com,+81 238-863-919,JP,Asia Pacific,Elliotburgh,52,F,Leisure,2024-11-19,2024,11,Non-Member,Email,True,Japanese,Visa,Executive,"Wheelchair Accessible, Allergies",Active,2025-09-19,Walk-in,5,10923.8
C0001003521,Carly,Green,guest@email.com,+1 559 757 3575,NL,Europe,Metcalfefort,44,F,Business,2024-02-19,2024,2,Basic,Email,False,English,Mastercard,Deluxe,"Late Check-out, Non-smoking",Inactive,,Walk-in,34,7185.58
C0001003522,Wendy,Mann,wendy_mann@gmail.com,(750) 678-4583,US,North America,North Hazel,40,F,Group,2019-12-18,2019,12,Basic,Email,True,English,Visa,Family,,Inactive,2022-10-02,OTA Referral,8,1732.37
C0001003523,Sian,Hayes,sian27@outlook.com,+1 366 102 9982,KE,Africa,Millsbury,29,F,Leisure,2024-10-06,2024,10,Non-Member,Email,False,English,Google Pay,Standard,"High Floor, Non-smoking",Active,2025-11-20,Phone Booking,1,8739.31
C0001003524,Christine,Hall,christineh@gmail.com,479-235-9066,US,North America,Boylechester,39,F,Family,2019-04-21,2019,4,Silver,Email,True,English,Visa,Standard,,Active,2020-09-17,Corporate Contract,1,6531.31
C0001003525,Jack,Ellis,jellis@globex.com,+1 348 682 2635,SE,Europe,Shaneborough,41,M,Business,2019-09-18,2019,9,Basic,Email,True,English,Mastercard,Executive,,Active,,Walk-in,26,7884.66
C0001003526,Georgia,Williams,georgia99@tyrellcorp.com,+1 978 857 1732,MX,North America,East Dawn,41,F,Business,2022-07-06,2022,7,Non-Member,SMS,True,English,Visa,Executive,,Active,2022-12-20,Phone Booking,3,13157.21
C0001003527,Nigel,Taylor,nigelt@yahoo.com,+1 160 948 6741,CA,North America,Alexanderport,35,M,Group,2021-02-09,2021,2,Gold,Both,False,English,Visa,Standard,,Active,2023-10-24,Phone Booking,29,13992.53
C0001003528,Edward,Sheppard,edward.sheppard@gmail.com,+1 147 534 9405,TH,Asia Pacific,East Donnatown,58,M,Leisure,2024-05-14,2024,5,Silver,Email,True,English,American Express,Suite,"Early Check-in, Late Check-out",Active,,Corporate Contract,35,12373.25
C0001003529,Claudine,Barbe,claudine.barbe@oscorp.com,+33 300 023 734,FR,Europe,Dos SantosBourg,32,F,Business,2020-02-19,2020,2,Gold,Email,True,French,Mastercard,Deluxe,,Active,2021-10-29,OTA Referral,35,16706.97
C0001003530,Graham,Clark,graham_clark@tyrellcorp.com,(929) 509-1105,US,North America,Jonathanberg,37,M,Business,2023-08-29,2023,8,Gold,Email,True,English,Mastercard,Ocean View,,Active,2025-11-09,OTA Referral,46,20529.22
C0001003531,Alice,Allen,alice78@yahoo.com,(023) 776-9529,US,North America,North Sian,48,F,Leisure,2024-02-03,2024,2,Basic,Email,True,English,Visa,Family,,Active,2026-11-11,Corporate Contract,24,22439.92
C0001003532,Antony,Robinson,antony91@outlook.com,+1 359 687 7430,MX,North America,Aimeeton,44,M,Leisure,2022-02-28,2022,2,Platinum,Email,True,English,Visa,Deluxe,,Active,2025-01-25,Corporate Contract,21,22207.97
C0001003533,Urs,Liebelt,urs_liebelt@globex.com,+49 1415 6194,DE,Europe,Dachau,38,M,Business,2022-01-14,2022,1,Gold,Email,True,German,Visa,Deluxe,,Inactive,2024-12-16,OTA Referral,19,15949.06
C0001003534,Kenneth,Lloyd,kenneth88@gmail.com,+1 949 757 5403,QA,Middle East,South Judith,43,M,Leisure,2021-07-12,2021,7,Gold,Email,True,English,Visa,Standard,,Inactive,2021-11-11,Corporate Contract,34,12073.41
C0001003535,Bernard,Gérard,bernard60@icloud.com,+33 345 587 278,FR,Europe,Gillesnec,40,M,Leisure,2019-03-21,2019,3,Silver,Email,False,French,Visa,Deluxe,,Active,,Website Direct,22,3525.39
C0001003536,Henri,Bouvier,henri15@waynecorp.com,0099435755,FR,Europe,BruneauVille,34,M,Business,2020-12-09,2020,12,Non-Member,SMS,False,French,American Express,Suite,,Inactive,2022-09-21,Corporate Contract,4,24903.86
C0001003537,Guy,Smith,guys@gmail.com,0653 287 490,AU,Asia Pacific,Mohamedland,50,M,Leisure,2021-02-21,2021,2,Silver,Email,False,English,Mastercard,Deluxe,"Allergies, Non-smoking",Inactive,2024-01-08,OTA Referral,32,10400.87
C0001003538,지연,권,지권@outlook.com,+1 799 539 5079,KR,Asia Pacific,Louiseville,32,F,Business,2023-09-12,2023,9,Basic,Email,True,Korean,Visa,Suite,,Active,2024-11-13,Website Direct,33,22111.99
C0001003539,Mandy,Martin,mandym@dummycorp.com,+1 819 959 3616,CH,Europe,Port Melissa,30,F,Business,2022-06-13,2022,6,Silver,Email,False,English,Visa,Deluxe,,Active,,OTA Referral,7,17120.61
C0001003540,Mohammad,Fisher,mfisher@globex.com,+1 965 559 7115,SE,Europe,Harveyton,34,M,Business,2019-01-18,2019,1,Gold,Email,True,English,Visa,Executive,,Active,2021-08-12,Website Direct,35,6622.87
C0001003541,Yvonne,Hopkins,yvonneh@gmail.com,+91 573 151 4678,IN,Asia Pacific,Thomasberg,36,F,Family,2022-09-01,2022,9,Gold,Email,False,English,Visa,Deluxe,,Inactive,2023-05-13,OTA Referral,32,17300.65
C0001003542,Antony,Parker,antony.parker@umbrellacorp.com,+91 643 444 8649,IN,Asia Pacific,North Darrenland,44,M,Business,2021-01-02,2021,1,Platinum,Email,False,English,Mastercard,Suite,Early Check-in,Active,2021-09-20,Phone Booking,27,4917.15
C0001003543,Sam,Mason,smason@gmail.com,+1 389 966 5673,TH,Asia Pacific,North Marian,42,M,Group,2023-02-28,2023,2,Non-Member,Email,True,English,Apple Pay,Standard,,Active,2023-10-15,Walk-in,5,21730.8
C0001003544,Gary,Davis,gary40@tyrellcorp.com,,AU,Asia Pacific,Aaronchester,54,M,Business,2022-05-31,2022,5,Non-Member,Email,False,English,Visa,Executive,,Inactive,2022-07-21,Website Direct,5,14288.89
C0001003545,Bruce,Hughes,bruce.hughes@example.nl,+1 373 508 6383,NL,Europe,Clarkmouth,27,M,Business,2022-07-15,2022,7,Non-Member,SMS,True,English,Visa,Executive,,Active,,OTA Referral,1,10506.81
C0001003546,Natalie,Graham,natalie.graham@outlook.com,(791) 459-4024,US,North America,Hudsonville,29,F,Family,2020-06-15,2020,6,Silver,Email,True,English,Visa,Family,,Active,2021-09-29,Corporate Contract,39,24573.09
C0001003547,Josh,Higgins,jhiggins@umbrellacorp.com,,MX,North America,Port Conorport,35,M,Business,2019-02-15,2019,2,Basic,SMS,True,English,Visa,Suite,High Floor,Active,2021-03-26,Website Direct,1,4145.87
C0001003548,Toby,Lamb,noemail@provided.com,+44 1005 36967,GB,Europe,West Tina,37,M,Business,2022-05-02,2022,5,Silver,SMS,True,English,Visa,Standard,"Wheelchair Accessible, Late Check-out",Active,,Website Direct,12,12374.93
C0001003549,Yvonne,Sims,ysims@gmail.com,+1 466 701 6820,CA,North America,Adamsborough,23,F,Leisure,2022-10-07,2022,10,Basic,SMS,True,English,Visa,Standard,,Active,2023-08-27,Phone Booking,1,561.23
C0001003550,Joel,Humphreys,joel_humphreys@yahoo.com,+1 237 930 9082,SE,Europe,North Harriet,42,M,Leisure,2019-08-06,2019,8,Non-Member,Email,True,English,Visa,Standard,,Inactive,2020-11-30,Website Direct,0,10451.8
C0001003551,Luisa,Meyer,luisa_meyer@outlook.com,+49 080 64214,DE,Europe,Hannover,54,F,Leisure,2022-01-20,2022,1,Basic,Email,True,German,Mastercard,Deluxe,,Inactive,,Corporate Contract,43,17181.78
C0001003552,Trevor,Hutchinson,trevorh@gmail.com,+1 425 161 9519,SG,Asia Pacific,Ellischester,33,M,Leisure,2019-12-21,2019,12,Gold,SMS,False,English,American Express,Standard,,Inactive,2020-11-02,Phone Booking,16,17458.65
C0001003553,Judith,Watkins,judith92@yahoo.com,+1 256 185 6402,MX,North America,South Derekhaven,47,F,Group,2020-07-03,2020,7,Silver,Email,False,English,Mastercard,Suite,,Inactive,2022-10-11,Phone Booking,0,6262.29
C0001003554,Natalie,Barrett,nbarrett@gmail.com,+1 841 483 8646,CH,Europe,West Edwardmouth,43,F,Business,2022-09-26,2022,9,Silver,Email,True,English,Visa,Deluxe,,Active,2024-01-13,Corporate Contract,19,17147.34
C0001003555,Tom,Fox,tom22@gmail.com,+1 610 359 8769,CH,Europe,Terrybury,41,M,Leisure,2023-09-28,2023,9,Non-Member,Email,False,English,Visa,Deluxe,,Inactive,,Phone Booking,0,6897.2
C0001003556,Adrian,Ball,adrian.ball@umbrellacorp.com,+1 418 399 5510,CH,Europe,Walshbury,39,M,Business,2021-05-24,2021,5,Gold,Email,False,English,Visa,Ocean View,,Active,,OTA Referral,10,12939.19
C0001003557,افتكار,آل محمد بن علي بن جماز,افتكار_آل محمد بن علي بن جماز@gmail.com,+1 704 462 6900,SA,Middle East,Port Abigailberg,36,F,Family,2019-02-24,2019,2,Platinum,Email,True,Arabic,American Express,Family,,Inactive,,Corporate Contract,48,7764.88
C0001003558,Bradley,Hardy,bradley_hardy@starkindustries.com,+1 976 934 2451,CA,North America,Davisstad,28,M,Business,2020-09-01,2020,9,Basic,SMS,True,English,Visa,Deluxe,,Active,2022-12-14,Walk-in,20,12256.29
C0001003559,Melanie,Potter,melaniep@gmail.com,+1 832 569 4827,TH,Asia Pacific,New Janice,49,F,Leisure,2020-12-29,2020,12,Gold,Email,False,English,American Express,Family,,Inactive,2022-03-10,Walk-in,23,7638.75
C0001003560,Anthony,Anderson,anthonya@gmail.com,+91 632 550 1896,IN,Asia Pacific,Lake Stephanieside,42,M,Leisure,2024-02-10,2024,2,Basic,Email,True,English,American Express,Standard,,Active,2026-06-26,Corporate Contract,13,23447.1
C0001003561,Harry,Walton,harry_walton@gmail.com,+1 507 978 3276,CA,North America,Jonesstad,49,M,Family,2020-01-31,2020,1,Basic,Email,True,English,American Express,Deluxe,,Active,2021-01-13,Phone Booking,23,13130.15
C0001003562,Bradley,Holmes,bholmes@gmail.com,+1 478 694 1565,MX,North America,Bishopville,40,M,Leisure,2019-06-05,2019,6,Gold,Email,True,English,American Express,Deluxe,"Wheelchair Accessible, Allergies",Inactive,2020-05-25,Walk-in,49,8132.95
C0001003563,Jean,Shepherd,jean90@icloud.com,+1 367 980 9700,CH,Europe,New Declan,44,F,Leisure,2020-01-15,2020,1,Basic,Email,True,English,PayPal,Standard,,Active,,Walk-in,12,22908.24
C0001003564,Toby,Elliott,toby41@gmail.com,+1 134 161 3251,NL,Europe,East Nataliemouth,36,M,Leisure,2021-08-23,2021,8,Non-Member,SMS,True,English,Visa,Deluxe,,Inactive,,Walk-in,4,15146.02
C0001003565,Jacqueline,Simpson,jsimpson@yahoo.com,707-771-2712,US,North America,North Arthur,38,F,Business,2023-01-17,2023,1,Gold,SMS,True,English,Mastercard,Executive,,Active,2024-07-18,OTA Referral,47,24521.31
C0001003566,Katie,Cooke,katie4@gmail.com,+1 684 947 9158,MX,North America,East Dominic,51,F,Leisure,2020-05-22,2020,5,Non-Member,Email,False,English,Mastercard,Deluxe,,Active,,OTA Referral,3,20009.23
C0001003567,Leonard,Arnold,leonard_arnold@gmail.com,+1 864 804 5467,CA,North America,South Rebeccaville,38,M,Leisure,2023-01-10,2023,1,Gold,Email,True,English,Mastercard,Standard,,Active,2023-08-26,Walk-in,28,5782.91
C0001003568,春香,鈴木,春香.鈴木@tyrellcorp.com,887-351-8759,JP,Asia Pacific,South Brandonfurt,25,F,Business,2021-10-01,2021,10,Silver,Email,True,Japanese,American Express,Suite,,Inactive,2023-08-23,Corporate Contract,47,21112.2
C0001003569,Matthew,Alexander,matthew.alexander@icloud.com,+1 661 654 8570,CA,North America,East Georginatown,39,M,Family,2021-11-04,2021,11,Basic,Email,True,English,Apple Pay,Deluxe,,Active,,Website Direct,11,12395.05
C0001003570,Maria,Burns,maria_burns@outlook.com,+1 605 721 9177,MX,North America,South Paulafurt,52,F,Leisure,2022-01-17,2022,1,Platinum,Email,True,English,Mastercard,Suite,,Active,2022-12-22,Walk-in,31,15673.47
C0001003571,Ian,Long,ian_long@outlook.com,+1 262 458 8618,CA,North America,Robertsfort,39,M,Leisure,2021-01-02,2021,1,Basic,Email,True,English,PayPal,Family,,Active,2021-03-26,Website Direct,12,22140.36
C0001003572,香織,遠藤,香織.遠藤@gmail.com,+81 818-872-561,JP,Asia Pacific,Port Matthew,48,F,Leisure,2022-01-31,2022,1,Non-Member,Email,False,Japanese,Mastercard,Deluxe,,Active,,OTA Referral,5,6088.23
C0001003573,Denis,Dixon,denis.dixon@initech.com,+1 521 497 8267,MX,North America,Port Maureen,40,M,Business,2021-09-01,2021,9,Non-Member,Email,False,English,Visa,Suite,,Active,2024-06-28,Phone Booking,3,20865.05
C0001003574,Suzanne,Thomas,suzannet@yahoo.com,+1 973 933 8404,CA,North America,West Angela,40,F,Family,2024-01-13,2024,1,Non-Member,Email,True,English,Mastercard,Executive,,Inactive,2025-10-31,Corporate Contract,3,15731.94
C0001003575,Gavin,Connor,gavin28@initech.com,0858 350 450,AU,Asia Pacific,Duncanchester,33,M,Business,2019-01-03,2019,1,Gold,SMS,True,English,American Express,Suite,,Active,2021-09-03,Walk-in,37,22765.78
C0001003576,지후,박,지박@outlook.com,+1 730 843 6988,KR,Asia Pacific,North Rhys,45,M,Leisure,2022-02-09,2022,2,Basic,Email,True,Korean,Visa,Standard,,Active,2022-11-06,Corporate Contract,15,13527.58
C0001003577,Julie,Ford,jford@outlook.com,+1 690 540 1391,CH,Europe,Franceshaven,41,F,Family,2019-06-11,2019,6,Non-Member,Email,True,English,Visa,Family,,Active,,Phone Booking,0,11477.09
C0001003578,Santino,Cassarà,santino59@waynecorp.com,+1 806 398 4690,IT,Europe,Borbona,34,M,Business,2021-09-27,2021,9,Non-Member,SMS,False,Italian,Visa,Suite,,Active,,Website Direct,3,8173.39
C0001003579,Tracy,Wilkinson,tracy84@tyrellcorp.com,01808 358 492,GB,Europe,New Douglas,42,F,Business,2022-10-11,2022,10,Non-Member,Email,True,English,Mastercard,Executive,,Active,2025-08-22,OTA Referral,2,9088.02
C0001003580,Lydia,Carr,lydia24@gmail.com,+1 286 343 6567,KW,Middle East,South Maurice,37,F,Leisure,2019-02-11,2019,2,Gold,Email,False,English,Visa,Standard,,Active,2020-09-17,Phone Booking,8,6734.11
C0001003581,Marcelino,Nogueira,marcelino_nogueira@outlook.com,+1 513 585 4278,ES,Europe,Córdoba,36,M,Leisure,2020-10-05,2020,10,Basic,Email,True,Spanish,Mastercard,Standard,,Active,,Website Direct,21,18881.99
C0001003582,Kieran,Hobbs,kieran_hobbs@gmail.com,(734) 104-3008,US,North America,Port Samanthastad,45,M,Leisure,2022-05-16,2022,5,Basic,SMS,False,English,American Express,Standard,Early Check-in,Active,2022-12-20,Corporate Contract,26,3575.24
C0001003583,Stuart,Carroll,stuart.carroll@gmail.com,+1 572 686 2943,MX,North America,East Sharon,49,M,Leisure,2019-09-16,2019,9,Non-Member,SMS,False,English,Visa,Executive,,Inactive,2021-01-31,Website Direct,0,3904.04
C0001003584,真綾,近藤,真近藤@gmail.com,427-738-1864,JP,Asia Pacific,Bishopmouth,42,F,Leisure,2024-06-20,2024,6,Non-Member,Both,True,Japanese,Visa,Executive,Allergies,Active,2027-03-24,Walk-in,1,19212.4
C0001003585,Reece,Lloyd,reecel@outlook.com,+1 848 256 6198,CA,North America,Adamhaven,46,M,Family,2020-08-19,2020,8,Platinum,Email,True,English,Visa,Standard,,Active,2021-12-20,OTA Referral,35,4752.99
C0001003586,مكرّم,آل حسين,مآل حسين@icloud.com,+971 773 216 4259,AE,Middle East,Justinmouth,26,M,Family,2022-08-02,2022,8,Basic,Email,False,Arabic,Mastercard,Family,,Active,2024-01-16,Website Direct,18,5537.38
C0001003587,Hugh,Robertson,hugh28@outlook.com,,GB,Europe,South Joshville,56,M,Leisure,2023-06-24,2023,6,Basic,SMS,True,English,Mastercard,Standard,,Active,2025-07-11,Corporate Contract,34,9470.33
C0001003588,Glenn,Hall,glenn.hall@yahoo.com,(331) 646-4457,US,North America,West Alexander,40,M,Group,2019-11-13,2019,11,Non-Member,None,True,English,Mastercard,Deluxe,,Active,2022-03-15,Corporate Contract,1,7727.41
C0001003589,Steven,Francis,steven23@cyberdyne.com,+61 298 682 362,AU,Asia Pacific,New Amber,42,M,Business,2022-01-11,2022,1,Silver,Email,False,English,PayPal,Standard,"Late Check-out, Allergies",Active,2023-08-16,Walk-in,46,9311.41
C0001003590,Benjamin,Ellis,benjamin_ellis@outlook.com,(585) 668-1444,US,North America,North James,37,M,Business,2022-07-06,2022,7,Non-Member,Both,True,English,Mastercard,Deluxe,,Active,,Corporate Contract,5,21456.68
C0001003591,Alan,Rogers,alan98@gmail.com,0781 518 698,AU,Asia Pacific,Bethanshire,35,M,Family,2023-06-15,2023,6,Basic,SMS,False,English,Visa,Deluxe,,Active,,Walk-in,13,21743.79
C0001003592,Anthony,Dunn,anthony_dunn@gmail.com,09839 540 527,GB,Europe,Ambertown,26,M,Family,2024-11-17,2024,11,Silver,Both,True,English,American Express,Standard,,Inactive,,Corporate Contract,33,22528.43
C0001003593,Pauline,Osborne,pauline.osborne@outlook.com,+91 536 683 4363,IN,Asia Pacific,West Francesca,45,F,Leisure,2024-09-08,2024,9,Basic,Email,False,English,Visa,Deluxe,,Active,2026-01-10,Walk-in,14,8432.82
C0001003594,Denise,Wood,dwood@outlook.com,+1 178 644 2211,MX,North America,East Shannon,48,F,Leisure,2024-11-08,2024,11,Gold,SMS,True,English,PayPal,Deluxe,,Active,2025-04-16,OTA Referral,14,5905.19
C0001003595,Olimpia,Montserrat,olimpia59@umbrellacorp.com,+1 922 438 4475,ES,Europe,La Coruña,32,F,Business,2024-08-06,2024,8,Basic,Email,True,Spanish,Visa,Family,,Active,,Walk-in,33,8294.93
C0001003596,Sébastien,Lemaître,sébastien_lemaître@cyberdyne.com,+33 879 932 331,FR,Europe,Sainte Martin,47,M,Business,2024-04-25,2024,4,Silver,Both,True,French,Mastercard,Ocean View,,Active,2026-10-07,Website Direct,37,1378.34
C0001003597,Sam,Fisher,sam_fisher@gmail.com,+1 288 629 1062,NG,Africa,Ahmedside,36,M,Family,2020-09-12,2020,9,Platinum,Email,True,English,Visa,Family,,Active,2021-04-21,Corporate Contract,46,23915.32
C0001003598,Neil,Scott,neils@gmail.com,+1 311 492 1015,MX,North America,Smithfurt,44,M,Leisure,2024-03-25,2024,3,Gold,Email,False,English,American Express,Standard,,Active,2024-08-16,Website Direct,42,11329.67
C0001003599,Denis,Gough,denis_gough@example.ch,+1 939 609 1802,CH,Europe,New Rhys,34,M,Business,2023-09-22,2023,9,Gold,Email,False,English,Visa,Deluxe,,Active,,Phone Booking,31,3032.58
C0001003600,Denis,Gomez,dgomez@gmail.com,+33 750 701 968,FR,Europe,Charpentierboeuf,54,M,Leisure,2021-06-07,2021,6,Non-Member,Email,True,French,PayPal,Suite,,Active,2023-05-01,Walk-in,4,4271.45
C0001003601,Anthony,Bibi,anthony_bibi@gmail.com,(088) 749-0836,US,North America,North Ericchester,54,M,Leisure,2021-12-21,2021,12,Silver,Email,True,English,PayPal,Standard,,Inactive,2024-08-07,Website Direct,10,6107.16
C0001003602,Daniel,Foster,daniel_foster@cyberdyne.com,+1 576 455 6546,CA,North America,Harveyburgh,42,M,Business,2022-03-17,2022,3,Non-Member,Email,True,English,Mastercard,Standard,,Inactive,2023-04-10,Walk-in,2,16238.03
C0001003603,Tina,Miller,tina.miller@globex.com,+1 252 839 9877,MX,North America,Porterstad,28,F,Business,2020-12-29,2020,12,Basic,Email,False,English,Mastercard,Deluxe,,Active,,Phone Booking,11,23178.57
C0001003604,Terry,O'Brien,to'brien@waynecorp.com,+1 625 384 2433,MX,North America,Bennettmouth,44,M,Business,2022-06-07,2022,6,Gold,Email,True,English,Mastercard,Suite,,Active,2022-09-25,Phone Booking,47,16570.13
C0001003605,晨,许,晨.许@icloud.com,450 1522 178,CN,Asia Pacific,West Joshuashire,30,M,Leisure,2022-01-13,2022,1,Basic,Email,True,Chinese,Mastercard,Executive,,Active,2022-09-08,Phone Booking,3,13759.67
C0001003606,Bruce,Chan,brucec@hotmail.com,+44 7861 41678,GB,Europe,South Tinamouth,38,M,Leisure,2022-03-11,2022,3,Basic,Email,True,English,PayPal,Standard,,Active,2024-03-24,Corporate Contract,27,13502.39
C0001003607,秀英,王,秀英_王@yahoo.com,+86 655 7567 727,CN,Asia Pacific,East Shirleyberg,28,F,Leisure,2019-10-01,2019,10,Gold,Email,False,Chinese,Mastercard,Deluxe,,Active,2022-07-19,Phone Booking,1,1022.45
C0001003608,Guy,Bibi,guy_bibi@gmail.com,+1 846 595 3365,KW,Middle East,Arnoldfurt,39,M,Leisure,2024-07-27,2024,7,Basic,Email,False,English,PayPal,Standard,,Active,2026-06-30,Corporate Contract,0,7758.24
C0001003609,Derek,Butler,test@test.com,+1 258 926 8588,NL,Europe,Joshuafort,43,M,Business,2021-06-30,2021,6,Non-Member,Email,True,English,Visa,Deluxe,,Active,2021-10-02,Website Direct,4,226.88
C0001003610,Garry,Willis,garry72@gmail.com,+91 424 438 7661,IN,Asia Pacific,South Karlmouth,44,M,Family,2019-09-06,2019,9,Non-Member,SMS,False,English,Mastercard,Standard,,Inactive,2021-06-12,Website Direct,4,6580.82
C0001003611,伟,韩,伟韩@waynecorp.com,+86 056 5028 190,CN,Asia Pacific,Duffyfort,36,M,Business,2019-08-08,2019,8,Silver,Email,False,Chinese,Mastercard,Standard,,Active,2020-10-01,Corporate Contract,49,15574.42
C0001003612,Mary,Kaur,mkaur@gmail.com,+1 214 569 7645,NL,Europe,Wardstad,44,F,Group,2024-06-29,2024,6,Silver,Email,True,English,Visa,Deluxe,,Active,,Phone Booking,24,17133.89
C0001003613,성진,최,성진최@outlook.com,+1 451 248 4024,KR,Asia Pacific,Warrenville,33,M,Business,2024-04-24,2024,4,Non-Member,Email,False,Korean,Visa,Standard,,Active,2026-06-27,Corporate Contract,4,1119.35
C0001003614,Jay,Begum,jay_begum@tyrellcorp.com,06170 660 631,GB,Europe,Alisonfurt,39,M,Business,2024-06-20,2024,6,Silver,SMS,True,English,Visa,Suite,,Active,2027-06-12,Phone Booking,15,13628.69
C0001003615,Abdul,Ahmed,aahmed@outlook.com,+1 286 300 8174,SG,Asia Pacific,Natashaborough,29,M,Leisure,2024-05-25,2024,5,Platinum,Both,True,English,Google Pay,Family,"Wheelchair Accessible, Allergies",Active,2024-11-20,Website Direct,3,11519.05
C0001003616,Beth,Rees,beth_rees@gmail.com,+1 301 722 2781,SG,Asia Pacific,West Ashleightown,33,F,Family,2024-10-25,2024,10,Basic,Email,True,English,PayPal,Standard,,Active,,Walk-in,41,14791.98
C0001003617,Janice,Quinn,janice39@gmail.com,+1 367 919 1054,TH,Asia Pacific,Evansstad,25,F,Family,2023-05-26,2023,5,Non-Member,Email,False,English,Mastercard,Standard,,Inactive,2023-09-30,Website Direct,2,19208.43
C0001003618,Charles,Renault,charlesr@gmail.com,+33 076 138 263,FR,Europe,Sainte ÉtienneBourg,42,M,Leisure,2024-01-23,2024,1,Basic,Email,True,French,Apple Pay,Deluxe,,Active,,Phone Booking,35,886.88
C0001003619,Joan,Welch,joanw@gmail.com,(194) 967-6069,US,North America,Brettchester,32,F,Business,2020-07-09,2020,7,Silver,Email,True,English,Mastercard,Executive,,Active,,Walk-in,25,19268.0
C0001003620,Stefania,Heydrich,stefania.heydrich@tyrellcorp.com,+49 067 89332,DE,Europe,Strasburg,34,F,Business,2024-04-30,2024,4,Basic,Email,False,German,Mastercard,Standard,,Inactive,2025-04-12,Website Direct,11,3287.84
C0001003621,Debra,Scott,dscott@outlook.com,+61 609 138 289,AU,Asia Pacific,South Duncan,39,F,Leisure,2020-07-01,2020,7,Non-Member,Email,True,English,American Express,Executive,,Inactive,2022-04-05,Website Direct,3,22110.85
C0001003622,Fedele,Puccini,fedele15@acme.com,+1 200 550 3188,IT,Europe,Acquatraversa Di Formia,30,M,Business,2024-08-11,2024,8,Basic,Email,True,Italian,American Express,Standard,,Active,2027-05-03,Phone Booking,50,4607.21
C0001003623,Wayne,Banks,wayne75@outlook.com,+1 931 254 4967,NL,Europe,Ameliaburgh,43,M,Leisure,2024-04-19,2024,4,Non-Member,Email,True,English,Mastercard,Suite,,Active,2026-01-23,Corporate Contract,1,15124.1
C0001003624,Laura,Evans,levans@gmail.com,+1 193 516 1554,CA,North America,East Lucybury,30,F,Business,2024-05-08,2024,5,Basic,Email,True,English,Mastercard,Executive,,Active,,Phone Booking,16,22108.51
C0001003625,Luciana,Verdone,luciana.verdone@gmail.com,+1 801 826 8991,IT,Europe,Tuglie,48,F,Business,2022-08-06,2022,8,Gold,Email,False,Italian,Visa,Standard,,Active,2025-01-07,Website Direct,37,2636.17
C0001003626,真綾,小川,真綾.小川@initech.com,383-299-6823,JP,Asia Pacific,Fergusonside,34,F,Business,2022-06-20,2022,6,Non-Member,SMS,True,Japanese,Mastercard,Deluxe,,Active,2024-09-26,Corporate Contract,1,14471.97
C0001003627,Sam,Long,noemail@provided.com,554-611-4681,US,North America,Jordanmouth,45,M,Leisure,2022-06-04,2022,6,Silver,Email,False,English,Visa,Deluxe,,Inactive,2024-02-10,Website Direct,4,19489.56
C0001003628,Carole,Edwards,cedwards@outlook.com,05930 887 147,GB,Europe,North Kenneth,34,F,Leisure,2022-11-08,2022,11,Basic,Email,True,English,Mastercard,Suite,,Inactive,,OTA Referral,18,3396.33
C0001003629,Remigio,Arco,remigioa@gmail.com,+1 273 341 2855,ES,Europe,Soria,42,M,Group,2023-04-15,2023,4,Non-Member,Email,True,Spanish,Google Pay,Standard,,Active,,Walk-in,4,9514.84
C0001003630,Norman,Smith,norman41@outlook.com,,US,North America,East Lynne,47,M,Leisure,2022-04-15,2022,4,Basic,Email,True,English,Mastercard,Deluxe,"Wheelchair Accessible, Non-smoking",Active,,Phone Booking,20,22419.5
C0001003631,Joanna,Hall,joanna_hall@gmail.com,+1 868 980 5562,CA,North America,Joelbury,45,F,Leisure,2022-01-01,2022,1,Basic,Both,False,English,Visa,Ocean View,,Active,2024-11-15,Website Direct,0,16008.97
C0001003632,ليساء,آل عطفة,ليساء.آل عطفة@acme.com,+971 178 848 1486,AE,Middle East,South Cheryltown,34,F,Business,2021-04-23,2021,4,Silver,SMS,True,Arabic,Visa,Deluxe,,Active,2022-04-20,Walk-in,37,7801.25
C0001003633,Urbano,Almansa,ualmansa@hotmail.com,+1 799 229 6626,ES,Europe,Valladolid,34,M,Leisure,2024-09-01,2024,9,Silver,Email,True,Spanish,Apple Pay,Suite,,Active,2026-11-19,OTA Referral,42,712.47
C0001003634,Michail,Radisch,test@test.com,+49 836 91027,DE,Europe,Großenhain,42,M,Leisure,2023-08-26,2023,8,Silver,Email,True,German,Visa,Standard,,Active,2024-05-06,Website Direct,22,6342.19
C0001003635,Tina,Taylor,tinat@tyrellcorp.com,361-489-3269,US,North America,Annhaven,36,F,Business,2022-10-19,2022,10,Gold,Email,True,English,Visa,Standard,,Inactive,2022-12-30,Corporate Contract,22,10698.71
C0001003636,Rufino,Vives,rvives@oscorp.com,+1 813 159 8579,ES,Europe,Navarra,48,M,Business,2023-03-08,2023,3,Non-Member,Email,True,Spanish,American Express,Executive,,Active,2023-09-22,Website Direct,0,6713.23
C0001003637,Carol,Holmes,carol_holmes@outlook.com,+1 180 296 7239,CA,North America,Ashleighhaven,30,F,Business,2021-12-02,2021,12,Gold,Email,True,English,Visa,Executive,,Active,2024-05-12,Website Direct,24,20148.42
C0001003638,Tony,Hammond,thammond@gmail.com,+91 215 401 7696,IN,Asia Pacific,Leahhaven,31,M,Leisure,2019-02-14,2019,2,Basic,SMS,False,English,Visa,Family,,Active,,OTA Referral,16,20052.73
C0001003639,Danny,Powell,danny_powell@waynecorp.com,+1 152 363 6127,SG,Asia Pacific,Garyborough,54,M,Business,2019-01-21,2019,1,Non-Member,Email,False,English,Visa,Executive,Late Check-out,Active,2019-09-16,Corporate Contract,5,11199.69
C0001003640,Pauline,Dobson,pauline63@initech.com,01749 908 345,GB,Europe,West Arthurfort,37,F,Business,2021-03-10,2021,3,Platinum,Email,False,English,Visa,Suite,,Active,2021-09-26,Corporate Contract,4,717.59
C0001003641,智也,佐藤,智也佐@gmail.com,407-719-8539,JP,Asia Pacific,Tobyshire,50,M,Business,2023-04-10,2023,4,Silver,None,False,Japanese,Mastercard,Deluxe,,Active,2024-11-19,OTA Referral,44,17829.3
C0001003642,Joanne,Hill,joanne.hill@gmail.com,+1 968 307 8693,SG,Asia Pacific,Georgiaport,36,F,Leisure,2019-05-13,2019,5,Platinum,Email,True,English,American Express,Suite,,Active,,Phone Booking,42,20786.23
C0001003643,صقر,المهيدب,صقر_المهيدب@gmail.com,+971 382 477 6798,AE,Middle East,Port Ruth,46,M,Leisure,2023-10-06,2023,10,Silver,Email,False,Arabic,Visa,Standard,,Inactive,2025-08-07,Corporate Contract,48,417.46
C0001003644,Sam,Harrison,sam44@gmail.com,+1 347 872 9231,MX,North America,Baileymouth,39,M,Leisure,2024-10-30,2024,10,Non-Member,Email,True,English,American Express,Standard,,Active,2026-07-21,Corporate Contract,3,9802.41
C0001003645,瑜,孙,瑜_孙@tyrellcorp.com,,CN,Asia Pacific,Chanview,36,F,Business,2021-06-22,2021,6,Non-Member,Email,True,Chinese,Apple Pay,Suite,,Active,,Corporate Contract,4,11083.76
C0001003646,Ricky,Chapman,noemail@provided.com,+1 497 463 9830,CA,North America,South Mariamouth,48,M,Leisure,2022-07-31,2022,7,Basic,Email,False,English,Visa,Deluxe,,Inactive,2024-01-08,OTA Referral,36,9598.35
C0001003647,Jennifer,Evans,jennifer46@gmail.com,+1 834 321 9296,CH,Europe,Josephmouth,38,F,Leisure,2019-10-26,2019,10,Silver,SMS,False,English,Mastercard,Executive,,Active,,Corporate Contract,26,17792.71
C0001003648,Graham,Hancock,graham24@hotmail.com,(933) 215-0148,US,North America,Newmanshire,43,M,Leisure,2020-11-15,2020,11,Basic,SMS,True,English,American Express,Standard,,Active,2021-12-04,Website Direct,38,16873.39
C0001003649,Kenneth,Mitchell,kmitchell@starkindustries.com,+1 363 974 9748,SE,Europe,Lake Melanie,40,M,Business,2022-05-22,2022,5,Basic,Email,True,English,Apple Pay,Family,,Active,2024-06-10,Walk-in,36,4450.34
C0001003650,Adrian,Pugh,adrian.pugh@gmail.com,+1 419 222 4536,SE,Europe,Birchchester,36,M,Leisure,2022-05-19,2022,5,Gold,Email,False,English,Visa,Standard,,Active,2022-10-11,Phone Booking,5,2448.36
C0001003651,Alexander,Lucas,alucas@outlook.com,+1 885 949 4961,SE,Europe,Henryburgh,46,M,Business,2024-12-06,2024,12,Non-Member,Email,False,English,American Express,Suite,,Active,,Corporate Contract,2,3054.63
C0001003652,Diana,Webster,dwebster@starkindustries.com,+1 460 874 2566,MX,North America,Matthewfort,30,F,Business,2024-10-01,2024,10,Non-Member,Email,False,English,Mastercard,Suite,,Active,2025-11-23,Website Direct,1,18585.29
C0001003653,Valentina,da Cruz,valentinad@yahoo.com,(212) 3196-000,BR,South America,Port Patrickstad,49,F,Group,2023-05-29,2023,5,Non-Member,Email,True,Portuguese,Visa,Executive,,Active,2026-02-20,Walk-in,1,1161.36
C0001003654,Alexander,Henderson,alexander.henderson@gmail.com,+91 965 172 4104,IN,Asia Pacific,Hollandfurt,27,M,Leisure,2023-10-17,2023,10,Basic,Email,False,English,Visa,Standard,,Active,2024-11-17,Corporate Contract,2,9716.24
C0001003655,健一,村上,健一92@gmail.com,931-515-1212,JP,Asia Pacific,South Megan,36,M,Group,2020-07-17,2020,7,Basic,Email,True,Japanese,American Express,Standard,,Active,2022-10-27,OTA Referral,2,16275.89
C0001003656,Colin,Morris,cmorris@cyberdyne.com,+1 773 837 7547,MX,North America,Nicolachester,44,M,Business,2019-02-21,2019,2,Gold,Email,True,English,Visa,Suite,,Active,2021-05-25,Corporate Contract,0,10847.39
C0001003657,Manuela,Escalona,mescalona@gmail.com,+1 521 309 2503,AR,South America,آل عايضstad,34,F,Family,2022-03-31,2022,3,Basic,Email,True,English,Mastercard,Executive,,Inactive,2022-08-16,Walk-in,5,18159.32
C0001003658,Ricky,Morley,rmorley@gmail.com,(924) 361-2951,US,North America,Lake Rhysstad,38,M,Family,2019-01-15,2019,1,Gold,Email,True,English,American Express,Deluxe,"Late Check-out, Wheelchair Accessible",Inactive,2021-08-21,Corporate Contract,6,12396.61
C0001003659,경숙,김,경김@outlook.com,+1 587 493 9096,KR,Asia Pacific,Bethanborough,42,F,Group,2019-11-22,2019,11,Basic,Email,True,Korean,Google Pay,Ocean View,,Inactive,,Corporate Contract,6,16534.11
C0001003660,Robin,Lewis,robin.lewis@gmail.com,428-878-1277,US,North America,Port Deborah,33,M,Leisure,2022-10-12,2022,10,Gold,Email,True,English,Mastercard,Standard,,Active,,Phone Booking,20,603.27
C0001003661,霞,王,霞王@outlook.com,+86 561 3845 494,CN,Asia Pacific,Wrightfurt,51,F,Leisure,2021-08-05,2021,8,Basic,Email,True,Chinese,PayPal,Deluxe,,Active,,OTA Referral,34,13704.32
C0001003662,Teresa,Jordan,teresa_jordan@outlook.com,,KE,Africa,Morganport,50,F,Leisure,2022-12-03,2022,12,Silver,SMS,True,English,PayPal,Family,,Active,2025-08-10,OTA Referral,10,11052.12
C0001003663,Mary,Curtis,mary45@outlook.com,0990 558 640,AU,Asia Pacific,South Colin,51,F,Leisure,2024-03-15,2024,3,Basic,Email,False,English,PayPal,Standard,,Inactive,,OTA Referral,22,727.57
C0001003664,Tracy,Edwards,tracy73@gmail.com,+1 258 342 9241,CH,Europe,South Gareth,30,F,Family,2022-06-23,2022,6,Basic,Email,True,English,Mastercard,Ocean View,"High Floor, Wheelchair Accessible",Active,,Walk-in,20,7260.95
C0001003665,Valentina,Ferrán,vferrán@gmail.com,+1 443 463 2370,ES,Europe,Ávila,24,F,Group,2021-02-19,2021,2,Silver,Email,False,Spanish,Visa,Standard,,Active,2023-01-26,Website Direct,14,614.33
C0001003666,宇,蔡,noemail@provided.com,+86 409 3734 570,CN,Asia Pacific,Kevinhaven,41,M,Leisure,2022-11-04,2022,11,Silver,Email,True,Chinese,Visa,Standard,Wheelchair Accessible,Active,2023-08-13,Corporate Contract,3,12673.78
C0001003667,Antony,Davies,antony.davies@gmail.com,+1 649 829 8784,MX,North America,Marshallbury,30,M,Business,2022-08-22,2022,8,Basic,Email,False,English,Apple Pay,Deluxe,,Active,2023-07-15,Walk-in,31,12414.74
C0001003668,Connor,Winter,connorw@globex.com,+1 140 223 4084,MX,North America,Port Geraldborough,32,M,Business,2023-10-13,2023,10,Basic,SMS,True,English,Mastercard,Standard,,Active,2026-09-27,Website Direct,1,20615.6
C0001003669,Adam,Robinson,adamr@gmail.com,+1 606 257 6832,CH,Europe,Rosiemouth,45,M,Group,2022-03-03,2022,3,Silver,Email,True,English,Apple Pay,Deluxe,,Active,2023-10-26,OTA Referral,46,17806.34
C0001003670,Allan,Wells,allan_wells@gmail.com,+1 471 789 2869,CA,North America,Port Natalie,54,M,Leisure,2021-03-07,2021,3,Basic,Email,False,English,PayPal,Deluxe,,Active,2022-10-09,Phone Booking,31,451.1
C0001003671,Scott,Thomas,scott.thomas@outlook.com,+1 122 935 6051,MX,North America,Kerryberg,42,M,Business,2020-02-21,2020,2,Silver,Email,False,English,Mastercard,Family,,Active,2022-10-27,OTA Referral,12,4660.51
C0001003672,Oliver,Price,oliver91@outlook.com,+1 499 329 3961,KW,Middle East,Aimeefort,54,M,Leisure,2022-04-24,2022,4,Platinum,Email,True,English,Mastercard,Executive,,Active,2024-04-07,Corporate Contract,24,15799.88
C0001003673,Alexander,Wright,alexander.wright@starkindustries.com,+1 129 671 8371,CA,North America,Aliland,33,M,Business,2021-07-13,2021,7,Silver,Email,True,English,American Express,Executive,,Active,2022-08-13,Website Direct,2,9750.36
C0001003674,欢,赵,欢_赵@outlook.com,+86 133 5330 624,CN,Asia Pacific,Reecefort,32,M,Group,2021-03-06,2021,3,Gold,Email,True,Chinese,Visa,Deluxe,,Active,2023-08-15,Phone Booking,6,15597.37
C0001003675,Patrick,Lowe,plowe@gmail.com,+1 803 392 1438,SG,Asia Pacific,South Craigstad,38,M,Leisure,2021-02-01,2021,2,Basic,Email,True,English,Mastercard,Standard,,Active,2022-03-12,OTA Referral,26,7159.91
C0001003676,Rosie,Read,rosie_read@outlook.com,+91 190 927 9398,IN,Asia Pacific,Tuckerville,47,F,Family,2020-01-05,2020,1,Non-Member,SMS,True,English,Visa,Deluxe,"Allergies, Early Check-in",Active,,OTA Referral,1,1148.72
C0001003677,Albert,Davies,albertd@gmail.com,+1 393 394 9818,KW,Middle East,Lake Staceyshire,39,M,Group,2020-12-04,2020,12,Silver,Email,True,English,Mastercard,Standard,,Active,2021-12-31,Phone Booking,22,7190.04
C0001003678,Enrique,Jerez,noemail@provided.com,+1 978 652 1748,ES,Europe,Baleares,47,M,Leisure,2021-06-06,2021,6,Basic,Email,False,Spanish,Visa,Standard,,Active,2022-05-21,Corporate Contract,24,16257.78
C0001003679,淳,井上,淳.井上@gmail.com,+81 386-394-513,JP,Asia Pacific,West Paulaville,43,M,Business,2023-09-29,2023,9,Silver,Email,True,Japanese,Visa,Deluxe,"Early Check-in, Non-smoking",Active,2026-03-12,OTA Referral,37,10430.18
C0001003680,Wayne,Hill,wayne_hill@yahoo.com,+1 298 150 5550,CA,North America,West Charlotte,45,M,Leisure,2022-08-05,2022,8,Basic,Email,True,English,Mastercard,Suite,,Inactive,2024-08-27,OTA Referral,36,19545.87
C0001003681,Rachel,Clarke,rachel.clarke@hotmail.com,+1 856 578 8921,NL,Europe,Janetville,34,F,Leisure,2022-03-27,2022,3,Silver,Email,False,English,Visa,Deluxe,,Active,2022-05-06,Corporate Contract,9,21985.31
C0001003682,Pauline,Evans,noemail@provided.com,+1 848 100 9740,MX,North America,North Francisport,44,F,Business,2022-04-05,2022,4,Gold,SMS,True,English,Mastercard,Standard,,Inactive,,Walk-in,18,23598.01
C0001003683,Mathew,Greenwood,mathewg@gmail.com,(390) 186-2351,US,North America,Kevinfurt,41,M,Leisure,2024-06-30,2024,6,Basic,Email,False,English,PayPal,Standard,,Active,2026-12-30,Corporate Contract,2,17913.24
C0001003684,Grace,Ball,graceb@gmail.com,+1 194 131 3615,CH,Europe,West Kimberleyfort,34,F,Leisure,2020-08-18,2020,8,Silver,Email,False,English,American Express,Standard,,Active,,Website Direct,45,19305.62
C0001003685,Damian,Green,dgreen@icloud.com,+1 909 171 8053,CA,North America,New Connor,42,M,Business,2024-07-01,2024,7,Non-Member,Email,True,English,Mastercard,Deluxe,,Active,2025-03-12,Phone Booking,2,11975.98
C0001003686,Bastian,Dussen van,bastian_dussen van@gmail.com,+49 693 15611,DE,Europe,Neustadt am Rübenberge,45,M,Business,2019-09-05,2019,9,Silver,Email,True,German,Visa,Suite,,Active,2021-07-15,Corporate Contract,34,4495.45
C0001003687,Denis,Baker,denisb@gmail.com,+91 920 477 7649,IN,Asia Pacific,Hannahbury,64,M,Leisure,2024-02-27,2024,2,Silver,Email,True,English,Google Pay,Ocean View,,Active,2026-04-18,Corporate Contract,29,16582.9
C0001003688,Ellie,Baker,ebaker@outlook.com,+1 480 532 9316,CA,North America,South Tracystad,47,F,Group,2021-07-15,2021,7,Basic,Both,True,English,Visa,Standard,,Active,2021-10-06,Walk-in,31,4702.88
C0001003689,Guy,Bryant,guy.bryant@gmail.com,+1 964 651 5095,MX,North America,Port Beth,47,M,Leisure,2023-02-15,2023,2,Non-Member,Email,False,English,Visa,Standard,,Inactive,,Website Direct,0,6556.55
C0001003690,준혁,임,준혁_임@globex.com,+1 806 877 8575,KR,Asia Pacific,Brandontown,29,M,Business,2022-06-28,2022,6,Silver,SMS,True,Korean,Visa,Suite,,Inactive,2023-01-24,OTA Referral,49,3210.08
C0001003691,동현,고,동고@icloud.com,+1 547 205 9296,KR,Asia Pacific,West Suzannefurt,43,M,Business,2023-11-22,2023,11,Non-Member,Email,True,Korean,Mastercard,Standard,Early Check-in,Active,2025-09-20,OTA Referral,5,14451.06
C0001003692,Clímaco,Bas,clímacob@cyberdyne.com,+1 776 134 9221,ES,Europe,Santa Cruz de Tenerife,31,M,Business,2024-09-24,2024,9,Gold,Email,True,Spanish,Google Pay,Executive,,Active,2026-05-19,Walk-in,33,8952.85
C0001003693,Leon,Jennings,leon_jennings@gmail.com,+1 227 836 5764,MX,North America,Curtisview,42,M,Family,2021-01-03,2021,1,Gold,SMS,False,English,PayPal,Suite,,Active,2023-07-31,Walk-in,40,6688.45
C0001003694,超,马,超马@gmail.com,+86 860 2191 224,CN,Asia Pacific,North Rhysmouth,33,M,Leisure,2024-11-21,2024,11,Silver,Email,True,Chinese,Mastercard,Standard,Allergies,Active,2026-12-14,Corporate Contract,9,18031.92
C0001003695,Nazaret,Roura,nazaret.roura@gmail.com,+1 410 718 6306,AR,South America,أبا الخيلfort,44,M,Group,2024-11-04,2024,11,Non-Member,Email,True,English,Mastercard,Suite,,Active,2027-07-28,Walk-in,0,20829.23
C0001003696,Steven,Thomas,steven_thomas@outlook.com,+61 098 273 616,AU,Asia Pacific,Walkerfurt,33,M,Group,2024-01-11,2024,1,Basic,Email,True,English,American Express,Standard,,Active,2024-01-11,Corporate Contract,47,19106.75
C0001003697,Gail,Barnett,guest@email.com,+1 544 190 5268,MX,North America,North Kimmouth,36,F,Business,2023-12-27,2023,12,Non-Member,Email,False,English,Mastercard,Family,Allergies,Active,2025-11-08,Website Direct,5,24499.49
C0001003698,Augusto,Govoni,augustog@globex.com,+1 688 848 3586,IT,Europe,Scarlino Scalo,44,M,Business,2024-11-07,2024,11,Silver,SMS,True,Italian,Mastercard,Standard,,Active,2027-09-06,Website Direct,4,16275.83
C0001003699,Owen,Cunningham,ocunningham@outlook.com,+1 840 100 6934,MX,North America,Richardsonton,38,M,Leisure,2022-07-25,2022,7,Silver,Email,True,English,Mastercard,Standard,,Active,,OTA Referral,29,301.02
C0001003700,Henry,Robinson,henry84@yahoo.com,331-260-8803,US,North America,Jordanfurt,32,M,Family,2022-04-20,2022,4,Gold,SMS,False,English,Mastercard,Deluxe,Non-smoking,Inactive,2024-06-13,Phone Booking,5,1603.15
C0001003701,Jenna,Johnson,jenna.johnson@gmail.com,+1 446 466 9335,NL,Europe,East Timothy,47,F,Family,2022-03-12,2022,3,Silver,Email,False,English,Google Pay,Deluxe,,Active,,Walk-in,7,14364.49
C0001003702,桂荣,袁,桂袁@gmail.com,536 2570 436,CN,Asia Pacific,Brownfurt,52,F,Leisure,2019-08-28,2019,8,Non-Member,Email,True,Chinese,Visa,Executive,,Active,2021-10-12,OTA Referral,0,23618.66
C0001003703,Federico,Opizzi,fopizzi@gmail.com,+1 456 132 9701,IT,Europe,Garessio,36,M,Leisure,2021-09-07,2021,9,Silver,Email,False,Italian,Visa,Executive,,Active,,Corporate Contract,1,10237.44
C0001003704,Lesley,Hurst,lhurst@outlook.com,+1 658 166 3114,CA,North America,Lake Philipchester,50,F,Leisure,2024-08-20,2024,8,Silver,None,True,English,Mastercard,Standard,,Active,2026-07-15,Phone Booking,0,15320.19
C0001003705,Pamela,Fowler,pamela_fowler@gmail.com,+91 212 927 7893,IN,Asia Pacific,South Lucyport,35,F,Family,2024-04-07,2024,4,Non-Member,Email,True,English,Mastercard,Family,,Active,2027-03-14,Website Direct,3,22871.87
C0001003706,Cameron,Harper,cameronh@gmail.com,775-877-4673,US,North America,East Kirstyberg,36,M,Leisure,2022-07-18,2022,7,Non-Member,Both,True,English,American Express,Suite,,Active,,Walk-in,1,6380.02
C0001003707,Jodie,Cooke,jodie_cooke@yahoo.com,(083) 919-2822,US,North America,South Abigailland,31,F,Leisure,2021-03-31,2021,3,Silver,Email,False,English,Visa,Family,,Active,2023-05-25,Website Direct,29,16739.33
C0001003708,Glenn,Chapman,glenn90@acme.com,+1 569 818 3801,SG,Asia Pacific,Whittakerchester,52,M,Business,2023-05-18,2023,5,Non-Member,Email,True,English,Visa,Standard,,Active,2024-06-18,OTA Referral,4,12302.14
C0001003709,Graeme,Wilson,gwilson@gmail.com,+1 380 735 6776,CA,North America,Port Dianestad,38,M,Leisure,2023-08-26,2023,8,Non-Member,SMS,False,English,Mastercard,Deluxe,,Active,2025-03-24,OTA Referral,1,15083.69
C0001003710,Charlotte,Adams,charlotte.adams@example.th,+1 571 430 6170,TH,Asia Pacific,East Janemouth,46,F,Business,2023-01-19,2023,1,Silver,Both,True,English,Mastercard,Standard,,Active,,Phone Booking,40,7119.11
C0001003711,Lynn,Woodward,noemail@provided.com,+1 364 920 2589,MX,North America,Daviesville,30,F,Family,2022-10-31,2022,10,Gold,Email,True,English,Visa,Deluxe,,Active,2024-11-03,OTA Referral,32,21757.95
C0001003712,예준,홍,예준_홍@tyrellcorp.com,+1 401 763 5342,KR,Asia Pacific,Lake Bernard,39,M,Business,2024-12-30,2024,12,Silver,SMS,True,Korean,Visa,Suite,,Active,2027-07-03,Walk-in,29,12778.03
C0001003713,Georgia,Summers,gsummers@acme.com,+1 615 158 2254,CA,North America,Port Bradleychester,36,F,Business,2022-04-17,2022,4,Basic,SMS,False,English,Mastercard,Standard,,Active,2022-12-17,OTA Referral,23,7228.19
C0001003714,Craig,Foster,craig_foster@umbrellacorp.com,379-356-6319,US,North America,Walshstad,41,M,Business,2019-11-12,2019,11,Silver,SMS,False,English,Mastercard,Family,,Active,2020-02-07,Phone Booking,27,14260.85
C0001003715,تاج الدّين,آل صفوان,تاج الدّين.آل صفوان@outlook.com,+1 467 997 8388,SA,Middle East,Jacobside,30,M,Family,2019-02-12,2019,2,Basic,Email,True,Arabic,Visa,Suite,,Active,2020-11-02,Walk-in,15,6635.03
C0001003716,Leandro,Jódar,leandroj@outlook.com,+1 853 976 7784,AR,South America,أحمدport,53,M,Leisure,2021-10-01,2021,10,Basic,Email,False,English,American Express,Deluxe,,Active,2023-03-22,Website Direct,35,9989.88
C0001003717,Keith,Jones,keith.jones@example.mx,+1 696 230 3590,MX,North America,Jennastad,25,M,Business,2020-10-01,2020,10,Non-Member,Email,True,English,Mastercard,Suite,,Active,2022-07-13,Website Direct,2,23715.94
C0001003718,宁,罗,宁_罗@cyberdyne.com,+86 035 3698 365,CN,Asia Pacific,Sarahhaven,36,M,Business,2024-08-13,2024,8,Basic,None,True,Chinese,Visa,Suite,,Inactive,,Corporate Contract,32,3829.44
C0001003719,Joanne,McDonald,joanne.mcdonald@gmail.com,+1 378 918 3135,MX,North America,Port Abbie,33,F,Leisure,2024-03-14,2024,3,Non-Member,Email,True,English,Visa,Standard,,Active,2025-07-25,OTA Referral,5,24649.67
C0001003720,Justina,Dörschner,jdörschner@gmail.com,+49 7867 1041,DE,Europe,Dresden,43,F,Leisure,2023-09-26,2023,9,Basic,Email,True,German,Visa,Executive,,Active,2026-06-03,OTA Referral,0,11455.89
C0001003721,كاشف,العقيل,test@test.com,+971 317 885 5677,AE,Middle East,Alexandrafort,43,M,Leisure,2019-05-20,2019,5,Gold,Both,True,Arabic,Visa,Standard,,Active,2021-01-02,Website Direct,44,16339.54
C0001003722,Andrée,Menard,amenard@outlook.com,+33 190 068 109,FR,Europe,Fabre,40,F,Family,2024-07-22,2024,7,Silver,Email,False,French,American Express,Suite,,Inactive,2027-04-03,OTA Referral,12,23627.24
C0001003723,Cheryl,Palmer,cheryl_palmer@gmail.com,+1 887 301 8475,MX,North America,Jamiestad,30,F,Family,2021-03-28,2021,3,Non-Member,SMS,True,English,Mastercard,Standard,,Active,,Walk-in,0,18779.31
C0001003724,Glen,Coleman,glenc@yahoo.com,+1 487 125 4794,CA,North America,Barryview,32,M,Leisure,2019-08-02,2019,8,Platinum,SMS,False,English,Visa,Deluxe,,Active,,Corporate Contract,6,11443.0
C0001003725,Jeremy,Osborne,josborne@cyberdyne.com,+1 195 399 9835,SG,Asia Pacific,Christianside,50,M,Business,2024-03-29,2024,3,Non-Member,Email,True,English,Mastercard,Executive,,Inactive,2027-03-26,Phone Booking,0,6585.68
C0001003726,Elías,Sola,elías_sola@hotmail.com,+1 539 868 1805,ES,Europe,La Coruña,29,M,Leisure,2022-07-05,2022,7,Silver,Email,True,Spanish,Apple Pay,Standard,,Active,,OTA Referral,12,10041.41
C0001003727,聡太郎,長谷川,聡太郎.長谷川@umbrellacorp.com,238-803-1792,JP,Asia Pacific,Clarkland,52,M,Business,2024-07-25,2024,7,Non-Member,Email,False,Japanese,Mastercard,Suite,,Active,2027-03-13,OTA Referral,1,23041.63
C0001003728,Clifford,Moss,clifford_moss@icloud.com,+1 811 322 6256,MX,North America,Lake Carly,38,M,Business,2022-05-03,2022,5,Platinum,Both,True,English,American Express,Suite,,Active,2024-08-03,Walk-in,1,785.59
C0001003729,Max,Hughes,max_hughes@waynecorp.com,+1 783 775 3752,CO,South America,Paulafurt,42,M,Business,2021-06-26,2021,6,Silver,Email,False,English,Visa,Suite,,Active,2022-03-02,Website Direct,9,22389.91
C0001003730,Carly,Hutchinson,carly_hutchinson@gmail.com,(753) 541-7729,US,North America,South Janicefort,51,F,Leisure,2020-10-17,2020,10,Silver,Email,True,English,PayPal,Standard,,Active,,OTA Referral,30,18916.26
C0001003731,Robin,Bishop,robin35@dummycorp.com,+1 966 453 7576,CO,South America,West Sarastad,27,M,Business,2024-08-23,2024,8,Basic,Email,True,English,Visa,Suite,,Active,,OTA Referral,41,10083.71
C0001003732,Ubaldo,Notarbartolo,ubaldo72@cyberdyne.com,+1 342 424 6307,IT,Europe,Montescaglioso,42,M,Business,2023-06-30,2023,6,Non-Member,SMS,True,Italian,Visa,Executive,,Active,2025-05-09,Website Direct,3,13364.82
C0001003733,Claire,Hurst,guest@email.com,+1 523 743 4881,SE,Europe,Woodschester,31,F,Group,2022-12-03,2022,12,Platinum,Email,False,English,Mastercard,Ocean View,,Active,,Corporate Contract,25,24638.97
C0001003734,Nicholas,Atkinson,nicholas24@hotmail.com,+1 898 765 5129,CA,North America,North Sara,35,M,Business,2020-05-05,2020,5,Basic,Email,True,English,PayPal,Standard,,Active,2023-03-31,Phone Booking,21,16664.52
C0001003735,Gregory,Welch,gregory97@initech.com,+1 695 923 5559,CA,North America,Samport,35,M,Business,2024-08-19,2024,8,Non-Member,Email,True,English,Mastercard,Suite,,Active,2025-12-07,Walk-in,2,21476.74
C0001003736,Martin,Scott,martins@outlook.com,+1 590 212 2005,CA,North America,Samuelshire,49,M,Leisure,2024-04-03,2024,4,Basic,SMS,False,English,Visa,Family,,Active,2026-07-17,Website Direct,0,11331.01
C0001003737,Marc,Bibi,marcb@example.gb,000-000-0000,GB,Europe,Martinside,31,M,Business,2024-12-11,2024,12,Non-Member,Email,False,English,Mastercard,Standard,,Active,2026-05-12,Website Direct,5,18797.59
C0001003738,Priscilla,Leblanc,priscillal@gmail.com,+1 775 856 1183,IT,Europe,Padula,36,F,Leisure,2019-06-13,2019,6,Gold,Email,False,Italian,Visa,Suite,,Active,2020-09-24,Phone Booking,34,4869.86
C0001003739,Guillaume,Grenier,guillaumeg@yahoo.com,+33 538 592 882,FR,Europe,Wagnerdan,33,M,Business,2022-11-09,2022,11,Silver,Email,True,French,Visa,Executive,,Inactive,2025-10-20,Website Direct,26,15341.71
C0001003740,Julie,Taylor,julie_taylor@outlook.com,+1 697 115 8035,CH,Europe,Sheilaside,57,F,Leisure,2022-09-17,2022,9,Basic,Email,False,English,Google Pay,Standard,,Active,2023-01-04,Walk-in,1,2133.79
C0001003741,Christiane,Texier,christianet@outlook.com,0615621677,FR,Europe,Laporte-sur-Schmitt,43,F,Business,2023-07-05,2023,7,Non-Member,Email,False,French,Visa,Suite,,Active,2025-09-14,Walk-in,3,21607.6
C0001003742,Joshua,Clayton,joshua_clayton@gmail.com,+1 732 699 3621,CA,North America,Rachelmouth,33,M,Leisure,2023-01-14,2023,1,Basic,SMS,False,English,Visa,Deluxe,Early Check-in,Active,,Phone Booking,9,17551.55
C0001003743,Lindsey,Porter,lindsey_porter@gmail.com,+1 970 181 7213,CA,North America,West Aimee,41,F,Leisure,2019-10-03,2019,10,Basic,SMS,True,English,American Express,Standard,Allergies,Active,2020-01-01,Corporate Contract,26,3112.07
C0001003744,هزار,كانو,هزار_كانو@gmail.com,+971 266 822 7017,AE,Middle East,Gordonberg,47,M,Leisure,2019-07-11,2019,7,Silver,Email,False,Arabic,Mastercard,Standard,Wheelchair Accessible,Active,,Corporate Contract,49,13457.88
C0001003745,Samantha,Kerr,noemail@provided.com,156-601-1866,US,North America,East Jayborough,42,F,Group,2023-03-30,2023,3,Basic,Email,True,English,Visa,Deluxe,,Inactive,2026-01-31,OTA Referral,5,5326.79
C0001003746,Grace,Mahmood,grace93@gmail.com,+1 165 196 9223,MX,North America,East Hugh,33,F,Leisure,2024-01-27,2024,1,Non-Member,Email,True,English,Visa,Standard,,Active,2026-03-04,Corporate Contract,1,6633.75
C0001003747,Mary,Matthews,mary.matthews@umbrellacorp.com,+91 338 942 7554,IN,Asia Pacific,Robinsonborough,38,F,Business,2023-05-26,2023,5,Basic,Both,False,English,Visa,Standard,,Active,2023-08-21,Walk-in,26,16964.1
C0001003748,Marcus,Hussain,marcus63@dummycorp.com,254-259-8701,US,North America,Kathrynstad,29,M,Business,2019-02-18,2019,2,Silver,Email,True,English,Mastercard,Standard,,Inactive,2021-01-20,Website Direct,42,10126.47
C0001003749,Reece,Brown,reece.brown@gmail.com,04048 246 653,GB,Europe,Smithhaven,33,M,Leisure,2023-08-29,2023,8,Non-Member,SMS,True,English,Visa,Standard,,Active,2026-07-04,Website Direct,2,7058.93
C0001003750,Nicole,Marsh,nicole79@outlook.com,+1 785 171 7604,CH,Europe,North Tonymouth,38,F,Family,2023-02-28,2023,2,Silver,Email,True,English,PayPal,Family,,Active,,OTA Referral,23,7805.9
C0001003751,Charlie,Yates,charlie_yates@globex.com,+1 472 965 1624,CA,North America,West Sharontown,41,M,Business,2020-01-09,2020,1,Platinum,Email,False,English,PayPal,Suite,,Active,2022-10-17,Walk-in,16,3572.77
C0001003752,Elisa,Marini,elisa_marini@gmail.com,+1 438 289 6909,IT,Europe,Giumarra,38,F,Leisure,2020-02-19,2020,2,Silver,Email,True,Italian,Mastercard,Standard,,Active,2022-01-06,Website Direct,17,19265.65
C0001003753,Norman,Price,normanp@yahoo.com,+1 275 778 8036,MX,North America,East Petershire,27,M,Leisure,2022-12-01,2022,12,Platinum,Email,False,English,Visa,Standard,,Active,2023-03-02,Corporate Contract,39,12478.85
C0001003754,Friedlinde,Wernecke,friedlinde66@gmail.com,+49 9131 6559,DE,Europe,Rathenow,53,F,Leisure,2020-06-26,2020,6,Platinum,Email,False,German,Mastercard,Deluxe,,Active,2022-05-21,Corporate Contract,11,21511.58
C0001003755,Shirley,Parkes,shirley89@acme.com,02423 896 738,GB,Europe,New Melissaport,44,F,Business,2023-05-01,2023,5,Basic,SMS,True,English,Mastercard,Suite,,Active,2024-01-22,OTA Referral,28,4370.71
C0001003756,Rhys,Buckley,rhysb@gmail.com,+1 298 396 4156,MX,North America,Port Louis,48,M,Business,2024-02-17,2024,2,Non-Member,Email,True,English,Visa,Deluxe,,Active,,Corporate Contract,4,5854.7
C0001003757,Jonathan,Arnold,jonathan_arnold@starkindustries.com,+1 196 750 7151,CH,Europe,Phillipmouth,26,M,Business,2023-02-28,2023,2,Non-Member,Email,True,English,American Express,Executive,,Active,2024-08-29,Phone Booking,3,1099.23
C0001003758,Wiltrud,Dippel,wiltrud63@yahoo.com,+49 522 62498,DE,Europe,Borna,42,F,Leisure,2024-01-08,2024,1,Non-Member,SMS,True,German,American Express,Family,,Active,,Phone Booking,1,3859.63
C0001003759,عبد الحقّ,الراشد,عالراشد@umbrellacorp.com,+971 238 149 9543,AE,Middle East,Lake Rosemary,35,M,Business,2024-03-07,2024,3,Non-Member,Email,False,Arabic,Visa,Executive,,Active,,Corporate Contract,3,1132.61
C0001003760,Keith,Barnes,keith_barnes@waynecorp.com,000-000-0000,US,North America,Lake Alan,39,M,Business,2024-01-12,2024,1,Non-Member,Both,True,English,Mastercard,Executive,,Active,2025-02-23,Phone Booking,5,18841.07
C0001003761,Graeme,Richardson,graeme_richardson@gmail.com,+1 721 727 3548,KW,Middle East,Port Craigshire,43,M,Leisure,2024-01-17,2024,1,Basic,Both,True,English,Mastercard,Suite,,Active,2025-01-01,Walk-in,13,16460.68
C0001003762,Brian,Smith,noemail@provided.com,+91 727 673 2835,IN,Asia Pacific,Holmestown,49,M,Leisure,2021-08-12,2021,8,Basic,Email,True,English,Mastercard,Standard,,Active,2023-11-27,Walk-in,7,55.88
C0001003763,Terry,Walsh,terryw@gmail.com,+1 268 734 3026,MX,North America,North Charlie,37,M,Leisure,2019-12-30,2019,12,Gold,SMS,True,English,Visa,Deluxe,,Active,2021-12-29,Phone Booking,2,7794.97
C0001003764,Teresa,Blackburn,teresa94@example.sg,+1 822 839 7545,SG,Asia Pacific,Jadehaven,46,F,Business,2020-10-05,2020,10,Silver,Email,True,English,Mastercard,Suite,,Inactive,2022-12-27,Phone Booking,18,12210.63
C0001003765,Amy,Green,amyg@cyberdyne.com,+1 764 585 5693,MX,North America,New Abigail,30,F,Business,2023-05-01,2023,5,Basic,SMS,True,English,American Express,Executive,,Active,2023-05-15,Corporate Contract,28,4448.42
C0001003766,Pauline,Fisher,pfisher@tyrellcorp.com,+1 759 191 8897,TH,Asia Pacific,Websterport,30,F,Business,2019-07-22,2019,7,Gold,Email,True,English,Apple Pay,Standard,,Active,2020-10-31,Phone Booking,40,13443.79
C0001003767,Gerard,Ali,gali@gmail.com,+1 374 695 6693,NL,Europe,New Sianfurt,36,M,Group,2024-07-22,2024,7,Non-Member,Email,False,English,Google Pay,Executive,,Active,2024-12-01,Website Direct,3,14507.57
C0001003768,Luce,Barre,luce_barre@icloud.com,+33 891 153 417,FR,Europe,Saint Lorraine,31,F,Business,2019-09-25,2019,9,Basic,Email,True,French,Mastercard,Standard,,Active,2021-12-14,Phone Booking,27,15098.46
C0001003769,Harriet,Bray,harriet_bray@tyrellcorp.com,+1 903 965 9809,MX,North America,South Vincentside,48,F,Business,2024-07-21,2024,7,Non-Member,Email,False,English,American Express,Standard,,Active,2027-01-09,Phone Booking,3,6716.79
C0001003770,Genoveva,Izaguirre,genoveva_izaguirre@outlook.com,+1 560 390 3566,ES,Europe,Murcia,48,F,Leisure,2021-08-16,2021,8,Basic,Email,False,Spanish,Mastercard,Standard,Late Check-out,Active,2023-01-12,OTA Referral,32,14925.93
C0001003771,Régulo,Tormo,régulo_tormo@tyrellcorp.com,+1 722 836 6339,ES,Europe,Lleida,37,M,Business,2024-11-12,2024,11,Platinum,Email,True,Spanish,Visa,Ocean View,,Active,2025-12-15,Website Direct,46,13419.82
C0001003772,Vincent,Waters,vwaters@outlook.com,02406 955 400,GB,Europe,Janicefort,40,M,Leisure,2023-02-17,2023,2,Silver,Email,False,English,American Express,Standard,"Allergies, Late Check-out",Inactive,2023-08-13,OTA Referral,28,14185.51
C0001003773,Anaïs,Maury,amaury@gmail.com,+33 584 790 627,FR,Europe,Lemonnier-la-Forêt,52,F,Leisure,2024-09-23,2024,9,Basic,Email,False,French,Mastercard,Executive,,Active,2026-08-08,Phone Booking,7,8626.94
C0001003774,민준,장,민준.장@outlook.com,+1 654 134 3806,KR,Asia Pacific,Sharpton,49,M,Leisure,2021-10-28,2021,10,Platinum,Email,False,Korean,Visa,Deluxe,,Active,2024-01-27,OTA Referral,9,11557.8
C0001003775,Lynda,Smith,lynda.smith@hotmail.com,+1 802 709 6683,NL,Europe,Karlbury,48,F,Business,2022-07-11,2022,7,Gold,SMS,False,English,PayPal,Executive,,Active,2022-12-31,Phone Booking,12,23080.22
C0001003776,冬梅,胡,冬梅胡@umbrellacorp.com,+86 769 5735 900,CN,Asia Pacific,Savageview,34,F,Business,2021-10-08,2021,10,Non-Member,Email,True,Chinese,Mastercard,Ocean View,,Active,2022-04-09,OTA Referral,3,13780.07
C0001003777,Nathan,Lynch,nlynch@outlook.com,+1 742 651 5124,CA,North America,West Gailfort,26,M,Leisure,2021-03-22,2021,3,Basic,SMS,True,English,Google Pay,Deluxe,,Active,2021-07-10,Walk-in,45,8502.07
C0001003778,Alexandra,Williamson,alexandra3@hotmail.com,+1 835 765 9407,MX,North America,North Brian,45,F,Business,2022-03-03,2022,3,Basic,SMS,False,English,PayPal,Suite,,Active,,Corporate Contract,21,177.02
C0001003779,Lucy,Moore,lucym@globex.com,778-466-4642,US,North America,South Martinfurt,48,F,Business,2021-11-23,2021,11,Gold,Both,False,English,American Express,Family,,Active,2022-07-08,Corporate Contract,13,17615.35
C0001003780,Joanne,Davies,joanned@hotmail.com,07409 207 107,GB,Europe,West Francesport,56,F,Leisure,2019-04-09,2019,4,Non-Member,Email,False,English,American Express,Executive,,Active,2019-08-31,OTA Referral,5,15027.42
C0001003781,Keith,Russell,keith_russell@gmail.com,+1 241 713 3209,CA,North America,Andrewhaven,48,M,Leisure,2024-11-21,2024,11,Non-Member,Email,True,English,Visa,Suite,,Active,2026-10-08,Corporate Contract,3,1943.99
C0001003782,Michelle,Johnson,michelle_johnson@outlook.com,0944 048 426,AU,Asia Pacific,Lake Rickyberg,42,F,Leisure,2023-05-21,2023,5,Non-Member,Email,False,English,Visa,Standard,,Active,,OTA Referral,5,2460.46
C0001003783,Teresa,Asenjo,tasenjo@dummycorp.com,+1 680 559 9763,AR,South America,East نورهside,33,F,Business,2022-05-13,2022,5,Non-Member,SMS,True,English,American Express,Deluxe,,Active,2025-02-08,Website Direct,1,15964.51
C0001003784,Stuart,Rees,srees@hotmail.com,+1 801 373 9169,CA,North America,Mohammedfurt,45,M,Group,2024-02-25,2024,2,Gold,Email,True,English,Apple Pay,Standard,,Active,2024-12-11,Corporate Contract,7,19145.55
C0001003785,Hans Dieter,Haase,hhaase@gmail.com,+49 748 77589,DE,Europe,Garmisch-Partenkirchen,40,M,Leisure,2024-01-23,2024,1,Basic,Email,True,German,Visa,Deluxe,,Active,2026-09-04,OTA Referral,19,11121.39
C0001003786,Martin,Whittaker,martin89@outlook.com,+1 404 405 4589,SE,Europe,Port Raymond,48,M,Leisure,2023-05-15,2023,5,Non-Member,Email,False,English,Mastercard,Suite,,Inactive,2024-07-14,Website Direct,2,970.06
C0001003787,Barry,Ward,bward@outlook.com,000-000-0000,MX,North America,North Georginastad,31,M,Family,2022-06-23,2022,6,Basic,Both,True,English,Visa,Family,,Active,,Walk-in,5,24469.68
C0001003788,Abdul,Mitchell,amitchell@yahoo.com,(846) 879-8899,US,North America,West Allanfort,37,M,Leisure,2023-10-01,2023,10,Non-Member,SMS,False,English,Mastercard,Standard,,Active,2025-09-03,OTA Referral,1,10943.98
C0001003789,Tony,Miah,tmiah@cyberdyne.com,+1 594 715 7965,MX,North America,New Megan,28,M,Business,2020-02-12,2020,2,Gold,Both,False,English,Mastercard,Ocean View,,Inactive,2022-08-09,Website Direct,24,9141.7
C0001003790,Shannon,Phillips,shannon55@gmail.com,+1 974 207 8229,CA,North America,Buckleyfort,31,F,Family,2022-05-31,2022,5,Non-Member,Email,True,English,Mastercard,Standard,,Active,2024-08-31,OTA Referral,4,7754.9
C0001003791,Roger,King,guest@email.com,+1 829 193 6339,MX,North America,Lake Jasonhaven,52,M,Leisure,2024-04-18,2024,4,Basic,Email,True,English,Visa,Standard,,Inactive,2026-05-10,OTA Referral,5,24386.68
C0001003792,Gavin,Briggs,gavin.briggs@outlook.com,+1 907 576 2462,SE,Europe,West Martin,30,M,Family,2022-10-13,2022,10,Gold,None,True,English,Visa,Family,,Active,,Walk-in,43,8129.43
C0001003793,Charlene,Haynes,charlene36@gmail.com,+1 389 452 3298,SE,Europe,East Valeriehaven,45,F,Leisure,2020-09-18,2020,9,Non-Member,Email,True,English,Mastercard,Standard,,Active,2020-11-17,Website Direct,2,20773.43
C0001003794,Jacqueline,Clark,jacqueline.clark@gmail.com,+1 456 629 4989,CA,North America,Morrisonchester,43,F,Family,2023-01-13,2023,1,Non-Member,SMS,True,English,Mastercard,Deluxe,,Inactive,2024-11-12,Website Direct,4,23245.24
C0001003795,Stewart,Baker,sbaker@gmail.com,+1 231 907 3506,CA,North America,New Alex,39,M,Leisure,2022-11-06,2022,11,Basic,Email,True,English,Mastercard,Standard,,Active,2023-11-12,Walk-in,43,11645.56
C0001003796,Aarón,Gutiérrez,aarón_gutiérrez@gmail.com,+1 631 788 7169,ES,Europe,Ourense,47,M,Leisure,2022-05-28,2022,5,Silver,Email,False,Spanish,Google Pay,Family,,Inactive,2023-11-19,Corporate Contract,11,8267.99
C0001003797,Lisa,Walker,guest@email.com,02679 503 595,GB,Europe,New Leigh,44,F,Leisure,2023-04-14,2023,4,Silver,SMS,False,English,Mastercard,Suite,,Inactive,2023-10-29,Website Direct,49,2750.69
C0001003798,Nico,Hofmann,nico72@initech.com,+49 5572 6409,DE,Europe,Passau,39,M,Business,2019-02-01,2019,2,Non-Member,Email,False,German,Mastercard,Executive,,Active,,Phone Booking,4,18161.62
C0001003799,Clare,Thomson,clare9@outlook.com,+91 120 403 3991,IN,Asia Pacific,New Charles,36,F,Leisure,2020-11-13,2020,11,Non-Member,Both,False,English,Visa,Suite,,Active,2021-10-04,OTA Referral,0,12265.96
C0001003800,Sam,Smith,sam_smith@gmail.com,+1 276 366 1289,CA,North America,Christineville,34,M,Group,2021-07-05,2021,7,Non-Member,SMS,True,English,Mastercard,Standard,,Active,2024-06-22,OTA Referral,1,11294.65
C0001003801,Ricky,Forster,ricky47@gmail.com,+1 590 277 8923,CO,South America,New Denisberg,30,M,Leisure,2021-02-19,2021,2,Silver,Email,True,English,Visa,Standard,,Active,2023-08-22,OTA Referral,36,7208.21
C0001003802,Piersanti,Verdi,piersanti31@gmail.com,+1 226 601 2208,IT,Europe,Roncogno,44,M,Leisure,2020-01-15,2020,1,Gold,Email,True,Italian,Visa,Suite,Allergies,Active,2021-08-26,Phone Booking,43,6656.28
C0001003803,Melanie,O'Donnell,melanie.o'donnell@hotmail.com,+1 572 932 5942,TH,Asia Pacific,Owensshire,44,F,Leisure,2020-09-14,2020,9,Gold,SMS,True,English,Mastercard,Deluxe,,Active,,Walk-in,39,799.24
C0001003804,Elmo,Garobbio,elmo.garobbio@outlook.com,+1 963 802 1086,IT,Europe,Solaro,30,M,Business,2022-05-03,2022,5,Basic,Email,False,Italian,PayPal,Family,,Active,2023-12-17,Website Direct,48,17197.34
C0001003805,Dawn,Martin,dawn20@gmail.com,(406) 852-4180,US,North America,North Caroline,29,F,Leisure,2019-06-04,2019,6,Silver,SMS,True,English,Mastercard,Family,,Active,,Walk-in,33,6044.81
C0001003806,Robin,Smith,robin.smith@outlook.com,(795) 194-8456,US,North America,Haywardberg,43,M,Family,2021-08-24,2021,8,Basic,Email,False,English,American Express,Deluxe,,Active,,Corporate Contract,13,15297.27
C0001003807,Toby,Tyler,toby73@gmail.com,+1 783 919 5886,CA,North America,Brookston,52,M,Leisure,2019-02-14,2019,2,Silver,Email,True,English,Visa,Executive,,Active,2019-11-27,Website Direct,31,17667.03
C0001003808,Hortense,Sanchez,hortense_sanchez@acme.com,0489099934,FR,Europe,Laine,34,F,Business,2019-01-31,2019,1,Basic,Email,True,French,Visa,Ocean View,,Active,2020-06-29,Website Direct,20,17285.98
C0001003809,Agapito,Porcel,agapito48@outlook.com,+1 463 886 2324,ES,Europe,Girona,42,M,Business,2024-11-06,2024,11,Basic,Email,True,Spanish,Apple Pay,Standard,,Active,,Walk-in,34,12421.87
C0001003810,Charles,Letellier,charles45@hotmail.com,0533989311,FR,Europe,GuillouVille,40,M,Group,2020-09-05,2020,9,Silver,SMS,True,French,Visa,Deluxe,,Active,,Corporate Contract,1,23252.09
C0001003811,Andrea,Howe,andreah@gmail.com,+1 517 159 9967,MX,North America,East Mathewchester,31,F,Business,2021-11-25,2021,11,Non-Member,Email,True,English,Apple Pay,Suite,,Active,2024-11-23,Phone Booking,1,19073.51
C0001003812,طلعت,آل رفيع,طلعتآ@yahoo.com,+1 997 463 8293,SA,Middle East,Lake Williamtown,42,M,Family,2024-04-29,2024,4,Non-Member,Email,True,Arabic,Mastercard,Standard,,Inactive,,Walk-in,2,10556.02
C0001003813,Andrea,Baldwin,andrea_baldwin@outlook.com,+1 959 804 9147,MX,North America,Williamport,38,F,Leisure,2023-06-18,2023,6,Basic,SMS,True,English,Mastercard,Standard,,Active,2023-08-14,Website Direct,10,13633.99
C0001003814,Jason,Jackson,noemail@provided.com,,NL,Europe,Davishaven,43,M,Business,2024-08-27,2024,8,Non-Member,SMS,True,English,Mastercard,Standard,,Active,,Website Direct,3,20177.28
C0001003815,Paula,Walsh,paula_walsh@initech.com,,CA,North America,South Leeview,33,F,Business,2022-02-21,2022,2,Silver,Email,True,English,Mastercard,Standard,Allergies,Active,2023-01-19,OTA Referral,33,6585.33
C0001003816,亮介,山田,亮介.山田@icloud.com,+81 057-394-464,JP,Asia Pacific,Dawsonmouth,49,M,Leisure,2021-07-23,2021,7,Silver,SMS,False,Japanese,Mastercard,Standard,,Active,2023-09-10,Phone Booking,1,3250.08
C0001003817,Vincent,Smith,vsmith@gmail.com,+1 448 650 9648,MX,North America,Berryshire,39,M,Leisure,2021-09-06,2021,9,Basic,Both,True,English,Visa,Suite,,Inactive,2024-08-09,Walk-in,12,6856.97
C0001003818,建国,马,建国10@gmail.com,+86 553 9646 259,CN,Asia Pacific,East Kerrybury,41,M,Leisure,2022-01-09,2022,1,Silver,Email,False,Chinese,Google Pay,Suite,,Active,2023-11-28,Walk-in,20,10757.51
C0001003819,Jake,Davies,jake31@outlook.com,(055) 495-5996,US,North America,Baileyside,43,M,Leisure,2019-01-26,2019,1,Gold,Email,True,English,Google Pay,Standard,,Active,,OTA Referral,1,23365.83
C0001003820,Simon,Campbell,scampbell@gmail.com,+1 789 409 5150,MX,North America,East Lawrence,32,M,Group,2024-06-28,2024,6,Basic,Email,True,English,Visa,Executive,,Active,2024-12-18,Phone Booking,44,15724.49
C0001003821,Marie,Gray,marie.gray@oscorp.com,+1 179 540 8028,KW,Middle East,Port Catherine,34,F,Business,2023-01-10,2023,1,Basic,Both,True,English,Apple Pay,Executive,,Active,,Corporate Contract,19,18497.9
C0001003822,Glenn,Morgan,glenn28@umbrellacorp.com,637-987-3985,US,North America,North Lesliefurt,42,M,Business,2022-10-03,2022,10,Non-Member,SMS,True,English,Mastercard,Executive,"Non-smoking, High Floor",Active,,Phone Booking,0,13855.84
C0001003823,Aimé,Evrard,noemail@provided.com,+33 440 617 473,FR,Europe,Saint Antoine,32,M,Family,2024-11-16,2024,11,Non-Member,Email,False,French,American Express,Suite,,Inactive,2027-08-08,Website Direct,4,6390.7
C0001003824,Robert,Edwards,redwards@outlook.com,09661 703 187,GB,Europe,Port Stephen,38,M,Leisure,2020-09-15,2020,9,Basic,Both,True,English,Visa,Family,,Active,,Walk-in,32,18219.59
C0001003825,Liam,Lee,llee@yahoo.com,+91 724 725 8697,IN,Asia Pacific,Smithfort,39,M,Family,2024-06-18,2024,6,Non-Member,Email,True,English,Visa,Standard,,Active,2026-02-10,Corporate Contract,4,4716.0
C0001003826,준호,최,준호_최@yahoo.com,,KR,Asia Pacific,North Patrickville,31,M,Business,2019-08-05,2019,8,Gold,Email,False,Korean,PayPal,Suite,Wheelchair Accessible,Inactive,2020-06-05,Corporate Contract,43,15322.04
C0001003827,聡太郎,福田,聡福田@outlook.com,253-719-8138,JP,Asia Pacific,South Chloe,48,M,Family,2022-10-21,2022,10,Silver,Email,False,Japanese,Visa,Suite,Wheelchair Accessible,Active,2024-01-29,Website Direct,34,8174.53
C0001003828,Sophie,Hawkins,sophie_hawkins@tyrellcorp.com,+1 765 311 4993,SG,Asia Pacific,Joanborough,58,F,Business,2022-05-30,2022,5,Basic,Email,True,English,Visa,Suite,,Active,,OTA Referral,22,5972.19
C0001003829,Leah,Richards,leah_richards@globex.com,+44 0900 48587,GB,Europe,South Holliefurt,45,F,Business,2023-03-15,2023,3,Gold,Email,False,English,Apple Pay,Executive,,Active,2024-01-23,Corporate Contract,27,19448.3
C0001003830,Maria Clara,Correia,mcorreia@outlook.com,+55 977 7022-987,BR,South America,Port Christianmouth,35,F,Business,2024-06-20,2024,6,Basic,Both,True,Portuguese,Mastercard,Executive,,Active,2025-11-04,Corporate Contract,4,2223.69
C0001003831,Aitor,Vargas,aitor60@tyrellcorp.com,+1 548 286 3768,ES,Europe,Lugo,32,M,Business,2023-01-25,2023,1,Basic,Email,True,Spanish,American Express,Deluxe,,Active,2025-01-26,Website Direct,6,8188.89
C0001003832,예준,안,예안@yahoo.com,+1 774 993 8316,KR,Asia Pacific,North Clare,29,M,Business,2021-06-07,2021,6,Non-Member,None,True,Korean,Mastercard,Deluxe,,Active,2022-11-08,Corporate Contract,3,9270.88
C0001003833,Alexandra,Kemp,alexandra62@gmail.com,+1 358 463 2225,CA,North America,Sharonchester,48,F,Leisure,2019-09-10,2019,9,Platinum,Email,False,English,Visa,Ocean View,,Active,2021-07-12,Walk-in,20,14851.62
C0001003834,Morena,Marenzio,morena_marenzio@dummycorp.com,+1 524 150 8841,IT,Europe,Overì,31,F,Business,2021-02-19,2021,2,Basic,SMS,True,Italian,Visa,Standard,,Active,,Corporate Contract,36,16965.63
C0001003835,Elliot,Bibi,ebibi@gmail.com,+1 987 739 8431,CA,North America,Scotttown,38,M,Family,2020-12-10,2020,12,Silver,Both,False,English,Mastercard,Standard,,Inactive,2021-08-20,Walk-in,11,2451.7
C0001003836,Miguel Ángel,Isern,misern@example.ar,+1 759 881 6149,AR,South America,آل قصيرside,41,M,Business,2019-04-30,2019,4,Silver,Email,False,English,Mastercard,Deluxe,,Active,2021-01-23,Walk-in,14,19381.18
C0001003837,بتول,المشاولة,بتولا@cyberdyne.com,+1 675 443 8637,SA,Middle East,Lake Graham,44,F,Business,2019-07-24,2019,7,Gold,Email,True,Arabic,Mastercard,Suite,,Active,2022-02-04,Website Direct,43,11263.97
C0001003838,Macarena,Arjona,macarena_arjona@starkindustries.com,+1 711 664 6792,AR,South America,East حمزةport,49,F,Business,2022-04-12,2022,4,Basic,Email,False,English,Mastercard,Standard,,Active,2023-12-02,Corporate Contract,46,9605.34
C0001003839,Mohammad,Dyer,mohammad93@gmail.com,+1 288 826 5231,CA,North America,South Davidview,48,M,Leisure,2024-10-09,2024,10,Silver,Email,True,English,Mastercard,Deluxe,,Active,,Walk-in,34,3116.98
C0001003840,Eileen,Walker,eileen19@gmail.com,+1 342 884 3503,CA,North America,Lake Hollyburgh,47,F,Leisure,2020-01-28,2020,1,Non-Member,Email,True,English,Visa,Deluxe,,Active,2022-01-01,Website Direct,3,5937.67
C0001003841,Philip,Patterson,philipp@hotmail.com,+1 934 114 1612,MX,North America,Gavinton,37,M,Business,2021-06-02,2021,6,Non-Member,Email,True,English,Mastercard,Standard,,Active,2023-08-09,Walk-in,4,17884.75
C0001003842,Ehrenfried,Heß,ehrenfried.heß@gmail.com,+49 0134 6361,DE,Europe,Erfurt,33,M,Leisure,2023-02-21,2023,2,Silver,Email,False,German,Mastercard,Suite,,Active,2025-06-19,OTA Referral,27,18097.17
C0001003843,Norman,Hill,norman.hill@gmail.com,(084) 574-1937,US,North America,East Amelia,43,M,Group,2022-04-16,2022,4,Basic,Email,True,English,American Express,Family,,Inactive,2024-06-23,Corporate Contract,21,9484.32
C0001003844,Susan,Thorpe,susant@gmail.com,+1 533 643 3418,MX,North America,Ireneside,45,F,Leisure,2020-12-20,2020,12,Basic,SMS,False,English,American Express,Standard,,Active,2023-02-15,OTA Referral,25,2686.82
C0001003845,Emily,Allen,eallen@gmail.com,+1 114 668 7989,CA,North America,Marctown,43,F,Leisure,2023-04-04,2023,4,Basic,Email,True,English,PayPal,Standard,,Active,,Phone Booking,3,16531.8
C0001003846,云,钟,云_钟@acme.com,+86 867 4434 481,CN,Asia Pacific,South Shannon,25,F,Business,2024-09-17,2024,9,Basic,Email,True,Chinese,Google Pay,Standard,,Inactive,2025-07-23,Website Direct,46,9829.14
C0001003847,Juliane,Stadelmann,juliane51@gmail.com,+49 5744 7517,DE,Europe,Jülich,47,F,Leisure,2019-01-09,2019,1,Basic,Email,True,German,Google Pay,Deluxe,"Allergies, Non-smoking",Active,2021-06-12,Phone Booking,11,6425.15
C0001003848,Matthieu,Riou,mriou@outlook.com,0726233868,FR,Europe,Renaud,31,M,Business,2019-10-04,2019,10,Platinum,Email,True,French,American Express,Standard,,Active,2022-05-12,Walk-in,30,7700.02
C0001003849,Hüseyin,Mitschke,noemail@provided.com,+49 4783 6344,DE,Europe,Groß-Gerau,50,M,Group,2024-06-03,2024,6,Silver,Email,True,German,Visa,Standard,,Active,2025-08-30,Website Direct,15,3392.71
C0001003850,Stephanie,Carpenter,stephaniec@gmail.com,+1 392 335 2506,KW,Middle East,Gemmaburgh,40,F,Leisure,2022-03-11,2022,3,Gold,Email,True,English,Visa,Standard,High Floor,Active,2024-07-17,OTA Referral,35,5686.41
C0001003851,Ellie,Hewitt,ellie48@gmail.com,+1 975 441 4635,CA,North America,North Vincentside,29,F,Leisure,2019-02-06,2019,2,Basic,Both,True,English,Apple Pay,Deluxe,,Inactive,2019-07-22,Corporate Contract,40,15071.88
C0001003852,Josephine,Gibson,josephine56@outlook.com,+1 156 796 1797,MX,North America,West Ameliashire,41,F,Leisure,2023-03-21,2023,3,Basic,Email,False,English,Visa,Standard,High Floor,Active,2024-08-27,OTA Referral,28,17874.52
C0001003853,Teresa,French,teresa95@gmail.com,+91 299 314 2684,IN,Asia Pacific,Janetville,53,F,Leisure,2021-01-14,2021,1,Gold,Email,True,English,Mastercard,Standard,,Inactive,2023-04-11,Corporate Contract,8,8660.7
C0001003854,Jill,Holmes,jill.holmes@gmail.com,+1 495 623 1084,SE,Europe,Claireburgh,38,F,Leisure,2023-03-22,2023,3,Platinum,Email,True,English,Visa,Deluxe,,Active,,Phone Booking,25,7616.23
C0001003855,Tony,Thomas,tthomas@starkindustries.com,+1 911 952 7091,CH,Europe,South Clare,28,M,Business,2024-08-30,2024,8,Non-Member,Email,False,English,Mastercard,Standard,,Active,2026-11-14,Phone Booking,0,10717.34
C0001003856,فردوس,العقيل,فردوس.العقيل@gmail.com,+971 263 363 8887,AE,Middle East,Allanborough,41,F,Leisure,2019-08-09,2019,8,Basic,Email,True,Arabic,Visa,Standard,,Active,,Website Direct,38,14012.42
C0001003857,Jacob,Smith,jsmith@outlook.com,+1 877 355 6042,KW,Middle East,Quinnfort,47,M,Leisure,2019-10-31,2019,10,Silver,Email,True,English,Visa,Deluxe,,Active,2021-07-02,OTA Referral,25,8777.92
C0001003858,Laura,Higgins,laurah@gmail.com,+91 476 567 5680,IN,Asia Pacific,East Trevor,54,F,Family,2019-01-09,2019,1,Silver,Email,False,English,American Express,Deluxe,,Active,,Website Direct,22,6182.93
C0001003859,Carolyn,Brown,carolyn_brown@gmail.com,+1 993 753 1285,CA,North America,Port Sianberg,32,F,Leisure,2024-07-08,2024,7,Basic,Email,True,English,Visa,Standard,,Active,2024-08-19,OTA Referral,16,7388.98
C0001003860,Josephine,Moran,josephine.moran@gmail.com,+1 758 106 2380,CA,North America,Geraldhaven,58,F,Leisure,2019-05-19,2019,5,Basic,Email,False,English,Visa,Executive,,Active,,Walk-in,24,11411.04
C0001003861,Bradley,Jones,bradley.jones@outlook.com,+1 370 358 1065,MX,North America,Baxterburgh,46,M,Group,2024-04-25,2024,4,Non-Member,Email,True,English,Mastercard,Standard,,Active,2025-10-04,OTA Referral,3,24947.08
C0001003862,Sandra,Brown,sandra_brown@tyrellcorp.com,0786 099 686,AU,Asia Pacific,Dianefurt,31,F,Business,2021-07-11,2021,7,Silver,Email,True,English,Mastercard,Executive,,Active,2023-03-18,Phone Booking,1,19201.93
C0001003863,Joyce,Davies,joyce70@dummycorp.com,+1 221 847 7488,CO,South America,Port Pamelabury,38,F,Business,2020-06-10,2020,6,Silver,Email,True,English,Mastercard,Standard,,Active,2021-07-04,Website Direct,27,2623.48
C0001003864,Maureen,Heath,test@test.com,+1 787 498 7457,CO,South America,Dawsonshire,38,F,Business,2020-08-20,2020,8,Gold,Email,True,English,Mastercard,Executive,"Allergies, Late Check-out",Active,2021-04-24,Phone Booking,34,13408.37
C0001003865,Corona,Piña,corona.piña@hotmail.com,000-000-0000,ES,Europe,Cuenca,32,F,Group,2022-04-28,2022,4,Basic,Email,True,Spanish,PayPal,Standard,,Active,2022-08-19,Walk-in,30,4241.26
C0001003866,燕,林,燕25@outlook.com,+86 064 6992 024,CN,Asia Pacific,Palmerville,40,F,Group,2024-05-04,2024,5,Gold,Email,True,Chinese,Visa,Executive,,Active,2026-11-14,Phone Booking,6,5812.63
C0001003867,Hayley,Arnold,hayley27@gmail.com,+1 206 574 4358,SG,Asia Pacific,Adamsport,26,F,Group,2023-04-24,2023,4,Basic,Email,True,English,Visa,Standard,,Active,2024-12-10,Website Direct,40,6068.55
C0001003868,Joshua,Price,joshua.price@umbrellacorp.com,+1 584 210 9001,SE,Europe,Graceville,38,M,Business,2023-05-17,2023,5,Basic,Both,True,English,Mastercard,Suite,,Active,2025-03-22,Phone Booking,47,23254.04
C0001003869,Karl,Morris,karl90@gmail.com,+1 798 346 2703,MX,North America,Port Kathrynhaven,47,M,Leisure,2020-10-18,2020,10,Gold,SMS,True,English,Visa,Suite,,Active,,Walk-in,31,7152.55
C0001003870,성현,김,성현.김@oscorp.com,+1 496 797 3513,KR,Asia Pacific,North Barryton,38,M,Business,2019-08-26,2019,8,Gold,Email,True,Korean,Visa,Standard,Early Check-in,Inactive,,Phone Booking,37,19588.22
C0001003871,Ricky,Mason,rmason@gmail.com,+1 584 900 8064,MX,North America,Robertsonland,37,M,Leisure,2021-12-21,2021,12,Non-Member,Email,True,English,Mastercard,Suite,,Active,,Phone Booking,5,24392.92
C0001003872,Terence,Lynch,terence29@acme.com,+1 287 181 3329,MX,North America,Kerryton,35,M,Business,2023-01-17,2023,1,Non-Member,SMS,True,English,Mastercard,Suite,,Active,2024-03-21,Phone Booking,2,19795.76
C0001003873,Fiona,Barber,fbarber@tyrellcorp.com,+91 581 486 2174,IN,Asia Pacific,Elaineville,27,F,Business,2021-05-15,2021,5,Non-Member,SMS,True,English,Visa,Family,,Active,2022-09-17,Website Direct,0,10870.15
C0001003874,Francesca,Saunders,francesca59@yahoo.com,+91 970 740 4589,IN,Asia Pacific,Tonymouth,27,F,Leisure,2021-12-16,2021,12,Non-Member,Both,False,English,Mastercard,Standard,,Active,2023-07-30,Corporate Contract,2,7374.67
C0001003875,Terry,Brown,terry_brown@gmail.com,+1 169 344 5187,KE,Africa,West Sarah,40,M,Leisure,2022-01-08,2022,1,Platinum,Both,True,English,PayPal,Executive,,Active,2024-12-02,Walk-in,17,23244.77
C0001003876,Gerard,White,gwhite@gmail.com,+1 433 588 1594,CA,North America,Doyleport,44,M,Leisure,2023-07-09,2023,7,Non-Member,SMS,False,English,PayPal,Suite,,Active,,Walk-in,0,15754.29
C0001003877,Beverley,Williams,bwilliams@gmail.com,+1 222 277 8000,MX,North America,Pooleberg,37,F,Business,2023-06-27,2023,6,Non-Member,SMS,False,English,Google Pay,Suite,"Allergies, High Floor",Active,,Website Direct,3,6171.96
C0001003878,Max,Wright,max_wright@hotmail.com,+1 266 137 4238,CA,North America,South Joseph,30,M,Leisure,2024-08-15,2024,8,Silver,Email,False,English,American Express,Deluxe,,Active,2025-07-18,Walk-in,46,14078.31
C0001003879,Paulette,Laroche,paulette5@yahoo.com,0468210763,FR,Europe,Rémy,43,F,Leisure,2023-02-19,2023,2,Non-Member,Email,False,French,Apple Pay,Standard,,Active,2025-01-30,Walk-in,2,15668.64
C0001003880,Damien,Walker,damien39@icloud.com,000-000-0000,MX,North America,Cooperport,26,M,Family,2022-03-25,2022,3,Basic,Email,True,English,Visa,Deluxe,,Active,2023-07-03,OTA Referral,13,15633.67
C0001003881,Gabrielle,Meyer,gmeyer@outlook.com,+33 670 081 027,FR,Europe,Vallée-sur-Arnaud,58,F,Leisure,2019-08-05,2019,8,Silver,Email,True,French,American Express,Deluxe,,Active,2021-05-30,Website Direct,8,5095.76
C0001003882,Gordon,Brown,gordon.brown@gmail.com,+1 703 887 2604,CH,Europe,Lake Jemma,36,M,Leisure,2020-05-28,2020,5,Non-Member,Email,True,English,Visa,Standard,,Active,,Walk-in,3,24468.8
C0001003883,Amir,Werner,guest@email.com,+49 8539 9844,DE,Europe,Rosenheim,45,M,Business,2024-07-09,2024,7,Silver,Email,False,German,American Express,Deluxe,,Active,2024-11-17,Corporate Contract,41,13853.61
C0001003884,Jordan,Barnes,test@test.com,+1 944 969 5098,CA,North America,Kateside,41,M,Leisure,2021-06-20,2021,6,Basic,Email,True,English,American Express,Suite,,Inactive,2022-08-22,OTA Referral,44,4331.89
C0001003885,Richard,Rowley,richard.rowley@gmail.com,+44 4584 10454,GB,Europe,West Kyle,45,M,Leisure,2023-09-01,2023,9,Non-Member,SMS,True,English,Mastercard,Standard,"High Floor, Allergies",Inactive,,OTA Referral,2,16674.49
C0001003886,Victoria,Thomas,victoriat@gmail.com,576-383-0241,US,North America,South Natasha,38,F,Family,2022-07-25,2022,7,Basic,Email,True,English,Apple Pay,Suite,,Inactive,2022-12-26,Phone Booking,10,23376.46
C0001003887,Tracey,Hill,thill@globex.com,+1 512 623 5604,CA,North America,Donnellyberg,41,F,Business,2019-08-22,2019,8,Basic,Email,True,English,American Express,Ocean View,,Active,,Website Direct,28,2614.02
C0001003888,예지,이,예지.이@acme.com,+1 827 301 4623,KR,Asia Pacific,Palmerport,37,F,Business,2023-11-30,2023,11,Silver,SMS,True,Korean,Mastercard,Ocean View,,Inactive,2024-12-10,Website Direct,25,6418.95
C0001003889,Kate,Weston,kate.weston@gmail.com,+44 4450 22953,GB,Europe,Harrisfort,36,F,Business,2019-04-18,2019,4,Silver,Email,False,English,Visa,Suite,,Active,,Phone Booking,25,53.49
C0001003890,Shaun,Taylor,shaun_taylor@gmail.com,+1 304 705 4743,MX,North America,Brownchester,45,M,Leisure,2019-05-18,2019,5,Non-Member,Email,False,English,PayPal,Standard,,Active,2021-12-08,Website Direct,0,4860.2
C0001003891,Dale,Phillips,dalep@gmail.com,+1 614 536 9788,CA,North America,Lake Chelseatown,32,M,Family,2023-07-19,2023,7,Non-Member,Email,True,English,PayPal,Suite,,Active,2024-04-17,Corporate Contract,3,24554.16
C0001003892,Nicola,Rhodes,nrhodes@yahoo.com,+1 503 400 8708,CA,North America,East Damiantown,40,F,Leisure,2024-01-08,2024,1,Silver,Email,True,English,Mastercard,Deluxe,,Active,2026-08-21,Phone Booking,14,17224.63
C0001003893,Rhys,Marshall,rhys_marshall@gmail.com,+1 468 248 3263,CH,Europe,New Abigail,37,M,Leisure,2023-11-25,2023,11,Basic,Email,True,English,Visa,Standard,,Active,2024-10-30,Phone Booking,49,17020.14
C0001003894,Judith,Lee,judith_lee@gmail.com,+1 648 747 1038,TH,Asia Pacific,East Ricky,50,F,Leisure,2023-06-11,2023,6,Non-Member,Email,False,English,Mastercard,Standard,,Active,2025-02-26,Website Direct,3,20731.3
C0001003895,宇,何,宇.何@yahoo.com,+86 277 1637 878,CN,Asia Pacific,New Joanmouth,46,M,Family,2021-12-25,2021,12,Non-Member,Email,True,Chinese,Mastercard,Deluxe,,Active,,Walk-in,5,3451.92
C0001003896,Clive,Lewis,clive_lewis@globex.com,+1 620 789 2554,SG,Asia Pacific,Joannamouth,31,M,Business,2019-03-05,2019,3,Non-Member,Email,True,English,Visa,Executive,,Active,2021-12-29,OTA Referral,4,22929.46
C0001003897,Frances,Hughes,francesh@gmail.com,,CA,North America,West Michaelburgh,42,F,Leisure,2020-10-23,2020,10,Silver,Email,True,English,Google Pay,Suite,,Active,,OTA Referral,8,12772.91
C0001003898,Andrea,Ward,andrea.ward@tyrellcorp.com,+1 754 560 5022,MX,North America,South Joe,44,F,Business,2024-08-05,2024,8,Non-Member,Email,True,English,Visa,Deluxe,,Active,2027-03-13,Walk-in,1,19596.61
C0001003899,Kimberley,Wright,kimberley.wright@outlook.com,(970) 741-9501,US,North America,Wongtown,48,F,Group,2019-07-26,2019,7,Gold,SMS,True,English,Mastercard,Standard,,Active,,Website Direct,11,24384.65
C0001003900,Catherine,Smith,catherine_smith@outlook.com,0529 112 839,AU,Asia Pacific,Lake Kathrynport,48,F,Leisure,2024-10-13,2024,10,Basic,Email,True,English,Visa,Executive,,Active,,Website Direct,34,22922.14
C0001003901,Bethan,Knight,bethan_knight@outlook.com,+1 776 878 3162,SE,Europe,East Denis,36,F,Leisure,2024-11-07,2024,11,Silver,SMS,True,English,Visa,Family,,Inactive,,OTA Referral,34,12826.68
C0001003902,Stephen,Thompson,stephen47@gmail.com,+1 922 545 1902,NL,Europe,Quinnshire,44,M,Leisure,2022-02-15,2022,2,Basic,Email,True,English,Mastercard,Suite,,Active,2022-05-28,Website Direct,11,9454.93
C0001003903,千代,山田,千代.山田@yahoo.com,145-130-6474,JP,Asia Pacific,Harrisshire,28,F,Leisure,2022-06-16,2022,6,Non-Member,Email,True,Japanese,Visa,Executive,,Inactive,2022-12-27,Walk-in,4,6042.41
C0001003904,Adrian,Hussain,adrian40@yahoo.com,+1 217 637 2319,SE,Europe,Haynesside,36,M,Leisure,2021-11-28,2021,11,Gold,Email,False,English,Visa,Family,,Active,2022-10-15,Phone Booking,24,22410.39
C0001003905,Frank,Ali,frank78@oscorp.com,+1 103 989 2775,NL,Europe,West Keithmouth,44,M,Business,2020-06-05,2020,6,Silver,Email,True,English,Mastercard,Family,,Active,2023-01-31,OTA Referral,40,1208.97
C0001003906,涼平,佐藤,涼平94@outlook.com,186-639-7784,JP,Asia Pacific,Alicetown,54,M,Leisure,2023-10-23,2023,10,Non-Member,Email,False,Japanese,Mastercard,Standard,,Active,,Website Direct,5,9130.07
C0001003907,Dale,Watkins,dale49@gmail.com,+1 822 223 4096,MX,North America,Lake Paige,46,M,Leisure,2024-09-21,2024,9,Silver,Email,True,English,PayPal,Deluxe,,Active,2027-06-11,Walk-in,21,3480.37
C0001003908,Dionigi,Perini,dionigip@gmail.com,+1 466 426 7483,IT,Europe,Orzinuovi,42,M,Leisure,2022-01-10,2022,1,Platinum,Email,True,Italian,American Express,Standard,,Inactive,2024-12-04,Phone Booking,21,23992.29
C0001003909,Eulalia,Alfonso,eulalia_alfonso@outlook.com,+1 405 195 8485,ES,Europe,Lleida,52,F,Leisure,2020-05-19,2020,5,Non-Member,Email,True,Spanish,Mastercard,Standard,,Active,2022-05-24,Website Direct,4,8685.97
C0001003910,Rhys,Roberts,rhys.roberts@gmail.com,+1 175 396 2879,MX,North America,East Francis,37,M,Leisure,2023-11-22,2023,11,Silver,Both,True,English,Visa,Deluxe,Early Check-in,Active,2024-07-03,Walk-in,10,6288.12
C0001003911,Gracia,Guitart,gracia_guitart@icloud.com,+1 248 825 3592,ES,Europe,Palencia,49,F,Leisure,2019-12-17,2019,12,Non-Member,Email,True,Spanish,Visa,Deluxe,,Active,2022-03-09,Walk-in,4,9486.59
C0001003912,Pauline,Hervé,pauline.hervé@gmail.com,0792314193,FR,Europe,Joubert-sur-Philippe,43,F,Family,2023-04-15,2023,4,Basic,Email,True,French,Mastercard,Suite,,Active,2024-09-19,Corporate Contract,29,5445.98
C0001003913,Mathew,Thompson,mathew6@gmail.com,+1 378 390 4489,SE,Europe,Kathleenberg,37,M,Leisure,2024-06-06,2024,6,Basic,SMS,True,English,Mastercard,Standard,,Active,,Walk-in,9,10608.64
C0001003914,Charlene,Dixon,charlene_dixon@gmail.com,+91 213 161 5419,IN,Asia Pacific,Port Karl,44,F,Leisure,2023-03-29,2023,3,Non-Member,Email,True,English,Visa,Standard,,Active,,Phone Booking,1,15736.46
C0001003915,Olivia,Waters,owaters@initech.com,+1 977 123 6961,CA,North America,North Lucy,46,F,Business,2021-01-14,2021,1,Basic,Email,True,English,Visa,Executive,,Inactive,2022-03-10,Corporate Contract,15,7731.95
C0001003916,亮介,高橋,亮介38@waynecorp.com,+81 365-932-718,JP,Asia Pacific,Brownhaven,34,M,Business,2022-05-19,2022,5,Silver,SMS,True,Japanese,PayPal,Standard,,Inactive,,Corporate Contract,21,11473.34
C0001003917,Ben,Ross,ben31@outlook.com,0393 152 134,AU,Asia Pacific,Jackside,30,M,Leisure,2021-04-18,2021,4,Non-Member,Email,False,English,Visa,Standard,,Active,2021-08-18,Phone Booking,1,19847.13
C0001003918,Shane,Pritchard,spritchard@gmail.com,+1 876 330 6726,ZA,Africa,Lewisbury,38,M,Leisure,2024-01-18,2024,1,Basic,Email,True,English,PayPal,Standard,,Active,2026-06-21,Website Direct,18,24388.89
C0001003919,Joel,O'Brien,joel.o'brien@gmail.com,900-011-3144,US,North America,Shanefort,27,M,Leisure,2019-05-25,2019,5,Silver,SMS,True,English,Visa,Executive,,Inactive,2019-09-03,Walk-in,30,3565.31
C0001003920,Jemma,Mills,jemma_mills@initech.com,+1 755 697 5843,TH,Asia Pacific,Lake Matthewfort,32,F,Business,2021-10-11,2021,10,Basic,SMS,True,English,Visa,Standard,,Inactive,2022-07-10,Website Direct,49,10442.05
C0001003921,Hazel,Collins,hazel.collins@gmail.com,+1 675 368 5821,CA,North America,Mohammadfurt,37,F,Business,2021-08-15,2021,8,Basic,Email,False,English,Apple Pay,Suite,,Active,2022-12-06,Walk-in,40,13593.93
C0001003922,淳,山口,淳山口@outlook.com,+81 282-611-522,JP,Asia Pacific,New Mathew,45,M,Leisure,2024-04-01,2024,4,Basic,Email,False,Japanese,Visa,Executive,Early Check-in,Active,2026-06-22,OTA Referral,27,1303.49
C0001003923,Léon,Laurent,llaurent@oscorp.com,0197128568,FR,Europe,Saint René-la-Forêt,53,M,Business,2021-06-23,2021,6,Silver,None,False,French,Mastercard,Standard,Allergies,Active,2022-03-08,OTA Referral,40,7278.87
C0001003924,Roy,Walker,royw@gmail.com,+1 118 886 6343,SG,Asia Pacific,South Billy,37,M,Family,2019-06-26,2019,6,Basic,SMS,True,English,Apple Pay,Ocean View,,Active,2022-04-19,OTA Referral,49,8185.43
C0001003925,Dale,Lee,dale_lee@gmail.com,+1 335 556 1974,MX,North America,East Janiceside,36,M,Group,2020-01-23,2020,1,Non-Member,Email,False,English,American Express,Suite,,Active,2020-02-18,Website Direct,0,20225.8
C0001003926,Lee,Lucas,lee_lucas@gmail.com,+1 198 974 1468,TH,Asia Pacific,Sarafort,52,M,Group,2019-01-03,2019,1,Silver,SMS,True,English,Visa,Deluxe,,Active,2020-01-13,Walk-in,8,4059.46
C0001003927,Augustin,Berger,augustin_berger@gmail.com,+33 101 025 831,FR,Europe,Rogerdan,48,M,Family,2024-02-09,2024,2,Silver,SMS,True,French,Apple Pay,Standard,,Inactive,2026-02-17,Website Direct,19,4050.4
C0001003928,Geraldine,Lawrence,geraldine56@gmail.com,+1 204 734 3817,TH,Asia Pacific,Thomsonville,37,F,Family,2023-10-05,2023,10,Non-Member,Email,True,English,Mastercard,Standard,,Active,2023-11-25,OTA Referral,4,15535.21
C0001003929,Mathew,Richardson,mathew87@gmail.com,(988) 487-0472,US,North America,Lake Brett,31,M,Group,2021-06-24,2021,6,Non-Member,SMS,False,English,American Express,Deluxe,"Non-smoking, Late Check-out",Active,2022-10-03,Phone Booking,5,23367.07
C0001003930,Carole,Booth,carole_booth@gmail.com,646-977-9883,US,North America,New Howardville,50,F,Leisure,2019-02-22,2019,2,Silver,SMS,False,English,Mastercard,Deluxe,,Active,2020-11-04,Walk-in,42,22935.51
C0001003931,Russell,Harding,guest@email.com,+1 387 503 8039,QA,Middle East,Paigeview,43,M,Leisure,2022-07-22,2022,7,Basic,Email,True,English,Apple Pay,Deluxe,,Active,2025-04-14,Walk-in,50,21654.37
C0001003932,Arthur,Thomas,athomas@gmail.com,+1 102 262 6621,MX,North America,South Dawn,53,M,Leisure,2019-11-13,2019,11,Non-Member,Email,False,English,Visa,Ocean View,,Active,,Walk-in,1,9764.79
C0001003933,Lydia,Vincent,lydiav@tyrellcorp.com,114-463-8587,US,North America,Whiteton,41,F,Business,2019-05-25,2019,5,Platinum,Email,False,English,Visa,Family,,Active,,Walk-in,5,6953.54
C0001003934,Shaun,Bryant,shaun_bryant@example.kw,+1 600 737 5178,KW,Middle East,East Garryhaven,43,M,Business,2019-01-09,2019,1,Non-Member,Email,False,English,Google Pay,Executive,,Active,2019-06-15,Phone Booking,4,1551.18
C0001003935,예원,이,예이@yahoo.com,+1 704 215 4011,KR,Asia Pacific,South Marcusside,39,F,Leisure,2022-10-13,2022,10,Silver,Email,True,Korean,Visa,Family,,Active,2025-10-07,Walk-in,36,6944.73
C0001003936,杨,周,杨.周@gmail.com,+86 628 8045 943,CN,Asia Pacific,New Michaelland,26,M,Business,2024-01-04,2024,1,Non-Member,Email,True,Chinese,Visa,Executive,,Active,,OTA Referral,2,19809.21
C0001003937,Caroline,Pearce,caroline_pearce@gmail.com,+1 983 647 5201,CA,North America,Martinshire,47,F,Leisure,2019-02-17,2019,2,Gold,Email,True,English,Visa,Standard,,Active,2021-04-20,Phone Booking,48,16970.0
C0001003938,Henny,Köhler,hennyk@gmail.com,000-000-0000,DE,Europe,Dinkelsbühl,27,F,Business,2021-05-13,2021,5,Gold,Both,False,German,Visa,Deluxe,,Active,2022-08-08,Phone Booking,0,1136.12
C0001003939,建华,唐,建华唐@yahoo.com,605 3875 253,CN,Asia Pacific,Godfreyside,36,M,Leisure,2022-08-11,2022,8,Gold,Email,True,Chinese,Apple Pay,Deluxe,"Late Check-out, High Floor",Active,2024-07-31,Phone Booking,42,5922.0
C0001003940,Christelle,Voisin,noemail@provided.com,0970141775,FR,Europe,Martin,46,F,Leisure,2022-03-07,2022,3,Non-Member,SMS,True,French,Google Pay,Suite,,Inactive,,OTA Referral,4,8639.91
C0001003941,Carly,Davies,carlyd@outlook.com,(809) 410-3844,US,North America,New Danny,26,F,Business,2024-08-18,2024,8,Silver,Email,True,English,Visa,Standard,,Active,,Phone Booking,8,15918.67
C0001003942,玉英,耿,玉英_耿@acme.com,+86 602 6178 804,CN,Asia Pacific,East Amy,29,F,Business,2024-08-12,2024,8,Basic,Both,True,Chinese,PayPal,Family,,Active,,Phone Booking,37,6452.58
C0001003943,Julia,Moore,julia.moore@gmail.com,(970) 340-5014,US,North America,Morganport,36,F,Family,2024-08-27,2024,8,Basic,Email,False,English,Mastercard,Standard,,Active,,Phone Booking,26,10431.29
C0001003944,Stewart,Foster,stewart_foster@example.gb,+44 0154 69084,GB,Europe,Lucashaven,42,M,Business,2019-08-01,2019,8,Basic,SMS,False,English,American Express,Standard,Late Check-out,Active,2020-06-07,Walk-in,20,4760.87
C0001003945,Valeska,Hartung,vhartung@gmail.com,+49 4324 8157,DE,Europe,Saarbrücken,29,F,Business,2024-08-16,2024,8,Non-Member,Both,False,German,Mastercard,Suite,,Active,,Website Direct,1,2859.88
C0001003946,Carola,Zimmer,carolaz@yahoo.com,+49 929 43973,DE,Europe,Hechingen,49,F,Leisure,2024-12-03,2024,12,Silver,Email,True,German,Visa,Suite,,Active,2025-08-04,OTA Referral,48,6658.92
C0001003947,Shane,Cook,shanec@gmail.com,+1 335 111 9834,CA,North America,South Ritaland,36,M,Leisure,2024-02-20,2024,2,Basic,Both,False,English,Visa,Executive,,Active,2026-01-29,Walk-in,2,23180.27
C0001003948,Martin,Hughes,martin.hughes@example.kw,+1 682 270 3557,KW,Middle East,Malcolmview,33,M,Business,2022-02-02,2022,2,Non-Member,Email,False,English,Apple Pay,Deluxe,,Inactive,,Walk-in,5,10046.87
C0001003949,Antoinette,Klemm,antoinette_klemm@example.de,000-000-0000,DE,Europe,Görlitz,44,F,Business,2021-08-14,2021,8,Non-Member,Email,False,German,Google Pay,Suite,,Active,2022-10-01,Walk-in,0,4092.25
C0001003950,عبد الواحد,آل سلطان,عآل سلطان@tyrellcorp.com,+1 802 763 6059,SA,Middle East,Daviesbury,38,M,Business,2023-11-29,2023,11,Silver,None,True,Arabic,Mastercard,Executive,,Active,,Phone Booking,21,7188.52
C0001003951,Marine,Weiss,marine73@hotmail.com,0687312810,FR,Europe,Saint Laurent-les-Bains,56,F,Leisure,2023-06-19,2023,6,Non-Member,Email,True,French,Mastercard,Standard,,Active,2025-09-30,OTA Referral,5,21535.39
C0001003952,Brian,Stokes,brian_stokes@yahoo.com,+1 444 252 2033,CA,North America,South Georginaville,39,M,Leisure,2021-11-22,2021,11,Silver,SMS,False,English,Mastercard,Deluxe,,Active,2022-09-06,Corporate Contract,38,23926.73
C0001003953,Kim,Marshall,kim.marshall@gmail.com,037-456-9532,US,North America,Leeport,46,F,Business,2020-06-23,2020,6,Silver,Email,True,English,Mastercard,Executive,,Active,,Walk-in,3,8780.49
C0001003954,Jill,Bennett,jill64@yahoo.com,+1 923 970 6739,NL,Europe,Williamtown,46,F,Leisure,2019-04-01,2019,4,Platinum,Both,False,English,Apple Pay,Deluxe,,Inactive,2019-11-11,Walk-in,27,24005.26
C0001003955,Julie,Hill,julie.hill@gmail.com,+44 3092 60791,GB,Europe,Coxberg,21,F,Leisure,2019-11-12,2019,11,Platinum,Email,True,English,Mastercard,Deluxe,"Allergies, High Floor",Active,,Corporate Contract,37,10687.12
C0001003956,Sean,Smith,ssmith@initech.com,053-018-7035,US,North America,Lake Joseph,41,M,Business,2021-06-24,2021,6,Basic,Email,True,English,Apple Pay,Suite,,Inactive,2022-06-08,Walk-in,45,11234.43
C0001003957,Clare,Robson,clare.robson@gmail.com,+1 475 544 6282,CA,North America,New Kellyshire,25,F,Family,2021-05-25,2021,5,Non-Member,Email,True,English,Mastercard,Deluxe,,Active,,Walk-in,4,5605.67
C0001003958,Debra,Brown,debra_brown@tyrellcorp.com,+1 396 105 3608,CA,North America,Hallstad,25,F,Business,2021-02-24,2021,2,Non-Member,Email,True,English,Mastercard,Standard,,Active,2023-02-02,Corporate Contract,3,17089.95
C0001003959,Kim,Wright,kim68@umbrellacorp.com,(598) 258-0554,US,North America,New Irene,42,F,Business,2023-09-13,2023,9,Non-Member,SMS,True,English,Visa,Suite,Non-smoking,Active,2025-08-10,Website Direct,5,16676.1
C0001003960,María Ángeles,Araujo,maría ángeles79@outlook.com,+1 541 620 9584,ES,Europe,Valencia,40,F,Leisure,2023-11-24,2023,11,Basic,Email,True,Spanish,American Express,Standard,,Active,2025-05-12,Corporate Contract,40,10585.03
C0001003961,Sean,Richards,sean_richards@gmail.com,+1 867 600 5418,MX,North America,Port Katyton,42,M,Business,2024-06-20,2024,6,Basic,SMS,False,English,Apple Pay,Deluxe,,Active,2027-04-17,Website Direct,48,1693.26
C0001003962,Ronald,Byrne,test@test.com,+1 108 672 7467,MX,North America,Reidport,36,M,Leisure,2022-06-11,2022,6,Gold,Email,True,English,Visa,Deluxe,,Active,2023-10-15,Walk-in,38,15475.23
C0001003963,Gerard,Jackson,gerard50@gmail.com,+1 226 545 1352,NL,Europe,Edwardsside,35,M,Group,2024-04-13,2024,4,Non-Member,Email,True,English,Apple Pay,Deluxe,,Active,2025-07-08,Corporate Contract,5,22543.1
C0001003964,Valerie,Brooks,test@test.com,+1 865 548 5112,CH,Europe,South Charlesport,34,F,Business,2022-05-06,2022,5,Gold,SMS,False,English,Mastercard,Deluxe,,Active,2025-03-04,Walk-in,24,15442.14
C0001003965,Janet,Allen,noemail@provided.com,+1 393 264 8289,KE,Africa,Marianshire,45,F,Leisure,2019-12-12,2019,12,Non-Member,Email,True,English,Mastercard,Family,,Active,,Walk-in,0,8461.4
C0001003966,Adam,Armstrong,adam16@outlook.com,+1 260 359 5577,NL,Europe,North Adrianville,51,M,Leisure,2024-09-06,2024,9,Non-Member,SMS,True,English,Apple Pay,Deluxe,Allergies,Active,2025-05-21,Corporate Contract,4,17035.88
C0001003967,Graciela,Comas,gcomas@outlook.com,+1 264 859 4334,ES,Europe,Cantabria,47,F,Leisure,2021-08-11,2021,8,Gold,Both,False,Spanish,Visa,Standard,"Early Check-in, Wheelchair Accessible",Active,2024-06-22,Phone Booking,45,16602.62
C0001003968,Albert,Chadwick,achadwick@gmail.com,+1 218 712 7163,MX,North America,Griffithsland,47,M,Leisure,2020-06-20,2020,6,Non-Member,Both,False,English,Visa,Executive,,Inactive,2021-08-27,Phone Booking,4,3872.77
C0001003969,Iris,Mulet,iris_mulet@gmail.com,+1 846 227 4686,ES,Europe,Albacete,38,F,Leisure,2021-06-29,2021,6,Silver,Email,True,Spanish,PayPal,Executive,,Active,,Walk-in,5,19955.7
C0001003970,Alice,Adam,alice.adam@outlook.com,0568790250,FR,Europe,Saint Patrick,50,F,Leisure,2021-05-10,2021,5,Basic,SMS,True,French,Apple Pay,Suite,,Active,,Website Direct,0,21893.72
C0001003971,Donald,Green,dgreen@yahoo.com,+1 380 389 8528,KW,Middle East,Port Kateport,53,M,Leisure,2020-08-27,2020,8,Silver,Email,True,English,Mastercard,Standard,,Active,2022-08-29,Website Direct,23,13096.58
C0001003972,Anouk,Menard,anouk.menard@oscorp.com,0770064985,FR,Europe,Lopez,50,F,Business,2023-08-22,2023,8,Silver,SMS,True,French,Visa,Executive,,Active,2025-10-23,Website Direct,13,16470.53
C0001003973,Matthew,Davis,mdavis@waynecorp.com,(085) 617-5751,US,North America,Howetown,47,M,Business,2019-06-14,2019,6,Silver,Email,True,English,Visa,Deluxe,Non-smoking,Inactive,,Corporate Contract,2,4708.79
C0001003974,Panfilo,Marrone,panfilom@gmail.com,+1 804 513 9251,IT,Europe,Corno Giovine,41,M,Business,2023-08-29,2023,8,Non-Member,Email,False,Italian,Visa,Executive,,Active,2026-05-17,Walk-in,5,738.98
C0001003975,Scott,Stone,scott.stone@icloud.com,+61 765 207 194,AU,Asia Pacific,Hallton,37,M,Leisure,2023-12-20,2023,12,Silver,SMS,True,English,Mastercard,Deluxe,,Active,,OTA Referral,36,4966.32
C0001003976,Albert,Lane,alane@dummycorp.com,914-388-3415,US,North America,South Sianbury,39,M,Business,2022-10-03,2022,10,Gold,Email,True,English,Visa,Deluxe,,Active,,Corporate Contract,40,1132.12
C0001003977,Clifford,Perry,cliffordp@example.us,(091) 073-8178,US,North America,West Reece,32,M,Business,2019-02-15,2019,2,Basic,Email,True,English,American Express,Deluxe,,Active,2020-01-23,Phone Booking,19,2644.47
C0001003978,Luciano,Tresoldi,luciano_tresoldi@outlook.com,+1 922 301 7242,IT,Europe,Montalto Uffugo,26,M,Family,2020-08-02,2020,8,Non-Member,SMS,False,Italian,Mastercard,Standard,"High Floor, Non-smoking",Active,2020-10-16,Corporate Contract,1,15226.09
C0001003979,Dean,Dale,dean.dale@gmail.com,(576) 650-6777,US,North America,Lake Joelview,51,M,Leisure,2022-03-08,2022,3,Silver,None,False,English,Mastercard,Suite,,Inactive,2022-08-11,Phone Booking,26,14438.83
C0001003980,Callum,Bentley,guest@email.com,+1 752 202 9351,TH,Asia Pacific,East Aimee,35,M,Business,2019-03-06,2019,3,Silver,SMS,True,English,Visa,Ocean View,,Inactive,2021-04-15,Phone Booking,3,20750.67
C0001003981,Nathalie,Cordier,nathalie_cordier@umbrellacorp.com,0223608425,FR,Europe,Potier,45,F,Business,2022-01-09,2022,1,Basic,Email,True,French,Visa,Suite,,Active,2023-06-10,OTA Referral,6,13818.79
C0001003982,Sandra,Moss,sandra23@example.ca,+1 697 131 6401,CA,North America,West Dominicshire,35,F,Business,2021-10-15,2021,10,Gold,Email,True,English,American Express,Executive,,Active,,Website Direct,49,11365.07
C0001003983,Dominic,Murphy,dmurphy@oscorp.com,956-550-3304,US,North America,Smithland,33,M,Business,2024-05-23,2024,5,Basic,Email,False,English,Visa,Standard,,Active,,Website Direct,41,24891.96
C0001003984,充,斉藤,充98@outlook.com,+81 753-840-688,JP,Asia Pacific,South Matthewshire,43,M,Leisure,2019-03-23,2019,3,Basic,Email,True,Japanese,Mastercard,Standard,,Active,2022-02-08,Corporate Contract,17,2398.43
C0001003985,Matthew,Carter,matthew70@gmail.com,+1 347 974 9429,CH,Europe,New Bethan,37,M,Family,2019-04-14,2019,4,Silver,Email,True,English,Mastercard,Standard,,Active,,OTA Referral,36,22586.06
C0001003986,Toby,Bell,toby_bell@waynecorp.com,+1 832 376 8418,SE,Europe,New Conorstad,46,M,Business,2021-01-25,2021,1,Silver,SMS,True,English,Visa,Standard,,Active,2021-01-27,Corporate Contract,30,3163.23
C0001003987,Eileen,Robertson,eileenr@starkindustries.com,774-624-5249,US,North America,New Lewis,30,F,Business,2022-11-22,2022,11,Basic,SMS,True,English,Visa,Executive,,Active,,Website Direct,6,21888.01
C0001003988,Allan,Gill,allan.gill@globex.com,+1 115 366 6445,CH,Europe,Trevorview,44,M,Business,2022-10-12,2022,10,Basic,Email,True,English,PayPal,Suite,,Inactive,2024-12-08,OTA Referral,20,22197.0
C0001003989,Robin,Morley,guest@email.com,+61 529 207 187,AU,Asia Pacific,Wrightberg,40,M,Leisure,2023-06-15,2023,6,Basic,Email,True,English,Apple Pay,Executive,,Active,2024-11-20,OTA Referral,46,15936.48
C0001003990,裕太,近藤,裕太78@starkindustries.com,725-232-8806,JP,Asia Pacific,Smithfort,32,M,Business,2021-05-31,2021,5,Silver,Email,True,Japanese,PayPal,Executive,,Active,2021-09-02,Walk-in,43,4436.38
C0001003991,Lesley,Barker,lbarker@gmail.com,+1 407 907 1225,MX,North America,East Gailberg,46,F,Family,2020-06-14,2020,6,Platinum,Email,False,English,Visa,Family,,Active,,Phone Booking,32,7226.28
C0001003992,Paulina,Giacometti,paulina_giacometti@outlook.com,+1 454 830 1167,IT,Europe,Piavon,42,F,Business,2022-03-14,2022,3,Silver,SMS,False,Italian,American Express,Suite,,Active,2023-06-07,Walk-in,14,18955.35
C0001003993,幹,村上,幹_村上@outlook.com,664-083-6558,JP,Asia Pacific,Lesliemouth,49,F,Group,2024-12-02,2024,12,Non-Member,SMS,False,Japanese,American Express,Suite,,Active,2027-05-14,Phone Booking,3,6373.91
C0001003994,Steven,Herbert,steven.herbert@gmail.com,+1 340 359 6514,EG,Africa,Lake Rachael,58,M,Leisure,2022-08-07,2022,8,Gold,Email,True,English,Mastercard,Deluxe,"Allergies, Non-smoking",Active,2025-02-06,OTA Referral,13,6894.9
C0001003995,Maureen,Austin,maustin@waynecorp.com,(918) 732-3492,US,North America,South Deborah,49,F,Business,2023-04-27,2023,4,Gold,Email,True,English,Mastercard,Suite,,Active,2023-12-07,Website Direct,41,11246.8
C0001003996,Keith,Doherty,keith.doherty@gmail.com,,CA,North America,Carolfurt,28,M,Leisure,2019-09-24,2019,9,Gold,SMS,False,English,Mastercard,Family,,Active,,OTA Referral,41,1025.4
C0001003997,Glenn,Green,ggreen@icloud.com,+1 936 563 6225,MX,North America,Antonyton,28,M,Leisure,2023-03-17,2023,3,Basic,Email,True,English,Visa,Ocean View,,Active,2026-03-03,Phone Booking,5,9360.88
C0001003998,옥순,이,옥순_이@icloud.com,+1 725 420 4358,KR,Asia Pacific,Newtonstad,50,F,Leisure,2024-10-02,2024,10,Non-Member,Email,False,Korean,Visa,Suite,,Active,,Website Direct,1,5835.33
C0001003999,Marie,Williams,mwilliams@hotmail.com,+1 548 705 7094,MX,North America,Lowehaven,33,F,Leisure,2023-05-23,2023,5,Silver,Email,True,English,Mastercard,Standard,,Active,2023-06-19,Walk-in,30,15948.65
C0001004000,Kieran,Harding,noemail@provided.com,+1 893 678 9204,MX,North America,South Geraldineport,47,M,Business,2019-03-01,2019,3,Silver,Email,True,English,Visa,Deluxe,,Active,2021-12-09,Walk-in,21,371.32
C0001004001,淳,松田,淳33@yahoo.com,161-986-1256,JP,Asia Pacific,Adamsmouth,47,M,Leisure,2024-03-13,2024,3,Basic,SMS,True,Japanese,American Express,Standard,"Late Check-out, Allergies",Active,,Walk-in,35,9891.84
C0001004002,Joseph,Lowe,josephl@outlook.com,+1 910 675 3806,NG,Africa,South Sophie,32,M,Leisure,2022-08-25,2022,8,Gold,Email,True,English,American Express,Executive,,Active,2024-07-03,OTA Referral,6,6299.84
C0001004003,Lesley,Mitchell,lesley_mitchell@gmail.com,803-445-6487,US,North America,Emmaport,52,F,Leisure,2019-05-01,2019,5,Non-Member,Email,True,English,Visa,Suite,,Active,2020-05-02,Corporate Contract,1,2335.42
C0001004004,Mathew,Perry,mathew29@gmail.com,+1 462 876 8835,TH,Asia Pacific,Dennisland,34,M,Family,2021-01-19,2021,1,Basic,Email,True,English,Mastercard,Suite,,Active,2023-10-14,Website Direct,9,104.81
C0001004005,Rebecca,Holland,rebecca63@yahoo.com,(807) 744-0454,US,North America,Rogerton,43,F,Family,2022-09-15,2022,9,Silver,Email,True,English,Visa,Standard,,Active,,Walk-in,8,24053.36
C0001004006,Gregory,Reid,gregory22@yahoo.com,+1 165 610 8155,CH,Europe,Timothyborough,51,M,Leisure,2020-04-13,2020,4,Gold,None,True,English,American Express,Suite,,Active,2021-08-29,Walk-in,24,17719.76
C0001004007,Ross,Lynch,rossl@outlook.com,+1 847 124 5698,KW,Middle East,Kayville,53,M,Leisure,2024-03-15,2024,3,Non-Member,Email,True,English,Mastercard,Deluxe,,Inactive,2025-11-04,Walk-in,0,22797.78
C0001004008,Allan,Chapman,allanc@icloud.com,+1 668 312 3325,MX,North America,East Julie,53,M,Leisure,2020-02-05,2020,2,Silver,SMS,True,English,Visa,Suite,,Inactive,2022-02-17,Walk-in,18,6321.89
C0001004009,Megan,White,megan_white@gmail.com,+1 448 677 5079,NL,Europe,Edwardsfort,31,F,Family,2020-06-05,2020,6,Silver,Email,False,English,Visa,Executive,,Active,,Phone Booking,34,16.79
C0001004010,Elliott,Barker,ebarker@gmail.com,+1 272 617 1931,SG,Asia Pacific,Wendyhaven,36,M,Leisure,2021-11-08,2021,11,Non-Member,Email,False,English,Mastercard,Ocean View,,Active,2022-03-28,Corporate Contract,4,24119.83
C0001004011,Terry,Mitchell,guest@email.com,+1 287 334 1481,CA,North America,Patriciashire,40,M,Business,2019-03-13,2019,3,Non-Member,SMS,True,English,Mastercard,Suite,,Active,2021-06-27,OTA Referral,2,8261.5
C0001004012,ترف,آل بن ظافر,ترف80@acme.com,+971 562 462 6486,AE,Middle East,South Zoeville,34,F,Business,2023-11-01,2023,11,Basic,Email,True,Arabic,Visa,Deluxe,,Active,,Phone Booking,28,16193.24
C0001004013,Tina,Talbot,tina.talbot@gmail.com,+1 899 979 6538,TH,Asia Pacific,New Emma,46,F,Leisure,2022-11-06,2022,11,Platinum,Email,True,English,Visa,Suite,,Inactive,,Website Direct,0,18468.06
C0001004014,Lawrence,Miles,lawrence75@yahoo.com,658-801-0511,US,North America,Gillianmouth,51,M,Leisure,2021-05-31,2021,5,Basic,Email,True,English,Visa,Suite,,Active,2022-04-10,Corporate Contract,1,15236.15
C0001004015,Sylvana,Henck,sylvana90@gmail.com,+49 3176 2008,DE,Europe,Badoberan,36,F,Leisure,2024-06-19,2024,6,Non-Member,Email,True,German,Mastercard,Standard,,Active,,Corporate Contract,1,16538.25
C0001004016,Conrado,Villaverde,conradov@gmail.com,+1 564 309 6015,ES,Europe,Álava,42,M,Leisure,2019-04-18,2019,4,Non-Member,Email,False,Spanish,Mastercard,Standard,,Inactive,2019-10-27,OTA Referral,5,3632.26
C0001004017,Alison,Wilkinson,alison.wilkinson@yahoo.com,+1 248 397 7648,MX,North America,Morganborough,41,F,Leisure,2019-10-07,2019,10,Gold,Both,False,English,Visa,Standard,,Active,2021-12-09,Website Direct,13,22057.99
C0001004018,Heitor,Cunha,heitor22@oscorp.com,,BR,South America,Robertsonborough,34,M,Business,2024-08-20,2024,8,Non-Member,Email,True,Portuguese,Mastercard,Suite,,Active,2025-08-09,Phone Booking,2,16385.55
C0001004019,Kirsty,Riley,test@test.com,+1 473 973 1685,NL,Europe,Douglasville,38,F,Business,2023-11-01,2023,11,Silver,Email,True,English,Visa,Executive,,Active,2026-05-11,Website Direct,34,18062.92
C0001004020,Kevin,Cooper,kevin.cooper@outlook.com,+1 903 482 5152,TH,Asia Pacific,Donaldview,40,M,Group,2020-04-04,2020,4,Gold,Both,True,English,Visa,Executive,,Active,2022-09-02,Website Direct,11,9810.92
C0001004021,Frank,Turner,frank80@dummycorp.com,+1 570 568 7804,SG,Asia Pacific,Port Frederick,41,M,Business,2022-10-05,2022,10,Platinum,Email,True,English,Mastercard,Deluxe,,Active,2024-09-20,Corporate Contract,49,23297.98
C0001004022,裕太,村上,裕太.村上@gmail.com,+81 629-758-485,JP,Asia Pacific,Mitchellchester,49,M,Leisure,2023-10-18,2023,10,Basic,SMS,True,Japanese,Mastercard,Executive,,Active,2025-12-03,Corporate Contract,7,16189.59
C0001004023,Trevor,Williams,trevor_williams@outlook.com,+1 506 864 4604,MX,North America,East Williamville,43,M,Business,2021-05-13,2021,5,Non-Member,Email,True,English,Visa,Suite,,Active,2021-10-03,Walk-in,3,8060.78
C0001004024,Chloe,Cole,ccole@waynecorp.com,(532) 654-4058,US,North America,Robertsville,37,F,Business,2021-04-24,2021,4,Basic,Email,False,English,Visa,Suite,,Active,2021-04-30,Website Direct,17,7799.9
C0001004025,东,吴,东吴@gmail.com,924 0948 266,CN,Asia Pacific,Lake Carolemouth,34,M,Leisure,2023-12-06,2023,12,Basic,Email,True,Chinese,Visa,Standard,,Inactive,,Walk-in,19,7196.54
C0001004026,Bradley,Hughes,bradley_hughes@gmail.com,+1 341 556 5115,CA,North America,North Ryan,50,M,Leisure,2024-10-12,2024,10,Non-Member,SMS,True,English,Visa,Standard,,Active,2027-04-27,Website Direct,3,17725.32
C0001004027,Danielle,Brooks,danielle.brooks@gmail.com,+1 137 436 6814,MX,North America,Neilmouth,42,F,Leisure,2019-09-04,2019,9,Non-Member,SMS,True,English,Visa,Executive,Wheelchair Accessible,Active,,Phone Booking,3,7508.43
C0001004028,Hazel,Smith,hazel.smith@yahoo.com,+1 301 126 6254,QA,Middle East,Stevensonside,47,F,Group,2023-01-07,2023,1,Non-Member,Email,True,English,Visa,Deluxe,,Active,2025-08-24,Corporate Contract,5,4041.47
C0001004029,Mandy,Taylor,mandyt@outlook.com,+1 893 439 2939,TH,Asia Pacific,South Robin,29,F,Leisure,2024-03-07,2024,3,Basic,Email,False,English,Visa,Deluxe,,Active,2026-01-07,Walk-in,49,4982.84
C0001004030,Valerie,Hayes,valerie64@gmail.com,0995 902 349,AU,Asia Pacific,Meganberg,42,F,Family,2019-05-25,2019,5,Silver,SMS,True,English,Mastercard,Family,,Active,2020-09-26,OTA Referral,9,24647.52
C0001004031,수진,권,수진권@outlook.com,+1 120 750 6265,KR,Asia Pacific,Lake Judith,31,F,Leisure,2019-09-23,2019,9,Gold,Email,True,Korean,Visa,Suite,,Inactive,2022-07-26,Phone Booking,7,3134.27
C0001004032,Claire,Johnson,cjohnson@gmail.com,+1 476 410 1594,SE,Europe,East Paulview,36,F,Leisure,2024-05-27,2024,5,Non-Member,Both,False,English,Visa,Standard,,Active,2025-06-15,Phone Booking,2,5138.46
C0001004033,杰,梁,noemail@provided.com,+86 046 6482 802,CN,Asia Pacific,Lake Leefurt,44,M,Group,2021-07-28,2021,7,Non-Member,Email,True,Chinese,Visa,Suite,"Non-smoking, Wheelchair Accessible",Active,2021-09-28,OTA Referral,1,7805.51
C0001004034,Ann,Mann,ann_mann@starkindustries.com,+1 792 867 3738,NL,Europe,Port Margaretton,35,F,Business,2023-05-15,2023,5,Non-Member,Email,False,English,PayPal,Standard,High Floor,Active,,Walk-in,2,12131.44
C0001004035,Justin,Black,justin63@gmail.com,+1 948 271 6529,NL,Europe,Lake Abbiefurt,43,M,Business,2019-02-19,2019,2,Basic,Both,True,English,Google Pay,Suite,,Active,2019-11-08,Phone Booking,4,8859.72
C0001004036,Adelaida,Aragonés,aaragonés@yahoo.com,+1 841 650 7488,ES,Europe,Tarragona,42,F,Group,2023-12-18,2023,12,Non-Member,SMS,False,Spanish,Mastercard,Standard,,Active,2025-04-20,Walk-in,0,23563.13
C0001004037,Berto,Piquer,berto_piquer@outlook.com,+1 785 507 4430,ES,Europe,Salamanca,42,M,Leisure,2019-11-26,2019,11,Non-Member,Email,True,Spanish,Visa,Suite,,Active,2020-04-21,Website Direct,0,6694.56
C0001004038,Joe,Barnes,joe38@gmail.com,210-220-9584,US,North America,Smithshire,35,M,Family,2024-08-12,2024,8,Non-Member,Email,False,English,Visa,Family,,Inactive,2025-06-20,Corporate Contract,4,11749.43
C0001004039,Matthew,Dixon,matthewd@gmail.com,+91 923 676 9864,IN,Asia Pacific,Barryside,33,M,Family,2022-08-13,2022,8,Silver,Email,True,English,Mastercard,Family,,Active,2024-09-11,Phone Booking,49,7433.4
C0001004040,Brett,Lambert,brett.lambert@icloud.com,+61 453 259 771,AU,Asia Pacific,Lambstad,42,M,Family,2023-05-23,2023,5,Non-Member,Both,True,English,Apple Pay,Standard,,Active,2024-10-29,OTA Referral,0,21350.4
C0001004041,Bethan,Ward,bethan.ward@gmail.com,+61 968 336 450,AU,Asia Pacific,Annstad,37,F,Leisure,2022-05-27,2022,5,Gold,SMS,True,English,Apple Pay,Deluxe,,Inactive,2024-07-03,OTA Referral,45,12280.07
C0001004042,Emma,Ward,emmaw@yahoo.com,+1 577 102 6386,SG,Asia Pacific,Vaughanmouth,22,F,Group,2020-06-07,2020,6,Platinum,SMS,False,English,American Express,Deluxe,,Active,2021-02-24,Website Direct,17,20991.3
C0001004043,Amber,McCarthy,amber_mccarthy@outlook.com,+1 109 599 8858,MX,North America,Paulaburgh,36,F,Leisure,2021-11-14,2021,11,Gold,Email,False,English,Mastercard,Standard,,Active,,OTA Referral,41,23545.87
C0001004044,Emperatriz,Mendoza,emperatriz.mendoza@outlook.com,+1 259 287 8255,ES,Europe,Huesca,51,F,Leisure,2022-03-24,2022,3,Non-Member,Email,True,Spanish,Visa,Deluxe,,Active,2022-12-09,Corporate Contract,3,14463.49
C0001004045,博,黄,博_黄@yahoo.com,935 5481 632,CN,Asia Pacific,East Christopher,38,M,Group,2021-06-02,2021,6,Platinum,Email,True,Chinese,Mastercard,Executive,,Inactive,2024-03-07,Corporate Contract,18,8780.86
C0001004046,Jade,Bennett,noemail@provided.com,220-492-6428,US,North America,North Joshshire,37,F,Business,2024-06-10,2024,6,Silver,Email,True,English,PayPal,Suite,,Active,,OTA Referral,19,9690.04
C0001004047,Charles,Bates,charles22@yahoo.com,+1 682 808 9402,MX,North America,Leahmouth,41,M,Leisure,2020-11-10,2020,11,Basic,Email,True,English,PayPal,Standard,,Inactive,2021-09-19,Phone Booking,42,18131.25
C0001004048,Nathan,Howard,nathan79@dummycorp.com,+1 248 739 8602,MX,North America,South Jane,44,M,Business,2023-04-07,2023,4,Non-Member,Email,False,English,Visa,Standard,,Active,,Website Direct,2,5220.44
C0001004049,Timothy,Watson,timothy_watson@gmail.com,274-856-9189,US,North America,Deborahport,36,M,Leisure,2019-01-15,2019,1,Basic,SMS,True,English,Visa,Suite,,Inactive,2019-03-16,Website Direct,14,8759.57
C0001004050,聡太郎,遠藤,聡太郎91@gmail.com,+81 364-053-434,JP,Asia Pacific,North Jeffrey,23,M,Group,2022-02-05,2022,2,Silver,Email,False,Japanese,PayPal,Deluxe,,Inactive,2023-11-12,Phone Booking,45,2704.68
C0001004051,七夏,田中,七夏田@gmail.com,+81 763-051-920,JP,Asia Pacific,South Janice,32,F,Family,2023-02-13,2023,2,Non-Member,SMS,True,Japanese,Mastercard,Suite,,Active,2024-09-01,OTA Referral,3,3378.49
C0001004052,Philip,Johnson,philip_johnson@gmail.com,+1 498 818 4796,NL,Europe,Port Marie,37,M,Business,2023-05-04,2023,5,Non-Member,SMS,True,English,Mastercard,Standard,,Active,2023-08-05,Website Direct,1,8355.95
C0001004053,Shane,Hawkins,shawkins@waynecorp.com,+1 266 875 9363,MX,North America,Kellyberg,41,M,Business,2023-07-25,2023,7,Basic,Email,True,English,Mastercard,Standard,,Active,2024-10-27,Corporate Contract,28,7151.32
C0001004054,Danny,Roberts,danny86@tyrellcorp.com,+91 446 186 2748,IN,Asia Pacific,New Aimee,38,M,Business,2020-09-02,2020,9,Gold,Both,True,English,Mastercard,Deluxe,,Active,2023-02-23,Website Direct,49,18698.93
C0001004055,Eileen,Williams,ewilliams@icloud.com,(231) 330-4326,US,North America,Abigailshire,27,F,Leisure,2023-10-11,2023,10,Non-Member,SMS,True,English,Visa,Deluxe,,Active,2024-07-02,Website Direct,1,4507.74
C0001004056,Kyle,Phillips,kyle90@gmail.com,+1 733 818 5283,QA,Middle East,South Adam,48,M,Family,2020-06-17,2020,6,Non-Member,SMS,False,English,Visa,Deluxe,,Active,2020-08-17,Website Direct,4,385.74
C0001004057,Nicola,Griffiths,nicola3@gmail.com,+1 355 194 5042,CA,North America,Port Alexfort,31,F,Leisure,2024-10-20,2024,10,Non-Member,Email,True,English,Mastercard,Standard,,Active,,OTA Referral,2,12936.55
C0001004058,영철,오,영철_오@oscorp.com,,KR,Asia Pacific,Port Debra,40,M,Business,2019-06-18,2019,6,Gold,Email,True,Korean,Visa,Deluxe,,Active,2020-01-05,OTA Referral,42,18159.1
C0001004059,Nicole,Wells,nicole.wells@gmail.com,+1 432 625 8554,NL,Europe,Taylormouth,42,F,Family,2023-07-21,2023,7,Basic,Email,False,English,Visa,Suite,,Active,2024-02-02,Walk-in,24,17951.54
C0001004060,Carol,Hutchinson,carol.hutchinson@outlook.com,+61 640 735 032,AU,Asia Pacific,Dawsonside,40,F,Leisure,2022-09-30,2022,9,Silver,SMS,False,English,Mastercard,Executive,,Active,2025-03-08,Walk-in,4,5976.79
C0001004061,Sean,Ward,sean.ward@gmail.com,+1 149 810 6871,CL,South America,Lake Brianton,45,M,Leisure,2024-04-24,2024,4,Gold,Email,False,English,Apple Pay,Standard,,Active,,OTA Referral,26,877.27
C0001004062,Martin,James,martin.james@gmail.com,+1 586 557 1101,CO,South America,East Lawrenceshire,32,M,Leisure,2023-01-26,2023,1,Non-Member,Email,False,English,Visa,Suite,,Active,2023-10-09,Phone Booking,2,11902.47
C0001004063,Kevin,Stewart,kevin1@example.sg,+1 278 578 6689,SG,Asia Pacific,Kentborough,43,M,Business,2024-05-19,2024,5,Basic,Email,True,English,American Express,Deluxe,,Active,2024-09-06,Phone Booking,4,12749.71
C0001004064,红霞,杨,红霞.杨@gmail.com,667 8049 521,CN,Asia Pacific,West Douglas,41,M,Leisure,2024-03-07,2024,3,Basic,Both,False,Chinese,Visa,Standard,,Active,,Walk-in,12,21468.39
C0001004065,승현,박,guest@email.com,+1 276 448 8687,KR,Asia Pacific,East Patriciahaven,45,M,Leisure,2020-08-11,2020,8,Gold,Email,True,Korean,Visa,Standard,,Active,2020-09-11,Corporate Contract,42,2567.09
C0001004066,Maureen,Coles,maureen.coles@gmail.com,+1 930 875 4174,EG,Africa,South Jordan,40,F,Business,2022-03-25,2022,3,Silver,Email,False,English,Mastercard,Suite,"High Floor, Non-smoking",Inactive,,Phone Booking,15,12906.31
C0001004067,Sean,Herbert,sean_herbert@icloud.com,+1 170 168 7399,QA,Middle East,Scottchester,33,M,Leisure,2019-05-04,2019,5,Silver,SMS,False,English,Mastercard,Suite,,Active,2021-02-16,Phone Booking,50,78.54
C0001004068,Simon,Boyle,simon.boyle@outlook.com,+1 875 879 1316,CH,Europe,Deborahside,42,M,Family,2019-10-21,2019,10,Basic,Email,False,English,Visa,Standard,,Active,,Phone Booking,33,17748.59
C0001004069,Perla,Palma,perlap@hotmail.com,+1 448 646 6327,ES,Europe,Girona,46,F,Leisure,2019-08-01,2019,8,Non-Member,Email,False,Spanish,Mastercard,Deluxe,,Active,,Phone Booking,3,23746.68
C0001004070,Leigh,Lawrence,noemail@provided.com,+1 226 478 2937,MX,North America,Helenbury,44,M,Leisure,2023-01-18,2023,1,Silver,SMS,False,English,Mastercard,Standard,Late Check-out,Inactive,2025-03-16,Walk-in,40,24124.46
C0001004071,إخلاص,شربتلي,إخلاص.شربتلي@gmail.com,+1 586 218 2508,SA,Middle East,Lake Rosemary,33,F,Family,2021-09-01,2021,9,Platinum,Email,True,Arabic,Mastercard,Executive,,Active,,Corporate Contract,22,24878.51
C0001004072,美加子,松田,美加子松@outlook.com,+81 839-553-675,JP,Asia Pacific,Owenton,37,F,Leisure,2023-10-19,2023,10,Silver,Email,False,Japanese,Mastercard,Standard,,Active,2025-11-05,Corporate Contract,16,19538.08
C0001004073,翔太,木村,翔太97@gmail.com,000-000-0000,JP,Asia Pacific,Valeriefort,45,M,Leisure,2024-02-20,2024,2,Basic,SMS,False,Japanese,Visa,Family,,Active,2025-07-13,OTA Referral,45,22201.32
C0001004074,Gloria,Pedro,gpedro@tyrellcorp.com,+1 106 612 2175,ES,Europe,Sevilla,31,F,Business,2022-06-07,2022,6,Non-Member,Email,True,Spanish,Mastercard,Standard,,Active,2024-10-12,Corporate Contract,4,20943.97
C0001004075,Emily,Haynes,guest@email.com,+91 472 473 1297,IN,Asia Pacific,North Scottton,39,F,Business,2021-10-12,2021,10,Non-Member,Email,True,English,Google Pay,Standard,,Active,,Walk-in,4,17779.56
C0001004076,Joyce,Brady,joyce39@outlook.com,+1 206 610 7411,NL,Europe,Maryburgh,34,F,Leisure,2024-05-30,2024,5,Gold,SMS,False,English,Google Pay,Deluxe,,Active,,Walk-in,27,11927.14
C0001004077,陽子,佐々木,陽佐々木@outlook.com,934-088-8466,JP,Asia Pacific,East Julianview,40,F,Leisure,2022-04-20,2022,4,Non-Member,SMS,False,Japanese,Visa,Deluxe,,Active,,Walk-in,5,17358.08
C0001004078,Robin,Brooks,robin.brooks@yahoo.com,+1 873 830 3692,CA,North America,Reidtown,35,M,Leisure,2022-04-23,2022,4,Silver,SMS,True,English,Visa,Deluxe,,Active,2023-08-18,Corporate Contract,47,18067.06
C0001004079,Josephine,Pratt,jpratt@dummycorp.com,503-996-6768,US,North America,Lake Annamouth,31,F,Business,2024-07-25,2024,7,Non-Member,Email,True,English,American Express,Deluxe,,Inactive,2025-08-30,OTA Referral,0,15016.35
C0001004080,Riccardo,Campise,riccardo.campise@gmail.com,+1 615 635 2929,IT,Europe,Rosolina Mare,55,M,Leisure,2021-04-28,2021,4,Gold,SMS,True,Italian,Mastercard,Family,,Active,,OTA Referral,20,17624.45
C0001004081,Rosie,Booth,rosie54@hotmail.com,+61 407 756 096,AU,Asia Pacific,New Marilynborough,43,F,Leisure,2019-01-02,2019,1,Non-Member,Email,True,English,Apple Pay,Standard,"High Floor, Late Check-out",Active,2019-10-18,Corporate Contract,0,2975.83
C0001004082,Olivia,Ali,noemail@provided.com,+1 583 277 6463,MX,North America,Port Hollie,48,F,Business,2024-03-22,2024,3,Silver,Email,True,English,Visa,Suite,,Active,2025-09-20,Website Direct,37,19418.16
C0001004083,Katie,Humphreys,katie_humphreys@hotmail.com,+1 697 568 2751,CO,South America,New Katiemouth,49,F,Leisure,2019-04-24,2019,4,Gold,Email,True,English,Visa,Deluxe,"Allergies, Non-smoking",Active,2020-08-06,Website Direct,23,23524.06
C0001004084,波,舒,波19@outlook.com,+86 821 5806 708,CN,Asia Pacific,Natalieside,35,M,Business,2019-02-25,2019,2,Non-Member,Email,False,Chinese,American Express,Executive,,Inactive,2020-09-28,Walk-in,5,6398.74
C0001004085,Judith,Ahmed,judith76@starkindustries.com,+1 971 653 2851,CH,Europe,Lake Phillipborough,29,F,Business,2021-09-21,2021,9,Non-Member,Email,False,English,Visa,Executive,,Active,2024-06-23,Corporate Contract,4,20871.0
C0001004086,Hannah,Evans,hevans@acme.com,01734 728 205,GB,Europe,Kerryview,28,F,Business,2019-08-09,2019,8,Non-Member,Email,True,English,Visa,Deluxe,,Active,2021-07-07,Walk-in,3,22019.79
C0001004087,宇,陈,宇陈@hotmail.com,+86 370 0911 340,CN,Asia Pacific,Francisberg,41,M,Leisure,2019-05-24,2019,5,Basic,Both,False,Chinese,Mastercard,Deluxe,,Active,2021-03-16,Website Direct,35,3269.52
C0001004088,Leah,Williams,lwilliams@example.ca,+1 658 503 9660,CA,North America,Port Susan,31,F,Business,2022-07-12,2022,7,Basic,Email,True,English,PayPal,Standard,Early Check-in,Active,2023-11-15,Website Direct,38,18162.86
C0001004089,ماذى,آل معيض,ماذى_آل معيض@gmail.com,+971 442 239 4335,AE,Middle East,Port Joyceside,40,F,Leisure,2019-01-01,2019,1,Basic,Email,False,Arabic,Visa,Executive,,Active,2020-01-16,Walk-in,44,18713.55
C0001004090,Norman,Elliott,normane@yahoo.com,+1 840 644 8080,KW,Middle East,Lake Rhys,47,M,Family,2022-12-02,2022,12,Silver,Email,True,English,Mastercard,Standard,,Active,2025-04-06,Corporate Contract,6,16771.94
C0001004091,Santos,Bauzà,santos95@gmail.com,+1 696 758 7850,ES,Europe,Lugo,42,M,Leisure,2020-04-25,2020,4,Gold,Email,True,Spanish,Mastercard,Deluxe,,Active,2022-08-07,Phone Booking,0,623.79
C0001004092,Paola,Zamorani,paolaz@gmail.com,+1 392 920 3424,IT,Europe,San Martino Val Masino,43,F,Business,2024-12-05,2024,12,Platinum,Email,True,Italian,PayPal,Suite,,Active,2026-03-09,Walk-in,7,22643.49
C0001004093,Duncan,Stokes,duncan19@gmail.com,+1 398 313 9974,MX,North America,South Dominicland,40,M,Leisure,2022-04-23,2022,4,Basic,Email,True,English,Mastercard,Deluxe,,Active,,Walk-in,34,9514.33
C0001004094,Juan,Barrios,juan.barrios@outlook.com,+1 916 629 9242,ES,Europe,Vizcaya,36,M,Leisure,2024-06-03,2024,6,Gold,SMS,True,Spanish,Mastercard,Standard,,Active,2025-10-31,Walk-in,50,14176.42
C0001004095,Mathew,Martin,mathew59@yahoo.com,838-017-9613,US,North America,West Clareburgh,40,M,Family,2020-03-04,2020,3,Silver,Both,True,English,Visa,Standard,,Active,2022-10-30,Walk-in,28,9021.2
C0001004096,秀芳,莫,秀芳_莫@gmail.com,921 6813 682,CN,Asia Pacific,Alisonside,45,F,Leisure,2020-10-31,2020,10,Platinum,Email,True,Chinese,Visa,Deluxe,,Active,2022-04-17,Website Direct,9,6985.4
C0001004097,Hugh,Roberts,hugh.roberts@gmail.com,+1 765 324 7818,NL,Europe,Jonathanport,46,M,Leisure,2022-11-08,2022,11,Silver,Email,True,English,American Express,Deluxe,,Active,2023-10-06,Corporate Contract,20,6957.42
C0001004098,Gary,Carter,gcarter@acme.com,+1 548 890 6520,CH,Europe,North Damien,44,M,Business,2019-05-24,2019,5,Gold,SMS,False,English,Visa,Standard,,Active,,Corporate Contract,42,11392.08
C0001004099,Dale,Dodd,daled@gmail.com,0070 449 689,AU,Asia Pacific,Port Thomas,25,M,Business,2021-04-28,2021,4,Basic,Email,False,English,Mastercard,Family,,Active,,Website Direct,2,14330.13
C0001004100,Jean,Pires,jean.pires@gmail.com,0476866923,FR,Europe,Laurent,25,M,Leisure,2019-11-12,2019,11,Basic,Both,True,French,Mastercard,Ocean View,,Active,2021-05-03,Walk-in,9,2656.33
C0001004101,Jeremy,Flynn,jeremy.flynn@gmail.com,+91 710 777 2141,IN,Asia Pacific,Port Lyndahaven,49,M,Family,2024-10-20,2024,10,Basic,Email,True,English,Visa,Suite,,Active,2025-10-16,Corporate Contract,31,20992.75
C0001004102,Jenna,Brown,jenna_brown@gmail.com,+61 504 097 425,AU,Asia Pacific,Kingfort,36,F,Group,2024-01-13,2024,1,Silver,Email,True,English,Visa,Ocean View,,Active,2024-06-24,OTA Referral,4,17335.73
C0001004103,Leslie,James,test@test.com,(571) 136-1832,US,North America,Samtown,25,M,Business,2019-06-06,2019,6,Gold,Email,True,English,American Express,Executive,,Active,2021-08-07,OTA Referral,5,6540.25
C0001004104,Toby,Lane,toby_lane@gmail.com,+1 641 236 4141,NL,Europe,Jacquelinetown,32,M,Group,2020-09-21,2020,9,Gold,Email,True,English,Visa,Deluxe,,Active,2023-07-13,Website Direct,32,11505.21
C0001004105,Stanley,Chapman,stanley_chapman@gmail.com,+1 129 861 8623,NL,Europe,Brownfort,55,M,Leisure,2023-09-20,2023,9,Basic,Email,True,English,Visa,Standard,Non-smoking,Active,2025-07-28,Website Direct,29,5114.55
C0001004106,Tracey,Hardy,traceyh@dummycorp.com,+1 936 174 7320,CA,North America,North Dawnfort,27,F,Business,2022-02-16,2022,2,Basic,Email,False,English,Visa,Executive,,Active,2024-07-21,Corporate Contract,36,7620.38
C0001004107,Amber,Wheeler,awheeler@oscorp.com,840-776-6952,US,North America,Lake Alice,49,F,Business,2020-02-28,2020,2,Basic,Email,False,English,Mastercard,Standard,,Active,2020-03-05,Walk-in,10,914.99
C0001004108,Lothar,Pohl,lpohl@example.de,+49 239 48535,DE,Europe,Marienberg,37,M,Business,2020-12-18,2020,12,Platinum,SMS,True,German,Mastercard,Executive,,Active,2023-05-31,Walk-in,38,7966.07
C0001004109,Alison,Ball,guest@email.com,+1 962 586 6667,CH,Europe,Baileyview,36,F,Leisure,2019-07-01,2019,7,Basic,SMS,True,English,PayPal,Family,,Active,2021-04-23,Walk-in,6,10348.69
C0001004110,Toby,Smith,tobys@gmail.com,(001) 650-7753,US,North America,North Oliverside,62,M,Leisure,2022-05-18,2022,5,Non-Member,Both,True,English,Visa,Standard,,Active,,OTA Referral,1,4199.28
C0001004111,Terry,Harrison,terryh@outlook.com,000-000-0000,US,North America,Port Raymond,35,M,Leisure,2023-10-20,2023,10,Basic,Email,True,English,Visa,Standard,,Active,2025-03-08,Corporate Contract,36,22328.73
C0001004112,Paula,Jones,paula37@gmail.com,(137) 644-5348,US,North America,Watsonbury,43,F,Family,2021-05-15,2021,5,Gold,Both,True,English,PayPal,Deluxe,,Active,2021-07-11,OTA Referral,45,17896.35
C0001004113,Aaron,Hughes,guest@email.com,+1 207 603 8398,MX,North America,Thorpetown,48,M,Group,2019-06-28,2019,6,Silver,Email,False,English,Visa,Family,"Allergies, Non-smoking",Active,,Walk-in,31,1299.5
C0001004114,Kenneth,Davies,kennethd@gmail.com,+1 397 370 3104,SE,Europe,Reidbury,25,M,Family,2019-11-05,2019,11,Gold,Email,False,English,Visa,Standard,,Active,2022-06-20,Walk-in,45,12752.3
C0001004115,Sara,Kemp,sarak@yahoo.com,(009) 999-0754,US,North America,Lake Norman,38,F,Leisure,2023-08-15,2023,8,Basic,SMS,True,English,Visa,Standard,,Active,2024-01-14,Phone Booking,50,18522.86
C0001004116,Jessica,Thorpe,jessica71@gmail.com,+1 264 571 3293,MX,North America,Georginaborough,47,F,Family,2021-05-13,2021,5,Basic,Email,True,English,Mastercard,Suite,,Active,2022-06-09,Walk-in,49,13274.19
C0001004117,성진,한,성진_한@icloud.com,+1 836 927 6107,KR,Asia Pacific,North Ellieland,49,M,Leisure,2022-03-07,2022,3,Basic,Email,True,Korean,Google Pay,Ocean View,,Active,2022-08-15,Walk-in,6,224.51
C0001004118,Molly,Rogers,molly_rogers@gmail.com,+1 826 988 5860,MX,North America,Brucebury,27,F,Leisure,2022-05-05,2022,5,Basic,SMS,True,English,Visa,Executive,,Active,2024-09-07,Website Direct,12,21071.29
C0001004119,Ashley,Gallagher,ashley.gallagher@hotmail.com,+1 181 578 8422,MX,North America,Port Alanland,35,M,Business,2020-06-10,2020,6,Silver,Email,False,English,Visa,Executive,,Active,2022-04-23,OTA Referral,22,22444.91
C0001004120,Sean,Waters,sean.waters@outlook.com,+1 198 474 2555,NL,Europe,Jenningsshire,43,M,Leisure,2021-05-12,2021,5,Gold,SMS,False,English,Visa,Standard,,Active,,Phone Booking,23,1208.39
C0001004121,Gunhild,Budig,gunhild_budig@gmail.com,+49 9685 3133,DE,Europe,Saarbrücken,38,F,Leisure,2023-01-26,2023,1,Basic,Email,True,German,Visa,Executive,,Active,,Website Direct,16,7578.57
C0001004122,Amelia,Bates,abates@outlook.com,+1 134 673 4519,NL,Europe,Parryfort,59,F,Leisure,2019-05-21,2019,5,Non-Member,SMS,True,English,Visa,Standard,,Active,2020-03-07,Website Direct,2,9119.6
C0001004123,Wayne,Allen,wayne_allen@gmail.com,(697) 367-4968,US,North America,New Colin,43,M,Leisure,2019-02-20,2019,2,Silver,Email,True,English,American Express,Suite,,Active,2021-06-12,Website Direct,19,10744.23
C0001004124,Stanley,Clarke,sclarke@outlook.com,03264 419 129,GB,Europe,Franklinport,32,M,Family,2024-03-11,2024,3,Silver,Both,False,English,Mastercard,Standard,,Active,,Corporate Contract,10,3404.33
C0001004125,くみ子,田中,く田中@waynecorp.com,+81 676-364-418,JP,Asia Pacific,North June,25,F,Business,2023-12-22,2023,12,Basic,Both,True,Japanese,Visa,Executive,,Active,,Phone Booking,14,23001.83
C0001004126,Raymond,Nicholson,rnicholson@gmail.com,+1 483 557 3253,SE,Europe,West Daleville,44,M,Family,2021-08-26,2021,8,Non-Member,SMS,True,English,Visa,Deluxe,,Active,,Corporate Contract,0,15218.63
C0001004127,Massimiliano,Fagotto,mfagotto@outlook.com,,IT,Europe,Volturino,47,M,Group,2020-10-12,2020,10,Silver,Email,True,Italian,Visa,Executive,,Active,,OTA Referral,22,15873.06
C0001004128,Mercedes,Aloisio,maloisio@dummycorp.com,+1 307 963 2627,IT,Europe,Civitella Alfedena,43,F,Business,2023-01-23,2023,1,Gold,SMS,True,Italian,Visa,Suite,,Active,2023-12-27,Phone Booking,33,18840.23
C0001004129,Dylan,Jackson,dylanj@outlook.com,+1 218 576 8490,SG,Asia Pacific,Lake Jonathanland,32,M,Leisure,2023-03-06,2023,3,Basic,SMS,True,English,Google Pay,Standard,,Inactive,2024-07-11,Walk-in,5,24591.83
C0001004130,Amy,Hunter,ahunter@oscorp.com,+1 326 163 4536,NL,Europe,South Bernard,38,F,Business,2024-02-04,2024,2,Non-Member,Email,True,English,Mastercard,Executive,,Active,2026-09-15,Corporate Contract,5,17982.64
C0001004131,加奈,山本,加山本@icloud.com,+81 882-873-189,JP,Asia Pacific,Brendatown,40,F,Leisure,2020-05-12,2020,5,Gold,Email,False,Japanese,PayPal,Standard,,Inactive,,Website Direct,19,7133.03
C0001004132,Georges,Étienne,test@test.com,0437013831,FR,Europe,Nicolas,41,M,Leisure,2023-02-23,2023,2,Basic,Email,True,French,Mastercard,Ocean View,,Active,2025-12-09,Phone Booking,36,19346.29
C0001004133,Bruce,Cox,bcox@waynecorp.com,+1 177 754 5713,MX,North America,New Trevormouth,46,M,Business,2019-06-21,2019,6,Gold,Email,False,English,Apple Pay,Deluxe,,Active,2022-03-24,Walk-in,31,12992.36
C0001004134,Laurenz,Gröttner,laurenz57@gmail.com,,DE,Europe,Luckau,54,M,Leisure,2021-01-08,2021,1,Silver,Email,False,German,Visa,Deluxe,,Inactive,2021-01-14,Corporate Contract,45,4014.96
C0001004135,Connor,O'Sullivan,co'sullivan@outlook.com,(676) 667-7687,US,North America,Abbiechester,45,M,Family,2023-05-17,2023,5,Basic,Email,True,English,Visa,Ocean View,,Active,2025-08-11,Phone Booking,2,92.32
C0001004136,Tristan,Guyot,tristan_guyot@outlook.com,0550605401,FR,Europe,Clerc,44,M,Leisure,2023-09-10,2023,9,Non-Member,SMS,True,French,Mastercard,Standard,,Active,2025-08-01,Website Direct,0,4424.5
C0001004137,명자,이,명자이@initech.com,+1 179 382 7144,KR,Asia Pacific,Frederickberg,38,F,Business,2020-07-01,2020,7,Silver,Email,True,Korean,American Express,Ocean View,,Active,,Website Direct,45,10426.9
C0001004138,Wendy,Savage,wendys@globex.com,+1 812 998 8910,NL,Europe,Kellyton,44,F,Business,2019-10-21,2019,10,Silver,Email,False,English,Mastercard,Deluxe,,Active,2021-01-27,OTA Referral,7,14461.55
C0001004139,Catherine,Page,catherinep@gmail.com,+1 741 903 9867,MX,North America,Lake Christopher,31,F,Group,2020-12-29,2020,12,Silver,Email,True,English,American Express,Standard,"Early Check-in, High Floor",Active,2023-07-24,Phone Booking,5,12928.06
C0001004140,Liam,Mellor,liam22@dummycorp.com,386-636-9589,US,North America,Mollychester,41,M,Business,2024-01-30,2024,1,Non-Member,Email,False,English,Visa,Executive,,Active,,Walk-in,4,16790.98
C0001004141,Iain,Pearce,iain.pearce@hotmail.com,+1 127 141 2763,CA,North America,North Stuartchester,48,M,Leisure,2023-03-10,2023,3,Basic,Email,True,English,Google Pay,Executive,,Active,,Walk-in,24,9202.66
C0001004142,Tristán,Clavero,tristán8@outlook.com,+1 949 294 6735,ES,Europe,Álava,28,M,Business,2022-08-24,2022,8,Basic,Email,False,Spanish,American Express,Executive,,Active,,OTA Referral,37,9546.1
C0001004143,Katy,Lane,katy56@gmail.com,+1 664 348 1954,MX,North America,Port Davidbury,36,F,Group,2023-07-13,2023,7,Non-Member,Email,False,English,Visa,Standard,,Active,2024-06-25,Phone Booking,2,1710.25
C0001004144,Irene,Holden,irene59@gmail.com,+1 724 145 1512,NL,Europe,Moranmouth,33,F,Group,2020-06-26,2020,6,Basic,Both,False,English,American Express,Executive,,Active,2022-06-03,OTA Referral,8,4673.0
C0001004145,Marion,Singh,marions@dummycorp.com,+1 917 731 1431,CA,North America,Jacquelinechester,49,F,Business,2020-11-24,2020,11,Basic,SMS,True,English,Apple Pay,Deluxe,,Inactive,2021-11-04,Walk-in,38,12786.73
C0001004146,Marcus,Wilson,marcus25@globex.com,+1 879 649 4743,CA,North America,Port Abigailton,39,M,Business,2024-10-21,2024,10,Non-Member,Email,True,English,Visa,Standard,,Inactive,,Phone Booking,4,23668.61
C0001004147,Marisa,Montoya,marisa.montoya@gmail.com,+1 593 783 7341,ES,Europe,Cuenca,45,F,Leisure,2023-05-29,2023,5,Non-Member,Both,True,Spanish,American Express,Suite,,Active,2024-11-22,Phone Booking,1,22194.24
C0001004148,Claire,Collins,claire.collins@example.mx,000-000-0000,MX,North America,Ingrammouth,25,F,Business,2019-04-12,2019,4,Basic,SMS,True,English,Visa,Executive,,Active,2019-08-06,OTA Referral,23,20366.56
C0001004149,Gary,Harris,garyh@globex.com,+1 976 654 8313,MX,North America,Port Jane,33,M,Business,2022-06-01,2022,6,Basic,SMS,False,English,Mastercard,Standard,,Active,,Website Direct,5,5278.4
C0001004150,Marc,Pearson,marc45@gmail.com,+1 744 785 9592,MX,North America,Port Alex,43,M,Leisure,2019-03-16,2019,3,Basic,SMS,False,English,Visa,Standard,,Inactive,,Corporate Contract,26,6723.75
C0001004151,Danielle,Rees,danielle8@outlook.com,+1 283 921 7233,CO,South America,Aimeeborough,36,F,Business,2019-04-01,2019,4,Silver,SMS,True,English,Visa,Family,,Active,2020-01-06,Walk-in,8,8218.71
C0001004152,Brandon,Rees,brandon_rees@hotmail.com,+61 907 602 575,AU,Asia Pacific,South Nicole,30,M,Leisure,2024-01-05,2024,1,Non-Member,Email,True,English,Mastercard,Suite,,Active,2025-09-14,Walk-in,2,9955.91
C0001004153,Carl,Spencer,carls@gmail.com,817-847-0393,US,North America,East Janet,32,M,Leisure,2020-01-08,2020,1,Non-Member,Email,False,English,Visa,Standard,,Active,2022-04-19,Phone Booking,1,10138.3
C0001004154,聡太郎,渡辺,聡太郎渡@gmail.com,353-204-9090,JP,Asia Pacific,Gillborough,53,M,Leisure,2022-01-21,2022,1,Silver,Email,False,Japanese,Visa,Suite,,Active,2024-04-10,Phone Booking,11,17753.39
C0001004155,Gionata,Cugia,gionata20@gmail.com,+1 625 524 9808,IT,Europe,Tricase,42,M,Business,2020-11-07,2020,11,Non-Member,SMS,True,Italian,Visa,Standard,,Inactive,2023-10-23,OTA Referral,0,3922.13
C0001004156,Jay,Parkin,jay31@gmail.com,+1 808 576 3304,CA,North America,North Mandyfurt,38,M,Leisure,2022-01-29,2022,1,Silver,SMS,False,English,Mastercard,Deluxe,Late Check-out,Active,,Website Direct,28,19879.79
C0001004157,Hans-Jörg,Beckmann,hans-jörg.beckmann@gmail.com,+49 846 02332,DE,Europe,Staßfurt,43,M,Group,2022-04-09,2022,4,Basic,Email,True,German,Mastercard,Standard,,Active,2024-05-09,OTA Referral,31,2966.3
C0001004158,Simon,Harris,simon12@waynecorp.com,03271 124 490,GB,Europe,North Maria,41,M,Business,2021-05-05,2021,5,Gold,SMS,True,English,Visa,Deluxe,,Active,2022-08-29,Corporate Contract,8,11696.99
C0001004159,Caroline,Thomas,guest@email.com,+1 997 122 5493,MX,North America,New Denis,46,F,Business,2021-05-11,2021,5,Non-Member,Both,True,English,Visa,Suite,,Active,2022-11-17,Phone Booking,5,23036.35
C0001004160,Kristina,Neureuther,kristina_neureuther@gmail.com,+49 980 31957,DE,Europe,Strausberg,47,F,Family,2023-06-26,2023,6,Basic,Email,False,German,Mastercard,Family,,Active,,Walk-in,6,13698.28
C0001004161,Paulette,Dupont,pdupont@dummycorp.com,+33 498 561 503,FR,Europe,Devaux,34,F,Business,2022-01-07,2022,1,Silver,SMS,True,French,Visa,Suite,,Active,2023-01-04,OTA Referral,50,21078.96
C0001004162,Hilary,Smith,hilarys@gmail.com,+1 308 252 5836,CA,North America,Hollandhaven,42,F,Business,2020-07-15,2020,7,Basic,SMS,True,English,Mastercard,Suite,,Active,2022-04-01,Phone Booking,36,9063.94
C0001004163,Neil,King,neilk@waynecorp.com,+1 467 592 6759,MX,North America,North Anna,40,M,Business,2020-11-04,2020,11,Non-Member,None,True,English,Visa,Suite,,Active,2022-10-14,Website Direct,4,13895.57
C0001004164,幹,佐藤,幹57@example.jp,570-233-9268,JP,Asia Pacific,East Bruce,31,F,Business,2023-09-06,2023,9,Basic,Email,False,Japanese,American Express,Suite,,Active,2024-08-28,Website Direct,3,10897.54
C0001004165,Megan,Dawson,megan_dawson@tyrellcorp.com,711-540-3078,US,North America,Lake Stacey,37,F,Business,2024-01-03,2024,1,Non-Member,Email,False,English,Visa,Standard,"Allergies, Early Check-in",Inactive,2026-10-31,OTA Referral,4,16698.95
C0001004166,Rosa,Hartung,rosa8@cyberdyne.com,+49 023 42217,DE,Europe,Rudolstadt,44,F,Business,2019-09-15,2019,9,Basic,Email,True,German,Visa,Standard,"High Floor, Wheelchair Accessible",Active,,Website Direct,48,10016.0
C0001004167,Reinhardt,Bohlander,rbohlander@gmail.com,+49 8187 5794,DE,Europe,Wesel,27,M,Leisure,2024-04-14,2024,4,Non-Member,Email,False,German,Mastercard,Deluxe,,Active,2024-08-12,OTA Referral,2,13365.81
C0001004168,Jeffrey,Arnold,jeffrey41@icloud.com,00902 376 555,GB,Europe,South Alison,33,M,Family,2023-09-18,2023,9,Silver,Email,True,English,Mastercard,Deluxe,Late Check-out,Active,,OTA Referral,31,19390.1
C0001004169,Amy,Powell,amyp@gmail.com,+1 130 306 5217,TH,Asia Pacific,South Charlotteside,50,F,Leisure,2019-03-17,2019,3,Platinum,Email,False,English,Mastercard,Standard,,Active,2021-03-07,Phone Booking,31,16902.56
C0001004170,Adèle,Prévost,aprévost@gmail.com,,FR,Europe,Maillotboeuf,41,F,Leisure,2019-02-26,2019,2,Non-Member,SMS,True,French,American Express,Deluxe,,Active,2019-09-25,Walk-in,3,10702.19
C0001004171,영일,박,영박@example.kr,+1 676 958 6400,KR,Asia Pacific,Port Katherine,33,M,Business,2022-07-11,2022,7,Basic,Email,True,Korean,Mastercard,Suite,,Active,,Walk-in,30,2681.86
C0001004172,عبد الواحد,العقيل,عبد الواحد.العقيل@gmail.com,+1 467 373 5840,SA,Middle East,Raymondview,44,M,Leisure,2020-10-11,2020,10,Gold,Email,False,Arabic,Mastercard,Deluxe,,Active,2021-03-17,OTA Referral,37,6842.7
C0001004173,Jasmine,Campbell,jasmine81@oscorp.com,+91 886 779 8403,IN,Asia Pacific,Port Victorhaven,54,F,Business,2024-05-27,2024,5,Silver,Both,False,English,Visa,Executive,,Active,2025-01-28,OTA Referral,3,20395.96
C0001004174,민지,류,민지.류@waynecorp.com,+1 320 196 2754,KR,Asia Pacific,South Louis,39,F,Business,2020-09-07,2020,9,Silver,Email,True,Korean,Apple Pay,Executive,,Inactive,2021-06-25,OTA Referral,44,7219.99
C0001004175,명숙,이,명숙이@gmail.com,,KR,Asia Pacific,South Bernardside,42,F,Leisure,2022-05-26,2022,5,Gold,Email,True,Korean,Mastercard,Standard,"Allergies, Non-smoking",Inactive,,Phone Booking,32,8087.76
C0001004176,Timoteo,Arroyo,timoteo_arroyo@outlook.com,000-000-0000,ES,Europe,Zaragoza,43,M,Leisure,2022-04-04,2022,4,Silver,Email,True,Spanish,Visa,Family,Allergies,Inactive,,OTA Referral,15,3727.1
C0001004177,Agostino,Sauro,agostino.sauro@waynecorp.com,+1 884 419 5035,IT,Europe,Gissmann,38,M,Business,2021-03-31,2021,3,Basic,SMS,False,Italian,Mastercard,Deluxe,,Inactive,2023-10-24,Walk-in,22,8771.38
C0001004178,Leigh,Higgins,leighh@gmail.com,+1 893 580 8779,SE,Europe,Thorpeburgh,37,M,Group,2021-11-10,2021,11,Gold,Email,False,English,Mastercard,Standard,Early Check-in,Active,2023-04-03,Corporate Contract,45,6815.71
C0001004179,Fidela,Real,fidelar@gmail.com,+1 161 428 9749,AR,South America,North مادلينside,43,F,Leisure,2023-01-03,2023,1,Platinum,Email,True,English,American Express,Standard,,Inactive,2024-03-03,Website Direct,36,11149.97
C0001004180,Carl,Reynolds,carl_reynolds@dummycorp.com,+1 666 261 3061,NG,Africa,McKenziechester,26,M,Business,2024-09-05,2024,9,Gold,Email,True,English,American Express,Executive,,Active,,Phone Booking,41,5535.44
C0001004181,Lucy,Matthews,lucym@outlook.com,+1 875 370 3050,CA,North America,New Joseph,37,F,Leisure,2019-02-21,2019,2,Silver,Email,False,English,Visa,Ocean View,,Active,2020-06-27,Phone Booking,47,15143.39
C0001004182,Louis,Hamilton,noemail@provided.com,000-000-0000,MX,North America,East Georgestad,49,M,Family,2024-05-21,2024,5,Silver,Email,False,English,Mastercard,Standard,,Active,2025-02-04,Walk-in,4,18744.82
C0001004183,Claire,Hussain,claire47@yahoo.com,+1 294 998 3496,SE,Europe,Lake Helenshire,47,F,Leisure,2022-03-15,2022,3,Basic,Email,False,English,Visa,Deluxe,,Inactive,2024-09-04,Walk-in,23,2474.9
C0001004184,Adrien,Le Gall,adrien_le gall@gmail.com,+33 203 598 414,FR,Europe,Marchaldan,47,M,Group,2024-03-31,2024,3,Non-Member,SMS,False,French,Visa,Family,,Active,,Website Direct,1,8813.41
C0001004185,桂荣,侯,桂侯@gmail.com,538 3060 380,CN,Asia Pacific,Lake Jordanberg,30,F,Group,2020-05-07,2020,5,Silver,Email,False,Chinese,Visa,Standard,,Active,2022-06-10,Phone Booking,5,22590.43
C0001004186,Dawn,Lowe,noemail@provided.com,+1 762 105 8767,KW,Middle East,North Kayleigh,36,F,Business,2019-02-19,2019,2,Gold,Email,True,English,Visa,Executive,,Active,2020-07-02,Corporate Contract,26,23949.63
C0001004187,Leonard,Thomas,leonard.thomas@gmail.com,+1 513 911 7456,KW,Middle East,New Wayneton,34,M,Leisure,2024-12-07,2024,12,Basic,Email,False,English,Visa,Deluxe,,Active,2025-03-01,OTA Referral,12,257.45
C0001004188,준호,김,준김@gmail.com,+1 568 246 3772,KR,Asia Pacific,Harrietville,48,M,Leisure,2019-04-23,2019,4,Gold,Email,False,Korean,Visa,Suite,,Active,,Walk-in,47,8535.83
C0001004189,Eustaquio,Bello,eustaquio77@yahoo.com,+1 183 324 4118,ES,Europe,Salamanca,41,M,Business,2019-06-04,2019,6,Gold,Email,True,Spanish,Visa,Suite,,Active,,Corporate Contract,35,21071.26
C0001004190,Hollie,Davies,hollie.davies@gmail.com,+91 388 843 8354,IN,Asia Pacific,West Phillip,33,F,Family,2019-10-09,2019,10,Gold,Email,True,English,Mastercard,Suite,,Active,,Website Direct,7,17240.55
C0001004191,花子,伊藤,花伊藤@tyrellcorp.com,+81 361-736-648,JP,Asia Pacific,Alexbury,42,F,Business,2022-06-22,2022,6,Basic,Email,True,Japanese,Visa,Deluxe,,Active,,Phone Booking,48,13285.13
C0001004192,Kathryn,Holmes,kathryn80@icloud.com,+1 390 571 6714,MX,North America,Sarahaven,33,F,Leisure,2022-03-13,2022,3,Basic,Both,True,English,Mastercard,Standard,,Active,2025-01-06,Website Direct,5,18956.63
C0001004193,Neil,Morgan,guest@email.com,+1 437 638 1456,SE,Europe,Blackhaven,39,M,Business,2024-10-16,2024,10,Silver,Email,False,English,Visa,Family,,Active,2026-06-06,Phone Booking,41,3650.0
C0001004194,Karl,Russell,karlr@outlook.com,+91 310 946 3274,IN,Asia Pacific,Hydeshire,32,M,Business,2022-03-07,2022,3,Basic,Email,True,English,Visa,Deluxe,,Active,,OTA Referral,35,1547.68
C0001004195,Marion,Cross,marion46@gmail.com,+1 536 110 2233,MX,North America,Jemmaport,30,F,Leisure,2021-10-30,2021,10,Gold,Both,True,English,PayPal,Standard,,Active,2023-05-20,Phone Booking,20,1446.67
C0001004196,Douglas,Spencer,douglass@outlook.com,+1 397 529 9525,CA,North America,Jamesville,47,M,Leisure,2020-10-14,2020,10,Gold,SMS,True,English,Visa,Deluxe,,Active,,Corporate Contract,44,18387.67
C0001004197,Herminio,Salinas,herminios@gmail.com,+1 403 121 3140,ES,Europe,Córdoba,45,M,Leisure,2019-05-20,2019,5,Non-Member,SMS,True,Spanish,Visa,Standard,,Active,2021-07-06,Website Direct,5,14469.06
C0001004198,Samantha,Davey,sdavey@gmail.com,+1 788 765 9030,CA,North America,North Anthony,50,F,Leisure,2020-06-23,2020,6,Basic,Email,False,English,PayPal,Suite,,Active,2020-12-11,Website Direct,35,3604.36
C0001004199,Harry,Jones,harry61@gmail.com,+91 226 170 2016,IN,Asia Pacific,Tinatown,49,M,Leisure,2022-09-24,2022,9,Gold,Email,False,English,American Express,Deluxe,,Active,,Walk-in,1,21407.04
C0001004200,Charles,Clarke,charles_clarke@gmail.com,(320) 229-8319,US,North America,West Garethshire,42,M,Leisure,2024-12-23,2024,12,Basic,Email,False,English,Visa,Family,,Active,,Walk-in,10,12625.25
C0001004201,Roy,Thomson,roy32@gmail.com,098-766-6738,US,North America,North Meganton,38,M,Leisure,2021-07-29,2021,7,Non-Member,Email,True,English,Mastercard,Standard,,Inactive,,Website Direct,2,8029.63
C0001004202,Holly,Scott,holly58@gmail.com,+1 532 251 5538,SG,Asia Pacific,West Jeffrey,42,F,Business,2019-07-05,2019,7,Silver,Email,False,English,Mastercard,Suite,,Active,2021-03-04,Phone Booking,5,7523.37
C0001004203,Jeremy,Webster,jeremy_webster@outlook.com,(371) 589-3573,US,North America,Debraland,25,M,Family,2024-06-11,2024,6,Silver,SMS,True,English,Visa,Deluxe,"Allergies, High Floor",Active,2026-07-10,Corporate Contract,1,9967.44
C0001004204,Joel,Sastre,jsastre@tyrellcorp.com,+1 523 712 8042,ES,Europe,Santa Cruz de Tenerife,31,M,Business,2021-05-18,2021,5,Silver,Email,True,Spanish,Visa,Suite,,Active,,OTA Referral,49,885.57
C0001004205,Philip,Hill,philip.hill@gmail.com,+1 420 750 4776,SE,Europe,Port Elliechester,61,M,Group,2021-11-20,2021,11,Silver,SMS,True,English,Mastercard,Standard,,Active,2021-11-26,Phone Booking,31,2426.52
C0001004206,Felipa,Blázquez,felipab@cyberdyne.com,+1 982 500 4703,ES,Europe,Tarragona,25,F,Business,2021-05-20,2021,5,Gold,Email,False,Spanish,PayPal,Executive,,Active,2021-10-30,Phone Booking,2,2440.18
C0001004207,Remedios,Santamaría,remedios_santamaría@gmail.com,+1 215 619 1392,ES,Europe,Zaragoza,60,F,Business,2019-01-17,2019,1,Silver,Email,True,Spanish,American Express,Executive,,Active,2020-05-27,Website Direct,29,3393.47
C0001004208,Leslie,Martin,leslie66@hotmail.com,+1 594 746 6471,SE,Europe,New Lesley,46,M,Group,2023-02-25,2023,2,Basic,Email,True,English,American Express,Suite,,Active,2025-02-27,Walk-in,17,14169.73
C0001004209,Michael,Dunn,michael.dunn@gmail.com,,NL,Europe,Lake Max,46,M,Leisure,2019-09-25,2019,9,Silver,Email,True,English,American Express,Deluxe,,Active,2020-08-29,Website Direct,36,19062.65
C0001004210,Lewis,Green,lewis.green@hotmail.com,+1 267 861 2319,SG,Asia Pacific,New Jodieshire,34,M,Family,2019-12-15,2019,12,Gold,SMS,True,English,American Express,Standard,,Inactive,,Walk-in,12,17306.08
C0001004211,Rachael,Wilson,rwilson@outlook.com,+91 634 940 1152,IN,Asia Pacific,Port Sophiemouth,56,F,Leisure,2020-02-16,2020,2,Non-Member,Email,True,English,Visa,Standard,,Active,2022-10-11,Website Direct,3,13751.4
C0001004212,Rhys,Allen,rallen@gmail.com,02621 841 600,GB,Europe,Jillburgh,32,M,Leisure,2021-09-13,2021,9,Basic,Email,True,English,PayPal,Family,"Non-smoking, Wheelchair Accessible",Active,2023-07-04,OTA Referral,5,10638.22
C0001004213,Shannon,Singh,shannons@dummycorp.com,+91 255 623 2416,IN,Asia Pacific,Jonesview,25,F,Business,2020-09-01,2020,9,Silver,Email,True,English,Google Pay,Standard,,Active,2023-02-25,Corporate Contract,34,16818.82
C0001004214,Phillip,Lynch,phillipl@outlook.com,+1 214 337 5071,MX,North America,Youngfurt,41,M,Leisure,2024-08-16,2024,8,Basic,Email,True,English,Visa,Standard,,Inactive,,Phone Booking,44,21842.61
C0001004215,Denis,Wilson,denis.wilson@tyrellcorp.com,+1 524 689 1013,MX,North America,New Tina,57,M,Business,2019-04-16,2019,4,Silver,Email,True,English,Apple Pay,Ocean View,,Active,,OTA Referral,5,16363.37
C0001004216,Beverley,Newman,beverley15@acme.com,0771 838 062,AU,Asia Pacific,Gemmahaven,41,F,Business,2022-09-23,2022,9,Gold,Email,True,English,American Express,Standard,,Active,2024-05-21,Corporate Contract,46,14316.69
C0001004217,Patricia,Watkins,patriciaw@globex.com,+91 598 362 1343,IN,Asia Pacific,Port Anne,43,F,Business,2019-02-05,2019,2,Non-Member,Email,True,English,Visa,Suite,,Inactive,2019-04-02,Corporate Contract,4,18020.0
C0001004218,Rémy,Lucas,rémy.lucas@oscorp.com,0521682056,FR,Europe,Masson,27,M,Business,2021-10-25,2021,10,Basic,Email,False,French,Visa,Suite,,Active,,Website Direct,50,9680.41
C0001004219,Tito,Oller,tito74@outlook.com,+1 619 904 7881,ES,Europe,Sevilla,42,M,Leisure,2023-07-08,2023,7,Non-Member,Email,True,Spanish,American Express,Executive,,Active,2025-10-23,Walk-in,1,2344.93
C0001004220,Mathew,Barker,mbarker@gmail.com,+1 961 920 5448,CA,North America,South Kerry,53,M,Leisure,2021-12-06,2021,12,Silver,SMS,False,English,Visa,Standard,"Late Check-out, Allergies",Active,2022-03-09,Website Direct,20,19179.99
C0001004221,Marion,Taylor,mariont@dummycorp.com,+1 820 366 6936,CA,North America,Port Ryantown,42,F,Business,2023-01-28,2023,1,Gold,Email,True,English,Mastercard,Executive,,Inactive,,OTA Referral,38,8035.18
C0001004222,Amber,Brown,amber_brown@example.th,+1 283 377 2549,TH,Asia Pacific,North Josephport,37,F,Business,2019-05-31,2019,5,Basic,Email,True,English,American Express,Deluxe,,Active,2022-04-01,Website Direct,24,18095.07
C0001004223,Fiona,Hope,fiona.hope@icloud.com,000-000-0000,US,North America,North Katherine,42,F,Group,2023-07-09,2023,7,Silver,Email,False,English,PayPal,Standard,,Inactive,2023-10-14,OTA Referral,0,3490.98
C0001004224,Paige,Ali,pali@gmail.com,+1 592 454 1447,TH,Asia Pacific,South Debra,39,F,Leisure,2024-01-27,2024,1,Non-Member,Email,False,English,Visa,Suite,,Active,,OTA Referral,3,3373.64
C0001004225,Luce,Gaudin,luce70@gmail.com,,FR,Europe,Marques-sur-Mer,39,F,Leisure,2020-04-21,2020,4,Basic,Email,True,French,Visa,Standard,,Active,2021-10-01,Walk-in,16,15439.64
C0001004226,Glen,Lee,glen_lee@gmail.com,(366) 378-0846,US,North America,Port Jade,30,M,Business,2019-02-12,2019,2,Non-Member,Both,True,English,Visa,Executive,,Inactive,2019-05-22,Walk-in,4,7723.36
C0001004227,Lewis,Jones,ljones@hotmail.com,+1 596 790 2066,CL,South America,Harrietport,43,M,Leisure,2020-07-04,2020,7,Non-Member,Email,True,English,Visa,Standard,,Active,2020-10-25,Walk-in,3,4643.87
C0001004228,George,Kemp,george5@dummycorp.com,+44 1977 26973,GB,Europe,Mohamedberg,35,M,Business,2023-10-30,2023,10,Basic,Email,True,English,PayPal,Suite,,Active,,Website Direct,21,9248.38
C0001004229,Derek,Smith,derek.smith@hotmail.com,+1 436 529 2384,MX,North America,New Tracy,54,M,Family,2022-12-02,2022,12,Basic,Email,True,English,Mastercard,Deluxe,High Floor,Active,2025-05-08,Website Direct,11,14830.77
C0001004230,Sara,Smith,sara.smith@gmail.com,334-932-9412,US,North America,Christopherberg,44,F,Leisure,2024-01-01,2024,1,Non-Member,Both,True,English,American Express,Standard,,Active,2024-05-26,Walk-in,3,7028.9
C0001004231,Harriet,Chandler,harriet.chandler@outlook.com,+1 414 834 8291,CH,Europe,New Daniel,47,F,Leisure,2024-09-18,2024,9,Basic,Email,True,English,Visa,Deluxe,,Inactive,,Corporate Contract,32,24171.11
C0001004232,Alice,Brown,aliceb@gmail.com,+1 234 971 5197,MX,North America,Donnaland,26,F,Business,2019-04-09,2019,4,Platinum,Email,True,English,Visa,Standard,,Inactive,2019-12-18,Website Direct,4,17690.9
C0001004233,Marcella,Chiappetta,marcella.chiappetta@gmail.com,+1 116 342 3909,IT,Europe,Gozzolina,36,F,Business,2023-07-26,2023,7,Non-Member,Email,True,Italian,Mastercard,Standard,"Wheelchair Accessible, Late Check-out",Active,2024-02-05,Walk-in,2,15131.54
C0001004234,Wayne,Ross,wayne.ross@dummycorp.com,+1 415 304 3198,MX,North America,Port Georginatown,48,M,Business,2019-04-17,2019,4,Gold,Email,True,English,Google Pay,Executive,,Active,2021-09-20,Corporate Contract,20,22771.92
C0001004235,James,Smith,jamess@globex.com,523-657-6487,US,North America,Jonesborough,25,M,Business,2019-05-29,2019,5,Silver,Email,True,English,American Express,Deluxe,,Active,2021-03-22,Website Direct,1,11635.32
C0001004236,Gordon,Ford,gordon_ford@icloud.com,000-000-0000,CA,North America,East Hollie,44,M,Family,2023-08-04,2023,8,Non-Member,SMS,True,English,Mastercard,Suite,,Active,2024-02-16,Corporate Contract,1,3725.99
C0001004237,George,Hewitt,george40@gmail.com,+1 142 113 2329,SE,Europe,East Sylvia,45,M,Leisure,2020-02-21,2020,2,Non-Member,Email,False,English,American Express,Deluxe,,Active,,OTA Referral,1,3523.04
C0001004238,Damien,Gregory,damien_gregory@outlook.com,+1 927 315 9612,CH,Europe,Jamesview,38,M,Leisure,2020-08-02,2020,8,Basic,SMS,True,English,American Express,Ocean View,,Inactive,2021-02-16,Corporate Contract,6,12678.61
C0001004239,Valerie,Bird,valerie_bird@gmail.com,297-260-6096,US,North America,West Dorothyshire,47,F,Leisure,2022-05-28,2022,5,Gold,Email,True,English,PayPal,Standard,,Active,2024-12-22,Website Direct,14,19682.04
C0001004240,Lesley,Metcalfe,lmetcalfe@example.ca,+1 283 613 1152,CA,North America,South Juliafurt,41,F,Business,2020-11-04,2020,11,Non-Member,SMS,True,English,Mastercard,Executive,,Active,2022-02-05,Phone Booking,3,12105.01
C0001004241,Denise,Cox,dcox@dummycorp.com,+61 022 980 218,AU,Asia Pacific,South Timothy,35,F,Business,2020-10-05,2020,10,Platinum,Email,False,English,Mastercard,Standard,,Active,2020-10-13,Walk-in,39,1538.11
C0001004242,Simon,Robinson,simon_robinson@gmail.com,+1 287 354 9937,CA,North America,Tracyview,36,M,Leisure,2023-12-02,2023,12,Silver,Email,False,English,Mastercard,Deluxe,"Allergies, High Floor",Inactive,2024-10-16,Website Direct,5,17402.52
C0001004243,Maureen,Macdonald,mmacdonald@dummycorp.com,+1 538 334 9772,SE,Europe,Morgantown,43,F,Business,2023-12-06,2023,12,Silver,Both,True,English,Visa,Deluxe,,Active,,Phone Booking,44,18132.36
C0001004244,帆,吕,帆吕@gmail.com,746 8030 280,CN,Asia Pacific,North Megan,38,M,Leisure,2024-02-29,2024,2,Silver,Email,True,Chinese,Mastercard,Standard,,Active,,Walk-in,9,17577.67
C0001004245,Edward,Bell,edward.bell@outlook.com,938-781-2784,US,North America,Louisefort,50,M,Leisure,2023-04-18,2023,4,Non-Member,Email,True,English,Visa,Standard,,Active,2023-05-04,Corporate Contract,3,6945.95
C0001004246,Hannah,White,hannah_white@gmail.com,637-724-0001,US,North America,North Garyville,40,F,Family,2021-03-06,2021,3,Silver,Email,True,English,Mastercard,Deluxe,,Active,2023-08-23,Corporate Contract,27,4048.51
C0001004247,Diane,Hargreaves,diane_hargreaves@acme.com,(735) 596-6247,US,North America,Lake Carol,44,F,Business,2023-05-15,2023,5,Basic,Email,True,English,American Express,Standard,,Active,2025-09-23,Walk-in,42,3727.21
C0001004248,Ellie,Hill,guest@email.com,+1 397 510 6934,QA,Middle East,New Nicola,43,F,Group,2022-10-15,2022,10,Platinum,Both,True,English,Visa,Family,,Active,2022-12-18,Walk-in,9,23842.55
C0001004249,Roy,Taylor,royt@globex.com,(631) 057-1045,US,North America,Stevenside,41,M,Business,2021-05-06,2021,5,Gold,Email,False,English,Visa,Deluxe,Allergies,Active,2021-12-31,Website Direct,0,17436.63
C0001004250,Lydia,Stephenson,noemail@provided.com,+1 714 126 9444,SG,Asia Pacific,Barbarafort,44,F,Leisure,2022-03-01,2022,3,Platinum,SMS,True,English,Google Pay,Standard,,Active,2022-11-17,Walk-in,36,2616.86
C0001004251,Oliver,Clark,oliverc@dummycorp.com,608-874-0571,US,North America,South Liamberg,37,M,Business,2024-06-14,2024,6,Gold,Both,True,English,Visa,Suite,,Active,2027-05-10,Corporate Contract,44,9624.2
C0001004252,Patrick,Thompson,guest@email.com,+1 310 606 8973,SE,Europe,South Anthonymouth,44,M,Group,2020-06-14,2020,6,Non-Member,SMS,False,English,Mastercard,Deluxe,,Active,2021-01-28,Walk-in,2,15174.48
C0001004253,Kieran,Williams,kieranw@gmail.com,+1 962 817 6369,TH,Asia Pacific,Christophermouth,46,M,Group,2019-06-05,2019,6,Non-Member,Email,False,English,Visa,Deluxe,,Active,,Walk-in,3,19615.23
C0001004254,Marion,Robinson,marion.robinson@gmail.com,533-902-6763,US,North America,Raymondville,59,F,Leisure,2019-04-10,2019,4,Non-Member,Email,False,English,Visa,Suite,,Inactive,2021-12-02,Corporate Contract,3,12204.55
C0001004255,민석,이,민석이@hotmail.com,+1 965 339 8516,KR,Asia Pacific,Lake Katieview,30,M,Business,2022-01-25,2022,1,Non-Member,SMS,False,Korean,Apple Pay,Executive,,Active,,Phone Booking,2,7409.42
C0001004256,Paco,Sobrino,paco_sobrino@dummycorp.com,+1 342 428 4960,ES,Europe,Ávila,47,M,Business,2021-04-07,2021,4,Gold,Email,False,Spanish,American Express,Executive,,Active,2023-04-22,Walk-in,28,8740.64
C0001004257,Albina,Segovia,guest@email.com,+1 773 975 4044,AR,South America,Lake مصباحport,40,F,Leisure,2019-08-20,2019,8,Non-Member,Email,True,English,American Express,Standard,Allergies,Active,,Phone Booking,2,1624.94
C0001004258,あすか,鈴木,あすか鈴@gmail.com,+81 224-262-963,JP,Asia Pacific,Sallymouth,41,F,Family,2021-10-02,2021,10,Platinum,Email,True,Japanese,Visa,Deluxe,,Active,2023-04-26,Walk-in,8,22147.64
C0001004259,زغلول,آل سلطان,زغلول78@gmail.com,+971 872 831 5224,AE,Middle East,Kellyhaven,42,M,Family,2021-10-28,2021,10,Gold,None,False,Arabic,PayPal,Suite,,Inactive,2022-07-24,Corporate Contract,28,15108.69
C0001004260,شاطر,آل صفوان,شاطر.آل صفوان@outlook.com,+1 864 868 8375,SA,Middle East,New Scott,40,M,Group,2024-07-16,2024,7,Basic,SMS,False,Arabic,Visa,Suite,,Active,2025-07-02,Website Direct,10,11597.14
C0001004261,Frank,Law,frank.law@gmail.com,0381 875 942,AU,Asia Pacific,North Jacobstad,42,M,Business,2024-10-19,2024,10,Silver,Email,False,English,Mastercard,Deluxe,,Inactive,2025-12-28,Website Direct,3,15522.76
C0001004262,Pauline,Hewitt,paulineh@initech.com,+1 156 783 4878,TH,Asia Pacific,Wardberg,43,F,Business,2022-06-10,2022,6,Non-Member,Email,False,English,Mastercard,Standard,,Active,,Corporate Contract,4,20762.85
C0001004263,Fortunata,Storladi,fortunata.storladi@gmail.com,+1 538 767 7616,IT,Europe,Cessalto,43,F,Leisure,2024-06-15,2024,6,Gold,Email,False,Italian,PayPal,Deluxe,,Active,,Walk-in,50,17653.47
C0001004264,영희,강,영희_강@icloud.com,+1 147 934 9361,KR,Asia Pacific,West Guyhaven,53,F,Leisure,2022-06-29,2022,6,Silver,Email,True,Korean,Google Pay,Deluxe,,Active,2022-07-09,Corporate Contract,27,18846.15
C0001004265,Jade,Davies,jaded@outlook.com,+44 9999 35885,GB,Europe,Reynoldsberg,32,F,Group,2021-12-17,2021,12,Silver,SMS,True,English,Mastercard,Standard,Early Check-in,Inactive,,Corporate Contract,1,18921.09
C0001004266,Megan,Bennett,mbennett@initech.com,755-807-1815,US,North America,South Katestad,27,F,Business,2021-04-04,2021,4,Platinum,Email,True,English,Visa,Executive,,Active,2022-03-14,Website Direct,47,4427.67
C0001004267,Stuart,Short,stuart_short@gmail.com,+1 938 606 6984,MX,North America,Gavinfort,33,M,Group,2023-02-15,2023,2,Non-Member,Email,False,English,American Express,Suite,Allergies,Active,,OTA Referral,2,15764.93
C0001004268,Samuel,Hamilton,samuel.hamilton@gmail.com,224-648-6878,US,North America,Gibsonland,50,M,Business,2020-09-30,2020,9,Silver,Email,False,English,American Express,Executive,,Active,2021-07-19,Corporate Contract,26,3818.27
C0001004269,Kyle,Rogers,kyle_rogers@tyrellcorp.com,05597 841 144,GB,Europe,West Margaret,38,M,Business,2024-03-18,2024,3,Basic,Email,True,English,American Express,Suite,,Active,2024-06-26,Corporate Contract,9,296.94
C0001004270,Joel,Iqbal,joel85@gmail.com,+61 733 706 573,AU,Asia Pacific,North Amber,56,M,Leisure,2022-05-15,2022,5,Silver,Email,True,English,American Express,Standard,,Active,2025-01-27,Phone Booking,8,8997.47
C0001004271,Nicholas,Taylor,ntaylor@initech.com,(982) 963-0775,US,North America,North Roymouth,50,M,Business,2019-02-06,2019,2,Silver,Email,False,English,Visa,Standard,,Active,,OTA Referral,37,23876.5
C0001004272,Rita,Kaur,rkaur@outlook.com,+1 595 632 7750,CH,Europe,Rhodesside,44,F,Leisure,2019-05-25,2019,5,Platinum,Both,False,English,Visa,Standard,,Active,2021-01-26,Walk-in,2,4754.91
C0001004273,Édouard,Lacroix,édouard_lacroix@example.fr,0743454218,FR,Europe,Saint Célina,34,M,Business,2024-01-10,2024,1,Silver,Email,True,French,Visa,Deluxe,"Allergies, Early Check-in",Active,2024-08-15,OTA Referral,46,15424.87
C0001004274,Guy,Read,noemail@provided.com,+1 658 254 8890,TH,Asia Pacific,North Lauren,28,M,Leisure,2023-07-10,2023,7,Basic,Email,True,English,Visa,Executive,,Active,2026-06-10,Corporate Contract,23,22501.85
C0001004275,Scott,Reeves,scott55@outlook.com,+1 112 849 9506,MX,North America,West Kirsty,27,M,Leisure,2024-03-17,2024,3,Non-Member,Email,True,English,Mastercard,Deluxe,,Active,2024-09-10,Walk-in,4,23974.55
C0001004276,Simonetta,Sismondi,simonetta_sismondi@globex.com,+1 655 403 3990,IT,Europe,Poggioreale,36,F,Business,2021-10-12,2021,10,Non-Member,Email,True,Italian,Mastercard,Suite,,Active,,Walk-in,2,14477.45
C0001004277,Valerie,Morris,test@test.com,+1 528 762 2345,MX,North America,New Douglasborough,48,F,Leisure,2022-10-08,2022,10,Non-Member,Email,True,English,Visa,Deluxe,,Inactive,,Website Direct,5,10222.12
C0001004278,Phillip,Johnston,phillipj@outlook.com,+1 831 809 2014,TH,Asia Pacific,Marionside,36,M,Leisure,2021-06-22,2021,6,Non-Member,Email,True,English,Visa,Suite,,Active,,OTA Referral,2,5317.09
C0001004279,Malcolm,Smith,malcolm.smith@gmail.com,+1 379 902 7157,NL,Europe,Port Shirley,52,M,Leisure,2023-02-05,2023,2,Non-Member,Email,False,English,Visa,Standard,,Active,2025-08-31,Corporate Contract,3,16612.67
C0001004280,鑫,李,鑫_李@hotmail.com,056 4464 387,CN,Asia Pacific,South Danielbury,40,M,Leisure,2023-12-26,2023,12,Non-Member,Email,False,Chinese,Visa,Deluxe,,Active,2024-10-20,Phone Booking,2,12343.3
C0001004281,Sian,Lloyd,sian.lloyd@outlook.com,+1 811 634 7911,TH,Asia Pacific,Taylorchester,42,F,Business,2023-06-07,2023,6,Silver,Email,True,English,Mastercard,Executive,,Active,,Walk-in,42,9894.45
C0001004282,Christian,Arnold,christian_arnold@oscorp.com,+1 712 888 8403,TH,Asia Pacific,Port Katyville,43,M,Business,2024-04-10,2024,4,Gold,Email,False,English,Google Pay,Executive,,Active,2024-08-10,Website Direct,22,12773.04
C0001004283,Wendy,Jones,wendy.jones@gmail.com,+1 267 665 5754,CH,Europe,North Maureenfort,45,F,Business,2020-11-23,2020,11,Gold,Email,True,English,Visa,Suite,,Active,2021-06-16,Walk-in,1,20494.54
C0001004284,Lisa,Turner,lisa_turner@gmail.com,+1 771 322 1994,MX,North America,Traceyfurt,42,F,Leisure,2022-08-26,2022,8,Silver,Email,False,English,Visa,Standard,,Active,2025-03-26,Walk-in,20,7000.41
C0001004285,Angela,Cole,angelac@yahoo.com,+91 845 349 5052,IN,Asia Pacific,Mohammadfurt,40,F,Group,2019-03-16,2019,3,Silver,Both,True,English,Apple Pay,Deluxe,,Active,2019-11-01,OTA Referral,38,3917.79
C0001004286,Philip,Wilson,philip.wilson@gmail.com,(619) 415-1193,US,North America,South Stephen,44,M,Business,2024-01-10,2024,1,Non-Member,SMS,False,English,Visa,Family,,Active,,OTA Referral,1,18037.42
C0001004287,Henry,Hughes,henry97@waynecorp.com,258-913-1284,US,North America,Frankmouth,33,M,Business,2019-09-11,2019,9,Gold,Email,True,English,Visa,Executive,,Active,2021-12-29,OTA Referral,14,15890.09
C0001004288,丹,何,丹_何@gmail.com,+86 283 7113 422,CN,Asia Pacific,North Louisefurt,32,F,Business,2022-10-13,2022,10,Non-Member,Email,True,Chinese,Mastercard,Ocean View,,Active,,Phone Booking,0,13583.59
C0001004289,Pauline,Collins,test@test.com,+44 8267 06476,GB,Europe,Bethanton,51,F,Leisure,2019-04-10,2019,4,Gold,Email,True,English,American Express,Deluxe,,Active,2021-06-25,Walk-in,19,19577.74
C0001004290,Roger,Arnold,roger_arnold@gmail.com,+1 353 270 2452,NL,Europe,Kennethbury,26,M,Business,2022-07-20,2022,7,Non-Member,None,False,English,PayPal,Family,,Active,2023-07-19,Corporate Contract,5,5191.94
C0001004291,지원,이,지원_이@gmail.com,+1 427 157 2010,KR,Asia Pacific,West Sharon,30,F,Leisure,2024-09-14,2024,9,Basic,Email,False,Korean,Visa,Suite,,Active,2024-12-31,Phone Booking,37,5889.26
C0001004292,Leonard,Patterson,leonard_patterson@outlook.com,(786) 448-8646,US,North America,Debrabury,37,M,Family,2022-12-12,2022,12,Basic,Email,True,English,Mastercard,Standard,,Active,2024-12-27,Website Direct,18,3709.71
C0001004293,Veli,Rörricht,test@test.com,+49 1945 1836,DE,Europe,Bützow,36,M,Leisure,2023-11-17,2023,11,Basic,Email,True,German,Mastercard,Suite,,Active,2026-02-04,Phone Booking,26,9398.87
C0001004294,Danielle,Fletcher,daniellef@gmail.com,(216) 530-9698,US,North America,West Gregory,49,F,Leisure,2023-09-07,2023,9,Non-Member,None,True,English,American Express,Standard,,Active,2023-12-06,Walk-in,2,2070.89
C0001004295,Glen,Stewart,gstewart@gmail.com,+1 666 266 4559,MX,North America,Debraberg,47,M,Business,2020-12-22,2020,12,Basic,SMS,False,English,Mastercard,Suite,,Active,2023-08-26,Phone Booking,2,6038.51
C0001004296,Melanie,Ellis,melanie37@outlook.com,(702) 556-0675,US,North America,Jonesfurt,44,F,Family,2023-08-13,2023,8,Non-Member,Email,True,English,Visa,Deluxe,,Active,2025-09-23,OTA Referral,5,22256.07
C0001004297,Michael,Clark,michael36@gmail.com,740-077-2482,US,North America,New Diana,31,M,Group,2021-09-23,2021,9,Basic,Email,False,English,Visa,Standard,,Active,2023-08-02,OTA Referral,34,11155.12
C0001004298,Pauline,Brown,pauline55@gmail.com,+1 555 978 3267,MX,North America,East Raymondberg,35,F,Group,2021-09-05,2021,9,Silver,Email,True,English,American Express,Standard,Allergies,Inactive,2023-05-02,Phone Booking,40,21283.14
C0001004299,Jane,Ali,jane.ali@starkindustries.com,00317 890 310,GB,Europe,New Glenn,32,F,Business,2021-01-03,2021,1,Basic,Email,False,English,Mastercard,Suite,,Active,2022-12-15,Phone Booking,32,5109.3
C0001004300,Sam,Bailey,sbailey@yahoo.com,+1 944 586 8676,NL,Europe,East Vincent,45,M,Leisure,2020-12-30,2020,12,Gold,Email,True,English,Mastercard,Suite,,Active,2022-11-02,Website Direct,43,4815.91
C0001004301,Molly,Fletcher,mfletcher@starkindustries.com,+1 444 726 5424,CA,North America,Lake Dianebury,25,F,Business,2021-12-06,2021,12,Non-Member,SMS,True,English,Mastercard,Suite,,Active,,OTA Referral,0,20005.43
C0001004302,Jack,Parker,jack.parker@outlook.com,,CA,North America,Dawnland,27,M,Leisure,2024-04-23,2024,4,Non-Member,Email,True,English,Visa,Suite,,Active,2025-07-29,Website Direct,3,4139.98
C0001004303,Ross,Preston,rossp@gmail.com,+1 533 804 2235,CA,North America,Gallagherville,38,M,Leisure,2019-05-14,2019,5,Basic,Email,True,English,Visa,Standard,,Active,2021-07-01,Website Direct,38,24066.09
C0001004304,Loredana,Visconti,loredanav@outlook.com,+1 116 363 7100,IT,Europe,Cautano,36,F,Leisure,2024-10-22,2024,10,Silver,SMS,False,Italian,Mastercard,Standard,,Active,2025-11-15,Website Direct,4,21701.17
C0001004305,Paula,Gardner,paula4@oscorp.com,003-301-5538,US,North America,New Rossside,26,F,Business,2022-12-22,2022,12,Basic,Email,True,English,Apple Pay,Standard,,Active,2023-09-05,OTA Referral,13,5790.28
C0001004306,بلقيس,آل عايض,بلقيس.آل عايض@yahoo.com,+1 301 343 1111,SA,Middle East,Adrianfurt,45,F,Group,2021-02-15,2021,2,Basic,Email,False,Arabic,Mastercard,Standard,,Active,2021-12-27,OTA Referral,27,6750.28
C0001004307,Gerard,Hill,gerard_hill@outlook.com,+1 808 942 6807,NL,Europe,Douglaston,50,M,Group,2023-03-27,2023,3,Non-Member,Email,True,English,American Express,Family,,Active,,Walk-in,1,17364.36
C0001004308,Leonard,Martin,leonard84@outlook.com,+1 157 256 9474,MX,North America,Judithfort,39,M,Family,2024-09-27,2024,9,Basic,Email,True,English,American Express,Deluxe,,Active,2026-02-24,Corporate Contract,10,9831.66
C0001004309,Gordon,Elliott,gordon.elliott@gmail.com,+1 380 777 9071,CA,North America,North Nathan,47,M,Leisure,2024-03-22,2024,3,Non-Member,Email,True,English,Visa,Deluxe,,Active,,OTA Referral,4,6894.28
C0001004310,Caroline,Adam,caroline_adam@waynecorp.com,0826964519,FR,Europe,Boucher,27,F,Business,2019-01-10,2019,1,Gold,None,False,French,Visa,Deluxe,,Active,,Phone Booking,3,13388.02
C0001004311,Lynne,King,lynne_king@yahoo.com,+1 797 635 4842,CH,Europe,North Charlotteside,20,F,Leisure,2024-08-24,2024,8,Silver,Email,True,English,Apple Pay,Executive,,Active,2025-02-18,Phone Booking,0,18738.71
C0001004312,Jordan,Hyde,test@test.com,+91 586 862 5456,IN,Asia Pacific,Samton,28,M,Business,2021-05-28,2021,5,Silver,Email,True,English,Mastercard,Executive,,Active,2023-06-27,Corporate Contract,16,23331.74
C0001004313,Robert,Thompson,rthompson@gmail.com,+44 3775 64174,GB,Europe,Williamsfort,47,M,Leisure,2019-11-20,2019,11,Silver,Email,True,English,Visa,Suite,Allergies,Active,2020-08-31,Phone Booking,50,299.82
C0001004314,Leah,Stephens,leah17@gmail.com,+1 956 498 2087,CH,Europe,Michaelberg,37,F,Leisure,2023-11-24,2023,11,Non-Member,Email,True,English,American Express,Family,,Active,2025-09-10,Website Direct,0,22746.57
C0001004315,Paula,Nixon,paula.nixon@icloud.com,+1 451 235 6432,CH,Europe,West Margaret,42,F,Leisure,2019-05-30,2019,5,Basic,Email,True,English,Mastercard,Standard,,Active,,Walk-in,47,19504.02
C0001004316,Damien,Flynn,damien6@gmail.com,+61 761 204 917,AU,Asia Pacific,Billyberg,54,M,Leisure,2024-09-01,2024,9,Non-Member,Email,False,English,Visa,Standard,,Active,2025-06-07,Phone Booking,4,5917.55
C0001004317,Chloe,Parkinson,chloep@gmail.com,+44 2245 17600,GB,Europe,Lake Angela,33,F,Leisure,2023-07-29,2023,7,Basic,Both,True,English,Visa,Standard,,Active,2026-06-22,Walk-in,14,22423.42
C0001004318,康弘,阿部,康弘阿@acme.com,288-437-5520,JP,Asia Pacific,Lynneshire,47,M,Business,2023-02-12,2023,2,Basic,Both,True,Japanese,Visa,Suite,,Active,2024-02-27,Walk-in,40,20773.79
C0001004319,Sara,Fowler,sara_fowler@gmail.com,+1 474 755 8766,MX,North America,Butlerfort,42,F,Leisure,2024-06-15,2024,6,Basic,Email,True,English,Mastercard,Standard,Late Check-out,Active,2024-09-04,Website Direct,30,18750.63
C0001004320,Sally,Campbell,sally.campbell@yahoo.com,+1 794 425 3843,SG,Asia Pacific,New Simon,42,F,Family,2022-08-13,2022,8,Gold,Both,False,English,American Express,Standard,,Active,,Website Direct,46,24399.11
C0001004321,Helen,Leach,hleach@gmail.com,+1 657 808 5722,MX,North America,Woodhaven,37,F,Business,2023-08-30,2023,8,Non-Member,SMS,False,English,American Express,Suite,,Active,2024-02-06,Walk-in,0,24060.78
C0001004322,Maurice,Kirk,mkirk@yahoo.com,+1 629 589 9941,MX,North America,Lake Debrashire,53,M,Leisure,2023-07-23,2023,7,Basic,Email,True,English,American Express,Deluxe,,Active,,Phone Booking,47,9135.89
C0001004323,凤兰,安,凤兰.安@gmail.com,+86 451 9323 547,CN,Asia Pacific,East Henryburgh,48,F,Leisure,2023-03-17,2023,3,Non-Member,SMS,False,Chinese,Visa,Executive,,Active,,OTA Referral,0,16151.98
C0001004324,Jayne,Warren,jayne6@cyberdyne.com,(242) 879-4364,US,North America,New Laura,41,F,Business,2022-07-13,2022,7,Silver,Email,True,English,Google Pay,Deluxe,,Active,2024-03-21,Corporate Contract,29,8093.8
C0001004325,Clifford,Vincent,clifford44@gmail.com,+44 8049 48690,GB,Europe,South Bryanview,38,M,Leisure,2022-04-10,2022,4,Gold,Email,True,English,American Express,Deluxe,,Active,2022-08-14,Corporate Contract,46,22151.87
C0001004326,Guy,Rose,guyr@yahoo.com,+1 357 386 5987,CA,North America,Mohamedside,41,M,Leisure,2019-05-23,2019,5,Gold,Email,False,English,Mastercard,Standard,,Active,2019-08-29,Corporate Contract,25,17732.93
C0001004327,くみ子,加藤,くみ子_加藤@outlook.com,662-981-3207,JP,Asia Pacific,South Danielborough,42,F,Leisure,2020-06-16,2020,6,Gold,Email,True,Japanese,PayPal,Deluxe,,Inactive,2020-06-17,OTA Referral,44,21305.72
C0001004328,Juan Antonio,Cabo,juan antonio_cabo@gmail.com,+1 741 145 8398,AR,South America,آل العسكريton,50,M,Family,2023-08-14,2023,8,Gold,Email,True,English,Visa,Deluxe,,Inactive,,Website Direct,15,2155.83
C0001004329,Daniela,Fogaça,guest@email.com,+55 318 0508-490,BR,South America,North Peterton,35,F,Business,2023-04-17,2023,4,Non-Member,Email,True,Portuguese,Mastercard,Deluxe,,Active,,Website Direct,0,18108.75
C0001004330,Carol,West,carol.west@gmail.com,+1 902 703 1753,SE,Europe,New Tina,34,F,Group,2023-11-22,2023,11,Basic,Both,True,English,Mastercard,Executive,,Inactive,2024-01-23,Phone Booking,29,2591.42
C0001004331,Chloe,Richards,chloer@gmail.com,+1 895 413 3267,MX,North America,Fordmouth,33,F,Business,2022-05-06,2022,5,Platinum,Email,True,English,Visa,Deluxe,,Active,2023-06-30,Phone Booking,41,18202.22
C0001004332,Shane,Lewis,shane30@gmail.com,+1 844 742 7711,TH,Asia Pacific,Rosemaryfurt,47,M,Group,2020-10-02,2020,10,Basic,SMS,True,English,Mastercard,Standard,Early Check-in,Active,,Website Direct,21,24694.02
C0001004333,Denise,White,denisew@gmail.com,+1 257 579 9183,CH,Europe,Fitzgeraldland,45,F,Leisure,2021-12-10,2021,12,Non-Member,SMS,True,English,Mastercard,Deluxe,,Active,2024-03-22,Walk-in,1,17010.17
C0001004334,Kate,Woodward,kwoodward@gmail.com,+1 208 291 8429,CL,South America,Aliland,47,F,Leisure,2022-01-10,2022,1,Basic,Both,True,English,Apple Pay,Standard,,Active,,Walk-in,44,4592.52
C0001004335,Maureen,Davies,maureen_davies@gmail.com,+61 773 626 695,AU,Asia Pacific,Port Paulaborough,51,F,Leisure,2022-06-13,2022,6,Basic,SMS,True,English,Mastercard,Family,,Active,2024-12-14,OTA Referral,44,17838.59
C0001004336,David,Fernandes,david.fernandes@gmail.com,+33 277 109 317,FR,Europe,Sainte Danielle-sur-Mer,48,M,Leisure,2020-11-14,2020,11,Silver,Email,True,French,Visa,Ocean View,,Active,,Website Direct,3,21674.45
C0001004337,Pauline,Buckley,pauline.buckley@gmail.com,+1 754 768 5213,MX,North America,South Lewisbury,51,F,Leisure,2020-10-02,2020,10,Silver,SMS,True,English,Mastercard,Deluxe,,Active,2023-07-07,Phone Booking,14,11591.92
C0001004338,Eloy,Madrigal,emadrigal@yahoo.com,+1 698 937 5827,ES,Europe,Cuenca,37,M,Leisure,2023-01-23,2023,1,Basic,SMS,True,Spanish,Visa,Deluxe,,Inactive,2023-11-11,Phone Booking,49,17951.73
C0001004339,Natasha,Nelson,natasha_nelson@outlook.com,05339 566 455,GB,Europe,Port Abigailland,46,F,Family,2024-07-25,2024,7,Non-Member,Email,False,English,American Express,Standard,,Active,,Phone Booking,2,1851.67
C0001004340,Joel,Hughes,jhughes@icloud.com,+1 495 287 7841,CA,North America,East Declanbury,53,M,Leisure,2021-07-07,2021,7,Basic,Email,False,English,PayPal,Executive,,Active,2022-08-28,OTA Referral,18,6337.17
C0001004341,Laureano,Pertini,laureanop@starkindustries.com,+1 610 768 6377,IT,Europe,Valiano,25,M,Business,2023-02-02,2023,2,Gold,None,False,Italian,Mastercard,Executive,,Active,2024-10-20,Website Direct,41,17726.26
C0001004342,Serena,Pelli,serena11@gmail.com,+1 933 923 8101,IT,Europe,Cicerale,45,F,Leisure,2023-04-06,2023,4,Non-Member,Email,True,Italian,Mastercard,Standard,,Active,2025-05-13,Phone Booking,0,18085.96
C0001004343,旭,王,旭_王@globex.com,031 8976 314,CN,Asia Pacific,Staceyborough,44,M,Business,2020-12-04,2020,12,Gold,Email,True,Chinese,Visa,Deluxe,,Active,2021-05-21,OTA Referral,38,9682.27
C0001004344,康弘,山田,康弘.山田@outlook.com,+81 383-851-634,JP,Asia Pacific,Andrewsside,37,M,Family,2022-12-23,2022,12,Silver,Email,True,Japanese,American Express,Suite,,Active,2023-04-03,Phone Booking,9,21983.74
C0001004345,Pauline,Gomes,pauline25@dummycorp.com,+33 938 126 616,FR,Europe,Gérard-sur-Mer,46,F,Business,2019-09-13,2019,9,Silver,Email,False,French,PayPal,Deluxe,,Active,2020-07-04,Website Direct,31,14468.15
C0001004346,Nigel,Kerr,nigel.kerr@acme.com,(109) 500-9608,US,North America,Nortonbury,37,M,Business,2022-03-29,2022,3,Gold,SMS,True,English,American Express,Suite,,Active,2024-02-06,Website Direct,21,11505.04
C0001004347,Eric,Stewart,eric_stewart@dummycorp.com,+1 156 770 1961,CA,North America,Teresamouth,38,M,Business,2022-05-18,2022,5,Non-Member,Email,False,English,Visa,Deluxe,,Active,2023-02-03,OTA Referral,3,10040.76
C0001004348,Rebecca,Webb,rebecca_webb@initech.com,630-320-5735,US,North America,Martynshire,53,F,Business,2024-09-04,2024,9,Silver,Email,True,English,Mastercard,Standard,,Active,2027-02-06,Phone Booking,22,10768.02
C0001004349,Janice,Roberts,janice36@outlook.com,+1 273 673 8527,SE,Europe,East Roy,37,F,Leisure,2023-11-06,2023,11,Non-Member,Email,True,English,Apple Pay,Standard,,Active,,Corporate Contract,1,4059.95
C0001004350,정숙,곽,정숙.곽@gmail.com,+1 629 734 7707,KR,Asia Pacific,Cameronbury,55,F,Family,2020-08-23,2020,8,Non-Member,Email,True,Korean,Visa,Deluxe,,Active,2023-08-03,Corporate Contract,5,18607.13
C0001004351,Steven,Pritchard,steven4@outlook.com,+1 404 875 1681,NL,Europe,Lake Toby,43,M,Leisure,2024-06-07,2024,6,Non-Member,SMS,True,English,Mastercard,Ocean View,,Active,2025-11-19,Walk-in,5,10240.17
C0001004352,Ryan,Lewis,ryanl@hotmail.com,+1 706 619 6186,CH,Europe,East Brianstad,44,M,Leisure,2024-02-21,2024,2,Basic,SMS,False,English,Visa,Suite,,Active,2026-01-22,Website Direct,45,16374.85
C0001004353,Hilary,Watson,hilary_watson@gmail.com,+1 116 697 7465,NL,Europe,Clivebury,49,F,Leisure,2022-04-29,2022,4,Gold,SMS,True,English,American Express,Deluxe,,Active,2022-10-10,Walk-in,49,18462.05
C0001004354,Bethan,John,bethanj@outlook.com,+1 866 685 6108,MX,North America,Bradleychester,46,F,Leisure,2022-05-09,2022,5,Platinum,Email,True,English,Apple Pay,Standard,,Inactive,,Walk-in,9,19114.2
C0001004355,لطفي,آل سعود,لطفيآ@hotmail.com,+1 309 145 8564,SA,Middle East,Cooperborough,55,M,Family,2023-05-20,2023,5,Gold,SMS,True,Arabic,Mastercard,Deluxe,,Inactive,2024-05-25,Phone Booking,16,12640.96
C0001004356,Lorraine,Harding,lorraineh@yahoo.com,+1 328 706 3139,KE,Africa,New Adrian,29,F,Leisure,2019-03-30,2019,3,Non-Member,SMS,True,English,Visa,Executive,,Inactive,2019-07-02,Website Direct,1,14692.48
C0001004357,Sam,Ellis,sam_ellis@gmail.com,+1 156 927 7788,CH,Europe,South Dalemouth,35,M,Leisure,2024-03-15,2024,3,Non-Member,SMS,True,English,Mastercard,Deluxe,,Active,2026-02-21,Phone Booking,0,24466.19
C0001004358,영길,서,영길.서@cyberdyne.com,+1 565 758 1787,KR,Asia Pacific,Skinnerfurt,42,M,Business,2019-05-21,2019,5,Platinum,Email,False,Korean,Mastercard,Standard,"Early Check-in, Allergies",Inactive,,Corporate Contract,18,22134.9
C0001004359,Gemma,Andrews,gemma93@gmail.com,367-680-0109,US,North America,Chelseafort,36,F,Leisure,2023-05-09,2023,5,Basic,Both,True,English,American Express,Suite,,Active,,Walk-in,50,13749.03
C0001004360,Margaret,Bernier,mbernier@outlook.com,+33 189 343 992,FR,Europe,NormandVille,42,F,Family,2023-08-22,2023,8,Basic,Email,False,French,PayPal,Executive,,Active,2024-09-13,OTA Referral,1,20518.71
C0001004361,Anthony,Hargreaves,anthonyh@outlook.com,+1 790 588 6777,TH,Asia Pacific,West Janiceberg,41,M,Leisure,2022-01-22,2022,1,Silver,SMS,True,English,Mastercard,Deluxe,,Active,2022-06-23,Walk-in,15,16885.18
C0001004362,Shannon,Lewis,shannon8@gmail.com,+1 188 307 9028,MX,North America,Emmatown,51,F,Leisure,2024-08-24,2024,8,Basic,Email,True,English,Mastercard,Suite,,Active,2027-03-23,Walk-in,32,23457.51
C0001004363,정웅,김,정웅56@gmail.com,+1 854 585 7514,KR,Asia Pacific,Lake Jacob,46,M,Leisure,2023-08-07,2023,8,Gold,SMS,False,Korean,Visa,Deluxe,,Active,2025-03-07,Walk-in,50,199.44
C0001004364,凤兰,欧,凤欧@gmail.com,119 0453 491,CN,Asia Pacific,West Donnaville,27,F,Group,2021-03-24,2021,3,Non-Member,Email,True,Chinese,Visa,Suite,,Active,,OTA Referral,0,14488.85
C0001004365,Charlotte,Edwards,charlottee@yahoo.com,(357) 037-2679,US,North America,Hodgsontown,43,F,Group,2021-04-05,2021,4,Silver,Email,False,English,Visa,Standard,,Active,,Corporate Contract,32,14270.46
C0001004366,Samantha,Smith,samanthas@gmail.com,0573 672 065,AU,Asia Pacific,North Douglasfurt,47,F,Leisure,2022-02-14,2022,2,Silver,Email,True,English,Visa,Standard,,Active,,Phone Booking,26,8676.91
C0001004367,Lee,Jones,lee_jones@globex.com,+1 855 482 6377,SE,Europe,Carolinehaven,37,M,Business,2022-11-21,2022,11,Silver,Email,True,English,Visa,Suite,,Active,,Phone Booking,42,21617.95
C0001004368,Bernardita,Carrillo,bernardita.carrillo@hotmail.com,+1 127 418 9333,ES,Europe,Córdoba,45,F,Group,2023-06-20,2023,6,Non-Member,Both,True,Spanish,Mastercard,Standard,,Inactive,2024-08-11,Website Direct,2,10668.76
C0001004369,Claire,Conway,claire_conway@hotmail.com,+1 120 326 9211,MX,North America,Brandonview,39,F,Leisure,2019-08-08,2019,8,Non-Member,Email,True,English,Visa,Suite,,Active,2022-06-02,Corporate Contract,2,4684.28
C0001004370,حازم,الجابر,حازم15@gmail.com,+1 938 670 8232,SA,Middle East,North Carol,51,M,Business,2020-02-26,2020,2,Silver,SMS,True,Arabic,Visa,Ocean View,,Active,2021-04-26,OTA Referral,29,24097.68
C0001004371,Abbie,Anderson,abbie72@gmail.com,+61 240 930 786,AU,Asia Pacific,East Hannah,35,F,Leisure,2022-05-10,2022,5,Non-Member,None,True,English,Visa,Standard,,Active,2023-07-10,Walk-in,0,2270.48
C0001004372,Peter,Sullivan,peter862@hotmail.com,+1 105 756 2953,CA,North America,East Natashaview,41,M,Leisure,2023-04-04,2023,4,Silver,Email,True,English,Mastercard,Deluxe,,Active,2024-03-29,Walk-in,19,12825.97
C0001004373,Geraldine,Shaw,geraldine.shaw2@yahoo.com,+1 416 309 9653,SE,Europe,Julianville,35,F,Leisure,2022-08-23,2022,8,Platinum,Email,False,English,Visa,Standard,,Active,2024-12-13,OTA Referral,25,20640.79
C0001004374,Katy,Fletcher,katyf2@starkindustries.com,599-991-8124,US,North America,Mollyfurt,38,F,Business,2021-05-07,2021,5,Silver,Email,True,English,American Express,Executive,,Active,2021-07-07,Phone Booking,33,22333.74
C0001004375,Stacey,Patel,spatel2@gmail.com,+1 272 861 2908,CH,Europe,Sharpland,39,F,Leisure,2023-01-26,2023,1,Platinum,Email,True,English,Visa,Standard,,Active,2024-03-24,OTA Referral,47,7456.19
C0001004376,Robin,Wood,robinw2@outlook.com,+1 741 949 5098,MX,North America,Terryland,32,M,Leisure,2024-02-28,2024,2,Silver,Email,True,English,Mastercard,Deluxe,,Active,,OTA Referral,6,6273.41
C0001004377,Bernard,James,bernard562@gmail.com,+1 305 540 8089,KW,Middle East,Joneshaven,32,M,Group,2019-11-14,2019,11,Non-Member,Email,True,English,Visa,Suite,,Active,2022-11-11,Corporate Contract,1,4974.71
C0001004378,민수,이,민수_이2@gmail.com,+1 429 623 6273,KR,Asia Pacific,Jakechester,45,M,Family,2019-03-12,2019,3,Gold,Email,False,Korean,Visa,Family,,Inactive,2021-07-03,OTA Referral,20,4612.57
C0001004379,Judith,Lloyd,judithl2@outlook.com,(860) 710-9316,US,North America,Wilkinsmouth,39,F,Business,2019-12-13,2019,12,Basic,SMS,False,English,Mastercard,Suite,"Early Check-in, High Floor",Active,2021-03-29,Phone Booking,36,2899.21
C0001004380,지아,양,지아_양2@gmail.com,+1 226 108 1139,KR,Asia Pacific,New Mariachester,49,F,Leisure,2024-04-02,2024,4,Non-Member,Email,True,Korean,Visa,Standard,,Active,2024-08-08,Website Direct,0,20093.47
C0001004381,Shirley,Parkes,shirley892@acme.com,02423 896 738,GB,Europe,New Melissaport,44,F,Business,2023-05-01,2023,5,Basic,SMS,True,English,Mastercard,Suite,,Active,2024-01-22,OTA Referral,28,4370.71
C0001004382,Elías,Sola,elías_sola2@hotmail.com,+1 539 868 1805,ES,Europe,La Coruña,29,M,Leisure,2022-07-05,2022,7,Silver,Email,True,Spanish,Apple Pay,Standard,,Active,,OTA Referral,12,10041.41
C0001004383,Gloria,Pedro,gpedro2@tyrellcorp.com,+1 106 612 2175,ES,Europe,Sevilla,31,F,Business,2022-06-07,2022,6,Non-Member,Email,True,Spanish,Mastercard,Standard,,Active,2024-10-12,Corporate Contract,4,20943.97
C0001004384,Lewis,Hale,lewis_hale2@example.ca,+1 104 192 8005,CA,North America,North Derek,41,M,Business,2019-12-15,2019,12,Silver,Email,True,English,Visa,Executive,,Active,2021-01-06,Phone Booking,34,10656.56
C0001004385,John,Fletcher,john472@yahoo.com,(023) 571-1647,US,North America,South Gerardview,25,M,Business,2024-05-08,2024,5,Non-Member,SMS,False,English,Visa,Suite,,Active,2027-02-16,Corporate Contract,1,11871.71
C0001004386,Harriet,Martin,harriet_martin2@gmail.com,(860) 042-0671,US,North America,New Harrietland,44,F,Leisure,2020-02-20,2020,2,Basic,Email,True,English,Visa,Suite,,Active,2022-04-14,Phone Booking,8,12493.56
C0001004387,Mary,Perkins,mary_perkins2@gmail.com,+1 863 380 5497,CO,South America,East Jasminechester,44,F,Family,2024-12-24,2024,12,Basic,Email,False,English,Visa,Standard,"Early Check-in, Non-smoking",Active,,Website Direct,10,8693.91
C0001004388,Uberto,Offredi,uberto692@gmail.com,,IT,Europe,Scontrone,47,M,Leisure,2024-03-02,2024,3,Basic,Email,True,Italian,American Express,Standard,,Active,,Walk-in,18,15829.87
C0001004389,Sean,Waters,sean.waters2@outlook.com,+1 198 474 2555,NL,Europe,Jenningsshire,43,M,Leisure,2021-05-12,2021,5,Gold,SMS,False,English,Visa,Standard,,Active,,Phone Booking,23,1208.39
C0001004390,Amador,Rodríguez,amador_rodríguez2@gmail.com,+1 353 271 2822,ES,Europe,Asturias,47,M,Leisure,2023-07-07,2023,7,Silver,Email,False,Spanish,Mastercard,Family,,Active,2025-03-21,Phone Booking,47,10425.15
C0001004391,Vanessa,Kelly,vanessa562@outlook.com,07755 030 677,GB,Europe,Joannafurt,52,F,Leisure,2020-10-24,2020,10,Silver,Email,True,English,Mastercard,Standard,,Inactive,2021-01-27,Walk-in,28,17961.25
C0001004392,Daniel,Monnier,daniel_monnier2@yahoo.com,0158699978,FR,Europe,Saint Marcel-les-Bains,43,M,Family,2021-12-17,2021,12,Gold,SMS,False,French,Visa,Family,,Active,2022-04-28,OTA Referral,10,23208.88
C0001004393,Joanne,Winter,jwinter2@gmail.com,+1 291 460 4329,MX,North America,Gordonport,37,F,Leisure,2020-08-05,2020,8,Basic,Email,False,English,Mastercard,Standard,"Allergies, Wheelchair Accessible",Active,2021-10-30,Phone Booking,8,9736.11
C0001004394,Bryan,Thomas,bryant2@yahoo.com,+1 732 110 6384,TH,Asia Pacific,Aimeeberg,46,M,Group,2023-09-14,2023,9,Non-Member,Email,True,English,American Express,Standard,,Active,2025-07-15,Corporate Contract,0,5051.36
C0001004395,Christine,Hall,christineh2@gmail.com,479-235-9066,US,North America,Boylechester,39,F,Family,2019-04-21,2019,4,Silver,Email,True,English,Visa,Standard,,Active,2020-09-17,Corporate Contract,1,6531.31
C0001004396,Glenn,Green,ggreen2@icloud.com,+1 936 563 6225,MX,North America,Antonyton,28,M,Leisure,2023-03-17,2023,3,Basic,Email,True,English,Visa,Ocean View,,Active,2026-03-03,Phone Booking,5,9360.88
C0001004397,Robert,Chambers,robert872@globex.com,+1 468 329 3673,CA,North America,West Gemmaside,30,M,Business,2020-01-17,2020,1,Silver,Email,True,English,Mastercard,Deluxe,,Active,2021-02-03,Website Direct,9,19797.52
C0001004398,Nicholas,Robertson,nrobertson2@tyrellcorp.com,+91 927 880 6383,IN,Asia Pacific,South Carolynbury,38,M,Business,2024-10-11,2024,10,Basic,Email,True,English,Visa,Standard,,Active,2026-12-23,Walk-in,28,22692.76
C0001004399,Lothar,Pohl,lpohl2@example.de,+49 239 48535,DE,Europe,Marienberg,37,M,Business,2020-12-18,2020,12,Platinum,SMS,True,German,Mastercard,Executive,,Active,2023-05-31,Walk-in,38,7966.07
C0001004400,Graeme,Bailey,graemeb2@acme.com,+1 353 360 6036,NL,Europe,New Gregory,25,M,Business,2023-08-31,2023,8,Non-Member,Email,True,English,Mastercard,Ocean View,,Active,,Website Direct,3,23873.87
C0001004401,Juan Manuel,Machado,jmachado2@yahoo.com,+1 651 546 9521,ES,Europe,Granada,56,M,Leisure,2022-12-22,2022,12,Non-Member,Email,False,Spanish,Google Pay,Standard,,Active,2025-02-18,OTA Referral,2,21661.2
C0001004402,Matthew,Taylor,matthew892@yahoo.com,+1 566 626 8505,SG,Asia Pacific,New Donnafort,44,M,Leisure,2022-04-13,2022,4,Non-Member,Email,True,English,Mastercard,Standard,,Inactive,2022-07-30,Phone Booking,5,14557.09
C0001004403,Clare,Fletcher,clare_fletcher2@waynecorp.com,615-284-3555,US,North America,Sylviastad,32,F,Business,2023-12-19,2023,12,Basic,SMS,True,English,Visa,Ocean View,,Active,2026-11-15,OTA Referral,0,14902.41
C0001004404,Joshua,Davies,joshua752@outlook.com,(200) 803-2385,US,North America,Lorraineland,36,M,Leisure,2024-03-02,2024,3,Basic,SMS,False,English,Google Pay,Standard,,Active,,Phone Booking,31,7506.22
C0001004405,Jenna,Brown,jenna_brown2@gmail.com,+61 504 097 425,AU,Asia Pacific,Kingfort,36,F,Group,2024-01-13,2024,1,Silver,Email,True,English,Visa,Ocean View,,Active,2024-06-24,OTA Referral,4,17335.73
C0001004406,현지,김,현지472@gmail.com,+1 264 320 2377,KR,Asia Pacific,Port Shanehaven,42,F,Family,2020-11-28,2020,11,Non-Member,Email,True,Korean,American Express,Suite,,Active,,Phone Booking,5,11860.75
C0001004407,Clifford,Ross,cross2@gmail.com,000-000-0000,MX,North America,Carlyport,36,M,Leisure,2023-05-14,2023,5,Non-Member,Email,False,English,Visa,Deluxe,,Active,2023-11-21,Corporate Contract,4,7300.94
C0001004408,Beatriz,Pinto,beatriz682@gmail.com,+55 883 2751-924,BR,South America,Elliottshire,33,F,Business,2021-10-08,2021,10,Gold,Email,True,Portuguese,Visa,Suite,,Active,,OTA Referral,1,5553.23
C0001004409,Ross,Lynch,rossl2@outlook.com,+1 847 124 5698,KW,Middle East,Kayville,53,M,Leisure,2024-03-15,2024,3,Non-Member,Email,True,English,Mastercard,Deluxe,,Inactive,2025-11-04,Walk-in,0,22797.78
C0001004410,Hilary,Harding,hharding2@umbrellacorp.com,+1 726 367 7648,NL,Europe,Lisatown,37,F,Business,2021-07-23,2021,7,Non-Member,SMS,False,English,Google Pay,Suite,"High Floor, Non-smoking",Active,,Walk-in,0,21634.18
C0001004411,京助,加藤,京助222@gmail.com,585-623-7952,JP,Asia Pacific,Jackmouth,52,M,Leisure,2023-10-16,2023,10,Basic,Both,True,Japanese,Visa,Family,,Inactive,,Phone Booking,19,20907.48
C0001004412,Geoffrey,Carter,geoffreyc2@gmail.com,+91 996 187 4286,IN,Asia Pacific,Pagemouth,42,M,Business,2020-10-04,2020,10,Gold,Email,True,English,American Express,Standard,,Active,2022-02-21,Walk-in,3,1331.63
C0001004413,Christiane,Texier,christianet2@outlook.com,0615621677,FR,Europe,Laporte-sur-Schmitt,43,F,Business,2023-07-05,2023,7,Non-Member,Email,False,French,Visa,Suite,,Active,2025-09-14,Walk-in,3,21607.6
C0001004414,Gary,Bell,gary722@umbrellacorp.com,+1 733 117 9190,CA,North America,Stevenview,44,M,Business,2022-08-27,2022,8,Non-Member,Email,False,English,Visa,Standard,,Active,2024-06-18,Walk-in,5,6359.66
C0001004415,明美,前田,明前田2@outlook.com,+81 888-214-462,JP,Asia Pacific,North Richardfurt,42,F,Family,2024-07-13,2024,7,Non-Member,Both,True,Japanese,Mastercard,Suite,,Inactive,2027-06-01,Website Direct,4,5517.87
C0001004416,Joan,Thorpe,noemail2@provided.com,+1 390 157 7797,NL,Europe,Lesleyview,25,F,Business,2020-12-10,2020,12,Non-Member,Email,True,English,Visa,Deluxe,,Inactive,2022-09-05,OTA Referral,2,12643.03
C0001004417,Callum,Davies,callumd2@starkindustries.com,765-542-1682,US,North America,Port Carl,36,M,Business,2021-10-22,2021,10,Basic,Email,False,English,PayPal,Ocean View,,Active,2024-04-30,Walk-in,6,1916.81
C0001004418,Jack,Allen,jack_allen2@outlook.com,08738 856 939,GB,Europe,Jenniferhaven,51,M,Leisure,2022-04-06,2022,4,Basic,Email,True,English,Mastercard,Standard,,Active,2022-07-07,Walk-in,48,5448.05
C0001004419,Shirley,Murray,shirleym2@gmail.com,+1 956 114 7936,SE,Europe,South Stewart,30,F,Family,2023-09-08,2023,9,Basic,Both,True,English,Mastercard,Standard,,Active,2025-01-13,OTA Referral,33,9124.19
C0001004420,Oliver,Hyde,oliver.hyde2@hotmail.com,+1 162 610 1105,QA,Middle East,Port Abigail,31,M,Leisure,2022-07-17,2022,7,Gold,Email,True,English,Mastercard,Standard,,Active,2022-09-17,OTA Referral,37,5039.19
C0001004421,Justin,Smith,justins2@umbrellacorp.com,+1 243 205 4425,CA,North America,Perryshire,38,M,Business,2022-09-14,2022,9,Gold,SMS,True,English,Mastercard,Family,,Active,2023-02-18,Corporate Contract,25,8292.94
C0001004422,Sophie,Barnes,sbarnes2@gmail.com,+1 196 270 3426,TH,Asia Pacific,East Brendaborough,38,F,Leisure,2021-02-18,2021,2,Silver,Email,True,English,Apple Pay,Standard,,Active,2021-10-09,OTA Referral,36,4888.97
C0001004423,Tom,Smith,tom582@gmail.com,+1 645 455 8121,NL,Europe,Lake Teresa,44,M,Family,2024-11-17,2024,11,Basic,SMS,True,English,Mastercard,Ocean View,Early Check-in,Active,,Website Direct,32,1473.49
C0001004424,Valerie,Ward,vward2@outlook.com,+1 348 721 5525,MX,North America,Hutchinsonberg,45,F,Family,2023-02-14,2023,2,Non-Member,Email,True,English,Mastercard,Suite,,Active,2024-10-12,Corporate Contract,0,8673.31
C0001004425,Patricia,Bennett,patricia.bennett2@gmail.com,+44 1325 41340,GB,Europe,East Gail,48,F,Leisure,2020-06-05,2020,6,Gold,Email,True,English,Mastercard,Deluxe,,Active,2020-06-27,Phone Booking,32,18150.0
C0001004426,Carly,Bennett,carly_bennett2@icloud.com,+1 941 873 6374,CH,Europe,Brettmouth,42,F,Leisure,2020-11-21,2020,11,Platinum,Email,True,English,Visa,Executive,,Active,2022-10-15,Corporate Contract,6,14811.44
C0001004427,Liam,Lee,llee2@yahoo.com,+91 724 725 8697,IN,Asia Pacific,Smithfort,39,M,Family,2024-06-18,2024,6,Non-Member,Email,True,English,Visa,Standard,,Active,2026-02-10,Corporate Contract,4,4716.0
C0001004428,Neil,Nicholson,neil782@example.mx,+1 187 832 6754,MX,North America,Thomasbury,25,M,Business,2022-04-15,2022,4,Gold,None,True,English,Visa,Standard,,Active,2023-03-07,Corporate Contract,2,24450.89
C0001004429,David,Tucker,david.tucker2@yahoo.com,+1 728 747 6387,MX,North America,West Sallystad,49,M,Leisure,2019-10-28,2019,10,Non-Member,Email,True,English,American Express,Family,,Active,2021-04-05,Phone Booking,0,13929.78
C0001004430,Bryan,Hammond,bryan632@gmail.com,+1 200 583 9339,CA,North America,Saundersmouth,39,M,Business,2023-09-05,2023,9,Non-Member,Email,True,English,Visa,Standard,,Active,2023-09-26,Walk-in,1,18116.47
C0001004431,Ludmila,Hermighausen,ludmila332@dummycorp.com,+49 7028 1088,DE,Europe,Höxter,25,F,Business,2019-01-03,2019,1,Basic,SMS,True,German,American Express,Standard,,Active,2019-07-01,Website Direct,47,23580.09
C0001004432,Michael,Clark,michael362@gmail.com,740-077-2482,US,North America,New Diana,31,M,Group,2021-09-23,2021,9,Basic,Email,False,English,Visa,Standard,,Active,2023-08-02,OTA Referral,34,11155.12
C0001004433,Bernardita,Carrillo,bernardita.carrillo2@hotmail.com,+1 127 418 9333,ES,Europe,Córdoba,45,F,Group,2023-06-20,2023,6,Non-Member,Both,True,Spanish,Mastercard,Standard,,Inactive,2024-08-11,Website Direct,2,10668.76
C0001004434,Henry,Robinson,henry842@yahoo.com,331-260-8803,US,North America,Jordanfurt,32,M,Family,2022-04-20,2022,4,Gold,SMS,False,English,Mastercard,Deluxe,Non-smoking,Inactive,2024-06-13,Phone Booking,5,1603.15
C0001004435,Chloe,Richards,chloer2@gmail.com,+1 895 413 3267,MX,North America,Fordmouth,33,F,Business,2022-05-06,2022,5,Platinum,Email,True,English,Visa,Deluxe,,Active,2023-06-30,Phone Booking,41,18202.22
C0001004436,Joel,Kent,joelk2@gmail.com,+1 712 686 4681,SG,Asia Pacific,West Robin,27,M,Family,2019-12-10,2019,12,Basic,SMS,False,English,Mastercard,Suite,,Active,2019-12-13,Corporate Contract,49,13902.02
